symbol,side,entry_ts,net,gross,reason,held_s,rsi
BTC/USDT:USDT,long,1751827200,1.9328411466108766,2.2928411466108765,trailing_stop,10500,27.845042938924678
BTC/USDT:USDT,short,1753568100,-0.7472577627309518,-0.3872577627309518,st2_hold,14400,70.7923269461831
BTC/USDT:USDT,short,1753680300,0.8755109517479757,1.2355109517479756,st2_hold,14400,70.76128010912969
BTC/USDT:USDT,long,1753962600,-0.8955680224640957,-0.5355680224640957,st2_hold,14400,22.67765781839819
BTC/USDT:USDT,short,1755297600,-0.6154132714438597,-0.2554132714438597,st2_hold,14400,81.95633103515584
BTC/USDT:USDT,long,1755714900,0.9806233215535077,1.3406233215535077,trailing_stop,3600,29.931529808814005
BTC/USDT:USDT,short,1755784200,0.4316098094832914,0.7916098094832914,trailing_stop,3600,73.04319103438888
BTC/USDT:USDT,long,1755838800,-0.19617021276594196,0.16382978723405803,st2_hold,14400,28.751310125172637
BTC/USDT:USDT,long,1756256400,-0.1179201621773481,0.24207983782265188,st2_hold,14400,24.86995052342573
BTC/USDT:USDT,short,1756420200,1.3324206613093534,1.6924206613093535,trailing_stop,13800,75.66573577911561
BTC/USDT:USDT,short,1756540500,-0.990478765489957,-0.630478765489957,st2_hold,14400,72.65558596150038
BTC/USDT:USDT,short,1757017800,-3.959999999999989,-3.599999999999989,stop_loss,9000,74.22700944841789
BTC/USDT:USDT,long,1757282700,-1.128065899081253,-0.7680658990812531,st2_hold,14400,21.62104142510853
BTC/USDT:USDT,long,1758177300,0.03769967089283155,0.39769967089283154,st2_hold,14400,24.491468387439483
BTC/USDT:USDT,long,1758196500,0.27785228842186227,0.6378522884218623,trailing_stop,6300,27.735390599920365
BTC/USDT:USDT,long,1758389700,-0.3869391434388733,-0.02693914343887335,st2_hold,14400,28.21426567190416
BTC/USDT:USDT,short,1758890400,0.3519406917346386,0.7119406917346386,trailing_stop,8400,70.27189797925088
BTC/USDT:USDT,short,1759236300,0.3236170472196592,0.6836170472196592,st2_hold,14400,74.56693872975843
BTC/USDT:USDT,long,1760397000,-3.96,-3.6,stop_loss,11100,28.594649185941975
BTC/USDT:USDT,short,1760661300,-1.6733260140320247,-1.3133260140320246,st2_hold,14400,76.6025167742245
BTC/USDT:USDT,long,1760966400,0.39489146649068974,0.7548914664906897,trailing_stop,3300,26.968728958036195
BTC/USDT:USDT,short,1761176100,-2.8385957593297864,-2.4785957593297865,st2_hold,14400,75.97294744022452
BTC/USDT:USDT,long,1761897300,1.360759587661268,1.7207595876612678,trailing_stop,4200,29.711622474458082
BTC/USDT:USDT,long,1762499100,-3.960000000000018,-3.6000000000000183,stop_loss,12300,24.54325733996609
BTC/USDT:USDT,short,1762591500,1.3684254679369294,1.7284254679369295,trailing_stop,12000,73.12881428756798
BTC/USDT:USDT,long,1763025600,-0.7383830005558253,-0.3783830005558253,st2_hold,14400,28.7983435528474
BTC/USDT:USDT,long,1764145800,-3.9599999999999844,-3.5999999999999845,stop_loss,13500,29.61080569787795
BTC/USDT:USDT,short,1764423300,0.033840523797995514,0.3938405237979955,st2_hold,14400,72.037000895286
BTC/USDT:USDT,long,1764504300,1.9136308697615783,2.273630869761578,trailing_stop,5700,16.520786672920224
BTC/USDT:USDT,long,1765196100,-3.959999999999998,-3.5999999999999983,stop_loss,9900,23.162910508289983
BTC/USDT:USDT,long,1765501800,0.5462476555207574,0.9062476555207574,trailing_stop,3000,28.783238749309618
BTC/USDT:USDT,short,1765699800,1.3236701773836166,1.6836701773836165,trailing_stop,10800,70.08321079305904
BTC/USDT:USDT,short,1765880700,-3.9600000000000026,-3.6000000000000028,stop_loss,8400,71.833749895729
BTC/USDT:USDT,long,1766322600,-0.4194078228221092,-0.05940782282210921,st2_hold,14400,29.67703360720857
BTC/USDT:USDT,short,1766755200,4.440000000000021,4.800000000000021,take_profit,5700,73.05866566351908
BTC/USDT:USDT,long,1768251000,-0.8100313250667133,-0.45003132506671334,st2_hold,14400,28.664106051050197
BTC/USDT:USDT,long,1768478400,0.49323553814462395,0.8532355381446239,trailing_stop,8400,26.313405864137124
BTC/USDT:USDT,short,1768566600,0.3688907406962193,0.7288907406962193,trailing_stop,9300,75.23084878794425
BTC/USDT:USDT,long,1769236500,-0.44202346875575416,-0.0820234687557542,st2_hold,14400,19.709206295060625
BTC/USDT:USDT,short,1769581200,-0.9695763674000584,-0.6095763674000584,st2_hold,14400,72.95561083359891
BTC/USDT:USDT,long,1769925300,0.5017879553418853,0.8617879553418852,st2_hold,14400,29.94692395089743
BTC/USDT:USDT,short,1770936900,0.3519675309380861,0.7119675309380861,trailing_stop,6000,70.8622463674129
BTC/USDT:USDT,short,1771740900,-0.4080790437122058,-0.04807904371220581,st2_hold,14400,71.14392432486375
BTC/USDT:USDT,short,1771797000,4.43999999999998,4.79999999999998,take_profit,11400,70.7598619896053
BTC/USDT:USDT,short,1771827600,-3.9600000000000244,-3.6000000000000245,stop_loss,11400,75.48479665602808
BTC/USDT:USDT,long,1772658600,0.8004604729433255,1.1604604729433254,trailing_stop,3600,28.36490202618188
BTC/USDT:USDT,short,1772998200,0.9408823945392054,1.3008823945392054,trailing_stop,6600,77.39964022142314
BTC/USDT:USDT,short,1773204000,1.0435505548547064,1.4035505548547063,trailing_stop,4200,74.23267157744267
BTC/USDT:USDT,long,1773269100,-3.959999999999985,-3.599999999999985,stop_loss,12900,27.309206001785697
BTC/USDT:USDT,short,1773458400,1.2666944734098142,1.626694473409814,trailing_stop,12300,80.04119789758249
BTC/USDT:USDT,short,1773759000,1.0198373584839255,1.3798373584839254,trailing_stop,3000,75.53616547791172
BTC/USDT:USDT,long,1774058700,0.6730123776892044,1.0330123776892044,st2_hold,14400,22.08073406514633
BTC/USDT:USDT,short,1774577400,0.6769010793996305,1.0369010793996305,trailing_stop,5100,82.37706081004688
BTC/USDT:USDT,short,1775079000,0.3496813951244534,0.7096813951244534,trailing_stop,4200,75.09450476459682
BTC/USDT:USDT,long,1775673000,0.24062433869851352,0.6006243386985135,trailing_stop,11700,25.012949509641956
BTC/USDT:USDT,short,1776081000,-3.9599999999999853,-3.5999999999999854,stop_loss,9600,70.8863968109064
BTC/USDT:USDT,long,1776186300,-2.3022250692168345,-1.9422250692168346,st2_hold,14400,22.406643891941812
BTC/USDT:USDT,short,1776657600,0.8472761884334149,1.2072761884334149,trailing_stop,7200,74.47386655409292
BTC/USDT:USDT,long,1776737400,-0.44516481702768185,-0.08516481702768186,st2_hold,14400,28.715135602941515
BTC/USDT:USDT,short,1777080000,-0.42659869125826516,-0.06659869125826516,st2_hold,14400,76.45561338616147
BTC/USDT:USDT,long,1777936500,1.9986184886528435,2.3586184886528434,trailing_stop,12600,25.97852256157782
BTC/USDT:USDT,long,1778369700,0.0016412261076625967,0.3616412261076626,st2_hold,14400,29.417773379954625
BTC/USDT:USDT,long,1778545800,-1.6259330306706623,-1.2659330306706624,st2_hold,14400,28.256260885648743
BTC/USDT:USDT,short,1779209400,-1.3062415462964911,-0.9462415462964913,st2_hold,14400,70.82047352850677
BTC/USDT:USDT,long,1779278100,0.24082889000371477,0.6008288900037148,trailing_stop,4200,26.895782540208387
BTC/USDT:USDT,long,1779425700,-1.8459407736890845,-1.4859407736890846,st2_hold,14400,22.612211012600966
BTC/USDT:USDT,short,1779542400,-2.3903199789626277,-2.030319978962628,st2_hold,14400,79.54702421905384
BTC/USDT:USDT,short,1779864900,-0.6456637924440674,-0.2856637924440673,st2_hold,14400,77.43972329666073
BTC/USDT:USDT,short,1780187400,-1.2631842723131925,-0.9031842723131925,st2_hold,14400,73.75810769161544
BTC/USDT:USDT,long,1780206300,-0.8994918569941438,-0.5394918569941438,st2_hold,14400,24.034618829386773
BTC/USDT:USDT,short,1781849400,0.2978656436178203,0.6578656436178203,trailing_stop,7800,75.62342343455168
BTC/USDT:USDT,short,1782214200,0.9940822121160732,1.3540822121160732,trailing_stop,7200,71.98005789743812
BTC/USDT:USDT,short,1782251400,-2.220228862778193,-1.8602288627781929,st2_hold,14400,72.34855991359957
BTC/USDT:USDT,short,1782565200,-2.349422860397653,-1.989422860397653,st2_hold,14400,73.32308682989608
BTC/USDT:USDT,long,1783545600,0.2954880930681053,0.6554880930681053,trailing_stop,10200,28.202651782877
BTC/USDT:USDT,long,1783614600,2.5502184366115777,2.9102184366115775,trailing_stop,8400,27.56303796087444
BTC/USDT:USDT,long,1784100900,0.42674823332507605,0.786748233325076,trailing_stop,7500,26.499237722658776
BTC/USDT:USDT,long,1784328300,-0.24875467824912806,0.11124532175087191,st2_hold,14400,22.86680964294878
BTC/USDT:USDT,long,1784745000,0.0718054142690262,0.4318054142690262,st2_hold,14400,25.576677894900968
ETH/USDT:USDT,short,1751332800,0.9781559499634004,1.3381559499634004,trailing_stop,6900,71.77483924297928
ETH/USDT:USDT,long,1751586000,0.6916883528792895,1.0516883528792895,trailing_stop,6600,28.544937554547616
ETH/USDT:USDT,short,1751745300,-1.7424056733737125,-1.3824056733737125,st2_hold,14400,70.65679874122235
ETH/USDT:USDT,long,1753033800,0.7941596210573504,1.1541596210573504,trailing_stop,6600,21.76475409688976
ETH/USDT:USDT,long,1753786500,0.34404366375466566,0.7040436637546656,trailing_stop,6900,28.711225890599238
ETH/USDT:USDT,long,1754231700,1.0509899227352104,1.4109899227352103,trailing_stop,9600,29.266933812096156
ETH/USDT:USDT,long,1754470200,1.0516943720211946,1.4116943720211945,trailing_stop,1800,24.827026931654373
ETH/USDT:USDT,short,1755295500,-3.959999999999987,-3.599999999999987,stop_loss,3300,72.65460435418245
ETH/USDT:USDT,long,1755313200,-2.1201544776925374,-1.7601544776925375,st2_hold,14400,22.439348486817494
ETH/USDT:USDT,long,1756257000,0.280918085379142,0.640918085379142,trailing_stop,4800,26.46648510262405
ETH/USDT:USDT,short,1756352400,-2.4891916602806643,-2.1291916602806644,st2_hold,14400,78.85657303268462
ETH/USDT:USDT,short,1757119500,0.7455692559674106,1.1055692559674106,st2_hold,14400,72.85475820298288
ETH/USDT:USDT,long,1757247900,-1.1080356207438475,-0.7480356207438474,st2_hold,14400,27.622560743330112
ETH/USDT:USDT,short,1757316900,-0.25753288938668356,0.10246711061331644,st2_hold,14400,73.3239981656777
ETH/USDT:USDT,short,1757794800,-1.5235198515642119,-1.163519851564212,st2_hold,14400,70.65197734509229
ETH/USDT:USDT,short,1758039000,-2.197934703477652,-1.8379347034776523,st2_hold,14400,70.9774970106275
ETH/USDT:USDT,long,1758224400,-0.9457013054079342,-0.5857013054079342,st2_hold,14400,28.23787977100055
ETH/USDT:USDT,long,1758959100,-0.8713423672980405,-0.5113423672980405,st2_hold,14400,19.39000408905477
ETH/USDT:USDT,long,1759208700,-2.223861439351068,-1.863861439351068,st2_hold,14400,26.744533913907745
ETH/USDT:USDT,long,1759657800,-1.9706233538191422,-1.6106233538191421,st2_hold,14400,27.557882210487747
ETH/USDT:USDT,short,1760196000,0.604848002124017,0.964848002124017,trailing_stop,1200,73.01830882778874
ETH/USDT:USDT,long,1760347500,-3.96000000000001,-3.6000000000000103,stop_loss,7200,22.5319296951602
ETH/USDT:USDT,long,1760524500,-3.959999999999997,-3.599999999999997,stop_loss,6600,22.69582650919338
ETH/USDT:USDT,short,1761791700,4.4399999999999995,4.8,take_profit,6000,79.27855377578749
ETH/USDT:USDT,short,1762343700,-3.960000000000021,-3.600000000000021,stop_loss,1800,79.3621750188089
ETH/USDT:USDT,long,1762776900,0.6694249155024067,1.0294249155024067,trailing_stop,3300,25.89706205058232
ETH/USDT:USDT,long,1763613000,2.7497296222664422,3.109729622266442,trailing_stop,2400,25.461277656520807
ETH/USDT:USDT,long,1767619500,0.24375218315742253,0.6037521831574225,trailing_stop,5700,21.79655150208653
ETH/USDT:USDT,long,1767747300,-1.5341090143543394,-1.1741090143543396,st2_hold,14400,15.817131729046935
ETH/USDT:USDT,long,1768368600,-0.1355084868009596,0.2244915131990404,st2_hold,14400,26.011017708674885
ETH/USDT:USDT,short,1768809600,-1.982982581484534,-1.622982581484534,st2_hold,14400,70.99328984704712
ETH/USDT:USDT,short,1769386800,-3.9600000000000084,-3.6000000000000085,stop_loss,2700,81.55966235244061
ETH/USDT:USDT,long,1770184200,0.5836367733611799,0.9436367733611799,trailing_stop,1500,26.792959399727422
ETH/USDT:USDT,short,1770687300,0.5473908317580971,0.9073908317580971,trailing_stop,4200,74.52659379629512
ETH/USDT:USDT,long,1771370100,-3.960000000000009,-3.600000000000009,stop_loss,8100,23.456576520724028
ETH/USDT:USDT,short,1771827600,-3.960000000000015,-3.600000000000015,stop_loss,11400,75.04975679236281
ETH/USDT:USDT,long,1772093100,1.5794831953238773,1.9394831953238774,trailing_stop,4200,24.927528334449505
ETH/USDT:USDT,long,1772658900,1.0384947680599637,1.3984947680599635,trailing_stop,3600,21.818334168637136
ETH/USDT:USDT,long,1773146100,-3.9600000000000124,-3.6000000000000125,stop_loss,3600,26.752959113023294
ETH/USDT:USDT,short,1773458400,0.4622662100413125,0.8222662100413125,trailing_stop,9000,70.72061492814846
ETH/USDT:USDT,long,1773762300,0.29116200609875165,0.6511620060987516,trailing_stop,1800,29.687414606489142
ETH/USDT:USDT,long,1774281900,2.3779831948534307,2.7379831948534306,trailing_stop,5700,26.349334677997533
ETH/USDT:USDT,short,1774325700,0.712213339051743,1.072213339051743,trailing_stop,2400,73.59517494557784
ETH/USDT:USDT,long,1774442100,1.3800267971840086,1.7400267971840084,trailing_stop,1500,28.96853727571674
ETH/USDT:USDT,short,1774809900,0.42961189099919916,0.7896118909991992,trailing_stop,12600,71.4137202387687
ETH/USDT:USDT,short,1776204900,0.884945215485815,1.244945215485815,trailing_stop,2700,71.38358888277872
ETH/USDT:USDT,short,1776409200,-3.960000000000025,-3.600000000000025,stop_loss,6900,84.94297706927703
ETH/USDT:USDT,long,1776468300,-0.7805155346790775,-0.4205155346790775,st2_hold,14400,26.729822567101436
ETH/USDT:USDT,long,1776483600,-1.9021449193718571,-1.542144919371857,st2_hold,14400,27.622119421659093
ETH/USDT:USDT,short,1777320600,-1.9484092356271039,-1.5884092356271038,st2_hold,14400,74.49034856779457
ETH/USDT:USDT,long,1777962600,0.9927437056165459,1.3527437056165459,trailing_stop,4500,26.232806123794603
ETH/USDT:USDT,long,1779600600,0.6512995391704798,1.0112995391704798,trailing_stop,6600,29.318580342581015
ETH/USDT:USDT,short,1779840900,1.1067455860486377,1.4667455860486378,st2_hold,14400,72.9600513236459
ETH/USDT:USDT,long,1779999000,0.5378298481639292,0.8978298481639292,trailing_stop,6600,28.853237756021286
ETH/USDT:USDT,long,1780179300,0.9208475732089193,1.2808475732089193,st2_hold,14400,26.969849317705197
ETH/USDT:USDT,short,1780780800,0.33852160873579085,0.6985216087357908,trailing_stop,3000,75.28502318836651
ETH/USDT:USDT,long,1781181300,0.5105738927908549,0.8705738927908548,trailing_stop,4800,26.193552314511322
ETH/USDT:USDT,long,1782380100,-3.960000000000013,-3.600000000000013,stop_loss,5400,29.594731317894727
ETH/USDT:USDT,short,1782423900,0.33989137270601144,0.6998913727060114,trailing_stop,3000,80.3148004284973
ETH/USDT:USDT,short,1783334700,4.440000000000023,4.800000000000023,take_profit,4500,78.25365219636993
ETH/USDT:USDT,long,1783693500,0.6901972855743935,1.0501972855743935,trailing_stop,9900,23.37445805612178
ETH/USDT:USDT,short,1784784900,0.8781661783956153,1.2381661783956153,trailing_stop,9000,74.22101816241918
ETH/USDT:USDT,short,1784874300,-3.9600000000000035,-3.6000000000000036,stop_loss,2700,80.64354442508063
ETH/USDT:USDT,short,1785170700,0.7320992297586749,1.092099229758675,trailing_stop,7200,71.8978149834808
ETH/USDT:USDT,long,1785278700,0.6321486956249551,0.9921486956249551,trailing_stop,5100,26.68497436807094
ETH/USDT:USDT,short,1785504300,4.439999999999997,4.799999999999997,take_profit,2400,74.63164803670116
ETH/USDT:USDT,short,1785519600,1.3174007497837206,1.6774007497837207,st2_hold,14400,78.27151505314771
BNB/USDT:USDT,short,1751091300,-0.9970611485701021,-0.6370611485701021,st2_hold,14400,70.85720587068009
BNB/USDT:USDT,long,1751769000,-0.3966367466569156,-0.03663674665691561,st2_hold,14400,26.89460640114109
BNB/USDT:USDT,short,1752581100,0.4941968927135102,0.8541968927135102,trailing_stop,10500,76.94999920723887
BNB/USDT:USDT,long,1752989400,0.517855830541432,0.877855830541432,trailing_stop,3000,21.307206325199957
BNB/USDT:USDT,long,1753251300,0.27708394587054885,0.6370839458705488,trailing_stop,4800,26.523513727717244
BNB/USDT:USDT,long,1753505700,0.5380771937006789,0.8980771937006788,st2_hold,14400,27.657324694208768
BNB/USDT:USDT,short,1753555500,-3.960000000000008,-3.600000000000008,stop_loss,11700,76.95089034076923
BNB/USDT:USDT,short,1754154900,2.640567977280855,3.0005679772808547,trailing_stop,3000,71.64552259514639
BNB/USDT:USDT,short,1754786700,-3.959999999999988,-3.599999999999988,stop_loss,9600,83.77455581873556
BNB/USDT:USDT,short,1755291900,-3.271352581012111,-2.9113525810121113,st2_hold,14400,70.64171271873224
BNB/USDT:USDT,long,1756614900,-0.6909796999117546,-0.3309796999117546,st2_hold,14400,28.942221863572613
BNB/USDT:USDT,short,1756776600,-2.0034386155060413,-1.6434386155060412,st2_hold,14400,72.97328476470621
BNB/USDT:USDT,long,1756929900,-1.0702620622091503,-0.7102620622091504,st2_hold,14400,15.93795870030489
BNB/USDT:USDT,long,1757737500,-0.33732597687248017,0.022674023127519795,st2_hold,14400,25.313238800167994
BNB/USDT:USDT,short,1758318300,-1.3543672855196507,-0.9943672855196507,st2_hold,14400,70.45834891368459
BNB/USDT:USDT,short,1758578400,0.39188113825237325,0.7518811382523732,trailing_stop,11700,73.58159958944196
BNB/USDT:USDT,short,1759010100,0.8436117079790934,1.2036117079790933,trailing_stop,8700,73.16479812527817
BNB/USDT:USDT,long,1759210200,0.6159782385346517,0.9759782385346517,trailing_stop,7200,26.93325859994367
BNB/USDT:USDT,long,1759331700,0.6210767057161456,0.9810767057161456,trailing_stop,7800,28.88570025957651
BNB/USDT:USDT,long,1759380000,2.2904414978872367,2.6504414978872366,trailing_stop,8100,26.06659213350156
BNB/USDT:USDT,long,1759564800,-3.959999999999979,-3.599999999999979,stop_loss,6300,28.54132062814017
BNB/USDT:USDT,short,1760172900,-3.960000000000001,-3.600000000000001,stop_loss,300,75.08929065485276
BNB/USDT:USDT,short,1760554800,1.0128137855692576,1.3728137855692577,trailing_stop,3600,70.75322723096701
BNB/USDT:USDT,long,1760856300,1.0933150700094023,1.4533150700094022,trailing_stop,5700,24.333083012497482
BNB/USDT:USDT,long,1760909700,0.7575877772089373,1.1175877772089373,trailing_stop,5100,28.81655557546442
BNB/USDT:USDT,long,1761491100,-0.39457079034142156,-0.034570790341421596,st2_hold,14400,22.733436616779443
BNB/USDT:USDT,long,1761618600,0.545866924837127,0.9058669248371269,trailing_stop,9300,27.24627254383269
BNB/USDT:USDT,long,1761815700,4.440000000000005,4.800000000000005,take_profit,3900,23.835816535298846
BNB/USDT:USDT,short,1761987900,-0.679847061634919,-0.319847061634919,st2_hold,14400,71.77448165871542
BNB/USDT:USDT,short,1762254900,0.6968033545943914,1.0568033545943913,trailing_stop,1200,70.3123540202571
BNB/USDT:USDT,short,1762937100,-3.9599999999999973,-3.5999999999999974,stop_loss,8400,75.77046304367227
BNB/USDT:USDT,long,1763879400,-1.2909487149117629,-0.9309487149117629,st2_hold,14400,29.055888295742378
BNB/USDT:USDT,long,1764129000,-0.861666415059262,-0.501666415059262,st2_hold,14400,24.09490384595945
BNB/USDT:USDT,short,1765372800,-3.0461848535574347,-2.686184853557435,st2_hold,14400,73.56555049610229
BNB/USDT:USDT,short,1766523000,0.44365716717296977,0.8036571671729698,trailing_stop,6900,70.86977862507827
BNB/USDT:USDT,short,1766773200,-0.687243958573061,-0.32724395857306104,st2_hold,14400,73.12605259966246
BNB/USDT:USDT,long,1767035100,0.10115935226470735,0.46115935226470733,st2_hold,14400,21.483137221702407
BNB/USDT:USDT,long,1767380400,0.9369918413199333,1.2969918413199333,st2_hold,14400,25.478538236774057
BNB/USDT:USDT,long,1767537600,1.753712525528352,2.113712525528352,trailing_stop,5100,27.805467621711358
BNB/USDT:USDT,long,1767621000,0.2840241051943342,0.6440241051943342,trailing_stop,4200,23.29020293777465
BNB/USDT:USDT,long,1767903300,1.273773631728548,1.6337736317285478,trailing_stop,8400,28.14984547257275
BNB/USDT:USDT,long,1768633800,1.2156231710703396,1.5756231710703394,trailing_stop,14100,27.722011274877545
BNB/USDT:USDT,short,1768736100,-1.589832958255411,-1.2298329582554108,st2_hold,14400,70.32115568530995
BNB/USDT:USDT,short,1769386500,-1.0265438721709519,-0.6665438721709519,st2_hold,14400,78.6208465831064
BNB/USDT:USDT,short,1770355500,-3.9600000000000084,-3.6000000000000085,stop_loss,1500,76.57641635206055
BNB/USDT:USDT,short,1770429900,0.8816370106761414,1.2416370106761414,trailing_stop,14400,72.1469644842792
BNB/USDT:USDT,short,1770605400,2.909398430688753,3.269398430688753,st2_hold,14400,72.10220871768396
BNB/USDT:USDT,short,1770639600,0.26509113584040966,0.6250911358404097,trailing_stop,8400,74.85653868732133
BNB/USDT:USDT,long,1770852600,2.5384204010893554,2.8984204010893553,trailing_stop,8400,21.566181949130964
BNB/USDT:USDT,short,1770924600,1.5979107954266167,1.9579107954266168,trailing_stop,5400,70.90675440483999
BNB/USDT:USDT,short,1770972300,0.34294903496695295,0.7029490349669529,trailing_stop,5400,79.9972555075887
BNB/USDT:USDT,long,1771586700,-3.960000000000005,-3.600000000000005,stop_loss,7800,18.669539413720415
BNB/USDT:USDT,long,1771656600,1.2401885978231468,1.600188597823147,trailing_stop,11100,22.54057212595366
BNB/USDT:USDT,short,1771798200,1.5172671778092868,1.8772671778092866,trailing_stop,9900,73.45712035182797
BNB/USDT:USDT,short,1771947000,0.31533893824926196,0.6753389382492619,trailing_stop,900,71.97755105162413
BNB/USDT:USDT,long,1772173500,-3.96000000000003,-3.6000000000000303,stop_loss,13500,26.92766368634375
BNB/USDT:USDT,long,1772347200,-1.499149242970442,-1.139149242970442,st2_hold,14400,14.353698281662375
BNB/USDT:USDT,long,1772478900,-0.002532375905432205,0.3574676240945678,st2_hold,14400,26.658338364265475
BNB/USDT:USDT,long,1772664600,-2.352401215805473,-1.9924012158054731,st2_hold,14400,23.206658941901836
BNB/USDT:USDT,short,1773204000,1.141171328127435,1.501171328127435,trailing_stop,5700,71.69940723175046
BNB/USDT:USDT,short,1773489000,-0.3645899632802896,-0.004589963280289583,st2_hold,14400,89.58972357614954
BNB/USDT:USDT,long,1773573900,-1.3388371776861234,-0.9788371776861233,st2_hold,14400,26.107631383495715
BNB/USDT:USDT,short,1773857700,1.1042200147167645,1.4642200147167646,trailing_stop,2700,74.54508051204752
BNB/USDT:USDT,short,1773953100,0.27730841121499805,0.637308411214998,trailing_stop,8100,72.65033381537941
BNB/USDT:USDT,short,1775160300,-0.7456702091189578,-0.38567020911895783,st2_hold,14400,71.69329979427116
BNB/USDT:USDT,long,1775510100,-3.959999999999989,-3.599999999999989,stop_loss,6300,25.20842825145361
BNB/USDT:USDT,long,1776144600,2.295949391854412,2.6559493918544117,st2_hold,14400,11.073075830554842
BNB/USDT:USDT,short,1776731100,0.0013484000824084408,0.3613484000824084,st2_hold,14400,80.04024762247946
BNB/USDT:USDT,short,1777179300,-0.8166572058287391,-0.45665720582873914,st2_hold,14400,78.54909725729269
BNB/USDT:USDT,long,1777449900,0.9932605044704493,1.3532605044704493,trailing_stop,9300,26.169198000452752
BNB/USDT:USDT,short,1778230800,-1.3377192817523396,-0.9777192817523395,st2_hold,14400,75.92459310647041
BNB/USDT:USDT,long,1779284700,1.902618566319366,2.262618566319366,trailing_stop,4500,28.64544426373132
BNB/USDT:USDT,long,1779315300,1.7006099384819393,2.060609938481939,trailing_stop,11100,29.136741900923084
BNB/USDT:USDT,short,1779543000,-3.484221668742242,-3.124221668742242,st2_hold,14400,70.89010929151138
BNB/USDT:USDT,short,1779871500,-1.3953516072382945,-1.0353516072382947,st2_hold,14400,76.1564155594742
BNB/USDT:USDT,long,1779999000,0.38649067934439474,0.7464906793443947,trailing_stop,7500,25.522789392586745
BNB/USDT:USDT,short,1780031700,-1.4001468442603833,-1.0401468442603834,st2_hold,14400,73.93983031279464
BNB/USDT:USDT,long,1780081200,0.6511671796153201,1.01116717961532,trailing_stop,10500,23.31694815171494
BNB/USDT:USDT,short,1780577100,1.095987800633122,1.4559878006331222,trailing_stop,2700,75.69824534067642
BNB/USDT:USDT,long,1780893000,-2.029954197452463,-1.6699541974524628,st2_hold,14400,26.128814274406267
BNB/USDT:USDT,short,1781076600,2.4080169779286775,2.7680169779286774,trailing_stop,6900,77.95151089395364
BNB/USDT:USDT,short,1781309700,1.436169494889354,1.796169494889354,st2_hold,14400,74.67240219355939
BNB/USDT:USDT,short,1781334000,-1.5042786069651517,-1.1442786069651516,st2_hold,14400,73.2119205260687
BNB/USDT:USDT,short,1781633400,0.29986022934206125,0.6598602293420612,trailing_stop,4800,70.38045388423082
BNB/USDT:USDT,short,1782089100,-1.4250586037030328,-1.0650586037030327,st2_hold,14400,70.77320230003964
BNB/USDT:USDT,long,1782468600,-3.960000000000021,-3.600000000000021,stop_loss,8700,26.907586806417257
BNB/USDT:USDT,short,1782864300,1.7615120425741617,2.1215120425741616,trailing_stop,4200,75.65320081240654
BNB/USDT:USDT,long,1783286100,0.31407647108918446,0.6740764710891844,trailing_stop,1200,29.558933671467287
BNB/USDT:USDT,short,1783425300,0.43490465609013695,0.7949046560901369,trailing_stop,6600,73.61267315662401
BNB/USDT:USDT,long,1783669800,0.40039433384384693,0.7603943338438469,trailing_stop,12900,18.01801684021609
BNB/USDT:USDT,short,1783973100,-0.8736442263564942,-0.5136442263564942,st2_hold,14400,70.25148186206823
BNB/USDT:USDT,long,1784090400,0.3347183159347822,0.6947183159347822,trailing_stop,7500,27.96788660330641
BNB/USDT:USDT,short,1784258700,1.7058508077178396,2.0658508077178395,trailing_stop,10800,70.09856318830919
BNB/USDT:USDT,short,1784543400,-0.4181282697151787,-0.05812826971517869,st2_hold,14400,72.65436628079729
BNB/USDT:USDT,long,1784869500,0.9439169369623773,1.3039169369623773,trailing_stop,9000,14.143074161382984
BNB/USDT:USDT,long,1785188100,-3.959999999999977,-3.599999999999977,stop_loss,4800,22.62682822821033
BNB/USDT:USDT,short,1785232200,0.4477907427645502,0.8077907427645502,trailing_stop,14400,83.86552039501548
BNB/USDT:USDT,long,1785322800,-1.6470125549388253,-1.2870125549388252,st2_hold,14400,26.86136655541604
BNB/USDT:USDT,long,1785459600,0.5471131194151141,0.9071131194151141,trailing_stop,900,28.134879182181805
SOL/USDT:USDT,long,1751320800,-3.9600000000000097,-3.60000000000001,stop_loss,9000,24.646374780689868
SOL/USDT:USDT,short,1751415900,0.4978561239046938,0.8578561239046938,trailing_stop,3000,75.537847251956
SOL/USDT:USDT,short,1751709300,-0.8475736439358212,-0.4875736439358213,st2_hold,14400,74.0239456970887
SOL/USDT:USDT,short,1751745300,-1.708406428765997,-1.348406428765997,st2_hold,14400,76.70556187503752
SOL/USDT:USDT,long,1751828100,0.28399735274655113,0.6439973527465511,trailing_stop,5700,24.7133082044419
SOL/USDT:USDT,short,1751953800,-2.630596115204277,-2.270596115204277,st2_hold,14400,73.58717055311025
SOL/USDT:USDT,long,1752760200,0.6289080261798247,0.9889080261798247,trailing_stop,2700,29.22257354795282
SOL/USDT:USDT,long,1753024200,1.7864655411015766,2.1464655411015765,trailing_stop,3600,16.15489005216105
SOL/USDT:USDT,long,1753146900,4.440000000000021,4.800000000000021,take_profit,300,28.559542927806532
SOL/USDT:USDT,short,1753579200,-3.6685861846352665,-3.3085861846352667,st2_hold,14400,70.00690562179528
SOL/USDT:USDT,short,1753792500,4.439999999999992,4.799999999999993,take_profit,5400,70.70852031802495
SOL/USDT:USDT,long,1753961400,-3.9600000000000164,-3.6000000000000165,stop_loss,5700,26.653585988413553
SOL/USDT:USDT,long,1754576400,-3.9600000000000253,-3.6000000000000254,stop_loss,8400,27.6966544530587
SOL/USDT:USDT,short,1754760600,-3.9599999999999795,-3.5999999999999797,stop_loss,11400,75.48688460396302
SOL/USDT:USDT,short,1754960400,-1.2993680614858802,-0.9393680614858804,st2_hold,14400,72.01351565072032
SOL/USDT:USDT,long,1755095400,-3.9600000000000053,-3.6000000000000054,stop_loss,1200,29.320032266311543
SOL/USDT:USDT,long,1755435600,0.9042321707444408,1.2642321707444408,trailing_stop,3600,26.521892778367743
SOL/USDT:USDT,short,1755520500,0.39111940298510894,0.7511194029851089,trailing_stop,4200,78.71997055122799
SOL/USDT:USDT,short,1755959700,-2.4731963942663024,-2.1131963942663026,st2_hold,14400,75.55566934157648
SOL/USDT:USDT,long,1756095600,-3.9600000000000097,-3.60000000000001,stop_loss,4200,23.353589299459102
SOL/USDT:USDT,short,1756185300,0.7983359847280463,1.1583359847280463,trailing_stop,6300,70.59050775557964
SOL/USDT:USDT,short,1756509900,0.6827146001467391,1.0427146001467391,trailing_stop,7800,70.62687818977582
SOL/USDT:USDT,long,1756800000,1.2411331024245484,1.6011331024245483,trailing_stop,3600,24.142458916143852
SOL/USDT:USDT,short,1757098800,0.8908641370869453,1.2508641370869453,trailing_stop,8400,77.67014773148404
SOL/USDT:USDT,short,1757274900,-3.9600000000000177,-3.600000000000018,stop_loss,8400,71.62025867390128
SOL/USDT:USDT,short,1757538600,-3.65670329670332,-3.29670329670332,st2_hold,14400,77.37056538173456
SOL/USDT:USDT,long,1757558700,-0.7092589441633717,-0.34925894416337167,st2_hold,14400,23.793079203376095
SOL/USDT:USDT,long,1757742900,0.7344129219300061,1.094412921930006,trailing_stop,7500,29.807248661524213
SOL/USDT:USDT,short,1757970000,0.397674239836033,0.757674239836033,trailing_stop,7800,73.12290917399642
SOL/USDT:USDT,long,1758067200,-3.960000000000001,-3.600000000000001,stop_loss,13500,26.294277658529353
SOL/USDT:USDT,short,1758697200,0.7232661577125691,1.083266157712569,trailing_stop,2400,73.52865755009587
SOL/USDT:USDT,short,1759555200,1.069514613778722,1.4295146137787218,trailing_stop,12900,70.0663407050377
SOL/USDT:USDT,short,1760009400,-3.9600000000000057,-3.600000000000006,stop_loss,5100,77.39012639758697
SOL/USDT:USDT,long,1760763000,0.9590606077136762,1.3190606077136762,trailing_stop,2100,26.601343455451186
SOL/USDT:USDT,long,1760958600,0.44458538115652413,0.8045853811565241,trailing_stop,5400,15.183039590556959
SOL/USDT:USDT,short,1761804000,1.4385855583457619,1.798585558345762,trailing_stop,1200,70.51464292604241
SOL/USDT:USDT,long,1762377600,0.5741736868186464,0.9341736868186464,trailing_stop,2100,28.856257735566317
SOL/USDT:USDT,long,1762579500,-3.960000000000009,-3.600000000000009,stop_loss,7200,27.319940958915296
SOL/USDT:USDT,long,1762682700,1.1421817491937456,1.5021817491937457,trailing_stop,4800,22.753827059065998
SOL/USDT:USDT,short,1762925400,-3.9600000000000253,-3.6000000000000254,stop_loss,11100,74.10683961903351
SOL/USDT:USDT,long,1763880300,2.3001638584015667,2.6601638584015666,trailing_stop,10800,19.442610401805965
SOL/USDT:USDT,short,1763990400,0.3356117430064881,0.6956117430064881,trailing_stop,600,71.34073503225576
SOL/USDT:USDT,long,1764030600,1.5013913928467577,1.8613913928467578,trailing_stop,900,24.357214125427888
SOL/USDT:USDT,long,1764053100,-3.9599999999999933,-3.5999999999999934,stop_loss,7500,22.683112816270352
SOL/USDT:USDT,short,1764990900,0.6051755041076107,0.9651755041076107,trailing_stop,5100,76.69841043607619
SOL/USDT:USDT,short,1765881000,-3.9600000000000244,-3.6000000000000245,stop_loss,600,78.5234313145045
SOL/USDT:USDT,long,1766394300,0.40788815422607394,0.7678881542260739,trailing_stop,2100,23.18665034694567
SOL/USDT:USDT,short,1766487900,0.8863572974273034,1.2463572974273034,trailing_stop,5400,81.02716243637879
SOL/USDT:USDT,long,1766736000,2.2275489236790538,2.5875489236790536,trailing_stop,7200,21.28707803246813
SOL/USDT:USDT,long,1766915700,0.573045722119176,0.933045722119176,trailing_stop,6000,28.59516550562114
SOL/USDT:USDT,long,1767171000,0.8136074587616607,1.1736074587616607,trailing_stop,5400,23.712487125831643
SOL/USDT:USDT,long,1767588000,0.8626879574184353,1.2226879574184353,trailing_stop,4200,13.491006679300327
SOL/USDT:USDT,long,1767717600,-3.960000000000015,-3.600000000000015,stop_loss,3900,14.284166657055067
SOL/USDT:USDT,long,1768163400,0.29860172251571615,0.6586017225157161,trailing_stop,5400,25.121628061007186
SOL/USDT:USDT,long,1768610400,-0.6925481502009074,-0.33254815020090744,st2_hold,14400,23.15596907067946
SOL/USDT:USDT,short,1768941000,0.858848290431156,1.218848290431156,trailing_stop,5700,70.94901638845283
SOL/USDT:USDT,long,1769039700,0.9610396039604435,1.3210396039604435,trailing_stop,3900,21.449792472071977
SOL/USDT:USDT,long,1769765400,1.353852851545498,1.7138528515454978,trailing_stop,900,24.961142537701292
SOL/USDT:USDT,short,1770151500,1.5454552668121861,1.9054552668121862,trailing_stop,4200,75.9584831268262
SOL/USDT:USDT,short,1770648300,-3.959999999999989,-3.599999999999989,stop_loss,900,71.37622361224801
SOL/USDT:USDT,long,1770900000,0.2870689655172375,0.6470689655172375,trailing_stop,3900,25.456606072089926
SOL/USDT:USDT,short,1771827900,-3.959999999999989,-3.599999999999989,stop_loss,4200,82.33845558077269
SOL/USDT:USDT,short,1772081100,4.440000000000026,4.8000000000000265,take_profit,1500,77.28971813831377
SOL/USDT:USDT,short,1772403600,0.6873394055609064,1.0473394055609064,trailing_stop,600,79.21158017461423
SOL/USDT:USDT,short,1773458100,4.439999999999987,4.799999999999987,take_profit,12000,72.29567449922959
SOL/USDT:USDT,long,1773628500,4.440000000000012,4.800000000000012,take_profit,3300,27.645338963161663
SOL/USDT:USDT,short,1773885000,0.5396012847492111,0.8996012847492111,trailing_stop,900,72.89349626173333
SOL/USDT:USDT,short,1774150500,1.4007223476297836,1.7607223476297835,st2_hold,14400,75.75143868527047
SOL/USDT:USDT,short,1774185000,0.39140635719185557,0.7514063571918556,trailing_stop,2400,73.4204017400632
SOL/USDT:USDT,long,1774281900,2.7185214785214398,3.0785214785214396,trailing_stop,7200,29.679073575239542
SOL/USDT:USDT,short,1774626300,2.079334848666125,2.439334848666125,trailing_stop,2100,70.4368430423197
SOL/USDT:USDT,long,1775345700,-1.6977926421404663,-1.3377926421404662,st2_hold,14400,28.213911650755364
SOL/USDT:USDT,long,1775734200,0.3784053560559608,0.7384053560559608,trailing_stop,13800,20.82779220525056
SOL/USDT:USDT,short,1775892600,0.4190098539712859,0.7790098539712859,trailing_stop,13800,71.57543214608765
SOL/USDT:USDT,long,1776105000,4.439999999999985,4.799999999999986,take_profit,4800,24.354941421184634
SOL/USDT:USDT,long,1776390000,-3.313491003734314,-2.9534910037343143,st2_hold,14400,29.455837070372525
SOL/USDT:USDT,short,1776597900,-3.960000000000005,-3.600000000000005,stop_loss,6600,78.91883127997863
SOL/USDT:USDT,short,1776894600,2.5214463612475773,2.881446361247577,trailing_stop,8700,80.99207378727199
SOL/USDT:USDT,long,1777116600,0.2654343293953878,0.6254343293953878,st2_hold,14400,23.12939555107937
SOL/USDT:USDT,short,1777151700,-0.4297999069334931,-0.06979990693349314,st2_hold,14400,76.38247661319332
SOL/USDT:USDT,short,1777705500,-0.6466013852400225,-0.28660138524002254,st2_hold,14400,73.11926926519219
SOL/USDT:USDT,long,1777720800,0.141432664756449,0.501432664756449,st2_hold,14400,25.805093951629686
SOL/USDT:USDT,short,1777905000,0.3083013503909283,0.6683013503909283,trailing_stop,3300,70.62440031832274
SOL/USDT:USDT,long,1778150100,1.3320877884074505,1.6920877884074506,trailing_stop,2100,29.010098601410405
SOL/USDT:USDT,long,1778220300,0.7457854057740075,1.1057854057740075,trailing_stop,10500,23.90872226047462
SOL/USDT:USDT,short,1778737500,0.9579571663920642,1.3179571663920642,st2_hold,14400,83.91850592798289
SOL/USDT:USDT,short,1779209400,0.33920869257119823,0.6992086925711982,trailing_stop,7200,74.59811252451438
SOL/USDT:USDT,long,1779302100,-1.0917923103728933,-0.7317923103728933,st2_hold,14400,27.434751361529223
SOL/USDT:USDT,long,1779342900,1.0232061068702794,1.3832061068702795,trailing_stop,8700,27.33352041357874
SOL/USDT:USDT,long,1779410700,-0.4290289921767005,-0.06902899217670048,st2_hold,14400,27.435667994026673
SOL/USDT:USDT,short,1779770100,-0.786641384214285,-0.426641384214285,st2_hold,14400,77.45803679776839
SOL/USDT:USDT,long,1780007100,-1.7475365141187762,-1.387536514118776,st2_hold,14400,21.72487162469885
SOL/USDT:USDT,long,1781181300,0.30211981566821833,0.6621198156682183,trailing_stop,3000,29.444760731440056
SOL/USDT:USDT,long,1781413200,-2.0247196261682667,-1.6647196261682666,st2_hold,14400,25.07099691232311
SOL/USDT:USDT,long,1782031200,4.440000000000016,4.800000000000017,take_profit,5100,28.057237409773094
SOL/USDT:USDT,short,1782481800,-3.960000000000002,-3.6000000000000023,stop_loss,300,72.07226181817617
SOL/USDT:USDT,short,1782527700,1.0375843398583964,1.3975843398583963,trailing_stop,10800,71.60377994976946
SOL/USDT:USDT,short,1782912900,-3.959999999999989,-3.599999999999989,stop_loss,2100,76.44460577091986
SOL/USDT:USDT,long,1782971400,1.5830828516377915,1.9430828516377914,trailing_stop,2700,24.94066729138673
SOL/USDT:USDT,short,1783238400,2.39726326227073,2.75726326227073,trailing_stop,7500,71.17987296466022
SOL/USDT:USDT,short,1783324200,1.6067780252413155,1.9667780252413154,trailing_stop,8700,73.67673982539054
SOL/USDT:USDT,short,1783511700,2.2447950502707172,2.604795050270717,trailing_stop,5700,74.72477402710993
SOL/USDT:USDT,short,1783532100,0.8349716348634132,1.1949716348634132,trailing_stop,1500,75.66406678054115
SOL/USDT:USDT,long,1783688700,-3.96000000000002,-3.60000000000002,stop_loss,4200,19.641635480526986
SOL/USDT:USDT,long,1784082600,1.3378351050039017,1.6978351050039016,trailing_stop,7200,20.049876134838712
SOL/USDT:USDT,short,1784154900,2.2699600360964256,2.6299600360964255,trailing_stop,8700,75.03481804507896
SOL/USDT:USDT,long,1784349900,-0.9596801705757156,-0.5996801705757157,st2_hold,14400,29.957136489138634
SOL/USDT:USDT,long,1784521200,0.7770923379175309,1.1370923379175308,trailing_stop,1800,22.09470955750028
SOL/USDT:USDT,short,1785503700,1.8752749490835088,2.2352749490835087,trailing_stop,3300,73.28730136555714
LINK/USDT:USDT,short,1752730500,-3.9599999999999724,-3.5999999999999726,stop_loss,1800,76.34411743693249
LINK/USDT:USDT,long,1753046400,1.5410326397176846,1.9010326397176847,trailing_stop,900,26.637714236542664
LINK/USDT:USDT,long,1753386600,-3.96000000000003,-3.6000000000000303,stop_loss,7800,28.84348489110917
LINK/USDT:USDT,long,1753512300,0.5588845669205439,0.9188845669205439,trailing_stop,7200,26.29893981703694
LINK/USDT:USDT,long,1754822400,0.41570720058779354,0.7757072005877935,trailing_stop,600,19.687423237602275
LINK/USDT:USDT,long,1755064800,-3.96000000000001,-3.6000000000000103,stop_loss,2400,18.23838730518608
LINK/USDT:USDT,short,1755200400,4.4399999999999915,4.799999999999992,take_profit,1500,70.63511791120877
LINK/USDT:USDT,short,1755651600,1.108048301508369,1.4680483015083692,trailing_stop,1200,73.79766213139507
LINK/USDT:USDT,long,1757360400,1.6989340190010953,2.058934019001095,trailing_stop,8700,28.063673531866968
LINK/USDT:USDT,short,1757390700,-3.9600000000000053,-3.6000000000000054,stop_loss,7200,73.84576127839685
LINK/USDT:USDT,short,1757794800,-0.42034031940141203,-0.060340319401412025,st2_hold,14400,70.69391276962722
LINK/USDT:USDT,short,1758457500,0.83939273870544,1.19939273870544,trailing_stop,10500,71.34804362064077
LINK/USDT:USDT,long,1759120500,-0.9075989890479911,-0.5475989890479911,st2_hold,14400,27.70417948929898
LINK/USDT:USDT,long,1759810800,4.440000000000003,4.800000000000003,take_profit,1800,19.898798829270973
LINK/USDT:USDT,short,1760139600,4.4399999999999915,4.799999999999992,take_profit,300,80.07201341538558
LINK/USDT:USDT,short,1760596800,1.2783776038796422,1.6383776038796423,trailing_stop,3300,71.27419448969444
LINK/USDT:USDT,short,1760700900,0.9976148121256981,1.3576148121256981,trailing_stop,600,87.96151765321588
LINK/USDT:USDT,long,1762090200,-3.960000000000012,-3.600000000000012,stop_loss,3300,23.53604532535168
LINK/USDT:USDT,short,1762217400,1.8414585764294364,2.2014585764294363,trailing_stop,600,75.44732662371757
LINK/USDT:USDT,short,1763073300,-3.9599999999999915,-3.5999999999999917,stop_loss,3300,74.87780889293415
LINK/USDT:USDT,long,1763910000,0.7742054728756852,1.1342054728756852,trailing_stop,1500,26.01448613065166
LINK/USDT:USDT,short,1764165000,0.5362090084503156,0.8962090084503156,trailing_stop,4200,72.51426166711965
LINK/USDT:USDT,short,1764235800,0.4509382014065937,0.8109382014065937,trailing_stop,10800,70.97506931448518
LINK/USDT:USDT,short,1764413100,0.7802331250952376,1.1402331250952376,trailing_stop,12600,70.494309327022
LINK/USDT:USDT,short,1765013700,-1.414636004101363,-1.0546360041013632,st2_hold,14400,77.18224763237731
LINK/USDT:USDT,long,1765082700,0.6759223300970761,1.0359223300970761,trailing_stop,3600,25.58390300992039
LINK/USDT:USDT,short,1765445100,-1.4870718232044235,-1.1270718232044235,st2_hold,14400,76.8608091151193
LINK/USDT:USDT,short,1767059700,1.0295094706168268,1.389509470616827,trailing_stop,5100,71.15364315426271
LINK/USDT:USDT,short,1767433800,0.6196221528148684,0.9796221528148684,trailing_stop,8700,74.07004928609324
LINK/USDT:USDT,long,1767658800,-3.9600000000000213,-3.6000000000000214,stop_loss,900,23.73749008198304
LINK/USDT:USDT,short,1767828600,0.3060223048326989,0.6660223048326989,trailing_stop,4200,71.06619030795719
LINK/USDT:USDT,long,1768416300,1.0152523816294377,1.3752523816294375,trailing_stop,900,28.29804225320197
LINK/USDT:USDT,short,1768596000,-2.0519358382773007,-1.6919358382773007,st2_hold,14400,72.6774491535341
LINK/USDT:USDT,short,1768833000,0.3831078867306791,0.7431078867306791,trailing_stop,6300,75.46557406324642
LINK/USDT:USDT,long,1769036700,0.3905038387716332,0.7505038387716332,trailing_stop,12300,25.681700733086615
LINK/USDT:USDT,short,1770925500,1.2915227517019021,1.651522751701902,trailing_stop,900,72.40417825018093
LINK/USDT:USDT,long,1772091900,2.149934853420126,2.509934853420126,trailing_stop,5400,19.660796383463065
LINK/USDT:USDT,long,1772659500,1.1370372730169245,1.4970372730169244,trailing_stop,3000,18.810312605583576
LINK/USDT:USDT,long,1773384000,1.504325323475066,1.8643253234750659,trailing_stop,7200,23.281463375724215
LINK/USDT:USDT,short,1776597600,-3.9600000000000217,-3.600000000000022,stop_loss,6900,74.9796015898522
LINK/USDT:USDT,long,1777223400,1.6540315577676545,2.0140315577676544,trailing_stop,7800,29.81062201317279
LINK/USDT:USDT,long,1778147100,0.2967210489440223,0.6567210489440223,trailing_stop,7500,29.066372699366013
LINK/USDT:USDT,short,1780522800,-3.96000000000003,-3.6000000000000303,stop_loss,1200,76.0465152587332
LINK/USDT:USDT,short,1780577100,2.2120024798511633,2.572002479851163,trailing_stop,2400,73.3264560707535
LINK/USDT:USDT,short,1781007300,0.4127226784586372,0.7727226784586372,trailing_stop,4500,73.2978810438355
LINK/USDT:USDT,short,1781417700,1.0505362537764737,1.4105362537764738,trailing_stop,6000,72.04810362466753
LINK/USDT:USDT,long,1782380100,-3.9599999999999906,-3.5999999999999908,stop_loss,10200,21.787009396719256
LINK/USDT:USDT,long,1782710400,2.854747307373654,3.2147473073736537,trailing_stop,4200,22.193033369766667
LINK/USDT:USDT,long,1783368600,4.439999999999996,4.799999999999996,take_profit,3300,26.4166211859434
LINK/USDT:USDT,short,1785215700,0.395471833512819,0.755471833512819,trailing_stop,3900,71.48325199836117
ADA/USDT:USDT,short,1751426400,-3.9599999999999933,-3.5999999999999934,stop_loss,5700,74.17345621140333
ADA/USDT:USDT,long,1751762400,0.30596858638746127,0.6659685863874613,trailing_stop,13200,28.70615832992833
ADA/USDT:USDT,long,1752053100,0.9073407482305514,1.2673407482305514,trailing_stop,2100,24.983039147955992
ADA/USDT:USDT,long,1752783300,1.074256926952149,1.434256926952149,trailing_stop,1200,29.214861370662874
ADA/USDT:USDT,long,1754712000,1.7103205531112469,2.0703205531112467,trailing_stop,3600,27.491183665479426
ADA/USDT:USDT,short,1755989700,-0.8528266345416534,-0.49282663454165343,st2_hold,14400,75.46418659182724
ADA/USDT:USDT,short,1756568100,0.5020104916433062,0.8620104916433062,trailing_stop,11400,73.08601678216793
ADA/USDT:USDT,short,1756945800,1.4262873467444597,1.7862873467444595,trailing_stop,3600,75.86850191588078
ADA/USDT:USDT,long,1757053500,4.440000000000002,4.8000000000000025,take_profit,4200,22.00495473504077
ADA/USDT:USDT,short,1757206800,-2.369744214372738,-2.009744214372738,st2_hold,14400,70.67115305771523
ADA/USDT:USDT,long,1757499300,3.0516382759803133,3.411638275980313,trailing_stop,8400,28.345002853047504
ADA/USDT:USDT,short,1757795100,0.639784992474734,0.999784992474734,st2_hold,14400,73.79234029317904
ADA/USDT:USDT,long,1759805100,0.7367541436464343,1.0967541436464343,trailing_stop,7800,29.886607295646684
ADA/USDT:USDT,short,1760009700,0.2574538745387822,0.6174538745387822,trailing_stop,7800,71.06504242295753
ADA/USDT:USDT,short,1760240700,-3.960000000000005,-3.600000000000005,stop_loss,2700,70.70297925365112
ADA/USDT:USDT,short,1761656100,-3.9599999999999964,-3.5999999999999965,stop_loss,5100,73.46004401252704
ADA/USDT:USDT,short,1762217400,0.6844264943457693,1.0444264943457693,trailing_stop,600,71.58217876024207
ADA/USDT:USDT,short,1762588800,0.394717305378969,0.754717305378969,trailing_stop,1200,70.70966747887724
ADA/USDT:USDT,short,1763138100,4.440000000000004,4.800000000000004,take_profit,4200,70.40792780940754
ADA/USDT:USDT,short,1763585100,-3.9600000000000026,-3.6000000000000028,stop_loss,600,73.62411929181695
ADA/USDT:USDT,long,1763621400,2.426571981923821,2.786571981923821,trailing_stop,4800,27.004174095066773
ADA/USDT:USDT,short,1763990100,1.527722723944327,1.8877227239443268,trailing_stop,4500,72.22661497945032
ADA/USDT:USDT,long,1764203400,0.9903114186851117,1.3503114186851117,trailing_stop,1500,29.091332860696355
ADA/USDT:USDT,long,1765194600,1.841765799256518,2.201765799256518,trailing_stop,5100,15.048015424328838
ADA/USDT:USDT,long,1766237100,0.3343496801705689,0.6943496801705689,trailing_stop,2100,25.325478086425463
ADA/USDT:USDT,short,1766487300,0.6293529893530241,0.9893529893530241,trailing_stop,5700,77.03467808657078
ADA/USDT:USDT,long,1766915100,-1.8951467815782488,-1.535146781578249,st2_hold,14400,27.64914510635245
ADA/USDT:USDT,short,1767227700,0.5385654512851741,0.8985654512851741,trailing_stop,4200,77.6070329526099
ADA/USDT:USDT,long,1767533400,0.466731927710874,0.826731927710874,trailing_stop,3300,29.89093308963251
ADA/USDT:USDT,long,1768080000,-1.1304160246533135,-0.7704160246533134,st2_hold,14400,29.055402456848867
ADA/USDT:USDT,short,1768270200,0.7568600154679929,1.1168600154679929,trailing_stop,3600,70.21983367353074
ADA/USDT:USDT,short,1768542900,0.6321139659119995,0.9921139659119995,st2_hold,14400,79.47313585594458
ADA/USDT:USDT,long,1769196600,-3.959999999999983,-3.599999999999983,stop_loss,3900,28.346607989365424
ADA/USDT:USDT,long,1769610600,0.3225396825396928,0.6825396825396928,trailing_stop,600,26.969007777161323
ADA/USDT:USDT,long,1770065700,1.1464364733489738,1.506436473348974,trailing_stop,1500,23.46688798291966
ADA/USDT:USDT,long,1770156900,0.26550153009178556,0.6255015300917856,trailing_stop,1500,22.879258191684542
ADA/USDT:USDT,long,1770409500,1.0198911070780055,1.3798911070780053,trailing_stop,600,27.748528095567636
ADA/USDT:USDT,long,1770851400,0.6071868903629235,0.9671868903629235,trailing_stop,4200,29.538985591290626
ADA/USDT:USDT,short,1771332600,4.440000000000015,4.800000000000015,take_profit,6900,84.2228679813561
ADA/USDT:USDT,long,1771857900,0.5111324944485218,0.8711324944485218,trailing_stop,600,27.98973433030781
ADA/USDT:USDT,short,1771885200,0.4457823129251798,0.8057823129251798,trailing_stop,2700,72.43917795299674
ADA/USDT:USDT,short,1772247000,1.6508921533501195,2.0108921533501194,trailing_stop,5700,73.51546559070218
ADA/USDT:USDT,long,1772339100,0.4197472797472559,0.7797472797472559,trailing_stop,3000,29.592855664955565
ADA/USDT:USDT,short,1772490900,0.7760042735043214,1.1360042735043214,trailing_stop,2100,70.51117838605498
ADA/USDT:USDT,short,1772761800,0.2973382624769578,0.6573382624769578,trailing_stop,5400,71.53891423982208
ADA/USDT:USDT,short,1773458700,1.7976966503575418,2.1576966503575417,trailing_stop,8400,71.12733910180455
ADA/USDT:USDT,long,1773718200,-3.960000000000001,-3.600000000000001,stop_loss,1200,27.71578420140132
ADA/USDT:USDT,short,1774150500,0.5995596755504679,0.9595596755504678,trailing_stop,3300,72.3581811225628
ADA/USDT:USDT,short,1774479300,0.4091937869822573,0.7691937869822573,trailing_stop,6600,72.53364816631078
ADA/USDT:USDT,short,1774596600,4.439999999999978,4.7999999999999785,take_profit,3900,72.48130532555196
ADA/USDT:USDT,short,1775117400,0.8811887819171554,1.2411887819171554,trailing_stop,4500,77.8519854727808
ADA/USDT:USDT,long,1775242200,-2.176713766653211,-1.8167137666532112,st2_hold,14400,27.2640071104276
ADA/USDT:USDT,long,1775337300,0.6774898785425093,1.0374898785425093,trailing_stop,11100,25.630419601868596
ADA/USDT:USDT,short,1776553800,1.504962045545414,1.8649620455454141,trailing_stop,4200,71.98384262980295
ADA/USDT:USDT,short,1777301400,1.5283561643835815,1.8883561643835813,trailing_stop,900,71.47841547506908
ADA/USDT:USDT,short,1777684500,1.2094164989939586,1.5694164989939585,st2_hold,14400,70.81556022038228
ADA/USDT:USDT,long,1778074500,-3.959999999999989,-3.599999999999989,stop_loss,600,26.000802771992
ADA/USDT:USDT,short,1778530200,1.304488636363657,1.6644886363636568,trailing_stop,1800,74.45146039415681
ADA/USDT:USDT,long,1779873000,0.9372837442540424,1.2972837442540424,trailing_stop,11700,25.80618798722378
ADA/USDT:USDT,long,1780179000,0.9095725772323328,1.2695725772323327,st2_hold,14400,23.558688451175414
ADA/USDT:USDT,long,1780993200,0.6914234875444442,1.0514234875444441,trailing_stop,1200,29.601574449429748
ADA/USDT:USDT,long,1781368200,0.6439930555555141,1.003993055555514,trailing_stop,1200,27.364950366938075
ADA/USDT:USDT,long,1781412300,-1.7561605584642148,-1.396160558464215,st2_hold,14400,22.69508706265026
ADA/USDT:USDT,long,1781889000,1.535327102803714,1.8953271028037142,trailing_stop,2400,27.962777997467825
ADA/USDT:USDT,short,1782035700,0.41580445544554234,0.7758044554455423,trailing_stop,5100,78.03257327889781
ADA/USDT:USDT,short,1782105600,-3.959999999999997,-3.599999999999997,stop_loss,7800,75.45954385984702
ADA/USDT:USDT,long,1782190200,-3.960000000000015,-3.600000000000015,stop_loss,4500,25.49737536319489
ADA/USDT:USDT,short,1782423900,2.5709141660851618,2.9309141660851616,st2_hold,14400,71.96852352598474
ADA/USDT:USDT,short,1783257600,-3.9599999999999898,-3.59999999999999,stop_loss,6300,71.33904934882173
ADA/USDT:USDT,short,1785065700,0.9243920145191166,1.2843920145191166,trailing_stop,9000,72.3676309291476
ADA/USDT:USDT,short,1785345600,-3.960000000000008,-3.600000000000008,stop_loss,2400,70.34827931737507
SUI/USDT:USDT,long,1751219100,1.7112274432731325,2.0712274432731324,trailing_stop,5400,21.730420616153935
SUI/USDT:USDT,long,1751861700,-1.3473157353445147,-0.9873157353445148,st2_hold,14400,26.150345853797106
SUI/USDT:USDT,short,1751955000,-2.6379760655049393,-2.2779760655049395,st2_hold,14400,70.83948445657131
SUI/USDT:USDT,long,1752503400,-3.960000000000018,-3.6000000000000183,stop_loss,300,29.003037096946187
SUI/USDT:USDT,long,1753375500,1.1127577669515056,1.4727577669515057,trailing_stop,600,23.174369837832174
SUI/USDT:USDT,long,1753393200,-3.9600000000000146,-3.6000000000000147,stop_loss,4800,25.83160549214564
SUI/USDT:USDT,long,1756812600,-3.96000000000002,-3.60000000000002,stop_loss,4200,15.082605371385839
SUI/USDT:USDT,short,1757119200,-0.2714913704086246,0.08850862959137541,st2_hold,14400,73.62170742262845
SUI/USDT:USDT,long,1757521500,0.9526486516665659,1.3126486516665659,trailing_stop,3300,28.558262136135156
SUI/USDT:USDT,short,1758663300,0.8125117776850194,1.1725117776850194,trailing_stop,3300,73.52123654131472
SUI/USDT:USDT,long,1758730500,-0.7759660146915788,-0.4159660146915788,st2_hold,14400,29.68484257333823
SUI/USDT:USDT,short,1759066200,-3.959999999999992,-3.599999999999992,stop_loss,3300,75.49546857173863
SUI/USDT:USDT,long,1761246600,-3.9600000000000204,-3.6000000000000205,stop_loss,6300,29.647083891803717
SUI/USDT:USDT,long,1761509400,4.43999999999998,4.79999999999998,take_profit,6600,26.046384823544727
SUI/USDT:USDT,short,1763210100,-0.9183756345177801,-0.5583756345177802,st2_hold,14400,76.75222183911438
SUI/USDT:USDT,short,1763850000,-3.960000000000013,-3.600000000000013,stop_loss,1800,71.38412159963188
SUI/USDT:USDT,short,1765110000,-3.9600000000000177,-3.600000000000018,stop_loss,1800,70.33413838347357
SUI/USDT:USDT,long,1765659900,1.234090144005978,1.5940901440059778,trailing_stop,11700,28.301757561253794
SUI/USDT:USDT,short,1766062200,-3.9599999999999853,-3.5999999999999854,stop_loss,2400,71.29687931184966
SUI/USDT:USDT,short,1766202600,1.9267209775967662,2.286720977596766,trailing_stop,4200,70.77632872768389
SUI/USDT:USDT,long,1766817900,0.4911209481650529,0.8511209481650529,trailing_stop,12300,25.00029010673164
SUI/USDT:USDT,short,1767480000,-3.9600000000000004,-3.6000000000000005,stop_loss,4800,70.71823620444525
SUI/USDT:USDT,short,1768158000,4.440000000000004,4.800000000000004,take_profit,4500,72.27365768856629
SUI/USDT:USDT,long,1769053500,0.7887650661924378,1.1487650661924378,trailing_stop,4500,27.160511334115327
SUI/USDT:USDT,short,1769293500,-1.6727777029756195,-1.3127777029756194,st2_hold,14400,74.61800664040547
SUI/USDT:USDT,long,1769419200,0.2872266685224889,0.6472266685224889,st2_hold,14400,23.324310616659815
SUI/USDT:USDT,short,1769732100,1.7558799577740576,2.1158799577740575,trailing_stop,5100,74.9727617500839
SUI/USDT:USDT,long,1769943000,1.6499921114909242,2.009992111490924,trailing_stop,3300,29.18101805694323
SUI/USDT:USDT,long,1770242100,0.4086192468618999,0.7686192468618999,trailing_stop,600,22.921138969751368
SUI/USDT:USDT,short,1770355500,-3.9600000000000053,-3.6000000000000054,stop_loss,600,71.5105313092987
SUI/USDT:USDT,short,1770576300,0.35299686456965773,0.7129968645696577,trailing_stop,5400,73.65675058251543
SUI/USDT:USDT,short,1770813300,1.0471563507056811,1.407156350705681,trailing_stop,2700,72.25772531039095
SUI/USDT:USDT,long,1770900600,-3.9599999999999973,-3.5999999999999974,stop_loss,2100,19.926479807418445
SUI/USDT:USDT,short,1770966300,-3.959999999999986,-3.5999999999999863,stop_loss,4800,79.25334572456579
SUI/USDT:USDT,short,1771344600,1.0093232776192758,1.3693232776192756,trailing_stop,900,77.84676458240799
SUI/USDT:USDT,long,1771656900,3.0378920741990028,3.3978920741990026,trailing_stop,9600,27.939731286948188
SUI/USDT:USDT,long,1772328000,4.439999999999997,4.799999999999997,take_profit,1500,19.567834411380034
SUI/USDT:USDT,long,1772665800,-3.9599999999999875,-3.5999999999999877,stop_loss,6600,22.14645069656177
SUI/USDT:USDT,short,1772871900,-0.6584084880636276,-0.29840848806362763,st2_hold,14400,70.34654614847148
SUI/USDT:USDT,long,1773555900,0.4714901686795002,0.8314901686795002,trailing_stop,9900,22.986418573276026
SUI/USDT:USDT,short,1774150800,0.36769410267291835,0.7276941026729183,trailing_stop,1500,76.47114670284573
SUI/USDT:USDT,long,1774304100,-3.959999999999997,-3.599999999999997,stop_loss,12000,27.106161749343514
SUI/USDT:USDT,long,1774931700,0.28600275671946784,0.6460027567194678,trailing_stop,5100,26.172635336584534
SUI/USDT:USDT,short,1775684100,0.9157284696740798,1.2757284696740798,trailing_stop,3000,73.12274452572667
SUI/USDT:USDT,long,1776294600,2.13603125000001,2.49603125000001,trailing_stop,12300,26.234564272143928
SUI/USDT:USDT,long,1776316800,2.5314522821576593,2.891452282157659,trailing_stop,4200,26.63711127204165
SUI/USDT:USDT,short,1776489300,1.233617233469618,1.5936172334696181,trailing_stop,11100,71.699681406575
SUI/USDT:USDT,long,1776726900,0.6396506827564247,0.9996506827564247,trailing_stop,9000,24.453658033283688
SUI/USDT:USDT,long,1776861900,0.5057897462454582,0.8657897462454582,trailing_stop,1800,28.822146978924977
SUI/USDT:USDT,short,1776944100,-3.9600000000000053,-3.6000000000000054,stop_loss,13200,72.64817584881288
SUI/USDT:USDT,short,1777079400,0.5902692429521705,0.9502692429521705,st2_hold,14400,72.08085759733487
SUI/USDT:USDT,long,1777206900,-0.328223705115987,0.03177629488401302,st2_hold,14400,18.467180970436203
SUI/USDT:USDT,short,1777227900,1.338604060913696,1.698604060913696,trailing_stop,12300,70.19838578514242
SUI/USDT:USDT,short,1777705500,0.06432814710045004,0.42432814710045,st2_hold,14400,72.91015466730488
SUI/USDT:USDT,short,1778227200,-3.9600000000000004,-3.6000000000000005,stop_loss,4500,78.84958229316192
SUI/USDT:USDT,long,1778370300,0.7340000000000128,1.0940000000000127,trailing_stop,1200,21.401941619390215
SUI/USDT:USDT,short,1778717700,0.4527619204751996,0.8127619204751996,trailing_stop,1200,70.3257633052018
SUI/USDT:USDT,short,1779770400,-3.9600000000000213,-3.6000000000000214,stop_loss,3300,84.91873308528952
SUI/USDT:USDT,long,1780077300,-3.959999999999996,-3.599999999999996,stop_loss,3000,24.94622811847178
SUI/USDT:USDT,long,1780348500,1.2364898239195061,1.596489823919506,trailing_stop,7500,27.79851846211028
SUI/USDT:USDT,long,1781220000,-0.518667195557301,-0.15866719555730108,st2_hold,14400,28.005896572379058
SUI/USDT:USDT,short,1781827500,0.4719172262573935,0.8319172262573935,trailing_stop,5400,84.30745874629541
SUI/USDT:USDT,short,1781904000,0.7639910313901571,1.123991031390157,trailing_stop,3300,72.51790837807722
SUI/USDT:USDT,long,1782384000,0.7288117953165808,1.0888117953165808,trailing_stop,6900,26.73158244496564
SUI/USDT:USDT,long,1782767400,0.8283300085494688,1.1883300085494688,trailing_stop,2700,26.99847487627946
SUI/USDT:USDT,long,1782972600,0.6369529849717721,0.9969529849717721,trailing_stop,2100,24.907327442062197
SUI/USDT:USDT,short,1783255500,-3.960000000000007,-3.600000000000007,stop_loss,8100,72.44494653408175
SUI/USDT:USDT,short,1783324200,1.09268266379084,1.45268266379084,trailing_stop,7500,72.15992851227237
SUI/USDT:USDT,long,1783380600,0.2544303797468631,0.6144303797468631,trailing_stop,3900,28.50785025373588
SUI/USDT:USDT,long,1783999500,4.44000000000002,4.80000000000002,take_profit,10500,27.666638817827476
SUI/USDT:USDT,short,1784117100,-3.960000000000022,-3.6000000000000223,stop_loss,3300,71.16699105674502
SUI/USDT:USDT,long,1784585400,1.1675690535410377,1.5275690535410378,trailing_stop,11100,27.153768368334482
SUI/USDT:USDT,long,1784801100,-3.960000000000016,-3.600000000000016,stop_loss,9600,20.693341364189408
SUI/USDT:USDT,short,1784949600,2.3302709532500554,2.6902709532500553,trailing_stop,11700,75.05731046251407
SUI/USDT:USDT,short,1785496200,0.4407391304347592,0.8007391304347592,trailing_stop,4500,71.20981873244891
XRP/USDT:USDT,long,1751325300,-3.5216862326574536,-3.1616862326574537,st2_hold,14400,21.648081733501144
XRP/USDT:USDT,long,1751982000,0.3752125612316568,0.7352125612316568,trailing_stop,1200,29.8479853743045
XRP/USDT:USDT,long,1752902100,0.7808972125435333,1.1408972125435333,trailing_stop,3900,28.768619763443965
XRP/USDT:USDT,long,1753042200,0.6262854207687695,0.9862854207687695,trailing_stop,2700,24.25597343317868
XRP/USDT:USDT,long,1754645400,0.4071236178481943,0.7671236178481943,trailing_stop,9300,26.373654008998358
XRP/USDT:USDT,short,1754796600,0.6060178675590433,0.9660178675590433,trailing_stop,10200,71.28412765687955
XRP/USDT:USDT,short,1754961900,1.2373630831642934,1.5973630831642933,st2_hold,14400,70.23193023177366
XRP/USDT:USDT,long,1755671100,0.9087447960033518,1.2687447960033518,trailing_stop,7800,23.628159702473667
XRP/USDT:USDT,short,1755775800,0.8593781137261874,1.2193781137261874,trailing_stop,3000,81.50453712166544
XRP/USDT:USDT,long,1756389600,0.6235765693722629,0.9835765693722629,trailing_stop,3900,27.254233708445724
XRP/USDT:USDT,long,1757218800,0.9810437435697249,1.3410437435697249,st2_hold,14400,29.502956541786958
XRP/USDT:USDT,long,1757241000,4.439999999999987,4.799999999999987,take_profit,12900,26.787740435964594
XRP/USDT:USDT,long,1757414400,1.5312278362885068,1.8912278362885069,trailing_stop,6300,28.565792482702577
XRP/USDT:USDT,long,1758048300,0.6108519884119162,0.9708519884119162,trailing_stop,13500,23.2128163017843
XRP/USDT:USDT,short,1758864600,2.296802770163051,2.656802770163051,trailing_stop,2700,73.12435062576047
XRP/USDT:USDT,long,1759018500,0.6878369771352532,1.0478369771352531,trailing_stop,900,23.286860155169776
XRP/USDT:USDT,short,1759461300,-0.8854114070451473,-0.5254114070451473,st2_hold,14400,70.39562918165211
XRP/USDT:USDT,short,1759559100,2.3174108322325346,2.6774108322325345,trailing_stop,9600,76.66753635472507
XRP/USDT:USDT,long,1759656900,-3.95999999999999,-3.5999999999999903,stop_loss,1800,28.335347638353568
XRP/USDT:USDT,short,1759812900,1.67551167685681,2.03551167685681,trailing_stop,6900,71.10421528453041
XRP/USDT:USDT,short,1760171400,-3.960000000000021,-3.600000000000021,stop_loss,900,71.10746128183246
XRP/USDT:USDT,short,1760700600,0.40119265653075675,0.7611926565307567,trailing_stop,900,80.27829982885896
XRP/USDT:USDT,short,1761132300,0.48423870887031406,0.844238708870314,trailing_stop,10200,70.67942234954242
XRP/USDT:USDT,long,1762809000,0.7358107948039133,1.0958107948039133,trailing_stop,600,27.271268260638635
XRP/USDT:USDT,short,1763086800,1.367891068662881,1.727891068662881,trailing_stop,3900,71.88670670149949
XRP/USDT:USDT,long,1763448600,2.0692628235073895,2.4292628235073894,trailing_stop,3600,28.050535309090506
XRP/USDT:USDT,long,1764707700,1.3351976614699916,1.6951976614699917,trailing_stop,1800,22.205102306971327
XRP/USDT:USDT,short,1764726900,-3.959999999999976,-3.599999999999976,stop_loss,1800,70.33284839547461
XRP/USDT:USDT,short,1764895800,2.0773115935160305,2.4373115935160303,trailing_stop,11400,70.65928335542687
XRP/USDT:USDT,long,1765143300,-3.9599999999999858,-3.599999999999986,stop_loss,900,24.477429876641963
XRP/USDT:USDT,short,1765476600,-3.960000000000003,-3.600000000000003,stop_loss,1800,73.03000644759493
XRP/USDT:USDT,long,1765528500,0.9652709893575376,1.3252709893575376,trailing_stop,12600,23.2822652956025
XRP/USDT:USDT,long,1765784700,-1.7603915073030967,-1.4003915073030966,st2_hold,14400,26.36038403072486
XRP/USDT:USDT,short,1765864200,-0.32807321875166634,0.03192678124833363,st2_hold,14400,75.36243362817308
XRP/USDT:USDT,short,1766337600,0.893102475712975,1.253102475712975,trailing_stop,4200,76.11208466651549
XRP/USDT:USDT,short,1766667300,-3.9600000000000066,-3.6000000000000068,stop_loss,10500,72.85520296142873
XRP/USDT:USDT,long,1767588000,0.7126763084750137,1.0726763084750137,trailing_stop,3000,22.46207992303036
XRP/USDT:USDT,long,1767897900,0.9869715466241243,1.3469715466241243,trailing_stop,1800,29.667319554317174
XRP/USDT:USDT,long,1769039700,1.2957523034951288,1.655752303495129,trailing_stop,3900,22.145289636228753
XRP/USDT:USDT,short,1769524200,0.6024186637042035,0.9624186637042035,trailing_stop,600,70.44479106803217
XRP/USDT:USDT,long,1770402600,2.2718687354112492,2.631868735411249,trailing_stop,600,27.427545309094384
XRP/USDT:USDT,long,1770546900,2.0665878567431575,2.4265878567431574,trailing_stop,2700,27.892755945803287
XRP/USDT:USDT,long,1770681300,1.987692628941267,2.347692628941267,trailing_stop,5700,26.3771261116336
XRP/USDT:USDT,short,1770809700,1.215010918619901,1.575010918619901,trailing_stop,6300,73.92400608165002
XRP/USDT:USDT,short,1771755600,1.6574594252793413,2.017459425279341,trailing_stop,7500,76.71663587865964
XRP/USDT:USDT,long,1772494500,-3.9600000000000244,-3.6000000000000245,stop_loss,12600,25.01183554104186
XRP/USDT:USDT,short,1772738700,0.6704780033841514,1.0304780033841514,trailing_stop,2400,82.34205646989183
XRP/USDT:USDT,short,1772782800,1.051651728553145,1.4116517285531451,trailing_stop,6000,70.53243228054143
XRP/USDT:USDT,short,1772903400,0.9945948725483372,1.3545948725483372,trailing_stop,3600,75.37974860600666
XRP/USDT:USDT,short,1772928900,0.5786733416771155,0.9386733416771155,trailing_stop,5100,76.70909549273942
XRP/USDT:USDT,short,1773205200,1.4519835604586162,1.8119835604586163,trailing_stop,4500,74.37018748743145
XRP/USDT:USDT,long,1773322200,0.4480309382680254,0.8080309382680254,trailing_stop,600,29.980030910050402
XRP/USDT:USDT,long,1774246800,-3.960000000000026,-3.6000000000000263,stop_loss,2700,24.38733555121172
XRP/USDT:USDT,long,1774304100,-3.9600000000000133,-3.6000000000000134,stop_loss,12000,29.707260397734416
XRP/USDT:USDT,short,1775729100,1.709629906542041,2.069629906542041,trailing_stop,6900,76.79448617708348
XRP/USDT:USDT,short,1775797200,1.4673254086181404,1.8273254086181403,trailing_stop,11100,72.09187091891297
XRP/USDT:USDT,long,1776046800,1.5176864489857418,1.8776864489857419,st2_hold,14400,29.336725973586496
XRP/USDT:USDT,long,1776774000,0.53201616274208,0.89201616274208,trailing_stop,8700,27.476609896078898
XRP/USDT:USDT,short,1776798600,2.489139017219705,2.849139017219705,trailing_stop,3300,72.19801890586876
XRP/USDT:USDT,long,1777062600,-1.1124035112163955,-0.7524035112163956,st2_hold,14400,26.682984942169853
XRP/USDT:USDT,long,1777618800,0.20814043266077698,0.568140432660777,st2_hold,14400,26.590425176586578
XRP/USDT:USDT,long,1778549400,-2.4781262729124616,-2.1181262729124617,st2_hold,14400,29.380432951015138
XRP/USDT:USDT,long,1778628000,1.9872405873755632,2.347240587375563,trailing_stop,11400,26.390177106415678
XRP/USDT:USDT,short,1779210000,0.9987785146855822,1.3587785146855822,trailing_stop,4500,73.14208865458671
XRP/USDT:USDT,long,1779356700,-3.9600000000000244,-3.6000000000000245,stop_loss,13800,28.31283377257766
XRP/USDT:USDT,short,1780014000,2.275706163293147,2.635706163293147,trailing_stop,9900,70.63215441950516
XRP/USDT:USDT,short,1780220700,0.35581145584732043,0.7158114558473204,trailing_stop,4500,77.26031003984407
XRP/USDT:USDT,short,1780508400,0.9451135900985074,1.3051135900985074,trailing_stop,1500,73.43244826320259
XRP/USDT:USDT,short,1781766300,-0.20624583582468028,0.1537541641753197,st2_hold,14400,74.35124026088013
XRP/USDT:USDT,short,1781813400,0.33913748039732006,0.69913748039732,trailing_stop,7800,71.13779914507663
XRP/USDT:USDT,long,1781960400,0.8658751636839915,1.2258751636839915,trailing_stop,8400,27.802283350107032
XRP/USDT:USDT,short,1782332400,-3.960000000000001,-3.600000000000001,stop_loss,6000,81.96746347059978
XRP/USDT:USDT,short,1782425100,0.5288388148432834,0.8888388148432834,trailing_stop,4200,79.54766979681854
XRP/USDT:USDT,short,1783426800,1.669892891918189,2.029892891918189,trailing_stop,5100,71.54672943129819
XRP/USDT:USDT,short,1783511400,0.7073911041533197,1.0673911041533197,trailing_stop,4800,70.94465481935485
XRP/USDT:USDT,long,1783588500,0.4358287596048641,0.7958287596048641,st2_hold,14400,23.375327143134328
XRP/USDT:USDT,long,1783683900,-3.9599999999999764,-3.5999999999999766,stop_loss,9900,28.598764863489052
XRP/USDT:USDT,short,1783844100,-1.9788037314797924,-1.6188037314797925,st2_hold,14400,70.19121951374625
XRP/USDT:USDT,long,1784076000,-1.686954323885152,-1.3269543238851522,st2_hold,14400,25.068437893778025
XRP/USDT:USDT,long,1784665200,-3.9599999999999755,-3.5999999999999757,stop_loss,10200,21.495242101218736
XRP/USDT:USDT,short,1784716200,-1.2838078479675796,-0.9238078479675795,st2_hold,14400,71.44056993656775
XRP/USDT:USDT,short,1784873700,1.0715296659764335,1.4315296659764336,st2_hold,14400,75.41314168417904
XRP/USDT:USDT,short,1785232200,0.5026417233560488,0.8626417233560488,trailing_stop,1500,80.01778904630592
GIGGLE/USDT:USDT,long,1768539600,4.440000000000002,4.8000000000000025,take_profit,10200,28.48325203291253
GIGGLE/USDT:USDT,short,1768627500,1.6659410288582475,2.0259410288582473,trailing_stop,3600,75.98323519688837
GIGGLE/USDT:USDT,short,1768795500,0.26879695155148364,0.6287969515514836,trailing_stop,1500,77.11265963054544
GIGGLE/USDT:USDT,long,1769604000,-3.960000000000005,-3.600000000000005,stop_loss,5700,26.337638128250177
GIGGLE/USDT:USDT,short,1769694900,2.336414342629501,2.696414342629501,trailing_stop,3000,72.35982702144906
GIGGLE/USDT:USDT,short,1769916000,0.5486885245901836,0.9086885245901836,trailing_stop,2700,70.8065572727466
GIGGLE/USDT:USDT,long,1770424500,-3.9599999999999937,-3.599999999999994,stop_loss,2700,21.06195407638718
GIGGLE/USDT:USDT,short,1770576600,-3.9600000000000124,-3.6000000000000125,stop_loss,300,71.31070415533942
GIGGLE/USDT:USDT,long,1770619200,0.9973584905660314,1.3573584905660314,trailing_stop,1200,27.470666446526465
GIGGLE/USDT:USDT,short,1770648300,-3.959999999999993,-3.599999999999993,stop_loss,1200,73.39691274718395
GIGGLE/USDT:USDT,long,1771989900,0.3047082494969511,0.6647082494969511,trailing_stop,5100,26.52791716033049
GIGGLE/USDT:USDT,long,1772642100,1.879127582814038,2.239127582814038,trailing_stop,600,24.081168959303326
GIGGLE/USDT:USDT,short,1772738400,1.0489640739449335,1.4089640739449334,trailing_stop,900,70.95816746536012
GIGGLE/USDT:USDT,short,1772822700,0.6854741379310786,1.0454741379310786,trailing_stop,6900,78.90592035968716
GIGGLE/USDT:USDT,short,1772954400,0.4260291370937851,0.7860291370937851,trailing_stop,600,76.17641839907606
GIGGLE/USDT:USDT,short,1773174900,0.6743571428571532,1.0343571428571532,trailing_stop,3900,74.43022380262191
GIGGLE/USDT:USDT,long,1773414000,0.9981331503088268,1.3581331503088268,trailing_stop,900,26.486672979438808
GIGGLE/USDT:USDT,short,1773631800,-3.96,-3.6,stop_loss,2100,70.44025123419378
GIGGLE/USDT:USDT,short,1774102500,0.6103107861060864,0.9703107861060863,trailing_stop,3600,72.45511467902017
GIGGLE/USDT:USDT,long,1774199400,0.29035885167466813,0.6503588516746681,trailing_stop,6900,19.960611741675578
GIGGLE/USDT:USDT,long,1774342200,0.6309259947935851,0.9909259947935851,trailing_stop,3300,29.586902104514124
GIGGLE/USDT:USDT,short,1774377900,1.0282129277566607,1.3882129277566606,trailing_stop,3000,71.72642067378548
GIGGLE/USDT:USDT,short,1774830900,0.6622742759796211,1.022274275979621,trailing_stop,600,74.31418588615296
GIGGLE/USDT:USDT,short,1775252100,1.829034064395743,2.189034064395743,trailing_stop,6900,76.17894160944144
GIGGLE/USDT:USDT,long,1776096600,4.439999999999992,4.799999999999993,take_profit,300,25.78112467187536
GIGGLE/USDT:USDT,short,1776248700,1.085229097779965,1.445229097779965,trailing_stop,600,72.86288021210956
GIGGLE/USDT:USDT,short,1776287400,1.0522438524590063,1.4122438524590064,trailing_stop,900,70.43233723878026
GIGGLE/USDT:USDT,long,1776483600,4.440000000000024,4.800000000000025,take_profit,300,29.199858775000322
GIGGLE/USDT:USDT,short,1776616800,1.4648326232501545,1.8248326232501546,trailing_stop,600,71.83046123956454
GIGGLE/USDT:USDT,long,1776819300,0.975178522003831,1.335178522003831,trailing_stop,600,29.433235386324355
GIGGLE/USDT:USDT,short,1776945000,0.3678758542141535,0.7278758542141535,trailing_stop,8700,77.05936566880698
GIGGLE/USDT:USDT,short,1777509000,-3.96,-3.6,stop_loss,1200,72.30845449236718
GIGGLE/USDT:USDT,short,1778010300,0.44626594839809963,0.8062659483980996,trailing_stop,1500,79.33601385401343
GIGGLE/USDT:USDT,long,1778247900,1.152745361656379,1.5127453616563789,trailing_stop,2100,28.776662821698054
GIGGLE/USDT:USDT,long,1778308200,1.009150599270439,1.3691505992704391,trailing_stop,2100,19.985572050252912
GIGGLE/USDT:USDT,long,1779303000,1.987271126760613,2.347271126760613,trailing_stop,8400,29.498173545100443
GIGGLE/USDT:USDT,long,1779341700,-3.9599999999999786,-3.5999999999999788,stop_loss,10200,25.338309932526073
GIGGLE/USDT:USDT,short,1779452100,1.7557988693841153,2.115798869384115,trailing_stop,4800,83.01575652825818
GIGGLE/USDT:USDT,long,1779806700,0.8748109517601167,1.2348109517601167,trailing_stop,600,27.771641914914298
GIGGLE/USDT:USDT,long,1780055700,-3.9600000000000013,-3.6000000000000014,stop_loss,9000,23.753960327782906
GIGGLE/USDT:USDT,long,1780179300,0.3349498117941967,0.6949498117941967,trailing_stop,1800,28.284744228654418
GIGGLE/USDT:USDT,long,1780308300,-3.9599999999999795,-3.5999999999999797,stop_loss,900,29.418933482074678
GIGGLE/USDT:USDT,short,1780332000,0.3970456754130879,0.7570456754130879,trailing_stop,600,75.08031867888633
GIGGLE/USDT:USDT,short,1782175800,1.7905178365937702,2.15051783659377,trailing_stop,3900,71.14607288739202
GIGGLE/USDT:USDT,short,1782331800,-3.959999999999982,-3.5999999999999823,stop_loss,5100,79.62587299407065
GIGGLE/USDT:USDT,short,1782607200,1.0141050119332151,1.374105011933215,trailing_stop,2400,76.79302780837281
GIGGLE/USDT:USDT,long,1782939300,1.6497689501418678,2.0097689501418676,trailing_stop,1500,29.104380160943492
GIGGLE/USDT:USDT,long,1782971700,1.3922370012092262,1.752237001209226,trailing_stop,14100,27.955571718400464
GIGGLE/USDT:USDT,short,1783495800,0.40440142236269394,0.7644014223626939,trailing_stop,1500,71.47508243914376
GIGGLE/USDT:USDT,long,1784584500,0.4537127578303771,0.8137127578303771,trailing_stop,10200,23.378414559658793
GIGGLE/USDT:USDT,short,1785183600,1.8290874524715237,2.1890874524715236,trailing_stop,2400,73.30787617382676
GIGGLE/USDT:USDT,long,1785497700,4.44,4.800000000000001,take_profit,600,24.61084184993392
DOGE/USDT:USDT,short,1751916300,2.762010336838387,3.122010336838387,trailing_stop,3300,70.10220115476591
DOGE/USDT:USDT,short,1751931600,0.6257884684254889,0.9857884684254888,trailing_stop,6900,70.42037162244316
DOGE/USDT:USDT,long,1751984400,0.34645104172813546,0.7064510417281354,trailing_stop,7800,24.147349974380617
DOGE/USDT:USDT,long,1752108300,1.9724327335524454,2.3324327335524453,trailing_stop,6300,21.125143426359642
DOGE/USDT:USDT,long,1752142800,-1.9541547658585001,-1.5941547658585,st2_hold,14400,28.470497398509323
DOGE/USDT:USDT,long,1752267900,-3.9599999999999977,-3.599999999999998,stop_loss,300,27.822097662661164
DOGE/USDT:USDT,long,1753123200,-3.9600000000000217,-3.600000000000022,stop_loss,300,28.181211731869652
DOGE/USDT:USDT,long,1753651200,0.5745838759820419,0.9345838759820418,trailing_stop,900,26.63676649797354
DOGE/USDT:USDT,long,1753960500,-3.960000000000013,-3.600000000000013,stop_loss,5400,29.838573050561934
DOGE/USDT:USDT,short,1754958300,-3.9600000000000177,-3.600000000000018,stop_loss,7800,70.85342991410474
DOGE/USDT:USDT,short,1756406100,3.0811320754716953,3.441132075471695,trailing_stop,5400,78.11470054503963
DOGE/USDT:USDT,short,1756504200,0.549244644870367,0.9092446448703669,trailing_stop,1800,77.7010375010094
DOGE/USDT:USDT,long,1757270700,0.9226179576666692,1.2826179576666692,trailing_stop,2100,23.551229955409042
DOGE/USDT:USDT,long,1757782500,-3.9600000000000186,-3.6000000000000187,stop_loss,300,28.09489802174049
DOGE/USDT:USDT,short,1757968200,-3.960000000000023,-3.600000000000023,stop_loss,4800,72.88501547265929
DOGE/USDT:USDT,long,1758162900,2.540924532358659,2.9009245323586588,trailing_stop,2400,28.564886614314815
DOGE/USDT:USDT,long,1758915900,0.6248928680081707,0.9848928680081707,trailing_stop,2100,26.145493587792643
DOGE/USDT:USDT,short,1760657400,-3.9600000000000115,-3.6000000000000116,stop_loss,5700,73.13542295100218
DOGE/USDT:USDT,short,1761307800,-3.9599999999999826,-3.5999999999999828,stop_loss,1200,70.17483825849959
DOGE/USDT:USDT,short,1761458100,-3.960000000000002,-3.6000000000000023,stop_loss,12300,74.42673195542665
DOGE/USDT:USDT,long,1761506700,4.4399999999999915,4.799999999999992,take_profit,9300,24.613053244093678
DOGE/USDT:USDT,long,1761777600,-3.96,-3.6,stop_loss,3300,26.76718434108426
DOGE/USDT:USDT,short,1762979100,-1.5082746437404517,-1.1482746437404519,st2_hold,14400,76.26334600526216
DOGE/USDT:USDT,short,1763073000,-3.9600000000000155,-3.6000000000000156,stop_loss,3600,76.79658281152345
DOGE/USDT:USDT,short,1763132100,0.9162746180747482,1.2762746180747482,trailing_stop,600,74.89865647415576
DOGE/USDT:USDT,long,1763473500,0.8270558863069145,1.1870558863069145,trailing_stop,2100,27.870858566910485
DOGE/USDT:USDT,long,1763881800,0.3766047001052508,0.7366047001052508,trailing_stop,3900,29.17829370083902
DOGE/USDT:USDT,long,1765927800,0.7191375114085153,1.0791375114085153,trailing_stop,6600,27.06097343996234
DOGE/USDT:USDT,short,1766487900,0.30455115461086923,0.6645511546108692,trailing_stop,6000,71.25784702310493
DOGE/USDT:USDT,long,1766542500,-3.9600000000000186,-3.6000000000000187,stop_loss,2700,28.448330736324138
DOGE/USDT:USDT,short,1767066000,-1.9926862155795728,-1.6326862155795727,st2_hold,14400,80.35133515951331
DOGE/USDT:USDT,long,1770077700,0.4081539319576273,0.7681539319576273,trailing_stop,2700,21.412670664498705
DOGE/USDT:USDT,short,1770302700,4.440000000000005,4.800000000000005,take_profit,600,71.1108274104153
DOGE/USDT:USDT,short,1770605400,0.2918308406395256,0.6518308406395256,trailing_stop,1500,71.57201368842999
DOGE/USDT:USDT,long,1771626000,0.4157978989495067,0.7757978989495067,trailing_stop,3000,29.469810151247913
DOGE/USDT:USDT,short,1771797900,0.7905871251835456,1.1505871251835456,trailing_stop,9900,76.0174783854637
DOGE/USDT:USDT,short,1772158500,0.9977551649707305,1.3577551649707305,trailing_stop,4800,75.42488908573067
DOGE/USDT:USDT,long,1772485800,0.5145100116537826,0.8745100116537826,trailing_stop,6300,27.56422709907052
DOGE/USDT:USDT,long,1773327300,0.7553262032085949,1.1153262032085949,trailing_stop,600,21.025932905188654
DOGE/USDT:USDT,short,1773459900,1.0257127991675845,1.3857127991675844,trailing_stop,5700,74.01082349103974
DOGE/USDT:USDT,long,1774304100,-3.959999999999985,-3.599999999999985,stop_loss,8400,28.135014603686372
DOGE/USDT:USDT,short,1774809900,3.0833285509325656,3.4433285509325655,st2_hold,14400,72.97664288904406
DOGE/USDT:USDT,short,1775922000,-3.9600000000000204,-3.6000000000000205,stop_loss,10500,72.02634428000295
DOGE/USDT:USDT,short,1776060600,0.9476544021025325,1.3076544021025325,trailing_stop,6900,73.06719376357185
DOGE/USDT:USDT,long,1776697800,2.4227937586243127,2.7827937586243126,trailing_stop,2100,24.499990936568864
DOGE/USDT:USDT,short,1777633500,-3.9600000000000035,-3.6000000000000036,stop_loss,6900,77.86011133207592
DOGE/USDT:USDT,long,1777875600,0.5866267000715712,0.9466267000715712,trailing_stop,1800,16.916427512812504
DOGE/USDT:USDT,short,1778131200,0.4750752320029268,0.8350752320029268,trailing_stop,4200,75.23900850753716
DOGE/USDT:USDT,long,1778673300,-3.96000000000002,-3.60000000000002,stop_loss,2400,25.879327839805413
DOGE/USDT:USDT,long,1778773500,4.440000000000004,4.800000000000004,take_profit,1800,28.81470358950567
DOGE/USDT:USDT,short,1778943000,-1.2663444108761626,-0.9063444108761627,st2_hold,14400,77.02734839061047
DOGE/USDT:USDT,short,1779210000,0.9663188238685644,1.3263188238685644,trailing_stop,5700,73.23592306932527
DOGE/USDT:USDT,short,1779254400,-1.7856619144602979,-1.4256619144602978,st2_hold,14400,78.17928104128107
DOGE/USDT:USDT,long,1780938600,0.47451635351428334,0.8345163535142833,trailing_stop,1200,23.984305402315115
DOGE/USDT:USDT,short,1781025900,0.469513196480969,0.829513196480969,trailing_stop,1500,75.57648090643585
DOGE/USDT:USDT,short,1781332800,-3.96000000000001,-3.6000000000000103,stop_loss,13500,73.82069439497187
DOGE/USDT:USDT,short,1781465400,-3.960000000000012,-3.600000000000012,stop_loss,6300,75.85806457463595
DOGE/USDT:USDT,short,1782636600,1.5024139327663355,1.8624139327663356,trailing_stop,4800,71.90022296886058
DOGE/USDT:USDT,long,1782886500,-3.9599999999999973,-3.5999999999999974,stop_loss,1500,26.140237824128334
DOGE/USDT:USDT,long,1783120500,0.36554347826088407,0.7255434782608841,trailing_stop,3900,27.43446506014375
DOGE/USDT:USDT,short,1784209200,0.9509946931555565,1.3109946931555565,trailing_stop,13200,78.64793233789024
DOGE/USDT:USDT,short,1785083700,1.0824337612673833,1.4424337612673832,trailing_stop,6300,72.04374897271362
ONDO/USDT:USDT,short,1751223000,0.9755709071950444,1.3355709071950443,trailing_stop,8100,76.44863852207125
ONDO/USDT:USDT,long,1751498100,-3.959999999999988,-3.599999999999988,stop_loss,3900,25.2713823020882
ONDO/USDT:USDT,long,1751827200,0.5965872814796238,0.9565872814796238,trailing_stop,3000,22.15819268675979
ONDO/USDT:USDT,short,1753063800,-3.9599999999999813,-3.5999999999999814,stop_loss,3300,73.66316298812002
ONDO/USDT:USDT,long,1753204800,2.20315237095695,2.5631523709569497,trailing_stop,1200,27.065813417472
ONDO/USDT:USDT,long,1754352900,-3.9600000000000115,-3.6000000000000116,stop_loss,10200,27.93055235915058
ONDO/USDT:USDT,long,1754775300,1.0158620689654576,1.3758620689654577,trailing_stop,3300,29.035008751612168
ONDO/USDT:USDT,long,1755436500,1.6324215512137759,1.992421551213776,trailing_stop,2400,21.390645508236517
ONDO/USDT:USDT,short,1757018100,-0.8208294930875434,-0.4608294930875434,st2_hold,14400,71.79274698911931
ONDO/USDT:USDT,long,1757107500,-0.8528806133625597,-0.4928806133625597,st2_hold,14400,29.24522824626648
ONDO/USDT:USDT,long,1758157500,2.485844402277029,2.845844402277029,trailing_stop,2700,29.688154745532714
ONDO/USDT:USDT,long,1758234000,1.2306550703183219,1.590655070318322,trailing_stop,9000,27.70508807338318
ONDO/USDT:USDT,short,1758350400,1.1817970277669136,1.5417970277669135,trailing_stop,8700,76.18652783623246
ONDO/USDT:USDT,short,1758457500,2.288534072900178,2.648534072900178,trailing_stop,12900,73.9793216574016
ONDO/USDT:USDT,short,1758539700,1.2845407835581568,1.644540783558157,trailing_stop,1800,72.9700731017352
ONDO/USDT:USDT,long,1758915600,0.6510749915928983,1.0110749915928983,trailing_stop,2400,27.5108739743566
ONDO/USDT:USDT,short,1760150400,1.102355289421149,1.462355289421149,trailing_stop,600,82.49980986369275
ONDO/USDT:USDT,long,1760793300,-3.959999999999991,-3.599999999999991,stop_loss,3300,27.82267705595885
ONDO/USDT:USDT,short,1760867700,0.872753098454221,1.232753098454221,trailing_stop,900,74.01403648007988
ONDO/USDT:USDT,short,1761394500,-1.554890811701695,-1.1948908117016952,st2_hold,14400,79.82156082177589
ONDO/USDT:USDT,short,1761858000,-3.9600000000000275,-3.6000000000000276,stop_loss,9000,81.08768382941463
ONDO/USDT:USDT,long,1761918000,0.9971801566579536,1.3571801566579536,trailing_stop,1500,26.55298585788337
ONDO/USDT:USDT,short,1762161300,1.7406903958270243,2.100690395827024,trailing_stop,900,71.01354200403861
ONDO/USDT:USDT,long,1762557600,4.440000000000026,4.8000000000000265,take_profit,3300,23.186340252437944
ONDO/USDT:USDT,short,1762591800,0.27290380581363916,0.6329038058136391,trailing_stop,1800,70.02714561277402
ONDO/USDT:USDT,long,1763370600,1.4649196141478802,1.8249196141478803,trailing_stop,600,27.672604126120135
ONDO/USDT:USDT,short,1763793600,2.1464766839378138,2.5064766839378136,trailing_stop,6000,70.75567476903043
ONDO/USDT:USDT,short,1764575700,1.3845659163987594,1.7445659163987592,trailing_stop,12600,73.51776875508551
ONDO/USDT:USDT,long,1764707400,0.7775475856541557,1.1375475856541557,trailing_stop,2400,12.933710789647677
ONDO/USDT:USDT,long,1765048500,1.5886451612903087,1.9486451612903086,trailing_stop,6900,27.150106349659083
ONDO/USDT:USDT,short,1765610700,-1.4672514112027653,-1.1072514112027654,st2_hold,14400,74.75286788559298
ONDO/USDT:USDT,long,1765945500,-3.9600000000000013,-3.6000000000000014,stop_loss,3300,20.743700796467564
ONDO/USDT:USDT,short,1767031200,2.153641133263359,2.513641133263359,trailing_stop,3900,70.88717238353671
ONDO/USDT:USDT,long,1767660300,4.4400000000000075,4.800000000000008,take_profit,900,27.986987457077575
ONDO/USDT:USDT,long,1767680700,1.5778861429832483,1.9378861429832483,trailing_stop,1500,25.043247357461198
ONDO/USDT:USDT,short,1767731400,-3.9600000000000004,-3.6000000000000005,stop_loss,2700,74.61586796377905
ONDO/USDT:USDT,short,1767966000,1.1275030994297413,1.4875030994297411,trailing_stop,2100,76.964280259626
ONDO/USDT:USDT,short,1768134600,1.879046199702001,2.239046199702001,trailing_stop,12000,71.31004114319147
ONDO/USDT:USDT,long,1768381500,0.9866925127210918,1.3466925127210918,trailing_stop,1800,26.36856650808504
ONDO/USDT:USDT,short,1768839000,-3.959999999999982,-3.5999999999999823,stop_loss,5700,70.06118056884141
ONDO/USDT:USDT,long,1769280000,-0.18542915333141285,0.17457084666858713,st2_hold,14400,23.3646520583998
ONDO/USDT:USDT,short,1769970600,1.5122891566265255,1.8722891566265254,trailing_stop,1500,74.17841158753761
ONDO/USDT:USDT,long,1770424500,0.26482352941170706,0.624823529411707,trailing_stop,1200,27.308367171039507
ONDO/USDT:USDT,short,1770648600,-3.960000000000013,-3.600000000000013,stop_loss,900,78.86664790780914
ONDO/USDT:USDT,short,1770730800,1.0143589743589456,1.3743589743589457,trailing_stop,3900,72.72971198419046
ONDO/USDT:USDT,short,1771189800,0.9355490696826082,1.2955490696826082,trailing_stop,7200,72.11635938455329
ONDO/USDT:USDT,short,1771271100,0.6007857402691926,0.9607857402691926,trailing_stop,1800,75.15523196116501
ONDO/USDT:USDT,short,1771466700,1.553201196709073,1.9132011967090732,trailing_stop,13800,74.55330099803815
ONDO/USDT:USDT,short,1771827600,1.237588932806319,1.597588932806319,trailing_stop,9300,78.09943831872621
ONDO/USDT:USDT,short,1772443500,0.5197712933754106,0.8797712933754106,trailing_stop,2100,81.81624001202093
ONDO/USDT:USDT,short,1772738400,0.7869387755102685,1.1469387755102685,trailing_stop,1200,79.5643909334657
ONDO/USDT:USDT,long,1773144900,2.4872136222910464,2.8472136222910462,trailing_stop,3300,19.513924439170708
ONDO/USDT:USDT,long,1773165300,-3.959999999999996,-3.599999999999996,stop_loss,1200,26.503921907897137
ONDO/USDT:USDT,long,1774720500,2.0112358731316147,2.3712358731316145,trailing_stop,8100,29.569089789705586
ONDO/USDT:USDT,short,1775113500,0.34541158536589267,0.7054115853658927,trailing_stop,7500,75.61693655938186
ONDO/USDT:USDT,long,1775478900,-3.9599999999999755,-3.5999999999999757,stop_loss,5100,21.433251511148725
ONDO/USDT:USDT,short,1775667900,0.7970451955943819,1.157045195594382,trailing_stop,1500,70.07666128618011
ONDO/USDT:USDT,short,1776017100,2.8460138155221713,3.206013815522171,trailing_stop,9300,73.71664998740752
ONDO/USDT:USDT,long,1776142800,0.6226121164438304,0.9826121164438304,trailing_stop,13200,26.87282470401253
ONDO/USDT:USDT,long,1776166800,2.0216614420063026,2.3816614420063025,trailing_stop,7200,25.216275072279842
ONDO/USDT:USDT,long,1776386100,0.6394023160253995,0.9994023160253995,trailing_stop,2100,23.540009375042644
ONDO/USDT:USDT,short,1776945600,-3.9600000000000186,-3.6000000000000187,stop_loss,10500,72.80173194381241
ONDO/USDT:USDT,long,1777001400,0.3419127773526409,0.7019127773526409,trailing_stop,9000,25.69766207552449
ONDO/USDT:USDT,long,1777263300,-3.9599999999999826,-3.5999999999999828,stop_loss,3300,21.4125585690135
ONDO/USDT:USDT,long,1777699500,2.3113432835820396,2.6713432835820394,trailing_stop,3000,27.376200238737
ONDO/USDT:USDT,short,1777902300,0.787602073882076,1.147602073882076,trailing_stop,1200,77.59473205061629
ONDO/USDT:USDT,long,1778787000,-3.959999999999995,-3.599999999999995,stop_loss,2400,28.393772975954562
ONDO/USDT:USDT,short,1778989500,-3.959999999999983,-3.599999999999983,stop_loss,2100,70.35656140696811
ONDO/USDT:USDT,short,1779858900,0.9304669260700497,1.2904669260700496,trailing_stop,1500,76.2914123138107
ONDO/USDT:USDT,short,1780123500,4.4399999999999835,4.799999999999984,take_profit,3000,75.18299620368154
ONDO/USDT:USDT,short,1780665300,-3.9600000000000084,-3.6000000000000085,stop_loss,300,74.43978442049881
ONDO/USDT:USDT,short,1780979400,-3.9599999999999826,-3.5999999999999828,stop_loss,300,71.14148753684529
ONDO/USDT:USDT,long,1781367000,0.28175257731960834,0.6417525773196083,trailing_stop,4800,29.845775495907446
ONDO/USDT:USDT,short,1781470200,-3.9600000000000217,-3.600000000000022,stop_loss,1500,81.30914441770435
ONDO/USDT:USDT,short,1781874600,-3.959999999999986,-3.5999999999999863,stop_loss,1800,70.91435192856011
ONDO/USDT:USDT,long,1782536700,0.613473222674586,0.973473222674586,trailing_stop,6300,27.128188628119247
ONDO/USDT:USDT,short,1784439000,-3.9600000000000035,-3.6000000000000036,stop_loss,3600,82.46401881951525
ONDO/USDT:USDT,long,1784585100,4.440000000000024,4.800000000000025,take_profit,9300,18.887034535587446
ONDO/USDT:USDT,long,1784741700,0.7866275659823713,1.1466275659823713,trailing_stop,900,28.59293185703551
ONDO/USDT:USDT,long,1784769000,1.6481186193485868,2.0081186193485867,trailing_stop,1200,29.874552481254796
ONDO/USDT:USDT,short,1784838000,0.755455222029331,1.115455222029331,trailing_stop,1800,77.4356873467376
1000SHIB/USDT:USDT,long,1751102400,1.1119270420301106,1.4719270420301105,trailing_stop,3000,23.1404582380095
1000SHIB/USDT:USDT,long,1751205600,-1.966356334743966,-1.6063563347439662,st2_hold,14400,25.618765532008254
1000SHIB/USDT:USDT,long,1751247000,-3.9600000000000173,-3.6000000000000174,stop_loss,6900,19.354693898615437
1000SHIB/USDT:USDT,long,1752107700,1.0418875567076964,1.4018875567076963,trailing_stop,6000,25.981057666264476
1000SHIB/USDT:USDT,long,1752217500,0.6436690378135544,1.0036690378135544,trailing_stop,6900,16.96284132097564
1000SHIB/USDT:USDT,long,1753330200,-3.9600000000000093,-3.6000000000000094,stop_loss,1800,28.38295281710259
1000SHIB/USDT:USDT,long,1754301300,1.1250122050447486,1.4850122050447487,trailing_stop,14100,29.094551486039165
1000SHIB/USDT:USDT,long,1755064800,1.1259073786837916,1.4859073786837915,trailing_stop,5400,24.777421975402063
1000SHIB/USDT:USDT,short,1755521100,0.28808453379771615,0.6480845337977161,trailing_stop,3600,74.43772655983236
1000SHIB/USDT:USDT,short,1755594900,-0.9581815281543863,-0.5981815281543863,st2_hold,14400,70.42857997880563
1000SHIB/USDT:USDT,short,1756041900,1.051382681564267,1.411382681564267,trailing_stop,3000,78.69139264367485
1000SHIB/USDT:USDT,short,1756471500,0.45578690127081956,0.8157869012708195,trailing_stop,3000,71.35119011557856
1000SHIB/USDT:USDT,short,1756770600,0.4332472691161873,0.7932472691161873,trailing_stop,5400,77.52449235519767
1000SHIB/USDT:USDT,long,1756800000,0.6248269089123103,0.9848269089123103,trailing_stop,1800,22.497828495108692
1000SHIB/USDT:USDT,long,1757053500,2.8597551154573386,3.2197551154573385,trailing_stop,6600,29.655695797069356
1000SHIB/USDT:USDT,long,1757238600,0.9776570733684512,1.3376570733684512,st2_hold,14400,25.077660774106263
1000SHIB/USDT:USDT,long,1757378700,0.7700904977375645,1.1300904977375645,trailing_stop,1500,27.04039286790487
1000SHIB/USDT:USDT,short,1757979000,0.2600459242250549,0.6200459242250549,trailing_stop,5100,73.14526835038842
1000SHIB/USDT:USDT,long,1758224400,-1.6102790801517917,-1.2502790801517918,st2_hold,14400,25.092732204330233
1000SHIB/USDT:USDT,long,1758936300,-0.4105944852011198,-0.050594485201119796,st2_hold,14400,27.674864636307063
1000SHIB/USDT:USDT,long,1759108200,-2.2430027617373947,-1.8830027617373946,st2_hold,14400,27.595824298864216
1000SHIB/USDT:USDT,long,1759302300,0.5108703374778064,0.8708703374778064,trailing_stop,3300,21.64118789884614
1000SHIB/USDT:USDT,short,1759920600,0.4422300565713111,0.8022300565713111,trailing_stop,4800,71.4841894632741
1000SHIB/USDT:USDT,short,1760009100,1.7167312328539333,2.076731232853933,trailing_stop,9600,72.98886003402485
1000SHIB/USDT:USDT,short,1760150400,0.9424828518983749,1.3024828518983749,trailing_stop,600,80.44372637515708
1000SHIB/USDT:USDT,short,1760580000,0.27594336896853877,0.6359433689685388,trailing_stop,7200,75.0627522478081
1000SHIB/USDT:USDT,short,1760596800,0.9714648945391825,1.3314648945391825,trailing_stop,3300,70.54904208473756
1000SHIB/USDT:USDT,long,1760787300,0.28785388127856737,0.6478538812785674,trailing_stop,2700,29.644633616556533
1000SHIB/USDT:USDT,long,1761217800,1.1111769415532557,1.4711769415532556,st2_hold,14400,29.563398443222823
1000SHIB/USDT:USDT,short,1762715100,-2.766738868832738,-2.406738868832738,st2_hold,14400,78.76736921047444
1000SHIB/USDT:USDT,long,1763448300,0.4981950207469079,0.8581950207469079,trailing_stop,2700,28.33900439495359
1000SHIB/USDT:USDT,short,1764174900,0.3409103807046613,0.7009103807046613,trailing_stop,1200,80.23616760245545
1000SHIB/USDT:USDT,short,1764450300,-1.985441696113106,-1.6254416961131062,st2_hold,14400,73.338710074396
1000SHIB/USDT:USDT,short,1764541200,4.4400000000000235,4.800000000000024,take_profit,5700,71.35481804887897
1000SHIB/USDT:USDT,long,1764806700,-3.8032805883663556,-3.4432805883663558,st2_hold,14400,22.089072468040456
1000SHIB/USDT:USDT,short,1764947400,3.027342673949196,3.387342673949196,trailing_stop,3600,70.43359413739793
1000SHIB/USDT:USDT,short,1765360800,1.4050040787787372,1.7650040787787373,trailing_stop,2700,79.52635641904845
1000SHIB/USDT:USDT,short,1765429200,0.7631000120062404,1.1231000120062404,trailing_stop,9000,78.0137684461163
1000SHIB/USDT:USDT,short,1765743600,1.2645157310302313,1.6245157310302314,trailing_stop,6000,74.41515187525879
1000SHIB/USDT:USDT,long,1765846200,-3.9600000000000115,-3.6000000000000116,stop_loss,9600,28.734906494822553
1000SHIB/USDT:USDT,short,1766046600,3.122429182255519,3.482429182255519,trailing_stop,14400,71.40778435876445
1000SHIB/USDT:USDT,long,1766167500,1.4508827085852682,1.8108827085852681,trailing_stop,1500,26.445252588172423
1000SHIB/USDT:USDT,long,1766600100,1.4820318169132278,1.842031816913228,st2_hold,14400,15.706594954002583
1000SHIB/USDT:USDT,short,1766676900,-1.4012328196584694,-1.0412328196584693,st2_hold,14400,70.04537638439521
1000SHIB/USDT:USDT,long,1766915100,-0.07319311663483224,0.28680688336516774,st2_hold,14400,15.495866382839694
1000SHIB/USDT:USDT,short,1766931900,2.217903181941819,2.577903181941819,trailing_stop,14400,71.74105199000694
1000SHIB/USDT:USDT,long,1766988000,0.264792057955471,0.624792057955471,trailing_stop,10200,9.392096475690622
1000SHIB/USDT:USDT,long,1767676200,0.24768983268984612,0.6076898326898461,trailing_stop,900,25.815848999519062
1000SHIB/USDT:USDT,long,1768355700,1.2015896279593923,1.5615896279593924,trailing_stop,3300,26.283050037412707
1000SHIB/USDT:USDT,long,1769040000,2.3395487025197417,2.6995487025197415,trailing_stop,3300,27.70951518920434
1000SHIB/USDT:USDT,short,1769072400,-0.057313658721109995,0.30268634127889,st2_hold,14400,71.12822890388983
1000SHIB/USDT:USDT,long,1769399100,2.1567148109243335,2.5167148109243334,trailing_stop,3300,26.064006654225935
1000SHIB/USDT:USDT,long,1769489700,-2.8480134767396583,-2.4880134767396584,st2_hold,14400,22.24597558434749
1000SHIB/USDT:USDT,short,1769514900,-1.9271934177876493,-1.5671934177876494,st2_hold,14400,77.56734922082663
1000SHIB/USDT:USDT,long,1770054600,0.8203941457759852,1.1803941457759852,trailing_stop,4500,28.108363154664715
1000SHIB/USDT:USDT,short,1770817200,0.38707492302431334,0.7470749230243133,trailing_stop,900,73.83418989153652
1000SHIB/USDT:USDT,long,1770851100,0.257503805175085,0.617503805175085,trailing_stop,4800,29.951885661908236
1000SHIB/USDT:USDT,short,1770925200,2.426104218362309,2.786104218362309,trailing_stop,2100,76.91919766688645
1000SHIB/USDT:USDT,short,1770966600,-3.960000000000019,-3.600000000000019,stop_loss,4800,80.83820119069537
1000SHIB/USDT:USDT,long,1771588200,-3.959999999999986,-3.5999999999999863,stop_loss,6300,29.41695127690332
1000SHIB/USDT:USDT,long,1771608000,0.2587559504919157,0.6187559504919157,trailing_stop,900,25.58033498335209
1000SHIB/USDT:USDT,long,1772162100,4.440000000000012,4.800000000000012,take_profit,3300,26.245526452402288
1000SHIB/USDT:USDT,long,1772326200,4.439999999999992,4.799999999999993,take_profit,3600,23.860590705917133
1000SHIB/USDT:USDT,long,1773004500,-3.9600000000000146,-3.6000000000000147,stop_loss,2700,28.54745703747946
1000SHIB/USDT:USDT,short,1773867300,-0.15331725800892881,0.20668274199107117,st2_hold,14400,76.40415130259981
1000SHIB/USDT:USDT,long,1774407900,0.8809468033187219,1.2409468033187219,trailing_stop,7800,20.4312159615682
1000SHIB/USDT:USDT,short,1774640400,0.5081645350847301,0.8681645350847301,trailing_stop,3600,81.07169496190977
1000SHIB/USDT:USDT,short,1774815600,4.439999999999984,4.799999999999985,take_profit,8700,72.88177086821251
1000SHIB/USDT:USDT,long,1775153100,0.9513651994497548,1.3113651994497548,trailing_stop,9900,25.47014987306129
1000SHIB/USDT:USDT,short,1775916900,-3.9599999999999818,-3.599999999999982,stop_loss,8700,71.45046336801616
1000SHIB/USDT:USDT,long,1775947500,-3.960000000000003,-3.600000000000003,stop_loss,9900,27.781816071220987
1000SHIB/USDT:USDT,long,1776024300,0.6520076019350521,1.0120076019350521,trailing_stop,2400,24.919863996223583
1000SHIB/USDT:USDT,short,1776212100,-0.7186678052946232,-0.3586678052946231,st2_hold,14400,72.09205052317957
1000SHIB/USDT:USDT,long,1777988700,0.6496568236232888,1.0096568236232888,trailing_stop,600,26.478743192362842
1000SHIB/USDT:USDT,long,1778302500,-2.0772029702970163,-1.7172029702970162,st2_hold,14400,28.647552314787347
1000SHIB/USDT:USDT,short,1778990100,-3.560826019617943,-3.200826019617943,st2_hold,14400,72.8737026318413
1000SHIB/USDT:USDT,short,1779666900,0.3038172043010874,0.6638172043010874,trailing_stop,13800,72.97349426878696
1000SHIB/USDT:USDT,long,1779802800,2.402580645161327,2.762580645161327,trailing_stop,3300,29.609253263651794
1000SHIB/USDT:USDT,long,1780139100,0.9526709206927829,1.312670920692783,st2_hold,14400,28.887248724597725
1000SHIB/USDT:USDT,short,1780307700,1.6629655425220178,2.0229655425220177,trailing_stop,8400,71.26250795040825
1000SHIB/USDT:USDT,long,1781210100,0.07550394027374924,0.4355039402737492,st2_hold,14400,29.555630154042888
1000SHIB/USDT:USDT,long,1781362200,0.8484592145015136,1.2084592145015136,trailing_stop,1500,20.353445860219026
1000SHIB/USDT:USDT,long,1782007500,-2.518273381294975,-2.158273381294975,st2_hold,14400,18.140024378395154
1000SHIB/USDT:USDT,short,1782047100,-0.8072843450478717,-0.4472843450478718,st2_hold,14400,70.01614296009858
1000SHIB/USDT:USDT,long,1782380400,-3.9599999999999884,-3.5999999999999885,stop_loss,9600,27.92382969289966
1000SHIB/USDT:USDT,short,1783059300,-2.6757894736842136,-2.3157894736842137,st2_hold,14400,70.79517422706573
1000SHIB/USDT:USDT,long,1783197000,2.3670828654839107,2.7270828654839105,trailing_stop,3900,26.072215797676762
1000SHIB/USDT:USDT,short,1783324200,-1.254085281980742,-0.894085281980742,st2_hold,14400,78.34691832359806
1000SHIB/USDT:USDT,short,1783511400,1.0721209258384143,1.4321209258384144,trailing_stop,4800,79.03109196716453
1000SHIB/USDT:USDT,long,1783693800,0.24714612918002155,0.6071461291800215,trailing_stop,9600,26.186053920586446
1000SHIB/USDT:USDT,short,1783844400,-0.638680910357617,-0.27868091035761705,st2_hold,14400,73.07487326450678
1000SHIB/USDT:USDT,short,1784238300,2.7779740758521387,3.1379740758521386,trailing_stop,9000,78.37782182574698
1000SHIB/USDT:USDT,long,1784556300,3.212252681763991,3.572252681763991,trailing_stop,8400,27.833546668046495
1000SHIB/USDT:USDT,long,1784632800,0.7732630098453287,1.1332630098453287,trailing_stop,10800,27.76203856119004
1000SHIB/USDT:USDT,long,1784745600,0.29047125353438885,0.6504712535343888,trailing_stop,14100,29.05424840316178
1000SHIB/USDT:USDT,long,1785019500,0.27826373174243924,0.6382637317424392,trailing_stop,1800,28.04852009501255
1000SHIB/USDT:USDT,short,1785503100,0.8653638698630436,1.2253638698630436,trailing_stop,3000,70.96051170314448
TAO/USDT:USDT,short,1751379300,3.114413052128939,3.4744130521289387,trailing_stop,900,72.24925875837738
TAO/USDT:USDT,short,1751709600,0.6676522654122387,1.0276522654122386,trailing_stop,9900,74.37058158188276
TAO/USDT:USDT,short,1752860400,1.0056715340759035,1.3656715340759034,trailing_stop,1200,80.06546055638584
TAO/USDT:USDT,short,1753064400,-3.9600000000000013,-3.6000000000000014,stop_loss,2400,79.81098958944682
TAO/USDT:USDT,long,1753155000,-3.959999999999997,-3.599999999999997,stop_loss,600,20.754693685986993
TAO/USDT:USDT,short,1753182000,0.399683950847193,0.759683950847193,trailing_stop,900,83.95654761503187
TAO/USDT:USDT,short,1753317000,2.015597218022423,2.3755972180224227,trailing_stop,12600,73.98992363619877
TAO/USDT:USDT,short,1754096700,0.9302209563265885,1.2902209563265885,trailing_stop,1800,71.61635038950652
TAO/USDT:USDT,short,1754163300,2.321607201603072,2.681607201603072,trailing_stop,1500,73.70934570684206
TAO/USDT:USDT,short,1754375400,2.41173615857825,2.77173615857825,trailing_stop,1500,74.54994312855224
TAO/USDT:USDT,short,1754415900,0.4736821682638993,0.8336821682638993,trailing_stop,2700,73.21534988085969
TAO/USDT:USDT,long,1754525700,-3.960000000000006,-3.6000000000000063,stop_loss,3000,24.575779322947838
TAO/USDT:USDT,long,1754619900,1.3676212042670883,1.7276212042670884,trailing_stop,1500,27.53311697924039
TAO/USDT:USDT,long,1755450000,-3.960000000000022,-3.6000000000000223,stop_loss,5100,25.14674010821568
TAO/USDT:USDT,long,1755934800,-1.7040265486725703,-1.3440265486725702,st2_hold,14400,23.551279198705743
TAO/USDT:USDT,short,1755969300,-1.3455616597189612,-0.9855616597189611,st2_hold,14400,70.44578935029585
TAO/USDT:USDT,long,1755999000,0.46446620689652585,0.8244662068965258,trailing_stop,3900,23.466695287416584
TAO/USDT:USDT,short,1756041300,0.6079420976890066,0.9679420976890066,trailing_stop,3600,72.55531781565935
TAO/USDT:USDT,long,1756721400,-3.9599999999999795,-3.5999999999999797,stop_loss,1200,28.39927978354605
TAO/USDT:USDT,long,1756925700,1.159813584348448,1.5198135843484482,trailing_stop,5100,23.04781901842273
TAO/USDT:USDT,long,1756987500,-3.960000000000024,-3.600000000000024,stop_loss,7200,22.753106718377822
TAO/USDT:USDT,short,1757018100,-3.9600000000000066,-3.6000000000000068,stop_loss,8700,70.48953453700733
TAO/USDT:USDT,long,1757132100,-2.767976421897538,-2.407976421897538,st2_hold,14400,24.715982736118548
TAO/USDT:USDT,long,1757592000,4.439999999999986,4.7999999999999865,take_profit,900,16.763544430470645
TAO/USDT:USDT,long,1757727900,0.9494029436267458,1.3094029436267458,trailing_stop,9900,23.35199977249954
TAO/USDT:USDT,short,1758002400,1.4992605572105,1.8592605572105,trailing_stop,2700,76.88781073910232
TAO/USDT:USDT,short,1758380400,-1.2489405339453112,-0.8889405339453114,st2_hold,14400,80.90732144306307
TAO/USDT:USDT,long,1758866100,-3.960000000000023,-3.600000000000023,stop_loss,11100,25.22598572612796
TAO/USDT:USDT,short,1758890700,0.820884920102081,1.180884920102081,trailing_stop,600,73.48823113035513
TAO/USDT:USDT,short,1759258500,-3.960000000000031,-3.600000000000031,stop_loss,3000,76.38736977840556
TAO/USDT:USDT,long,1759455000,0.34671634839307264,0.7067163483930726,trailing_stop,3000,29.431254882136628
TAO/USDT:USDT,long,1759475700,-2.4953300055463137,-2.135330005546314,st2_hold,14400,18.186146779970585
TAO/USDT:USDT,long,1759786200,-3.959999999999996,-3.599999999999996,stop_loss,10200,25.510967355176575
TAO/USDT:USDT,short,1759869900,0.9329667594952405,1.2929667594952405,trailing_stop,1200,79.13519592607253
TAO/USDT:USDT,short,1759906200,0.7276063220124364,1.0876063220124363,trailing_stop,900,71.24073568489067
TAO/USDT:USDT,long,1760347200,0.9016339901237002,1.2616339901237001,trailing_stop,600,26.26575609657884
TAO/USDT:USDT,long,1760790600,-3.959999999999992,-3.599999999999992,stop_loss,1500,29.268910683327917
TAO/USDT:USDT,short,1761176100,0.688946172529978,1.048946172529978,trailing_stop,900,77.60221738269375
TAO/USDT:USDT,short,1761372300,-3.960000000000013,-3.600000000000013,stop_loss,7800,75.15186105688296
TAO/USDT:USDT,long,1761444600,0.5590734162982646,0.9190734162982646,trailing_stop,1200,17.034996982376413
TAO/USDT:USDT,long,1761486900,0.9946571561179428,1.3546571561179428,trailing_stop,900,28.666586480220204
TAO/USDT:USDT,long,1761505200,-3.960000000000009,-3.600000000000009,stop_loss,4800,28.905950861947858
TAO/USDT:USDT,long,1761544500,2.3832956538686365,2.7432956538686364,trailing_stop,3600,27.433477294035967
TAO/USDT:USDT,long,1761910500,0.978398980537517,1.338398980537517,trailing_stop,900,29.334057094921192
TAO/USDT:USDT,short,1762048800,1.0457700728474477,1.4057700728474476,trailing_stop,600,71.53823713262176
TAO/USDT:USDT,short,1762120500,-3.960000000000006,-3.6000000000000063,stop_loss,600,72.1119782238332
TAO/USDT:USDT,long,1762461600,0.28356445761585025,0.6435644576158502,trailing_stop,2100,29.656580724949293
TAO/USDT:USDT,long,1763940600,-3.9599999999999778,-3.599999999999978,stop_loss,4500,22.24942479110547
TAO/USDT:USDT,long,1764187500,0.8462019510304569,1.206201951030457,trailing_stop,1500,23.961618080428366
TAO/USDT:USDT,long,1765143300,-3.9599999999999778,-3.599999999999978,stop_loss,600,17.665146093501335
TAO/USDT:USDT,short,1766713200,-3.960000000000006,-3.6000000000000063,stop_loss,1800,79.4617966569614
TAO/USDT:USDT,short,1767445800,-3.9600000000000026,-3.6000000000000028,stop_loss,12300,70.7771072208335
TAO/USDT:USDT,long,1767509700,0.6938314101310489,1.0538314101310489,trailing_stop,3900,28.44795021635028
TAO/USDT:USDT,short,1767811200,0.926326128231402,1.286326128231402,trailing_stop,1200,73.34773666402212
TAO/USDT:USDT,long,1768387200,-3.959999999999995,-3.599999999999995,stop_loss,4200,23.601402503917186
TAO/USDT:USDT,long,1768591800,1.7111920529800932,2.071192052980093,trailing_stop,1500,29.93206068556981
TAO/USDT:USDT,short,1768726200,-0.019540196221991935,0.34045980377800805,st2_hold,14400,71.78359185382884
TAO/USDT:USDT,short,1768940700,0.5357384214507929,0.8957384214507929,trailing_stop,1800,74.03241186719404
TAO/USDT:USDT,long,1769039700,0.7354873197414348,1.0954873197414348,trailing_stop,600,25.362525867348808
TAO/USDT:USDT,long,1769409600,2.1478030074540144,2.5078030074540143,trailing_stop,2400,29.578192199683826
TAO/USDT:USDT,long,1769460600,1.2999286052213042,1.659928605221304,trailing_stop,2700,22.562137720553366
TAO/USDT:USDT,long,1770242100,0.25884220654264833,0.6188422065426483,trailing_stop,600,29.430495270798048
TAO/USDT:USDT,short,1770282900,2.9614032067147598,3.3214032067147596,trailing_stop,1500,74.832416866281
TAO/USDT:USDT,long,1771227600,-3.960000000000021,-3.600000000000021,stop_loss,300,29.798045190613564
TAO/USDT:USDT,short,1771266600,-3.9600000000000004,-3.6000000000000005,stop_loss,2700,73.01071431299303
TAO/USDT:USDT,long,1771287300,0.6936954173738458,1.0536954173738458,trailing_stop,900,26.88436679724697
TAO/USDT:USDT,long,1771408500,3.3623696534498753,3.722369653449875,trailing_stop,1200,28.23301045963437
TAO/USDT:USDT,long,1771483800,0.5602445066781541,0.920244506678154,trailing_stop,3000,29.42472854152541
TAO/USDT:USDT,long,1771643400,2.4051130259623856,2.7651130259623855,trailing_stop,1800,29.121269781921654
TAO/USDT:USDT,long,1772059800,-3.959999999999998,-3.5999999999999983,stop_loss,600,29.803379921684268
TAO/USDT:USDT,long,1772584200,0.5163431399505346,0.8763431399505346,trailing_stop,2100,20.201269261392127
TAO/USDT:USDT,long,1772658300,-3.9599999999999818,-3.599999999999982,stop_loss,300,28.840574975868336
TAO/USDT:USDT,short,1772739000,0.7077208404802894,1.0677208404802894,trailing_stop,600,72.59451722071667
TAO/USDT:USDT,long,1772776200,0.24406034344404814,0.6040603434440481,trailing_stop,6000,26.867418760991953
TAO/USDT:USDT,long,1773721800,0.78109114294906,1.14109114294906,trailing_stop,900,28.58303275163597
TAO/USDT:USDT,long,1773786300,-3.960000000000011,-3.600000000000011,stop_loss,5400,26.008392536462736
TAO/USDT:USDT,long,1775206800,0.32710121192273,0.68710121192273,trailing_stop,4200,29.310939694845302
TAO/USDT:USDT,short,1775261400,-3.95999999999999,-3.5999999999999903,stop_loss,3300,71.31994706007248
TAO/USDT:USDT,short,1775813700,1.0391706825059162,1.3991706825059163,trailing_stop,600,70.98990577182015
TAO/USDT:USDT,short,1776040800,-3.9600000000000146,-3.6000000000000147,stop_loss,4500,74.19093157856591
TAO/USDT:USDT,short,1776321600,1.6832352457669129,2.0432352457669127,trailing_stop,4200,74.41835589534877
TAO/USDT:USDT,long,1776422700,0.9212656997002083,1.2812656997002083,trailing_stop,900,26.314394067263123
TAO/USDT:USDT,long,1776447300,0.7212550842533719,1.081255084253372,trailing_stop,900,26.730603127972188
TAO/USDT:USDT,short,1776495300,1.4017331348428996,1.7617331348428997,trailing_stop,5100,82.28322011620816
TAO/USDT:USDT,short,1776645300,-0.17404958677685245,0.18595041322314754,st2_hold,14400,78.16054702751131
TAO/USDT:USDT,long,1777206300,2.573682161109757,2.9336821611097568,trailing_stop,13200,22.411455852463746
TAO/USDT:USDT,long,1777386600,4.439999999999999,4.799999999999999,take_profit,1800,26.56397380572396
TAO/USDT:USDT,short,1777564500,0.5090089585666591,0.869008958566659,trailing_stop,4200,77.5319700768199
TAO/USDT:USDT,long,1777670400,2.136971384032945,2.496971384032945,trailing_stop,4200,16.564579919148173
TAO/USDT:USDT,short,1778172000,2.0182652269494548,2.3782652269494546,trailing_stop,3000,70.11005475144356
TAO/USDT:USDT,long,1778358900,-2.582509786160286,-2.2225097861602863,st2_hold,14400,22.664529405286885
TAO/USDT:USDT,long,1778407800,2.381168164313197,2.741168164313197,trailing_stop,5100,23.63279902993058
TAO/USDT:USDT,short,1778616300,-1.329900746823575,-0.9699007468235751,st2_hold,14400,72.63193449959631
TAO/USDT:USDT,long,1779315300,0.9599734130940235,1.3199734130940235,trailing_stop,3300,27.971936251256864
TAO/USDT:USDT,long,1779401400,-3.9599999999999875,-3.5999999999999877,stop_loss,6600,26.968448852781833
TAO/USDT:USDT,long,1780349100,0.8976836180586193,1.2576836180586193,trailing_stop,6900,28.8957388985598
TAO/USDT:USDT,long,1780595400,1.5959463986599687,1.9559463986599686,trailing_stop,600,22.58060752402089
TAO/USDT:USDT,long,1780950300,0.23999999999999377,0.5999999999999938,trailing_stop,1200,28.36620411931372
TAO/USDT:USDT,short,1781137500,0.6677054997043307,1.0277054997043307,trailing_stop,900,74.84782665411288
TAO/USDT:USDT,long,1781423700,0.7330350295946279,1.0930350295946278,trailing_stop,900,29.76978987480267
TAO/USDT:USDT,long,1782361500,2.367617477328947,2.727617477328947,trailing_stop,3000,24.384831709898975
TAO/USDT:USDT,short,1782481800,-3.9600000000000213,-3.6000000000000214,stop_loss,300,70.51177525062468
TAO/USDT:USDT,long,1782767400,1.5847207068025027,1.9447207068025025,trailing_stop,3900,21.20383041220815
TAO/USDT:USDT,short,1782864300,4.440000000000015,4.800000000000015,take_profit,3900,71.30864754495332
TAO/USDT:USDT,short,1783712700,1.0767298912788044,1.4367298912788045,trailing_stop,2700,75.57355116230075
TAO/USDT:USDT,short,1783844400,-1.2747212958551497,-0.9147212958551496,st2_hold,14400,72.12178764613805
TAO/USDT:USDT,short,1784208600,0.5113473737630813,0.8713473737630812,trailing_stop,5400,72.78423932163801
TAO/USDT:USDT,short,1784279100,-0.20321103794293774,0.15678896205706225,st2_hold,14400,75.49981158208534
TAO/USDT:USDT,long,1784316000,0.30783786589160234,0.6678378658916023,trailing_stop,2400,28.012151356636096
TAO/USDT:USDT,long,1784344200,-0.1589276139410258,0.20107238605897418,st2_hold,14400,29.763923372343157
TAO/USDT:USDT,short,1784784900,1.0090995454313223,1.3690995454313222,trailing_stop,6000,70.33868484027559
TAO/USDT:USDT,short,1784870700,0.6331719428925922,0.9931719428925921,st2_hold,14400,79.00868827901073
TAO/USDT:USDT,long,1785279900,4.43999999999999,4.79999999999999,take_profit,3300,19.489628795893395
TAO/USDT:USDT,long,1785482400,-3.9600000000000053,-3.6000000000000054,stop_loss,6900,28.79360742352108
NEAR/USDT:USDT,short,1751312400,-3.959999999999989,-3.599999999999989,stop_loss,2100,75.2182537504467
NEAR/USDT:USDT,long,1751539200,0.2904103671706114,0.6504103671706114,trailing_stop,6900,18.07765381707884
NEAR/USDT:USDT,long,1752109200,1.3173373545885125,1.6773373545885126,trailing_stop,1800,17.486861118530953
NEAR/USDT:USDT,long,1752217200,0.6181789638932474,0.9781789638932474,trailing_stop,7800,25.805392008114424
NEAR/USDT:USDT,long,1753042500,1.1312058627581494,1.4912058627581493,trailing_stop,2400,29.514889598403926
NEAR/USDT:USDT,short,1753761900,1.3785093167702,1.7385093167702002,trailing_stop,3300,74.43197930748582
NEAR/USDT:USDT,long,1755316500,0.5007064017660258,0.8607064017660258,trailing_stop,2400,25.700474135490225
NEAR/USDT:USDT,short,1756568700,0.7139237392374523,1.0739237392374523,trailing_stop,5100,82.34042351942523
NEAR/USDT:USDT,long,1757238600,2.9705921052631745,3.3305921052631744,st2_hold,14400,24.933943086405506
NEAR/USDT:USDT,short,1757279100,0.3281851400731005,0.6881851400731005,trailing_stop,6000,70.05260833666769
NEAR/USDT:USDT,long,1757312400,1.0296454472199676,1.3896454472199677,trailing_stop,4500,28.07131761557801
NEAR/USDT:USDT,short,1757573100,0.2993406593406356,0.6593406593406356,st2_hold,14400,76.69351081393457
NEAR/USDT:USDT,long,1758021300,0.7601876172607428,1.1201876172607428,trailing_stop,1200,27.798446417737523
NEAR/USDT:USDT,short,1758376800,-3.95999999999999,-3.5999999999999903,stop_loss,2700,71.85595426193184
NEAR/USDT:USDT,short,1760169300,2.08648910411625,2.44648910411625,trailing_stop,600,73.79866556039826
NEAR/USDT:USDT,long,1761428400,0.7103557312252405,1.0703557312252405,trailing_stop,5100,27.359355746014202
NEAR/USDT:USDT,long,1761976500,2.542840909090926,2.902840909090926,trailing_stop,6300,19.786139048093787
NEAR/USDT:USDT,short,1762227900,0.2894335736354766,0.6494335736354766,trailing_stop,2100,77.36211369220656
NEAR/USDT:USDT,long,1762761600,1.4480536912751654,1.8080536912751652,trailing_stop,1800,29.826376557199723
NEAR/USDT:USDT,long,1763020800,2.294730258014112,2.6547302580141117,trailing_stop,2700,29.976516557120448
NEAR/USDT:USDT,short,1763073300,1.9423741301678965,2.3023741301678964,trailing_stop,6300,71.37225979043156
NEAR/USDT:USDT,long,1763216400,2.3436144578313267,2.7036144578313266,trailing_stop,3900,19.050919287271014
NEAR/USDT:USDT,short,1763260500,-3.9599999999999977,-3.599999999999998,stop_loss,5100,72.3388332098947
NEAR/USDT:USDT,short,1763775600,2.5589317821259034,2.9189317821259033,trailing_stop,2700,78.59173205046565
NEAR/USDT:USDT,long,1764126300,0.47711721224924075,0.8371172122492407,trailing_stop,1500,18.403630993923528
NEAR/USDT:USDT,long,1764706200,0.9258569051580997,1.2858569051580997,trailing_stop,7500,23.284628505082992
NEAR/USDT:USDT,short,1764984600,0.6973625073921482,1.0573625073921482,trailing_stop,3000,71.91436083769435
NEAR/USDT:USDT,long,1765048500,-2.8047031431897578,-2.444703143189758,st2_hold,14400,24.881714412184962
NEAR/USDT:USDT,short,1765112100,0.3358161461403153,0.6958161461403153,trailing_stop,1200,73.63147426934819
NEAR/USDT:USDT,short,1765668600,0.9065862484921402,1.2665862484921402,st2_hold,14400,74.31043052953174
NEAR/USDT:USDT,short,1766242800,0.9204347826087639,1.2804347826087639,trailing_stop,1800,74.35438080469538
NEAR/USDT:USDT,long,1766313900,-3.9600000000000217,-3.600000000000022,stop_loss,8100,29.500199863607136
NEAR/USDT:USDT,long,1766701200,-3.960000000000013,-3.600000000000013,stop_loss,1500,26.675336898045174
NEAR/USDT:USDT,short,1768023900,0.7054988123515465,1.0654988123515465,trailing_stop,2400,70.05831463775095
NEAR/USDT:USDT,short,1769721300,0.266304347826116,0.626304347826116,trailing_stop,4200,74.04657729779117
NEAR/USDT:USDT,short,1770648300,0.8400000000000046,1.2000000000000046,trailing_stop,3000,82.11955525938299
NEAR/USDT:USDT,long,1771006800,1.0997633136094658,1.4597633136094657,trailing_stop,1800,29.723714682349325
NEAR/USDT:USDT,long,1771049700,0.7906366307541716,1.1506366307541716,trailing_stop,3300,28.803269870135836
NEAR/USDT:USDT,short,1771314600,1.3117948717948673,1.6717948717948674,trailing_stop,10800,71.03945861631344
NEAR/USDT:USDT,short,1772275800,0.7289518413597617,1.0889518413597616,trailing_stop,1200,72.95279457220144
NEAR/USDT:USDT,long,1772327100,-3.959999999999984,-3.599999999999984,stop_loss,900,23.033749197133872
NEAR/USDT:USDT,long,1773152400,2.8546189735614083,3.214618973561408,trailing_stop,900,29.31008618096493
NEAR/USDT:USDT,short,1773188100,-3.960000000000026,-3.6000000000000263,stop_loss,3300,71.09311842523051
NEAR/USDT:USDT,long,1773243600,0.9800309119010578,1.3400309119010578,trailing_stop,5100,24.721642644091546
NEAR/USDT:USDT,short,1773506400,1.7169406392694873,2.076940639269487,trailing_stop,5100,73.92507441683195
NEAR/USDT:USDT,short,1773825900,4.440000000000006,4.800000000000006,take_profit,7800,75.40806187303053
NEAR/USDT:USDT,short,1773913500,4.439999999999997,4.799999999999997,take_profit,11100,79.02365266214602
NEAR/USDT:USDT,short,1774041900,1.690000000000047,2.050000000000047,trailing_stop,7800,71.0071643578964
NEAR/USDT:USDT,short,1774083900,1.0195454545455096,1.3795454545455095,trailing_stop,6900,71.36051510285435
NEAR/USDT:USDT,long,1774121400,-2.4070053070507726,-2.0470053070507728,st2_hold,14400,18.994905605808626
NEAR/USDT:USDT,long,1774947000,-3.9599999999999813,-3.5999999999999814,stop_loss,3900,29.526517824989085
NEAR/USDT:USDT,long,1775220600,-1.5955848434925604,-1.2355848434925603,st2_hold,14400,29.009031402341407
NEAR/USDT:USDT,short,1775545800,-3.9599999999999898,-3.59999999999999,stop_loss,6900,81.32116265760546
NEAR/USDT:USDT,long,1775938500,0.6669148174659646,1.0269148174659646,trailing_stop,2700,25.95521883127013
NEAR/USDT:USDT,short,1776430800,-3.960000000000021,-3.600000000000021,stop_loss,2400,72.26423506704282
NEAR/USDT:USDT,short,1776747600,-3.9600000000000026,-3.6000000000000028,stop_loss,10200,75.04716791270893
NEAR/USDT:USDT,short,1777534500,0.31924528301884336,0.6792452830188433,st2_hold,14400,70.22018210342162
NEAR/USDT:USDT,short,1777809300,0.8590140845070952,1.2190140845070951,trailing_stop,10500,71.54364650772288
NEAR/USDT:USDT,long,1778331000,-3.9600000000000026,-3.6000000000000028,stop_loss,7800,29.528133139003103
NEAR/USDT:USDT,short,1778739900,0.8401903553299924,1.2001903553299924,trailing_stop,3000,80.83928967827934
NEAR/USDT:USDT,short,1779047400,0.7066666666666884,1.0666666666666884,trailing_stop,2400,74.47970411057085
NEAR/USDT:USDT,short,1779248400,-3.960000000000015,-3.600000000000015,stop_loss,5700,73.00379061969781
NEAR/USDT:USDT,long,1779268800,0.7461585365853908,1.1061585365853908,trailing_stop,2100,24.363522818919293
NEAR/USDT:USDT,long,1780860300,0.7087594936708587,1.0687594936708587,trailing_stop,600,24.967776758760067
NEAR/USDT:USDT,long,1781162100,1.0986002957121754,1.4586002957121753,trailing_stop,1200,26.35320579815985
NEAR/USDT:USDT,long,1781382600,4.44000000000003,4.80000000000003,take_profit,4200,24.679602259271647
NEAR/USDT:USDT,short,1781418000,4.439999999999996,4.799999999999996,take_profit,1200,72.07729489772181
NEAR/USDT:USDT,short,1781643000,2.8993908629441116,3.2593908629441115,trailing_stop,2400,76.11414737710889
NEAR/USDT:USDT,short,1782790500,-3.9600000000000155,-3.6000000000000156,stop_loss,8400,72.0748376173698
NEAR/USDT:USDT,long,1783658100,0.7463467492260084,1.1063467492260084,trailing_stop,13500,29.622841604179783
NEAR/USDT:USDT,short,1783985400,-3.959999999999997,-3.599999999999997,stop_loss,2400,71.39004866812019
NEAR/USDT:USDT,long,1784132400,1.0521418164157081,1.4121418164157082,trailing_stop,3300,27.91115500508154
NEAR/USDT:USDT,short,1784259300,0.8473536768384645,1.2073536768384645,trailing_stop,1200,75.02604489054647
NEAR/USDT:USDT,short,1784334300,0.2990673575129912,0.6590673575129912,trailing_stop,3900,75.72141158741675
NEAR/USDT:USDT,short,1784734500,1.2779019504481028,1.637901950448103,trailing_stop,3300,73.86156772574343
NEAR/USDT:USDT,long,1785414900,0.3754191980558951,0.7354191980558951,trailing_stop,2100,29.635954554294642
AAVE/USDT:USDT,long,1751162400,-1.5199582415033057,-1.1599582415033058,st2_hold,14400,28.40367323019119
AAVE/USDT:USDT,long,1752191100,-3.960000000000025,-3.600000000000025,stop_loss,1800,26.9633448086786
AAVE/USDT:USDT,short,1752553800,0.4294731776181001,0.7894731776181001,trailing_stop,600,72.85853908096209
AAVE/USDT:USDT,long,1753084800,1.1257817323406512,1.485781732340651,trailing_stop,2100,28.186692061816245
AAVE/USDT:USDT,long,1753686900,0.4268937928320431,0.7868937928320431,trailing_stop,2400,26.83597426897532
AAVE/USDT:USDT,long,1754697600,0.24213614942730588,0.6021361494273059,trailing_stop,1800,25.615486882410437
AAVE/USDT:USDT,long,1754745600,1.8453827751196323,2.205382775119632,trailing_stop,6300,29.36422439501085
AAVE/USDT:USDT,long,1755646200,1.413699515347345,1.7736995153473452,trailing_stop,6000,23.43648617292385
AAVE/USDT:USDT,long,1755933300,-3.9599999999999995,-3.5999999999999996,stop_loss,900,28.230947228460877
AAVE/USDT:USDT,short,1756466400,-3.9600000000000275,-3.6000000000000276,stop_loss,4200,70.88367083783598
AAVE/USDT:USDT,long,1756518000,-3.959999999999978,-3.5999999999999783,stop_loss,900,13.698591800946076
AAVE/USDT:USDT,long,1756994100,-3.9599999999999826,-3.5999999999999828,stop_loss,3900,27.76868874983579
AAVE/USDT:USDT,short,1757144100,1.6171870037056952,1.9771870037056951,trailing_stop,10800,71.75526718952014
AAVE/USDT:USDT,short,1757735700,1.391929868425244,1.7519298684252438,trailing_stop,8100,74.69905154165431
AAVE/USDT:USDT,short,1757794800,-0.3028262872026151,0.05717371279738489,st2_hold,14400,70.15829544049456
AAVE/USDT:USDT,long,1758157200,2.2837690767665833,2.643769076766583,trailing_stop,3900,29.941267124238138
AAVE/USDT:USDT,long,1758224700,0.5091932251599881,0.8691932251599881,trailing_stop,7800,28.16802551534944
AAVE/USDT:USDT,short,1759232700,1.249680854970817,1.609680854970817,trailing_stop,6900,80.02564227082895
AAVE/USDT:USDT,long,1759392000,-3.5306036745406635,-3.1706036745406636,st2_hold,14400,19.709793341602406
AAVE/USDT:USDT,short,1760139900,4.4400000000000075,4.800000000000008,take_profit,300,76.10678696052913
AAVE/USDT:USDT,long,1760259300,0.6281269456935523,0.9881269456935523,trailing_stop,4200,22.17046978302855
AAVE/USDT:USDT,long,1761292500,0.5472900365154142,0.9072900365154142,trailing_stop,3300,25.009053616806938
AAVE/USDT:USDT,long,1761955200,-3.9599999999999946,-3.5999999999999948,stop_loss,7200,27.33732176765659
AAVE/USDT:USDT,short,1762591500,1.515079671656213,1.8750796716562128,trailing_stop,1500,71.27288537967515
AAVE/USDT:USDT,long,1762682400,4.440000000000022,4.800000000000022,take_profit,3900,27.204051171003385
AAVE/USDT:USDT,short,1763073300,-3.960000000000019,-3.600000000000019,stop_loss,2100,84.36360982796668
AAVE/USDT:USDT,short,1764861600,0.38121642482249474,0.7412164248224947,trailing_stop,600,70.5669377955807
AAVE/USDT:USDT,short,1765002900,1.4745666991237063,1.8345666991237062,trailing_stop,3900,70.72373294006431
AAVE/USDT:USDT,short,1765281900,0.7962642369021128,1.1562642369021128,trailing_stop,6900,74.20636711561164
AAVE/USDT:USDT,short,1765699800,0.4401746455722252,0.8001746455722252,trailing_stop,6000,72.7316348148053
AAVE/USDT:USDT,short,1765867200,1.2027232142857236,1.5627232142857235,trailing_stop,3000,76.3780580144614
AAVE/USDT:USDT,long,1766181000,-3.9599999999999995,-3.5999999999999996,stop_loss,7200,20.217888723226068
AAVE/USDT:USDT,short,1766571600,-1.9348031496063016,-1.5748031496063015,st2_hold,14400,78.88422889572284
AAVE/USDT:USDT,long,1767320400,4.439999999999994,4.7999999999999945,take_profit,4800,26.3384378205363
AAVE/USDT:USDT,long,1767586800,-3.959999999999988,-3.599999999999988,stop_loss,600,25.086492768438703
AAVE/USDT:USDT,short,1767886500,-3.9599999999999818,-3.599999999999982,stop_loss,4800,71.19235461487818
AAVE/USDT:USDT,short,1767994500,1.6226354160390808,1.9826354160390807,trailing_stop,12600,71.52129913222166
AAVE/USDT:USDT,short,1768076100,1.2087741312741533,1.5687741312741532,trailing_stop,8100,74.22768237532871
AAVE/USDT:USDT,long,1768337400,0.46183524264576525,0.8218352426457652,trailing_stop,1200,29.298802555142387
AAVE/USDT:USDT,short,1768821600,0.910703674267925,1.270703674267925,trailing_stop,10500,70.18352335209563
AAVE/USDT:USDT,long,1769564400,0.487678628135945,0.847678628135945,trailing_stop,3300,29.309369226228455
AAVE/USDT:USDT,long,1770584700,4.440000000000004,4.800000000000004,take_profit,7200,24.1084064798915
AAVE/USDT:USDT,long,1770851400,0.5131011485735446,0.8731011485735446,trailing_stop,5400,26.688720772563897
AAVE/USDT:USDT,short,1771824600,-3.9599999999999933,-3.5999999999999934,stop_loss,2100,77.05040027705661
AAVE/USDT:USDT,long,1771862400,-3.959999999999985,-3.599999999999985,stop_loss,300,28.048699098658858
AAVE/USDT:USDT,long,1772187000,-3.9599999999999946,-3.5999999999999948,stop_loss,4800,28.641069180515174
AAVE/USDT:USDT,short,1772597100,0.609280633834538,0.969280633834538,trailing_stop,2100,70.51784392217482
AAVE/USDT:USDT,short,1773732300,0.4784450313635361,0.8384450313635361,trailing_stop,2100,76.64106039223455
AAVE/USDT:USDT,long,1774408800,0.8877425724800224,1.2477425724800224,trailing_stop,2100,11.279552931610041
AAVE/USDT:USDT,short,1774679700,0.7797904683648355,1.1397904683648354,trailing_stop,1800,74.68397713982893
AAVE/USDT:USDT,short,1775583900,1.3773705179283193,1.7373705179283192,trailing_stop,2100,77.48567542239398
AAVE/USDT:USDT,long,1775949300,0.35812877903894624,0.7181287790389462,trailing_stop,2100,29.976900284524206
AAVE/USDT:USDT,short,1776156000,2.8348942088010936,3.1948942088010934,trailing_stop,13800,77.15308583403196
AAVE/USDT:USDT,short,1776204900,-3.9600000000000035,-3.6000000000000036,stop_loss,5100,77.10336355850174
AAVE/USDT:USDT,long,1776232200,0.7455744595676449,1.1055744595676449,trailing_stop,3900,24.586931926777197
AAVE/USDT:USDT,long,1776389700,-3.96000000000001,-3.6000000000000103,stop_loss,12300,28.53268666907543
AAVE/USDT:USDT,short,1776523800,0.8757466063348772,1.2357466063348772,trailing_stop,5400,74.5575282182873
AAVE/USDT:USDT,short,1776604800,0.9941738013699032,1.3541738013699032,trailing_stop,1500,81.51242734229788
AAVE/USDT:USDT,long,1776770400,0.8406482982171916,1.2006482982171915,trailing_stop,1200,27.205664353288327
AAVE/USDT:USDT,short,1777548000,0.5528456159225982,0.9128456159225982,trailing_stop,1500,73.18299637455848
AAVE/USDT:USDT,short,1777634700,-3.9600000000000204,-3.6000000000000205,stop_loss,7800,70.42850201083522
AAVE/USDT:USDT,long,1777876800,0.6575125547600836,1.0175125547600836,trailing_stop,1500,21.309127030492235
AAVE/USDT:USDT,long,1777975500,0.64119586296057,1.00119586296057,trailing_stop,2700,29.847809668513293
AAVE/USDT:USDT,long,1778302800,0.3712307059065093,0.7312307059065093,trailing_stop,4500,27.085813060113367
AAVE/USDT:USDT,short,1778615100,-1.1998133748055864,-0.8398133748055864,st2_hold,14400,70.90722963551448
AAVE/USDT:USDT,short,1778988000,-3.960000000000003,-3.600000000000003,stop_loss,6300,71.47518602465297
AAVE/USDT:USDT,long,1779341700,-2.608573665958166,-2.2485736659581663,st2_hold,14400,26.60872611464221
AAVE/USDT:USDT,short,1779505800,3.2930209903745693,3.653020990374569,st2_hold,14400,73.6046761960877
AAVE/USDT:USDT,long,1779742200,-3.959999999999998,-3.5999999999999983,stop_loss,14400,21.34572764305642
AAVE/USDT:USDT,short,1779954300,1.034968630827941,1.3949686308279412,trailing_stop,5700,75.21609849853317
AAVE/USDT:USDT,short,1779987600,-3.9600000000000155,-3.6000000000000156,stop_loss,11700,78.60872290470434
AAVE/USDT:USDT,short,1780258500,-3.9599999999999858,-3.599999999999986,stop_loss,9900,72.01376555849899
AAVE/USDT:USDT,long,1781170500,-3.9600000000000053,-3.6000000000000054,stop_loss,9900,29.46965690981291
AAVE/USDT:USDT,short,1781230500,3.084530643910017,3.4445306439100167,st2_hold,14400,77.40826336105226
AAVE/USDT:USDT,long,1782256500,0.27214730721304214,0.6321473072130421,trailing_stop,2400,27.661421863771693
AAVE/USDT:USDT,short,1783287600,1.143138357705341,1.5031383577053408,trailing_stop,10500,70.1943140013589
AAVE/USDT:USDT,short,1783495200,4.440000000000026,4.8000000000000265,take_profit,4500,70.21732437231685
AAVE/USDT:USDT,short,1783748700,0.44678571428577973,0.8067857142857797,trailing_stop,1200,73.40017542868617
AAVE/USDT:USDT,long,1783810500,-3.959999999999993,-3.599999999999993,stop_loss,1500,27.070649332566816
AAVE/USDT:USDT,short,1783845000,1.1020450606586443,1.4620450606586441,trailing_stop,3900,76.51148215879878
AAVE/USDT:USDT,short,1784385600,-3.9599999999999826,-3.5999999999999828,stop_loss,13500,75.82248943811993
XLM/USDT:USDT,long,1751373000,-3.959999999999987,-3.599999999999987,stop_loss,7800,27.838378451518096
XLM/USDT:USDT,long,1751553300,0.3968257355052991,0.7568257355052991,trailing_stop,900,25.562386701974518
XLM/USDT:USDT,short,1751661000,-0.6505385489915114,-0.2905385489915115,st2_hold,14400,72.82708043789138
XLM/USDT:USDT,long,1752217200,1.0535676903327382,1.413567690332738,trailing_stop,2700,23.92709701637942
XLM/USDT:USDT,short,1752810300,1.5526649076516703,1.9126649076516702,trailing_stop,600,74.08236941481036
XLM/USDT:USDT,short,1752883800,0.30210253082419536,0.6621025308241953,trailing_stop,2400,82.26456924606009
XLM/USDT:USDT,short,1753317300,0.6141369330153692,0.9741369330153692,trailing_stop,3900,74.69304191275583
XLM/USDT:USDT,short,1753356600,-3.9599999999999977,-3.599999999999998,stop_loss,1200,78.3177498008879
XLM/USDT:USDT,short,1753761900,0.738319625638146,1.098319625638146,trailing_stop,3300,77.58714720310957
XLM/USDT:USDT,short,1754103000,-3.9600000000000013,-3.6000000000000014,stop_loss,7500,76.87870435525888
XLM/USDT:USDT,long,1754513100,1.3205948686899096,1.6805948686899095,trailing_stop,2700,29.468539602039897
XLM/USDT:USDT,long,1755805200,0.7022091692730105,1.0622091692730105,trailing_stop,4800,28.919744276232578
XLM/USDT:USDT,long,1755908400,-3.9599999999999933,-3.5999999999999934,stop_loss,3900,29.595078031295742
XLM/USDT:USDT,long,1756814400,-3.959999999999983,-3.599999999999983,stop_loss,2400,28.077982811541858
XLM/USDT:USDT,long,1757331600,0.9188633635272317,1.2788633635272317,trailing_stop,1500,22.728393923956702
XLM/USDT:USDT,long,1757351700,0.9055451448040864,1.2655451448040864,trailing_stop,1500,23.471846052849614
XLM/USDT:USDT,short,1757963400,0.6386983842011328,0.9986983842011328,trailing_stop,1500,78.58109013959537
XLM/USDT:USDT,short,1758108000,-0.4767981727574622,-0.11679817275746222,st2_hold,14400,70.64478958759307
XLM/USDT:USDT,long,1758224400,-3.9600000000000155,-3.6000000000000156,stop_loss,12300,23.950373281740355
XLM/USDT:USDT,long,1758975300,-0.7271357846137159,-0.36713578461371593,st2_hold,14400,25.656295929624818
XLM/USDT:USDT,short,1759066200,-3.9599999999999995,-3.5999999999999996,stop_loss,9000,70.43601019528847
XLM/USDT:USDT,short,1759943100,-3.9600000000000057,-3.600000000000006,stop_loss,900,72.49783972599212
XLM/USDT:USDT,short,1760012100,0.6648691514671276,1.0248691514671275,trailing_stop,6600,70.8418434897137
XLM/USDT:USDT,short,1760150100,0.3437003197807206,0.7037003197807206,trailing_stop,600,77.74547175851873
XLM/USDT:USDT,long,1760305500,1.9571422729795174,2.3171422729795172,trailing_stop,1200,29.66897436139591
XLM/USDT:USDT,long,1760500200,0.8699991061052904,1.2299991061052904,trailing_stop,5400,29.31756121692608
XLM/USDT:USDT,long,1761362100,0.8863368012032603,1.2463368012032603,trailing_stop,4800,26.66737712076106
XLM/USDT:USDT,long,1761489000,0.5081056173644196,0.8681056173644196,trailing_stop,5400,27.69226770813826
XLM/USDT:USDT,long,1761652800,1.985355905416092,2.345355905416092,trailing_stop,4200,28.851332417534167
XLM/USDT:USDT,short,1761722100,-3.960000000000011,-3.600000000000011,stop_loss,8700,78.71895501590284
XLM/USDT:USDT,short,1761861600,-3.959999999999976,-3.599999999999976,stop_loss,10200,73.84556690488498
XLM/USDT:USDT,long,1761956700,0.07463944682251822,0.4346394468225182,st2_hold,14400,26.663250223766383
XLM/USDT:USDT,long,1762232700,-3.9600000000000235,-3.6000000000000236,stop_loss,900,19.259733892567837
XLM/USDT:USDT,short,1762435800,2.0983324214903836,2.4583324214903834,trailing_stop,2700,78.25184786550182
XLM/USDT:USDT,short,1763073000,0.9780527004298235,1.3380527004298235,trailing_stop,6600,73.61970865140151
XLM/USDT:USDT,short,1763131800,1.07783499342231,1.4378349934223098,trailing_stop,900,72.72963755990926
XLM/USDT:USDT,long,1764202500,0.9006571384185623,1.2606571384185623,trailing_stop,2100,27.32652436025252
XLM/USDT:USDT,long,1764347700,-3.9599999999999898,-3.59999999999999,stop_loss,3600,29.050797498793315
XLM/USDT:USDT,long,1764720000,1.0431193525576008,1.4031193525576007,trailing_stop,9000,23.86788090664072
XLM/USDT:USDT,long,1764750000,-2.8429033260801586,-2.4829033260801587,st2_hold,14400,29.31519742447732
XLM/USDT:USDT,short,1764981900,0.8187132215240241,1.1787132215240241,trailing_stop,6300,72.74907863068329
XLM/USDT:USDT,short,1765613700,0.2517437722420486,0.6117437722420486,trailing_stop,14100,70.73677803394239
XLM/USDT:USDT,short,1766046600,-2.554461596922073,-2.194461596922073,st2_hold,14400,78.39964946746038
XLM/USDT:USDT,long,1766154600,2.157445396737641,2.517445396737641,trailing_stop,900,29.54823714549309
XLM/USDT:USDT,long,1766992500,-3.96000000000001,-3.6000000000000103,stop_loss,8100,23.359926696782466
XLM/USDT:USDT,long,1767711300,0.5886675228768425,0.9486675228768425,trailing_stop,1800,27.590196435124682
XLM/USDT:USDT,short,1768136100,4.439999999999987,4.799999999999987,take_profit,10200,70.99522441561362
XLM/USDT:USDT,long,1768199700,-3.96,-3.6,stop_loss,3600,27.32467985948739
XLM/USDT:USDT,short,1768595100,-3.9600000000000093,-3.6000000000000094,stop_loss,2100,73.06862614054023
XLM/USDT:USDT,short,1768795500,-3.960000000000009,-3.600000000000009,stop_loss,5100,75.5538166738326
XLM/USDT:USDT,short,1769515200,1.0460826542491621,1.4060826542491622,trailing_stop,7200,80.32966690821118
XLM/USDT:USDT,short,1769970600,0.2614237018520882,0.6214237018520882,trailing_stop,1200,70.76605619168777
XLM/USDT:USDT,short,1770333300,1.6923095380923896,2.0523095380923895,trailing_stop,600,73.5648825246316
XLM/USDT:USDT,long,1770673500,1.7154676844146795,2.0754676844146793,trailing_stop,600,23.428497440093338
XLM/USDT:USDT,short,1771785300,0.8135686223997064,1.1735686223997064,trailing_stop,10800,76.47844476491142
XLM/USDT:USDT,long,1771996200,2.3350819672131347,2.6950819672131345,st2_hold,14400,27.045872561292597
XLM/USDT:USDT,short,1772443500,1.1103164434090709,1.470316443409071,trailing_stop,2400,82.26774958782678
XLM/USDT:USDT,short,1772539500,0.9955024875621826,1.3555024875621826,trailing_stop,4800,74.98093874266709
XLM/USDT:USDT,short,1773631800,-3.9599999999999946,-3.5999999999999948,stop_loss,300,71.19580123650252
XLM/USDT:USDT,long,1773719700,1.6059556265328223,1.9659556265328222,trailing_stop,900,13.022311138139798
XLM/USDT:USDT,long,1773777900,1.776983708122986,2.136983708122986,trailing_stop,4200,25.74986964687251
XLM/USDT:USDT,long,1773990000,1.7653710797222657,2.1253710797222656,trailing_stop,4800,28.87418656488164
XLM/USDT:USDT,long,1774068000,1.0744566795740544,1.4344566795740543,trailing_stop,4200,29.872099639604386
XLM/USDT:USDT,short,1774324800,1.4134542157752645,1.7734542157752644,trailing_stop,3000,70.70733989583962
XLM/USDT:USDT,short,1774975800,-3.960000000000008,-3.600000000000008,stop_loss,10500,78.06369238858238
XLM/USDT:USDT,short,1775583900,0.7775661034438687,1.1375661034438687,trailing_stop,7200,70.49323427329284
XLM/USDT:USDT,short,1775684100,1.1452303625377902,1.5052303625377903,trailing_stop,3300,72.78123075429143
XLM/USDT:USDT,short,1775797500,0.8263636363636874,1.1863636363636874,trailing_stop,11100,70.09661647274132
XLM/USDT:USDT,short,1776408900,-3.9600000000000057,-3.600000000000006,stop_loss,6600,74.14516027945515
XLM/USDT:USDT,short,1776480300,0.2758203819464681,0.6358203819464681,trailing_stop,1800,71.97192986914902
XLM/USDT:USDT,short,1779133800,0.9306715656256427,1.2906715656256427,trailing_stop,4800,78.04973493383865
XLM/USDT:USDT,short,1779210000,0.24863324175831236,0.6086332417583123,trailing_stop,2100,77.5126259169218
XLM/USDT:USDT,long,1779590400,0.9041668920746327,1.2641668920746327,trailing_stop,3300,28.308227019162572
XLM/USDT:USDT,long,1779710700,-0.12139978791090467,0.23860021208909532,st2_hold,14400,16.312783626733633
XLM/USDT:USDT,short,1779773700,0.8010973070982751,1.161097307098275,trailing_stop,6300,80.9423268940966
XLM/USDT:USDT,short,1780261500,2.126586293908012,2.4865862939080117,trailing_stop,1500,78.46826805606052
XLM/USDT:USDT,long,1780740000,-3.9600000000000013,-3.6000000000000014,stop_loss,300,27.58056742906372
XLM/USDT:USDT,long,1780812900,1.5875221450801873,1.9475221450801872,trailing_stop,1800,28.83192263534798
XLM/USDT:USDT,long,1780881600,-3.96000000000001,-3.6000000000000103,stop_loss,7200,26.527664868998883
XLM/USDT:USDT,long,1780962900,0.5915996434231284,0.9515996434231284,trailing_stop,600,20.35378007107532
XLM/USDT:USDT,long,1781169600,0.24452716297786203,0.604527162977862,trailing_stop,7500,16.60159395143195
XLM/USDT:USDT,long,1781219700,0.9325856110587195,1.2925856110587195,trailing_stop,2100,27.571411064858154
XLM/USDT:USDT,long,1781406000,-0.8909734513274288,-0.5309734513274288,st2_hold,14400,23.672377827066143
XLM/USDT:USDT,short,1781454000,1.0910605729280762,1.451060572928076,trailing_stop,6000,72.414190778624
XLM/USDT:USDT,short,1781874900,0.9578683385580075,1.3178683385580074,trailing_stop,600,74.94504213994435
XLM/USDT:USDT,short,1782126900,-3.9599999999999858,-3.599999999999986,stop_loss,1800,70.93054091778829
XLM/USDT:USDT,short,1782332700,0.4953170992774737,0.8553170992774737,trailing_stop,3600,83.77036100841623
XLM/USDT:USDT,long,1782435600,-3.960000000000023,-3.600000000000023,stop_loss,2100,13.120062906701548
XLM/USDT:USDT,short,1782534600,0.9311025145068058,1.2911025145068058,trailing_stop,4800,73.81515737924327
XLM/USDT:USDT,short,1782636600,1.8899652978600758,2.2499652978600757,trailing_stop,4800,71.26255021966952
XLM/USDT:USDT,short,1782673800,0.25003092723350184,0.6100309272335018,trailing_stop,1200,76.63855711843206
XLM/USDT:USDT,long,1782804900,0.605969193397,0.9659691933969999,trailing_stop,1500,14.463619860253047
XLM/USDT:USDT,long,1782882900,0.30636285814999087,0.6663628581499909,trailing_stop,3900,29.60235226560438
XLM/USDT:USDT,short,1783426500,2.634745492834794,2.994745492834794,trailing_stop,4500,73.44723358949253
XLM/USDT:USDT,long,1783666200,0.306548513384858,0.666548513384858,trailing_stop,900,24.1332561365964
XLM/USDT:USDT,long,1783879200,1.9431703955041733,2.303170395504173,trailing_stop,4500,26.708488860690807
XLM/USDT:USDT,long,1783944900,1.0234551205147748,1.383455120514775,trailing_stop,10200,29.437590126651216
XLM/USDT:USDT,long,1784075100,-2.13920452690572,-1.77920452690572,st2_hold,14400,25.702013241359154
XLM/USDT:USDT,long,1784956800,-2.750706549189029,-2.390706549189029,st2_hold,14400,29.109093812066334
XLM/USDT:USDT,long,1785116400,0.5063060875324555,0.8663060875324555,trailing_stop,8700,21.796953114199056
UNI/USDT:USDT,long,1751204400,0.9327697441601556,1.2927697441601556,trailing_stop,12300,27.70027596798333
UNI/USDT:USDT,short,1751916300,2.5362872297021557,2.8962872297021556,trailing_stop,3600,74.20838799127725
UNI/USDT:USDT,long,1752217800,4.44000000000001,4.8000000000000105,take_profit,600,19.624532124883032
UNI/USDT:USDT,long,1752441900,-3.9600000000000164,-3.6000000000000165,stop_loss,600,25.035647042316043
UNI/USDT:USDT,long,1753393200,-3.9600000000000057,-3.600000000000006,stop_loss,5400,22.35442599322367
UNI/USDT:USDT,long,1754363700,-3.96000000000002,-3.60000000000002,stop_loss,3600,25.928692571324305
UNI/USDT:USDT,long,1754516700,0.3169771528998022,0.6769771528998022,trailing_stop,2100,25.695550055449047
UNI/USDT:USDT,long,1755413700,0.631157077048128,0.9911570770481279,trailing_stop,4200,25.009848471264092
UNI/USDT:USDT,short,1755756000,1.1861102183571552,1.5461102183571551,trailing_stop,2100,76.79283981941663
UNI/USDT:USDT,short,1756041000,0.4386069379951367,0.7986069379951367,trailing_stop,3900,70.39766548215388
UNI/USDT:USDT,long,1756800000,0.4417595616900458,0.8017595616900458,trailing_stop,3300,29.345649127237706
UNI/USDT:USDT,long,1757709000,0.9381726089979151,1.298172608997915,trailing_stop,1500,23.10482384766553
UNI/USDT:USDT,long,1758021300,0.5186247161855048,0.8786247161855048,trailing_stop,2100,27.26858273105114
UNI/USDT:USDT,short,1759134900,0.6555645056516076,1.0155645056516076,trailing_stop,9300,71.67725672206574
UNI/USDT:USDT,short,1759232700,0.2824684542586796,0.6424684542586796,trailing_stop,2700,70.44579213578098
UNI/USDT:USDT,long,1759289400,0.240000000000006,0.600000000000006,trailing_stop,6300,19.843354349303212
UNI/USDT:USDT,long,1759659300,0.964867213906243,1.324867213906243,trailing_stop,600,29.164458116084973
UNI/USDT:USDT,short,1760195400,0.9239188520534211,1.283918852053421,trailing_stop,5400,75.27892499238715
UNI/USDT:USDT,long,1760402700,-3.9600000000000217,-3.600000000000022,stop_loss,5400,20.788669650180907
UNI/USDT:USDT,long,1761276300,4.4400000000000155,4.800000000000016,take_profit,3900,29.341421714056267
UNI/USDT:USDT,short,1761333300,0.7905273250239703,1.1505273250239703,st2_hold,14400,75.15403734512039
UNI/USDT:USDT,short,1761567300,1.8602434625789392,2.220243462578939,trailing_stop,3000,71.05879501813084
UNI/USDT:USDT,long,1761777900,-3.9600000000000204,-3.6000000000000205,stop_loss,3300,19.41849888213447
UNI/USDT:USDT,long,1762073700,-0.8204365620736418,-0.46043656207364186,st2_hold,14400,24.110143447982352
UNI/USDT:USDT,short,1762120800,-3.960000000000002,-3.6000000000000023,stop_loss,6000,71.19757284139138
UNI/USDT:USDT,short,1762217400,1.36844663881508,1.7284466388150799,trailing_stop,900,77.80107966334435
UNI/USDT:USDT,long,1762595400,0.7483934866543424,1.1083934866543423,trailing_stop,1500,27.262568833064947
UNI/USDT:USDT,short,1762907400,2.941341492115767,3.3013414921157667,trailing_stop,600,71.56014454353847
UNI/USDT:USDT,long,1763495700,-3.9600000000000177,-3.600000000000018,stop_loss,6600,17.93458565417697
UNI/USDT:USDT,short,1763518800,1.0311167512690353,1.3911167512690352,trailing_stop,1800,70.13779394124902
UNI/USDT:USDT,long,1763613900,1.39645295587006,1.75645295587006,trailing_stop,900,24.788295212667137
UNI/USDT:USDT,long,1763940300,-3.9600000000000097,-3.60000000000001,stop_loss,2400,22.60830455101417
UNI/USDT:USDT,long,1764190200,3.0193103448276055,3.3793103448276054,trailing_stop,4200,23.22189155352963
UNI/USDT:USDT,short,1764575400,-0.684558240173062,-0.324558240173062,st2_hold,14400,80.35229143134687
UNI/USDT:USDT,long,1764639300,-3.9600000000000173,-3.6000000000000174,stop_loss,6300,26.10422386222629
UNI/USDT:USDT,long,1765006500,0.8663033175355527,1.2263033175355527,trailing_stop,10200,25.7434434482971
UNI/USDT:USDT,short,1765154700,-3.959999999999981,-3.599999999999981,stop_loss,2400,70.86567946779138
UNI/USDT:USDT,long,1765326300,-3.9600000000000026,-3.6000000000000028,stop_loss,1800,29.3747812149944
UNI/USDT:USDT,long,1765590900,1.0758497582744444,1.4358497582744443,trailing_stop,4200,28.425003598330093
UNI/USDT:USDT,short,1767060000,0.8396511048347292,1.1996511048347291,trailing_stop,2100,70.10963638285051
UNI/USDT:USDT,long,1767665400,1.7880276134122561,2.148027613412256,trailing_stop,600,18.85362434723241
UNI/USDT:USDT,short,1768010100,0.442482204781919,0.802482204781919,trailing_stop,5100,76.10274592928779
UNI/USDT:USDT,long,1768389000,1.6181691368788296,1.9781691368788294,trailing_stop,13500,24.834821936695036
UNI/USDT:USDT,long,1769561100,0.3026959247648604,0.6626959247648604,trailing_stop,1200,29.97187849574155
UNI/USDT:USDT,short,1770283200,0.6621719457013978,1.0221719457013978,trailing_stop,1200,72.80836469575486
UNI/USDT:USDT,short,1770576300,0.36973204104906043,0.7297320410490604,trailing_stop,5700,70.28435783384842
UNI/USDT:USDT,long,1770683400,0.29286991635418913,0.6528699163541891,trailing_stop,4800,24.246012253045023
UNI/USDT:USDT,short,1771824300,-3.959999999999984,-3.599999999999984,stop_loss,6000,71.69053522339003
UNI/USDT:USDT,short,1772284500,-3.960000000000006,-3.6000000000000063,stop_loss,1800,78.63518860310411
UNI/USDT:USDT,short,1772954400,0.7540562248996202,1.1140562248996202,trailing_stop,4800,72.81992869998653
UNI/USDT:USDT,short,1773298500,-3.9600000000000026,-3.6000000000000028,stop_loss,9900,75.8113202604533
UNI/USDT:USDT,long,1773807900,0.4719486404833835,0.8319486404833835,trailing_stop,3300,24.885042336513777
UNI/USDT:USDT,short,1774102800,0.667234753550587,1.027234753550587,trailing_stop,3000,71.29175237565988
UNI/USDT:USDT,short,1774200300,1.5843712403323051,1.9443712403323052,trailing_stop,4500,72.4002838555187
UNI/USDT:USDT,long,1774304400,-0.8633557046980056,-0.5033557046980056,st2_hold,14400,28.551807448704295
UNI/USDT:USDT,short,1774626000,2.415916230366565,2.775916230366565,trailing_stop,2100,83.86311424457975
UNI/USDT:USDT,short,1774698900,0.6050826446281181,0.9650826446281181,trailing_stop,5100,75.06717879629906
UNI/USDT:USDT,short,1775320800,0.8448648648648917,1.2048648648648916,trailing_stop,1800,71.17725229076335
UNI/USDT:USDT,short,1775921100,-3.9599999999999937,-3.599999999999994,stop_loss,11400,72.53124877735034
UNI/USDT:USDT,long,1775947500,-3.960000000000016,-3.600000000000016,stop_loss,9900,27.963829084326107
UNI/USDT:USDT,short,1776921300,1.0355447055234293,1.3955447055234291,trailing_stop,7200,75.78434036403411
UNI/USDT:USDT,short,1776945000,-3.959999999999995,-3.599999999999995,stop_loss,9300,82.62900785903427
UNI/USDT:USDT,long,1777376700,0.32106343283582106,0.681063432835821,trailing_stop,7500,29.156848534582508
UNI/USDT:USDT,long,1777618800,-0.7342981908920776,-0.37429819089207766,st2_hold,14400,29.977551413768126
UNI/USDT:USDT,long,1777720800,0.6047132169576052,0.9647132169576051,trailing_stop,5400,28.767532531761617
UNI/USDT:USDT,long,1777999800,0.8866507177033413,1.2466507177033412,trailing_stop,5400,27.82285322265035
UNI/USDT:USDT,short,1778130600,-3.9600000000000115,-3.6000000000000116,stop_loss,6300,72.59877013206523
UNI/USDT:USDT,short,1778196900,0.49656742556921196,0.856567425569212,trailing_stop,6300,78.1754541313397
UNI/USDT:USDT,long,1778375400,0.8243205574913243,1.1843205574913243,trailing_stop,13800,24.31012229787069
UNI/USDT:USDT,short,1778717700,1.1392576299147992,1.499257629914799,trailing_stop,9900,76.57975215356137
UNI/USDT:USDT,short,1778989200,-2.8542660550458643,-2.4942660550458644,st2_hold,14400,77.42277292868692
UNI/USDT:USDT,long,1779027000,-2.637199887545696,-2.277199887545696,st2_hold,14400,24.342201357043763
UNI/USDT:USDT,long,1779168600,1.3044469848527878,1.6644469848527876,trailing_stop,4500,25.10978599299169
UNI/USDT:USDT,short,1779210000,0.3852086330935611,0.7452086330935611,trailing_stop,2100,72.10609779614906
UNI/USDT:USDT,long,1779997800,1.1884282907662276,1.5484282907662275,trailing_stop,7200,27.84664104915396
UNI/USDT:USDT,short,1780068300,-3.9599999999999826,-3.5999999999999828,stop_loss,600,78.85070305359427
UNI/USDT:USDT,short,1780136100,-1.845638824694631,-1.485638824694631,st2_hold,14400,70.78105495352222
UNI/USDT:USDT,long,1780179300,-3.959999999999991,-3.599999999999991,stop_loss,12300,29.753825918433222
UNI/USDT:USDT,long,1780892700,0.97560188827695,1.33560188827695,trailing_stop,7200,27.654267467093803
UNI/USDT:USDT,long,1782031200,0.7487306917394295,1.1087306917394295,trailing_stop,2400,29.404348654674223
UNI/USDT:USDT,short,1783154700,0.9953404122423984,1.3553404122423984,trailing_stop,3600,73.62745380133705
UNI/USDT:USDT,short,1783747800,-3.959999999999984,-3.599999999999984,stop_loss,14100,81.97628465431671
UNI/USDT:USDT,long,1783809900,-3.960000000000006,-3.6000000000000063,stop_loss,2400,29.76196004327892
UNI/USDT:USDT,short,1783863300,0.5596261682243033,0.9196261682243033,trailing_stop,2400,76.71766251871458
UNI/USDT:USDT,short,1783927800,-3.959999999999988,-3.599999999999988,stop_loss,2400,70.62936844217171
UNI/USDT:USDT,short,1783981500,0.6200908832718202,0.9800908832718201,trailing_stop,2700,71.6867890273452
UNI/USDT:USDT,long,1784141400,-0.6077973568282031,-0.2477973568282032,st2_hold,14400,29.482378801252082
UNI/USDT:USDT,short,1784363700,0.8752540448481706,1.2352540448481706,trailing_stop,3600,73.23445220963548
UNI/USDT:USDT,long,1784803800,-3.960000000000015,-3.600000000000015,stop_loss,6300,28.409276835061064
UNI/USDT:USDT,long,1785130500,0.8208296830713785,1.1808296830713785,trailing_stop,2100,24.389358611098046
UNI/USDT:USDT,long,1785259200,0.832150259067357,1.192150259067357,trailing_stop,2700,27.808712969842276
LTC/USDT:USDT,long,1752675600,1.2553655001035242,1.615365500103524,trailing_stop,900,28.551586001287276
LTC/USDT:USDT,long,1753214400,2.164126441691591,2.5241264416915907,trailing_stop,5100,23.586973138517607
LTC/USDT:USDT,long,1754282700,0.9313078871201342,1.2913078871201342,trailing_stop,6300,24.337304432508574
LTC/USDT:USDT,long,1754379900,0.693770464693256,1.053770464693256,trailing_stop,1500,25.363301407703617
LTC/USDT:USDT,short,1755290100,-3.9600000000000133,-3.6000000000000134,stop_loss,8400,70.08867569059386
LTC/USDT:USDT,short,1756495800,0.33075745146295943,0.6907574514629594,trailing_stop,3000,71.8007213918238
LTC/USDT:USDT,long,1756576200,-0.5782214948172348,-0.21822149481723485,st2_hold,14400,29.11150593680854
LTC/USDT:USDT,long,1756635600,-2.2513807079167867,-1.8913807079167868,st2_hold,14400,19.080408314990848
LTC/USDT:USDT,long,1756827900,0.5581545998911115,0.9181545998911115,trailing_stop,6600,26.892241246665023
LTC/USDT:USDT,long,1756904100,2.3071000717360124,2.6671000717360123,trailing_stop,3600,29.894615072309037
LTC/USDT:USDT,short,1757620200,-2.3151616266944735,-1.9551616266944734,st2_hold,14400,77.94074745594557
LTC/USDT:USDT,long,1758231600,1.5729133192389213,1.9329133192389214,trailing_stop,12600,28.87054433061421
LTC/USDT:USDT,long,1758932400,-1.7700719424460285,-1.4100719424460284,st2_hold,14400,26.915149248977883
LTC/USDT:USDT,short,1759258500,-3.95999999999999,-3.5999999999999903,stop_loss,3300,78.04367732613835
LTC/USDT:USDT,long,1759737000,1.1098498748957208,1.4698498748957207,trailing_stop,8700,25.7201617131402
LTC/USDT:USDT,short,1759815000,0.8914552489906021,1.2514552489906021,trailing_stop,3600,75.03103244920443
LTC/USDT:USDT,long,1760079000,2.450277145324584,2.810277145324584,trailing_stop,3900,28.98307421114933
LTC/USDT:USDT,short,1760457000,-3.959999999999991,-3.599999999999991,stop_loss,1800,70.44058606003202
LTC/USDT:USDT,short,1760494800,0.9705737704917948,1.3305737704917948,trailing_stop,5400,77.70078795947323
LTC/USDT:USDT,short,1760700600,0.7647604927007549,1.1247604927007548,trailing_stop,900,77.14212861258478
LTC/USDT:USDT,long,1760952600,0.4496856144807879,0.8096856144807879,trailing_stop,4200,27.440736177604833
LTC/USDT:USDT,long,1760997300,0.41501056635671696,0.775010566356717,trailing_stop,3900,26.330050901332555
LTC/USDT:USDT,short,1761044400,-3.9600000000000093,-3.6000000000000094,stop_loss,4800,74.65057524872473
LTC/USDT:USDT,long,1761429000,0.2897409326424969,0.6497409326424969,trailing_stop,12300,19.896848914096424
LTC/USDT:USDT,long,1761549600,-3.960000000000012,-3.600000000000012,stop_loss,6000,29.685428891038853
LTC/USDT:USDT,long,1761594000,1.0382760319180306,1.3982760319180305,trailing_stop,900,29.968475898932837
LTC/USDT:USDT,long,1762570800,0.39509881422926685,0.7550988142292668,trailing_stop,600,27.861491010177573
LTC/USDT:USDT,long,1764513900,-1.6076235741444664,-1.2476235741444663,st2_hold,14400,24.839456991345457
LTC/USDT:USDT,short,1765013400,-3.960000000000009,-3.600000000000009,stop_loss,14400,76.652671966948
LTC/USDT:USDT,long,1765095900,-0.9458659831563925,-0.5858659831563925,st2_hold,14400,21.99002409548909
LTC/USDT:USDT,long,1765377600,1.940832342449502,2.300832342449502,trailing_stop,6900,29.169953120779567
LTC/USDT:USDT,short,1765757400,-3.960000000000016,-3.600000000000016,stop_loss,5100,73.0098863294441
LTC/USDT:USDT,long,1765785000,0.2626098832877788,0.6226098832877788,trailing_stop,1200,28.023017600575415
LTC/USDT:USDT,short,1766337900,1.4522273024167554,1.8122273024167552,trailing_stop,3000,73.76068599838226
LTC/USDT:USDT,long,1766384100,0.4003795507358763,0.7603795507358763,trailing_stop,3900,24.099556467419305
LTC/USDT:USDT,short,1766608200,0.6835934616398768,1.0435934616398768,trailing_stop,5700,72.06515956769036
LTC/USDT:USDT,short,1766712900,-3.960000000000023,-3.600000000000023,stop_loss,2400,79.95071598661623
LTC/USDT:USDT,long,1767339300,0.8910348308935262,1.2510348308935262,trailing_stop,6000,17.213877449988644
LTC/USDT:USDT,long,1767471300,0.4908292682927069,0.8508292682927069,trailing_stop,10500,26.440881106103916
LTC/USDT:USDT,short,1768230000,0.69669137729225,1.05669137729225,trailing_stop,9300,81.53620495383674
LTC/USDT:USDT,long,1769241900,-0.797828371278434,-0.437828371278434,st2_hold,14400,29.098896779570666
LTC/USDT:USDT,short,1769896200,1.0891853360488994,1.4491853360488995,trailing_stop,2100,73.72376349486623
LTC/USDT:USDT,long,1770001800,-3.9600000000000057,-3.600000000000006,stop_loss,300,25.69185400547211
LTC/USDT:USDT,short,1770576300,1.3761014783719716,1.7361014783719717,trailing_stop,9300,72.40033938270902
LTC/USDT:USDT,short,1770812100,0.46831705916140753,0.8283170591614075,trailing_stop,3900,71.4598836818296
LTC/USDT:USDT,long,1770851100,2.8954387306442615,3.2554387306442614,trailing_stop,9600,28.947461917059698
LTC/USDT:USDT,long,1771561500,2.278005289006411,2.638005289006411,trailing_stop,5400,20.990132273989857
LTC/USDT:USDT,long,1771998300,0.9215355086372033,1.2815355086372033,trailing_stop,3900,20.63624739850239
LTC/USDT:USDT,long,1772624700,0.7307717215326538,1.0907717215326538,trailing_stop,5700,28.6120707058368
LTC/USDT:USDT,short,1772721000,0.8812560042697167,1.2412560042697167,trailing_stop,3000,75.12187719659731
LTC/USDT:USDT,short,1772738700,1.5466008968610527,1.9066008968610528,trailing_stop,2100,82.20690888436425
LTC/USDT:USDT,short,1773433500,1.3334997306518432,1.6934997306518431,trailing_stop,6000,75.62581819981331
LTC/USDT:USDT,long,1773628500,4.439999999999991,4.799999999999991,take_profit,3300,29.163709215413917
LTC/USDT:USDT,short,1773732300,0.8144570837642852,1.1744570837642851,trailing_stop,6900,71.66150137573393
LTC/USDT:USDT,long,1774280700,0.2549782923299655,0.6149782923299655,trailing_stop,6900,23.612136350899874
LTC/USDT:USDT,short,1774324800,-2.791556195965395,-2.431556195965395,st2_hold,14400,71.82524043895891
LTC/USDT:USDT,short,1774557000,0.49868493150687077,0.8586849315068708,trailing_stop,12900,73.3814827837324
LTC/USDT:USDT,long,1775152500,0.7070019342359474,1.0670019342359474,trailing_stop,3900,27.528308646004675
LTC/USDT:USDT,long,1775480700,-1.5230053535167114,-1.1630053535167113,st2_hold,14400,23.036422254525476
LTC/USDT:USDT,long,1775804400,-0.24976667279072318,0.11023332720927682,st2_hold,14400,29.42328507364188
LTC/USDT:USDT,long,1776096600,0.779318181818167,1.139318181818167,trailing_stop,3000,21.18158334604253
LTC/USDT:USDT,long,1776180000,0.6590650779101633,1.0190650779101633,trailing_stop,3300,28.226509609396416
LTC/USDT:USDT,short,1778346900,-0.5667183462532623,-0.2067183462532623,st2_hold,14400,74.28175917930207
LTC/USDT:USDT,short,1778607000,-3.176411682892902,-2.8164116828929022,st2_hold,14400,71.18708176940495
LTC/USDT:USDT,short,1778975700,1.0974786324786443,1.4574786324786444,trailing_stop,8100,71.76778204840502
LTC/USDT:USDT,short,1779908100,2.6530235226620933,3.013023522662093,trailing_stop,10800,71.85901019532137
LTC/USDT:USDT,long,1780702200,4.440000000000004,4.800000000000004,take_profit,2700,25.97975010786824
LTC/USDT:USDT,short,1780782300,4.440000000000023,4.800000000000023,take_profit,2100,71.61061537605269
LTC/USDT:USDT,short,1781334000,-3.754135303624993,-3.394135303624993,st2_hold,14400,74.80636112134317
LTC/USDT:USDT,long,1781898300,0.23999999999999932,0.5999999999999993,trailing_stop,6000,29.78019296308605
LTC/USDT:USDT,long,1782384000,-3.9600000000000035,-3.6000000000000036,stop_loss,5700,29.84704741079328
LTC/USDT:USDT,long,1782652200,0.3431927289676122,0.7031927289676122,trailing_stop,1500,29.35804767436396
LTC/USDT:USDT,long,1782888300,-3.9599999999999875,-3.5999999999999877,stop_loss,14100,25.608661466361482
LTC/USDT:USDT,short,1782982200,-3.9600000000000164,-3.6000000000000165,stop_loss,6600,75.25545497685907
LTC/USDT:USDT,short,1783237200,1.0189995493465567,1.3789995493465568,trailing_stop,7500,76.5685887583705
LTC/USDT:USDT,long,1784133000,-2.0156291390728476,-1.6556291390728477,st2_hold,14400,17.552008109592123
LTC/USDT:USDT,short,1784525700,0.7149947067541947,1.0749947067541947,trailing_stop,1800,70.393679938556
LTC/USDT:USDT,long,1785111300,-2.124335223692509,-1.7643352236925087,st2_hold,14400,16.81144367773416
LTC/USDT:USDT,short,1785205500,0.22264997842039325,0.5826499784203932,st2_hold,14400,73.9508573021377
LTC/USDT:USDT,short,1785317100,-0.36,0.0,st2_hold,14400,76.85868835943558
1000PEPE/USDT:USDT,long,1751208900,1.0118139525202055,1.3718139525202053,trailing_stop,7800,29.221391292731255
1000PEPE/USDT:USDT,long,1752107700,0.24526239013894846,0.6052623901389484,trailing_stop,2700,22.821970799298484
1000PEPE/USDT:USDT,short,1752893400,-3.96,-3.6,stop_loss,1200,77.7907771300899
1000PEPE/USDT:USDT,short,1753106100,2.5429150717200146,2.9029150717200145,trailing_stop,1200,73.77031317991022
1000PEPE/USDT:USDT,short,1754457900,-3.9600000000000035,-3.6000000000000036,stop_loss,900,73.77906898492171
1000PEPE/USDT:USDT,long,1754532300,0.20892361938342152,0.5689236193834215,st2_hold,14400,26.458829109946137
1000PEPE/USDT:USDT,short,1756326600,0.492590964639119,0.852590964639119,trailing_stop,4200,71.4875195210997
1000PEPE/USDT:USDT,short,1756665600,1.0299915664976478,1.3899915664976479,trailing_stop,5100,73.23174032720648
1000PEPE/USDT:USDT,short,1757098500,-3.9599999999999875,-3.5999999999999877,stop_loss,13800,76.98563378894394
1000PEPE/USDT:USDT,long,1757125800,1.316670200393188,1.6766702003931881,trailing_stop,3900,29.21474338207568
1000PEPE/USDT:USDT,short,1758457500,0.8310000000000218,1.1910000000000218,trailing_stop,10500,75.26803208202887
1000PEPE/USDT:USDT,short,1759912800,0.5450659664404529,0.9050659664404529,trailing_stop,1200,73.80109642868834
1000PEPE/USDT:USDT,long,1761219600,1.0098714291982764,1.3698714291982763,trailing_stop,7200,23.807300927273545
1000PEPE/USDT:USDT,long,1761351600,0.5348259221440314,0.8948259221440313,trailing_stop,1800,23.788645504791617
1000PEPE/USDT:USDT,short,1761458100,-3.9600000000000026,-3.6000000000000028,stop_loss,10200,81.27186185463782
1000PEPE/USDT:USDT,short,1761616200,2.005873512836614,2.3658735128366137,trailing_stop,2100,71.07123648818907
1000PEPE/USDT:USDT,short,1762120500,0.7659084760703551,1.125908476070355,trailing_stop,2400,77.47858449694323
1000PEPE/USDT:USDT,long,1762682400,4.439999999999996,4.799999999999996,take_profit,3900,25.05757831514866
1000PEPE/USDT:USDT,long,1762728000,3.3256839051089115,3.6856839051089114,trailing_stop,1500,22.396938062451312
1000PEPE/USDT:USDT,long,1762785600,-3.96,-3.6,stop_loss,600,22.422223393453365
1000PEPE/USDT:USDT,long,1763499900,0.7664227642276541,1.126422764227654,trailing_stop,7200,26.305194202367403
1000PEPE/USDT:USDT,long,1763881200,-2.200093921460557,-1.8400939214605572,st2_hold,14400,25.513145896464053
1000PEPE/USDT:USDT,short,1765020600,-3.9600000000000066,-3.6000000000000068,stop_loss,1800,73.18519022395019
1000PEPE/USDT:USDT,long,1765926600,1.0788140029846072,1.4388140029846073,trailing_stop,7800,26.37704355688561
1000PEPE/USDT:USDT,short,1767215100,-2.0615479876160476,-1.7015479876160475,st2_hold,14400,70.92231312659624
1000PEPE/USDT:USDT,short,1767931800,0.7351500439868822,1.0951500439868822,trailing_stop,2700,72.21293371848247
1000PEPE/USDT:USDT,long,1770981300,0.8933769832645039,1.2533769832645039,trailing_stop,8400,27.678438365289423
1000PEPE/USDT:USDT,long,1771028400,0.9607254985150467,1.3207254985150467,trailing_stop,2400,26.963432342775008
1000PEPE/USDT:USDT,short,1771466400,1.4721728493801445,1.8321728493801444,trailing_stop,3300,70.9898690210488
1000PEPE/USDT:USDT,short,1771885200,0.5825058109020028,0.9425058109020028,trailing_stop,2400,74.7572834438603
1000PEPE/USDT:USDT,short,1772761800,0.9982741203664266,1.3582741203664266,trailing_stop,3000,75.78079243453048
1000PEPE/USDT:USDT,short,1772954700,-3.9599999999999906,-3.5999999999999908,stop_loss,6600,80.8995609904808
1000PEPE/USDT:USDT,short,1774150800,0.38739347774341704,0.747393477743417,trailing_stop,1500,80.79438061616257
1000PEPE/USDT:USDT,short,1774596300,2.8309291709615754,3.1909291709615752,trailing_stop,4800,72.95621637670115
1000PEPE/USDT:USDT,long,1774725600,-3.9599999999999906,-3.5999999999999908,stop_loss,13500,25.578380087857994
1000PEPE/USDT:USDT,long,1775483100,0.7077631578947371,1.067763157894737,trailing_stop,1200,26.483880584618376
1000PEPE/USDT:USDT,short,1775974800,1.0984585238406526,1.4584585238406527,trailing_stop,4500,75.783308598721
1000PEPE/USDT:USDT,long,1776094800,0.7555216720918186,1.1155216720918186,trailing_stop,1200,28.61682146038656
1000PEPE/USDT:USDT,long,1776821700,4.440000000000004,4.800000000000004,take_profit,2400,28.08328080930339
1000PEPE/USDT:USDT,long,1777001400,0.9035853754422914,1.2635853754422914,trailing_stop,9000,24.08251653299132
1000PEPE/USDT:USDT,long,1777070700,0.419380563030459,0.779380563030459,trailing_stop,8700,28.63380191232862
1000PEPE/USDT:USDT,long,1778283600,0.4951917658291395,0.8551917658291395,trailing_stop,1500,15.730958905299005
1000PEPE/USDT:USDT,short,1779535800,1.1536133153808819,1.513613315380882,trailing_stop,3900,71.2911106255317
1000PEPE/USDT:USDT,short,1779606300,0.2739772382816096,0.6339772382816096,trailing_stop,4500,74.32688664325315
1000PEPE/USDT:USDT,long,1779999000,1.9716998287772283,2.331699828777228,trailing_stop,2700,25.661766260956725
1000PEPE/USDT:USDT,long,1780893600,1.72561081081078,2.08561081081078,trailing_stop,12000,24.369705056587108
1000PEPE/USDT:USDT,short,1781812200,-2.3990102304506387,-2.039010230450639,st2_hold,14400,74.39667626150587
1000PEPE/USDT:USDT,short,1782816900,1.153052936910854,1.513052936910854,trailing_stop,2700,71.69893173462079
1000PEPE/USDT:USDT,short,1784208900,0.30861579964279495,0.6686157996427949,trailing_stop,6000,73.93603655195855
1000PEPE/USDT:USDT,short,1784874300,0.5016975441619734,0.8616975441619734,st2_hold,14400,73.23687751774152
1000PEPE/USDT:USDT,short,1784973600,-2.4035510887771903,-2.0435510887771904,st2_hold,14400,74.34617702425064
