sym,side,ts,k,v,fwd6,fwd12,fwd24,fwd48,fwd72
1000PEPE,-1,2025-08-14 12:00:00+00:00,3.0,2.0,154.63090121100697,86.0546826231956,188.2501917280488,250.49492589487855,-46.103907685173255
1000PEPE,-1,2025-09-05 14:00:00+00:00,3.0,2.0,-188.15374789282524,-222.60148470792717,-46.48873904530504,-366.5699896342667,-802.9777922037118
1000PEPE,-1,2025-09-13 13:00:00+00:00,3.0,2.0,95.44744605773036,204.69551851515223,703.4187539769765,1182.9698617458196,1070.168334586683
1000PEPE,-1,2025-09-22 00:00:00+00:00,3.0,2.0,461.8495684340318,381.75092478421766,602.811344019728,460.27127003699263,605.0801479654743
1000PEPE,-1,2025-09-25 17:00:00+00:00,3.0,2.0,-322.0521567395296,-270.8828942053043,-562.6374612864126,-367.49854122716476,-408.680820503613
1000PEPE,-1,2025-10-10 15:00:00+00:00,3.0,2.0,2500.598884363985,1965.7095924164125,1945.4045606470227,1534.9691431961032,1081.1859051139006
1000PEPE,-1,2025-10-30 04:00:00+00:00,3.0,2.0,54.45821435930753,592.2698772482404,323.21686144064057,348.97412498896216,110.38827234994608
1000PEPE,-1,2025-11-03 03:00:00+00:00,3.0,2.0,264.7919951095523,608.0885428396765,739.5193204851836,873.5240178887427,747.7236897139727
1000PEPE,-1,2025-11-04 05:00:00+00:00,3.0,2.0,-356.24148887880125,51.74761688606422,-356.0599182932345,-236.5864729913758,-369.31457103948964
1000PEPE,-1,2025-11-21 07:00:00+00:00,3.0,2.0,-86.12372638068466,333.19999058757156,623.573428712616,156.71694472551013,-10.353672023908356
1000PEPE,-1,2025-12-01 00:00:00+00:00,3.0,2.0,223.4255444379052,353.8552089464408,502.6486168334321,-815.5385520894631,-1328.5462036492036
1000PEPE,-1,2025-12-05 16:00:00+00:00,3.0,2.0,-123.37138245128499,-80.01844805719082,-292.8629078750133,-480.57188977285836,-1241.3236481033096
1000PEPE,-1,2025-12-17 15:00:00+00:00,3.0,2.0,272.7272727272734,379.53303527074047,206.65673124689587,-28.812717337307614,-195.9761549925476
1000PEPE,-1,2025-12-18 17:00:00+00:00,3.0,2.0,168.3653209794833,-197.48510919920471,-763.7326273990741,-876.5056254136327,-629.516876240901
1000PEPE,-1,2025-12-31 16:00:00+00:00,3.0,2.0,-33.837579617834734,-161.22611464968185,-1155.4538216560518,-4861.912818471339,-5171.924761146498
1000PEPE,-1,2026-01-19 00:00:00+00:00,3.0,2.0,-69.14934713744935,24.723788920650858,-125.93679981457217,170.94182183419628,-55.4353704705246
1000PEPE,-1,2026-01-21 16:00:00+00:00,3.0,2.0,-526.3481019134342,-569.5282922337053,-203.8268699478163,-587.7417374398841,-246.3931239128203
1000PEPE,-1,2026-01-31 14:00:00+00:00,3.0,2.0,286.79423576659536,91.42452161587488,133.9475549255842,-246.16111504843107,-322.2300968580205
1000PEPE,-1,2026-02-23 01:00:00+00:00,3.0,2.0,-374.246095159545,-483.53007887004475,-101.29388112789294,-422.7022011443893,-596.6802412495498
1000PEPE,-1,2026-02-28 06:00:00+00:00,3.0,2.0,-300.56464456348573,-436.65846242942007,-529.0285217894897,146.5180251918341,-57.91226292167329
1000PEPE,-1,2026-03-13 14:00:00+00:00,3.0,2.0,276.92572313161133,243.38502995728595,399.6215921795721,421.6953817045555,-1177.6510047874322
1000PEPE,-1,2026-03-29 22:00:00+00:00,3.0,2.0,-396.61016949152474,-371.9568567026199,-217.2573189522331,-491.52542372881356,-484.4375963020031
1000PEPE,1,2025-08-22 14:00:00+00:00,3.0,2.0,704.4065016403223,351.1780495079031,527.699075454815,64.02848195645738,-562.1831195943927
1000PEPE,1,2025-09-12 17:00:00+00:00,3.0,2.0,547.1542480065983,815.9862346669966,542.1873752738437,228.6535340186435,-531.1892999370282
1000PEPE,1,2025-10-03 15:00:00+00:00,3.0,2.0,-65.66430223141629,-235.923154228177,-624.0547950551755,-211.72590764067078,42.15004244275234
1000PEPE,1,2025-12-02 15:00:00+00:00,3.0,2.0,424.64276085198094,484.85665498337215,650.2201851352552,807.9446391659917,-255.23501393008075
1000PEPE,1,2025-12-19 03:00:00+00:00,3.0,2.0,217.00910546065268,594.8726022724293,630.0348998924133,657.3250413288201,603.2695688682454
1000PEPE,1,2026-01-01 16:00:00+00:00,3.0,2.0,1326.04693971468,1887.4827427519558,3744.362632305569,4031.0630464795217,6180.855959502991
1000PEPE,1,2026-01-02 16:00:00+00:00,3.0,2.0,-27.765769959765542,100.92109200944277,138.49632560768654,1691.8830844943966,1486.2168722774572
1000PEPE,1,2026-01-04 08:00:00+00:00,3.0,2.0,237.55025383689787,371.5115767233046,-140.8574698476972,-70.13528186166629,-95.81242480265261
1000PEPE,1,2026-01-21 19:00:00+00:00,3.0,2.0,65.56425877574767,-87.80582148728344,-427.2314089546458,-303.45227734261624,-322.0191470844214
1000PEPE,1,2026-02-03 15:00:00+00:00,3.0,2.0,-428.68920032975933,-240.45067326188496,-676.0098928276992,-1456.6730786846194,-1081.1120271136754
1000PEPE,1,2026-02-25 01:00:00+00:00,3.0,2.0,-293.9017227877827,155.63821456538784,60.93382928739288,-618.1480031323405,-1036.6092404072035
1000PEPE,1,2026-03-23 11:00:00+00:00,3.0,2.0,423.01434699009155,131.34151752699273,129.56663215500708,576.541931666914,45.259576985654526
1000SHIB,-1,2025-09-09 14:00:00+00:00,3.0,2.0,19.43105860407357,-90.16011192289675,-138.34913726099796,-77.72423441628985,-324.1100575159317
1000SHIB,-1,2025-09-22 00:00:00+00:00,3.0,2.0,382.06378387019345,289.34537606905894,429.22228438973644,238.98968907361427,393.25393653584786
1000SHIB,-1,2025-10-10 21:00:00+00:00,3.0,2.0,-1161.8572358429158,-1392.9268821870244,-751.7899761336499,-1569.7548275113893,-2114.3415057496195
1000SHIB,-1,2025-11-03 03:00:00+00:00,3.0,2.0,199.5679456846,353.87305832733307,497.8911634605498,701.5739121489562,585.330727291431
1000SHIB,-1,2025-11-04 05:00:00+00:00,3.0,2.0,-147.12488769092369,52.785265049416495,-143.75561545372895,-66.26235399820324,-471.6981132075482
1000SHIB,-1,2025-11-20 16:00:00+00:00,3.0,2.0,201.92421902838876,340.89559330086615,572.5145504216655,896.7810903907824,614.0871837510398
1000SHIB,-1,2025-12-01 00:00:00+00:00,3.0,2.0,-41.43646408839796,-2.5113008538424353,5.022601707684871,-699.3972877950782,-1206.6800602712212
1000SHIB,-1,2025-12-12 15:00:00+00:00,3.0,2.0,-124.80117459928941,-230.02569435947694,-227.57861250458865,105.22451976018532,427.01578367796424
1000SHIB,-1,2025-12-17 15:00:00+00:00,3.0,2.0,227.89071604298883,302.9910656480639,463.55043376926085,265.44089084552525,378.09141525314004
1000SHIB,-1,2025-12-25 22:00:00+00:00,3.0,2.0,-118.17670230725996,-136.46595385481186,-15.47552054023793,-389.70174451322447,-407.99099606077635
1000SHIB,-1,2026-01-02 18:00:00+00:00,3.0,2.0,-94.6097348437691,209.1373086020165,-12.4486493215481,-1269.7622307979595,-1429.1049421137814
1000SHIB,-1,2026-01-19 00:00:00+00:00,3.0,2.0,15.251652262328053,43.213014743263,-232.5876970005103,-3.8129130655817356,-231.3167259786475
1000SHIB,-1,2026-01-21 16:00:00+00:00,3.0,2.0,-390.7776475185609,-349.09469844991656,-289.17545916373524,-451.99947896313654,-194.08623160088513
1000SHIB,-1,2026-01-31 14:00:00+00:00,3.0,2.0,182.35294117647015,-32.352941176470026,244.11764705882243,-264.70588235294247,-289.7058823529419
1000SHIB,-1,2026-02-03 16:00:00+00:00,3.0,2.0,135.4933726067753,69.21944035346073,319.58762886597935,1368.18851251841,674.5213549337259
1000SHIB,-1,2026-02-05 15:00:00+00:00,3.0,2.0,497.4213941107963,379.3046082182661,-489.10331059723865,-392.6135418399612,-116.45316918981851
1000SHIB,-1,2026-02-15 12:00:00+00:00,3.0,2.0,195.95928907792936,13.671578307763443,104.8154336928464,59.24350600030381,262.7981163603221
1000SHIB,-1,2026-02-23 01:00:00+00:00,3.0,2.0,-224.43469456631783,-342.55821802227524,-96.18629767127906,-188.99763752953103,-499.49375632804663
1000SHIB,-1,2026-02-28 06:00:00+00:00,3.0,2.0,-181.422351233671,-330.1886792452824,-502.53991291727027,-45.35558780841775,175.9796806966629
1000SHIB,-1,2026-03-10 18:00:00+00:00,3.0,2.0,197.20767888307233,202.44328097731247,-120.41884816754056,-354.2757417102971,-389.17975567190234
1000SHIB,-1,2026-03-13 14:00:00+00:00,3.0,2.0,142.57294429708244,140.91511936339506,193.96551724137902,343.16976127320874,-54.708222811670204
1000SHIB,-1,2026-04-02 01:00:00+00:00,3.0,2.0,117.22731906218087,6.795786612300292,62.861026163777424,-15.29051987767538,-96.8399592252811
1000SHIB,-1,2026-04-06 22:00:00+00:00,3.0,2.0,-58.459422283356766,-22.352132049519025,-545.0481430536458,-204.60797799174645,-159.90371389271064
1000SHIB,-1,2026-04-12 01:00:00+00:00,3.0,2.0,-24.09638554216942,30.98106712564497,58.519793459552716,-209.98278829604143,-72.28915662650604
1000SHIB,1,2025-07-02 16:00:00+00:00,3.0,2.0,-108.14889336016043,124.91616364855851,-52.81690140845008,-477.8672032193154,-404.0912139503683
1000SHIB,1,2025-07-10 21:00:00+00:00,3.0,2.0,299.756542909313,255.62994522215553,65.4290931223378,28.910529519172723,16.737674984785844
1000SHIB,1,2025-07-15 17:00:00+00:00,3.0,2.0,44.408852649970854,-27.66453115899847,433.89633080955116,372.743156668609,717.8217821782184
1000SHIB,1,2025-08-09 05:00:00+00:00,3.0,2.0,346.0002957267472,228.4489132042,115.33343190891499,164.8676622800549,-431.761052787224
1000SHIB,1,2025-08-22 14:00:00+00:00,3.0,2.0,509.3352081868607,164.8308725880776,303.101320209358,57.02679478165828,-371.06476056558034
1000SHIB,1,2025-10-21 14:00:00+00:00,3.0,2.0,-73.11207311207268,-354.01635401635434,-422.31842231842285,-319.3843193843182,-295.33429533429523
1000SHIB,1,2025-11-04 14:00:00+00:00,3.0,2.0,-573.531003138188,-187.20917649604928,-128.7739422140455,-379.8290228330259,214.26252570068138
1000SHIB,1,2025-11-07 16:00:00+00:00,3.0,2.0,207.65472312703758,126.22149837133722,-3.053745928338625,91.61237785016318,236.15635179153216
1000SHIB,1,2025-11-28 08:00:00+00:00,3.0,2.0,-123.91158740790331,-325.9656173252967,-491.1810672025019,-491.1810672025019,-1050.4576914489849
1000SHIB,1,2025-12-02 14:00:00+00:00,3.0,2.0,298.6886838270997,433.46284604176776,1055.1238465274414,768.5769791160757,180.91306459446344
1000SHIB,1,2025-12-03 15:00:00+00:00,3.0,2.0,-72.43195785777034,-260.0965759438112,-333.6259877085168,-948.200175592625,-793.4591747146613
1000SHIB,1,2025-12-09 15:00:00+00:00,3.0,2.0,-75.91207795150767,-253.79560389757526,-307.0473600725132,-651.4842510763663,-844.0969861772052
1000SHIB,1,2025-12-17 14:00:00+00:00,3.0,2.0,-584.5380263984912,-604.6511627906981,-638.592080452547,-590.8233815210561,-646.1345065996238
1000SHIB,1,2025-12-18 15:00:00+00:00,3.0,2.0,-530.7712980381607,-198.8712711636653,102.12308519215397,-14.780972856758279,-264.71378661650056
1000SHIB,1,2025-12-26 02:00:00+00:00,3.0,2.0,-62.12037548315785,-146.32799558255027,-66.26173384870148,121.47984538928736,419.657647708449
1000SHIB,1,2026-01-01 15:00:00+00:00,3.0,2.0,399.610136452242,455.30492898913974,1532.9991645781126,1243.3862433862441,2765.246449456977
1000SHIB,1,2026-01-02 16:00:00+00:00,3.0,2.0,-202.8495532480079,-194.3974885293409,-265.63631972953306,1240.0386380101436,1445.3030668920564
1000SHIB,1,2026-01-04 16:00:00+00:00,3.0,2.0,-134.32346838484156,-515.4526591678499,351.6435513814553,-329.8023370099379,-310.1452440755703
1000SHIB,1,2026-01-31 23:00:00+00:00,3.0,2.0,74.98897220996837,-51.463020144095765,-149.97794441993784,132.3334803705345,-89.69269225113874
1000SHIB,1,2026-02-03 19:00:00+00:00,3.0,2.0,10.407374368124334,135.29586678560744,-74.33838834374207,-1556.6458519179305,-718.1088314005347
1000SHIB,1,2026-02-06 05:00:00+00:00,3.0,2.0,31.83112749204131,499.2461048751884,365.22030490869327,330.03853241748925,259.6749874350812
1000SHIB,1,2026-02-14 22:00:00+00:00,3.0,2.0,-199.16434540389938,-532.0334261838433,-894.1504178272975,-850.9749303621161,-928.9693593314763
1000SHIB,1,2026-02-25 01:00:00+00:00,3.0,2.0,-137.03153376258825,345.0553079082064,272.4120851906897,-137.03153376258825,-434.2083539706132
1000SHIB,1,2026-03-02 14:00:00+00:00,3.0,2.0,-108.50231234436181,-336.17929562433255,-302.38349341871196,314.834578441836,-129.84702952685944
1000SHIB,1,2026-03-04 15:00:00+00:00,3.0,2.0,-181.09692997585358,-282.85615729561897,-507.0714039323909,-767.5060365643327,-774.4049672300802
1000SHIB,1,2026-03-10 14:00:00+00:00,3.0,2.0,-499.66352624495227,-568.640646029609,-180.01345895020114,-124.49528936742782,181.6958277254388
1000SHIB,1,2026-04-07 22:00:00+00:00,3.0,2.0,8.134049129657761,-144.78607450788994,-344.88368309744556,-387.1807385716597,-292.8257686676416
1000SHIB,1,2026-04-09 15:00:00+00:00,3.0,2.0,50.61582588155922,20.246330352622355,70.8621562341838,91.10848658680615,-249.7047410156905
1000SHIB,1,2026-04-13 19:00:00+00:00,3.0,2.0,117.68719085792245,88.69179600886845,-75.0469043151969,172.2667576326109,712.9455909943716
1000SHIB,1,2026-04-16 15:00:00+00:00,3.0,2.0,164.2543503008631,4.878842088145152,504.1470157749228,-120.34477150756229,-235.81070092698053
AAVE,-1,2025-07-30 18:00:00+00:00,3.0,2.0,-288.1844380403442,-256.0407891819971,141.875415650633,412.69489396290606,832.4096652626922
AAVE,-1,2025-08-10 07:00:00+00:00,3.0,2.0,-238.02380238023835,-128.01280128012627,-211.02110211021153,93.34266760009369,-709.0709070907076
AAVE,-1,2025-08-14 12:00:00+00:00,3.0,2.0,24.761230986912743,-57.88339711225943,136.66913207061816,662.1217480785934,228.31784416503243
AAVE,-1,2025-09-05 14:00:00+00:00,3.0,2.0,-108.86625480046818,-85.49006511938461,24.37802638169839,-5.677074636833979,-223.40958423776814
AAVE,-1,2025-09-22 00:00:00+00:00,3.0,2.0,728.305965205871,579.7859359202317,720.6359167451093,321.0961196527551,447.65191925530746
AAVE,-1,2025-10-10 20:00:00+00:00,3.0,2.0,689.5001430498215,204.76560264846455,617.1578043895853,-303.6743368618966,-633.5063554992448
AAVE,-1,2025-11-03 15:00:00+00:00,3.0,2.0,39.94607280171869,-95.87057472412175,315.0746492235479,-101.86248564437949,266.64003595146534
AAVE,-1,2025-12-12 15:00:00+00:00,3.0,2.0,32.7187743443269,-106.98519864970058,-260.19215788106953,10.386912490263356,515.7102051415219
AAVE,-1,2026-01-29 15:00:00+00:00,3.0,2.0,21.075531987219122,242.7085457882927,501.7336324699162,1224.4204228703504,1539.873546808077
AAVE,-1,2026-02-23 01:00:00+00:00,3.0,2.0,-284.43649373882,-601.9677996422179,-193.2021466905187,-601.9677996422179,-647.5849731663685
AAVE,-1,2026-04-07 10:00:00+00:00,3.0,2.0,18.225310399818675,-912.4046018908749,-867.98040779132,-232.3727075976745,-250.59801799749204
AAVE,1,2025-07-02 16:00:00+00:00,3.0,2.0,-214.96984746363967,-73.78503015253557,-102.87335934728526,-678.9641716920892,-462.22064561901254
AAVE,1,2025-07-06 21:00:00+00:00,3.0,2.0,-2.4270161569928117,-18.722696068234068,-292.9755218084729,127.59170653907415,508.63324318701774
AAVE,1,2025-07-10 17:00:00+00:00,3.0,2.0,-48.91729715627457,29.024262979389093,48.265066527524155,-212.953300286981,194.03861205322227
AAVE,1,2025-08-10 14:00:00+00:00,3.0,2.0,-53.409757050738584,95.74675959096001,-283.65791701947416,205.82296619553242,519.4424542434706
AAVE,1,2025-08-12 12:00:00+00:00,3.0,2.0,290.8350840336138,440.1917016806722,736.9353991596639,399.4879201680668,68.27731092437173
AAVE,1,2025-08-22 14:00:00+00:00,3.0,2.0,712.6816792464607,816.8548437402534,1304.0359303848793,967.8123635456304,157.50732954899814
AAVE,1,2025-09-17 21:00:00+00:00,3.0,2.0,187.24980977272043,155.82095477553403,220.33281503291758,-117.11383862109903,-168.0616667218049
AAVE,1,2025-10-31 19:00:00+00:00,3.0,2.0,-267.0318384115034,-298.69907565902133,-411.67408421773354,-387.2817528243755,-1479.8014378637458
AAVE,1,2025-11-02 16:00:00+00:00,3.0,2.0,63.49758622189228,-707.6066628974042,-1027.7040838516073,-1661.3752011481763,-1136.86774235637
AAVE,1,2026-01-02 20:00:00+00:00,3.0,2.0,280.9443717685167,66.03127141344257,55.44135052637955,214.91310035507416,672.1485080670275
AAVE,1,2026-04-07 22:00:00+00:00,3.0,2.0,-14.699706005879554,17.849643007139537,-364.34271314573664,-500.83998320033515,-177.44645107097833
ADA,-1,2025-07-11 20:00:00+00:00,3.0,2.0,-94.22197589025849,-116.39185257031892,188.4439517805192,-160.73160593044202,-196.75765553553993
ADA,-1,2025-07-23 12:00:00+00:00,3.0,2.0,257.4233716475105,136.49425287356465,390.32567049808506,363.98467432950275,65.85249042145635
ADA,-1,2025-08-01 22:00:00+00:00,3.0,2.0,-284.0102243680764,-146.26526554955888,102.24368077250912,-316.6714001704052,-712.865663163873
ADA,-1,2025-08-10 05:00:00+00:00,3.0,2.0,227.7203348104373,66.46971935007295,-146.47956671590467,398.81831610044327,-406.2038404726742
ADA,-1,2025-08-14 12:00:00+00:00,3.0,2.0,235.28136181286018,66.13900032527376,-183.23755827821753,187.57454190610366,-545.3756912067664
ADA,-1,2025-09-05 14:00:00+00:00,3.0,2.0,-104.62287104622936,-137.46958637469663,1.216545012164838,-143.55231143552416,-524.3309002433083
ADA,-1,2025-09-09 14:00:00+00:00,3.0,2.0,63.37865867711567,-110.6245678727813,-232.7725282323123,-96.79649688868253,-292.69416916340106
ADA,-1,2025-09-15 08:00:00+00:00,3.0,2.0,-40.911747516072516,-105.20163646990044,-161.3091759205143,-188.19403857393445,-725.8912916423133
ADA,-1,2025-09-22 00:00:00+00:00,3.0,2.0,546.3595323532821,386.61882162287276,567.1952772311618,569.5103599953699,709.5728672300039
ADA,-1,2025-09-25 17:00:00+00:00,3.0,2.0,-266.49076517150314,-195.25065963060806,-456.4643799472301,-291.5567282321896,-430.0791556728223
ADA,-1,2025-10-07 14:00:00+00:00,3.0,2.0,164.52074391988592,309.96661897949474,249.16547448736281,418.45493562231775,668.8125894134478
ADA,-1,2025-10-10 15:00:00+00:00,3.0,2.0,2098.197161488301,1590.5894386907048,1677.5348420918035,1213.3998209947572,847.7176831607214
ADA,-1,2025-10-30 04:00:00+00:00,3.0,2.0,-0.0,437.4801145402496,262.4880687241504,321.34902958956377,213.17212853961266
ADA,-1,2025-11-03 03:00:00+00:00,3.0,2.0,40.0627068454984,261.2785229054171,294.37380247343657,721.1287232189534,550.4267549207465
ADA,-1,2025-11-04 05:00:00+00:00,3.0,2.0,-108.69565217391353,170.53973013493206,-28.110944527737214,-11.244377811094886,-159.2953523238383
ADA,-1,2025-11-17 13:00:00+00:00,3.0,2.0,301.886792452829,322.8511530398315,299.79035639412956,238.99371069182274,255.76519916142516
ADA,-1,2025-11-20 16:00:00+00:00,3.0,2.0,145.885571005242,332.80145885571045,590.3806701618408,884.4312742192839,683.8386140870745
ADA,-1,2025-12-01 00:00:00+00:00,3.0,2.0,-12.893243940175214,263.02217637957705,38.679731820525646,-1237.7514182568339,-1565.2398143372893
ADA,-1,2025-12-05 16:00:00+00:00,3.0,2.0,-50.79825834542806,-9.675858732463016,-133.04305757136038,-401.54813739719407,-585.3894533139825
ADA,-1,2025-12-12 15:00:00+00:00,3.0,2.0,-53.92156862745079,-58.8235294117645,-88.23529411764896,210.78431372549056,632.3529411764706
ADA,-1,2025-12-17 15:00:00+00:00,3.0,2.0,353.77358490566115,435.0104821802936,267.29559748427613,201.78197064989467,141.50943396226467
ADA,-1,2025-12-18 17:00:00+00:00,3.0,2.0,231.71412618648856,-153.5455053043,-410.3852596314894,-510.8877721943039,-134.0033500837512
ADA,-1,2025-12-25 22:00:00+00:00,3.0,2.0,-222.41478913922475,-254.18833044482892,-92.43212016175617,-681.6868861929515,-644.1363373772391
ADA,-1,2025-12-31 16:00:00+00:00,3.0,2.0,-6.0060060060052045,-105.10510510510551,-546.5465465465469,-1663.6636636636638,-1654.6546546546547
ADA,-1,2026-01-18 23:00:00+00:00,3.0,2.0,338.5763796320973,226.60623833644422,183.95094641428855,490.5358571047713,210.61050386563474
ADA,-1,2026-01-21 16:00:00+00:00,3.0,2.0,-532.52734599885,-515.2561888313189,-423.1433506044913,-521.013241220496,-322.39493379389694
ADA,-1,2026-01-30 01:00:00+00:00,3.0,2.0,113.35784313725617,39.82843137254943,211.39705882353033,937.5,1200.980392156863
ADA,-1,2026-01-31 14:00:00+00:00,3.0,2.0,248.23884602482303,87.21905400872143,295.2029520295196,-97.28279100972958,-191.21100301912276
ADA,-1,2026-02-05 15:00:00+00:00,3.0,2.0,513.6986301369861,449.0106544901062,-582.191780821919,-391.93302891933126,-197.86910197869156
ADA,-1,2026-02-23 01:00:00+00:00,3.0,2.0,-255.41795665634749,-460.5263157894735,-65.78947368421018,-390.86687306501443,-1478.3281733746123
ADA,-1,2026-02-25 22:00:00+00:00,3.0,2.0,179.82017982018039,369.63036963036933,449.55044955044985,755.9107559107558,642.690642690642
ADA,-1,2026-02-28 06:00:00+00:00,3.0,2.0,-305.57677616501076,-511.8411000763956,-798.3193277310941,-332.3147440794516,-259.74025974025983
ADA,-1,2026-04-02 01:00:00+00:00,3.0,2.0,205.84602717167556,37.05228489090162,115.27377521613813,-86.45533141210305,-168.79374228077282
ADA,-1,2026-04-12 01:00:00+00:00,3.0,2.0,123.10217480508867,217.48050882232195,287.2384078785395,-28.723840787854282,180.549856380795
ADA,1,2025-07-02 16:00:00+00:00,3.0,2.0,-188.26693561943108,109.26206085056344,-30.257186081694698,-389.98150949739465,-334.51000168095544
ADA,1,2025-07-09 19:00:00+00:00,3.0,2.0,38.61003861003853,152.8314028314015,559.8455598455598,1603.925353925355,1192.084942084941
ADA,1,2025-07-10 21:00:00+00:00,3.0,2.0,333.3333333333321,909.2261904761889,517.8571428571411,516.3690476190475,897.3214285714271
ADA,1,2025-07-12 01:00:00+00:00,3.0,2.0,-160.4058129969843,-323.5536057033184,-145.32492459555903,334.5215245407185,-93.22731011790597
ADA,1,2025-07-18 00:00:00+00:00,3.0,2.0,-24.538443561579193,18.69595699929949,-433.5125029212439,-278.1023603645716,14.021967749473507
ADA,1,2025-08-01 14:00:00+00:00,3.0,2.0,-160.50054406963943,-194.5048966267682,-495.10337323177333,-129.21653971708304,122.41566920565772
ADA,1,2025-08-14 00:00:00+00:00,3.0,2.0,643.1999999999994,-37.333333333332554,-227.19999999999962,217.60000000000002,-286.9333333333335
ADA,1,2025-08-22 14:00:00+00:00,3.0,2.0,377.2958619163513,-33.19318433281704,126.1341004647032,-61.96061075459225,-430.40495684886105
ADA,1,2025-09-01 07:00:00+00:00,3.0,2.0,-293.59112065878935,-521.5419501133778,-192.14703425229794,-94.28332736603484,-264.9480844969565
ADA,1,2025-09-02 13:00:00+00:00,3.0,2.0,55.838795824230125,185.72469045884833,185.72469045884833,-171.1580480699204,-25.491624180625784
ADA,1,2025-09-13 09:00:00+00:00,3.0,2.0,-293.71656351620754,-266.4428826182741,-393.37039756634937,-961.9217455155771,-889.5415923633687
ADA,1,2025-09-17 22:00:00+00:00,3.0,2.0,-16.481705307109795,31.864630260411975,158.2243709482478,-221.95363146906953,-190.0890012086587
ADA,1,2025-09-25 18:00:00+00:00,3.0,2.0,14.16248229689776,-33.47495815630097,160.93729882837638,55.362430796963565,168.662289172139
ADA,1,2025-10-01 08:00:00+00:00,3.0,2.0,140.01207000603478,152.08207604103796,318.64815932407976,357.27217863608774,195.53409776704945
ADA,1,2025-10-05 02:00:00+00:00,3.0,2.0,79.10656119125115,-74.45323406235494,-231.50302466263372,101.20986505351314,-544.439274080969
ADA,1,2025-10-11 02:00:00+00:00,3.0,2.0,13.525698827772104,-171.32551848512145,-483.91944694920363,566.5764953411467,748.422001803426
ADA,1,2025-11-05 02:00:00+00:00,3.0,2.0,33.975084937709624,349.18837297093216,245.3756134390317,201.9630049075105,987.1649679124173
ADA,1,2025-11-07 16:00:00+00:00,3.0,2.0,162.31474947071334,195.83627381792422,-112.91460832745126,82.92166549047408,347.5652787579397
ADA,1,2025-12-02 15:00:00+00:00,3.0,2.0,184.53632328895077,280.30833917308985,200.88764307404804,436.81382854473316,-336.370007007708
ADA,1,2025-12-07 15:00:00+00:00,3.0,2.0,-119.161105815061,147.7597712106782,369.3994280266932,1322.688274547188,1015.2526215443291
ADA,1,2025-12-09 15:00:00+00:00,3.0,2.0,62.11180124223725,-55.68644249303922,-100.66395373741655,-1165.1317198543586,-1334.3328335832073
ADA,1,2025-12-17 14:00:00+00:00,3.0,2.0,-739.0534042014684,-771.9564667172873,-559.3520627689197,-615.0341685649197,-450.5188559858264
ADA,1,2026-01-02 16:00:00+00:00,3.0,2.0,141.3518375738887,97.66126959650512,-25.700334104343803,349.52454381906864,637.3682857877138
ADA,1,2026-01-21 14:00:00+00:00,3.0,2.0,204.64601769911494,58.07522123894016,-88.49557522123797,-38.71681415929085,-110.61946902654829
ADA,1,2026-02-03 15:00:00+00:00,3.0,2.0,-371.83283974991707,-144.78446857518978,-598.8812109246455,-1273.445212240869,-848.9634748272457
ADA,1,2026-02-20 15:00:00+00:00,3.0,2.0,-138.2647770480472,-214.31040442447258,-307.6391289319047,-632.561354994815,-808.8489457310743
ADA,1,2026-02-25 01:00:00+00:00,3.0,2.0,48.652694610780145,741.0179640718551,1100.299401197604,733.5329341317376,441.6167664670678
ADA,1,2026-03-10 14:00:00+00:00,3.0,2.0,-386.0294117647067,-452.2058823529429,-352.9411764705881,-378.67647058823616,-29.411764705883357
ADA,1,2026-03-13 00:00:00+00:00,3.0,2.0,77.92207792207684,341.3729128014831,-174.39703153989018,-300.55658627087143,70.50092764378402
ADA,1,2026-03-16 03:00:00+00:00,3.0,2.0,327.6917536910329,334.8937702556709,223.26251350378135,471.7320849837958,-190.8534389629102
ADA,1,2026-03-23 11:00:00+00:00,3.0,2.0,119.64492473948152,34.73562331146374,150.52103434967324,594.3651099961422,-54.033191817831614
ADA,1,2026-04-07 21:00:00+00:00,3.0,2.0,338.71602993304384,192.98936589208228,-86.64828672705904,78.77116975187005,19.69279243796862
ADA,1,2026-04-13 22:00:00+00:00,3.0,2.0,-226.5372168284785,-157.76699029126263,-315.5339805825241,-52.58899676375384,481.3915857605178
ADA,1,2026-04-16 15:00:00+00:00,3.0,2.0,201.34228187919544,23.687327279904302,497.43387287801033,-165.8112909593379,-260.56060007895843
BNB,-1,2025-07-01 14:00:00+00:00,3.0,2.0,7.419773696900611,-42.50912013850305,-229.08551289185786,-155.19693316020656,-90.42849193099612
BNB,-1,2025-07-03 15:00:00+00:00,3.0,2.0,-105.29038540541214,-44.276737215280804,80.18501894313968,55.5361136892718,-94.03100893142336
BNB,-1,2025-07-23 16:00:00+00:00,3.0,2.0,-134.62742642454728,194.37486954706708,-201.02796910874687,-126.01753287414085,-173.50240033396025
BNB,-1,2025-09-10 15:00:00+00:00,3.0,2.0,40.83909841553268,11.26980584690962,15.175184110689521,-148.96228520419496,-335.1930372684664
BNB,-1,2025-09-25 17:00:00+00:00,3.0,2.0,12.639319774790936,133.39182935873885,-31.33715646642221,-125.0352543010247,-227.29884156978298
BNB,-1,2025-10-10 21:00:00+00:00,3.0,2.0,-213.8629157572347,-172.09632364168837,-285.0906739241732,-1561.2621594675447,-1603.0287515830887
BNB,-1,2025-11-12 15:00:00+00:00,3.0,2.0,-83.15329082573709,-134.68936080518466,34.357379986299506,184.11761606154874,122.04247246667022
BNB,-1,2025-12-15 15:00:00+00:00,3.0,2.0,61.21902678041469,53.421165954772306,-141.64174066875424,133.0291779658066,157.23746232003788
BNB,-1,2026-01-06 17:00:00+00:00,3.0,2.0,-186.29922141936817,-247.46541197557815,-49.963591553241486,45.594577942081884,-38.20086260012179
BNB,-1,2026-01-29 15:00:00+00:00,3.0,2.0,-40.385104954985266,155.407438265176,155.9860214307196,822.9766946700922,1277.743062787845
BNB,1,2025-07-10 16:00:00+00:00,3.0,2.0,211.31895769156193,321.14528922422056,356.5635370626663,219.0573983957611,281.5601886988994
BNB,1,2025-08-22 14:00:00+00:00,3.0,2.0,283.2176641700457,119.21940493369254,185.8723287294728,-63.33172999839598,-107.07986898462974
BNB,1,2025-09-10 13:00:00+00:00,3.0,2.0,-140.15951856809482,-147.68189209818928,-49.22729736606346,56.41780147571218,361.51642200515477
BNB,1,2025-10-23 15:00:00+00:00,3.0,2.0,-112.58231253982842,98.7750477943794,-268.2680733555187,-163.2089499398126,-42.83792395383345
BTC,-1,2025-07-01 14:00:00+00:00,3.0,2.0,8.674116832227963,-28.129461666166478,-270.5511843760067,-305.9563213807537,-163.50426760878722
BTC,-1,2025-07-09 20:00:00+00:00,3.0,2.0,-30.39755373788644,-31.030083096283967,-523.4180440746461,-626.6377992315664,-611.6649257049089
BTC,-1,2025-07-15 14:00:00+00:00,3.0,2.0,-132.89042273362472,-127.4072056025366,-265.28080365340935,-248.4259459627225,-160.92724995107278
BTC,-1,2025-07-25 14:00:00+00:00,3.0,2.0,-191.7270045471997,-216.36382458793068,-274.93716827939886,-314.0411605403748,-280.2960246159425
BTC,-1,2025-07-30 18:00:00+00:00,3.0,2.0,-133.53658536585212,-187.5729989694275,-23.943661971830288,270.84335279972447,366.06836138783905
BTC,-1,2025-08-01 13:00:00+00:00,3.0,2.0,33.4733158355216,57.121609798774784,108.95888013998211,49.06386701662324,-33.39457567804072
BTC,-1,2025-08-05 14:00:00+00:00,3.0,2.0,-50.422176198821056,-43.72223107287576,-212.07052201157816,-323.95164002619657,-283.53955357300896
BTC,-1,2025-08-14 12:00:00+00:00,3.0,2.0,78.23879408926038,15.491247571340905,94.45369581113638,105.24119140399857,37.54586999637266
BTC,-1,2025-08-19 14:00:00+00:00,3.0,2.0,42.41933386976093,31.878186501007598,48.27845494889349,98.0765919767812,-216.55908840157556
BTC,-1,2025-08-24 19:00:00+00:00,3.0,2.0,-72.97506411412469,106.50894932785704,270.0299450932597,116.97329814422174,19.942668160219945
BTC,-1,2025-08-25 19:00:00+00:00,3.0,2.0,88.7118347516136,53.15841605633587,-54.72189888152235,-153.43821621973453,-108.422563316537
BTC,-1,2025-08-29 13:00:00+00:00,3.0,2.0,121.88838053673324,121.57664554814929,41.57077759542216,59.706418990161936,-2.2371569769030764
BTC,-1,2025-09-05 14:00:00+00:00,3.0,2.0,-2.1533394857331523,-45.89870256772155,16.349094330745384,-66.37352297197197,-184.5357653402835
BTC,-1,2025-09-15 08:00:00+00:00,3.0,2.0,-9.886023046465908,-65.287854140188,-62.881732128878824,-160.66095125510716,-220.4652882028535
BTC,-1,2025-09-22 00:00:00+00:00,3.0,2.0,165.01084446932103,109.2055551668647,194.6407332260547,168.99006506681636,152.5571958301264
BTC,-1,2025-09-25 04:00:00+00:00,3.0,2.0,35.56456508619799,257.8878659649253,222.22480888075435,187.53771795831486,210.4684458499939
BTC,-1,2025-10-05 09:00:00+00:00,3.0,2.0,-18.25127576011054,-13.812435419344737,-76.84234230938446,-99.03654401321572,8.243560632852365
BTC,-1,2025-10-10 20:00:00+00:00,3.0,2.0,169.87249930606185,227.67293064210992,295.2103835878661,-54.402981349925824,-126.66008775578331
BTC,-1,2025-10-16 15:00:00+00:00,3.0,2.0,67.06150761643603,-21.763878966654104,198.39144562487033,173.40123983131005,-7.319152858755729
BTC,-1,2025-10-21 22:00:00+00:00,3.0,2.0,82.10587345971243,134.60776327087754,135.3600182008996,-87.54596094145528,-177.93581247201874
BTC,-1,2025-10-28 19:00:00+00:00,3.0,2.0,90.62851198684885,54.810096392901016,198.5149878507808,541.5005187949873,368.66566281229973
BTC,-1,2025-10-30 04:00:00+00:00,3.0,2.0,-108.23917124459737,98.24006517389682,-125.06715989446081,-146.40165810061222,-181.0160750605694
BTC,-1,2025-11-03 15:00:00+00:00,3.0,2.0,-65.7545076781374,-90.81555260076924,331.8460627679876,177.48894004074089,464.5655738790155
BTC,-1,2025-11-12 15:00:00+00:00,3.0,2.0,20.003661952799902,4.347345035263794,151.55001454010718,505.10470345525806,589.6527313370137
BTC,-1,2025-11-13 15:00:00+00:00,3.0,2.0,150.65721954685364,352.54006473513846,430.58735296439556,515.7989263440433,702.632825451962
BTC,-1,2025-11-17 17:00:00+00:00,3.0,2.0,65.65374980184058,333.71473186892155,-61.534214252514374,380.81978757431466,676.8871409021349
BTC,-1,2025-11-20 16:00:00+00:00,3.0,2.0,143.7640221143899,193.85946639985607,345.8759759277796,376.9963905327467,130.59419047651622
BTC,-1,2025-11-28 16:00:00+00:00,3.0,2.0,4.03821671469573,19.156771935383567,54.74149361202496,-61.90465187160932,656.1717045345761
BTC,-1,2025-12-01 00:00:00+00:00,3.0,2.0,52.81629405095134,115.09651364162265,63.7866281516708,-601.804470468641,-709.3114447953019
BTC,-1,2025-12-05 16:00:00+00:00,3.0,2.0,-60.4379384398368,-90.64564033342215,-101.27072906361833,-244.24183287850897,-163.17341992649227
BTC,-1,2025-12-12 15:00:00+00:00,3.0,2.0,-45.163178268265995,-50.7265163156001,-20.9070243818843,120.67992892279334,390.24591066836865
BTC,-1,2025-12-15 14:00:00+00:00,3.0,2.0,206.89710028168884,248.47423615222408,6.18145993811825,90.75610390761545,-52.190157161344786
BTC,-1,2025-12-17 15:00:00+00:00,3.0,2.0,102.19282803828888,52.294837375670426,-91.96322388497879,-86.97457163532762,-104.81903807316506
BTC,-1,2025-12-18 17:00:00+00:00,3.0,2.0,103.21013361096587,-112.30262016310944,-78.02649083232139,-214.98062351784196,-226.9419862340216
BTC,-1,2025-12-26 14:00:00+00:00,3.0,2.0,-8.002280478212054,-14.47050432684005,-19.026881480386226,-51.44813801014392,-33.18828484454972
BTC,-1,2025-12-29 09:00:00+00:00,3.0,2.0,53.47617874148614,83.22932979323738,16.75034267226483,-84.09239829702875,25.324246887559188
BTC,-1,2026-01-06 16:00:00+00:00,3.0,2.0,-114.52445530459431,16.923413996570158,153.29288838857426,144.14042979859153,136.41264636648387
BTC,-1,2026-01-08 06:00:00+00:00,3.0,2.0,-8.969508123748415,-114.38904963276153,-95.44847540618795,-85.63320721121758,-89.47251279768587
BTC,-1,2026-01-18 23:00:00+00:00,3.0,2.0,116.12965247624673,64.44170285036854,100.5452923803274,504.33937374158245,401.0489267727346
BTC,-1,2026-01-20 22:00:00+00:00,3.0,2.0,-166.02544027549902,-33.67993098949196,-108.18504855268918,-119.58127897813809,-125.55073301051544
BTC,-1,2026-01-29 14:00:00+00:00,3.0,2.0,285.8877351689626,495.84534353093403,474.3793310008537,655.2940107870442,1082.0847901746133
BTC,-1,2026-01-31 14:00:00+00:00,3.0,2.0,392.3378948117984,320.7849704482002,477.21184232819456,326.5921998963772,412.46062010897424
BTC,-1,2026-02-03 16:00:00+00:00,3.0,2.0,95.1786774650054,27.963723020500986,512.0317253538631,1348.9945877508947,752.2869302947311
BTC,-1,2026-02-05 15:00:00+00:00,3.0,2.0,529.3473152347483,381.1466720830969,-363.8002582688271,-219.60263368969945,-434.04582121925773
BTC,-1,2026-02-16 13:00:00+00:00,3.0,2.0,-19.702891512689558,-65.07658822565654,222.1877669471195,171.9285722644148,289.67784967878663
BTC,-1,2026-02-17 14:00:00+00:00,3.0,2.0,-119.09392278417474,-113.02029727853657,-122.95351731731463,71.98592594365505,-106.99155077910083
BTC,-1,2026-02-23 01:00:00+00:00,3.0,2.0,-195.2086284450405,-235.1574343298779,47.40425954919414,-228.6339123735659,-596.2033102214259
BTC,-1,2026-02-28 06:00:00+00:00,3.0,2.0,-300.9022792171701,-506.1601106111646,-629.5365385864127,-445.54886672653504,-791.050378444127
BTC,-1,2026-03-21 23:00:00+00:00,3.0,2.0,-34.810429773806106,39.67343810333812,180.10550550608627,-255.86682034740792,-278.1495600066197
BTC,-1,2026-03-27 10:00:00+00:00,3.0,2.0,131.8744462611998,17.11795595360277,28.8357834473274,-45.261800935321176,-175.54178029750344
BTC,-1,2026-04-02 01:00:00+00:00,3.0,2.0,131.56017830609156,69.21248142644943,119.34621099554232,72.25854383358099,22.317979197622464
BTC,-1,2026-04-07 10:00:00+00:00,3.0,2.0,-68.84578105135431,-541.7187836805448,-505.7488793314557,-427.3130789387647,-570.9874054012065
BTC,-1,2026-04-12 01:00:00+00:00,3.0,2.0,-7.310738538353068,115.81160380549792,68.53642648863678,-384.91108296779595,-384.1702241866618
BTC,1,2025-07-03 13:00:00+00:00,3.0,2.0,-27.93983000169753,-93.62882947629436,-221.26820875653763,-186.10522036531464,-119.39989709721655
BTC,1,2025-07-09 19:00:00+00:00,3.0,2.0,-47.83232634484214,-45.37043419720388,155.42148936417811,529.5664294596291,474.59013971909326
BTC,1,2025-07-10 21:00:00+00:00,3.0,2.0,32.81236582224123,129.6006869901234,97.49248604551397,75.69772434521171,174.32374409617867
BTC,1,2025-07-30 14:00:00+00:00,3.0,2.0,-120.58152145061895,-23.113564873447068,-34.69141326430392,-283.65728557597225,-495.1678914412394
BTC,1,2025-08-01 14:00:00+00:00,3.0,2.0,-150.2684013248745,-149.10031045259564,-240.08161061561006,-144.6529126129592,-69.20289478875796
BTC,1,2025-08-07 10:00:00+00:00,3.0,2.0,15.136646940290266,97.62277239729222,50.36375254678261,68.441725199333,172.66957989784393
BTC,1,2025-08-10 03:00:00+00:00,3.0,2.0,-38.21704444725849,15.204085939808376,303.169980161242,48.0520028702891,70.83702671900838
BTC,1,2025-08-13 13:00:00+00:00,3.0,2.0,93.91707468929144,160.4738401438399,-244.26324707977344,-362.7479245673571,-332.545625841405
BTC,1,2025-08-22 14:00:00+00:00,3.0,2.0,104.92591178518308,-20.1006500966594,-85.42128440303554,-120.18063807254786,-312.2899883732366
BTC,1,2025-09-02 13:00:00+00:00,3.0,2.0,22.36343232339344,18.754685296562545,97.74214827540595,-116.64982284741777,-53.42025524010641
BTC,1,2025-09-24 14:00:00+00:00,3.0,2.0,-34.066394276282,-100.69470105683264,-186.75809692733748,-410.4331851726728,-378.40795914848127
BTC,1,2025-09-25 18:00:00+00:00,3.0,2.0,-8.68451868356157,-44.552583257012614,-55.07789183992418,-33.18889511598311,49.12721954153376
BTC,1,2025-09-28 22:00:00+00:00,3.0,2.0,-18.163014845939962,14.650187663631797,214.56848985079046,190.1932233720105,596.572803566815
BTC,1,2025-10-01 08:00:00+00:00,3.0,2.0,112.69180828175962,121.49760597760294,237.2395633634028,361.83901588748625,525.478653695206
BTC,1,2025-10-03 15:00:00+00:00,3.0,2.0,12.16408674049152,17.76758332235895,-47.053010713722365,80.53492532624995,259.38871987507105
BTC,1,2025-10-05 02:00:00+00:00,3.0,2.0,-81.00985730137067,-100.21804763502229,-15.216563878925893,21.61929399014273,-215.63653136531414
BTC,1,2025-10-11 02:00:00+00:00,3.0,2.0,-138.9171144966128,-125.94609782691224,-224.96054796360298,141.0112091496929,23.68005768037973
BTC,1,2025-10-21 14:00:00+00:00,3.0,2.0,-121.6003624377504,-354.40240578758943,-334.62172343431183,-202.95265478517788,-189.521767668841
BTC,1,2025-11-18 15:00:00+00:00,3.0,2.0,28.334194882400077,-186.89153097268817,-321.3901094167315,-538.0050831394844,-857.8120961488755
BTC,1,2025-11-21 16:00:00+00:00,3.0,2.0,21.213216976698757,-77.55015023574785,-42.355762492063405,212.6150914194258,403.6989442861549
BTC,1,2025-11-26 17:00:00+00:00,3.0,2.0,69.35954052784243,154.08529809347593,216.29620721677733,109.11127590822245,94.22386128537408
BTC,1,2025-12-02 14:00:00+00:00,3.0,2.0,256.1188429090677,376.57349280376894,348.84437734461704,415.11853244160733,133.8260463145713
BTC,1,2025-12-09 15:00:00+00:00,3.0,2.0,23.691311386939695,-14.743658931463122,-55.94171613599652,-318.8343227199142,-286.5515380464101
BTC,1,2025-12-17 14:00:00+00:00,3.0,2.0,-412.68421011528164,-342.44198824759155,-130.34305560359115,-186.76219727844833,-166.12240845138015
BTC,1,2025-12-26 02:00:00+00:00,3.0,2.0,-40.54963544587786,-229.78126752664085,-187.7173303421198,-162.64722378014574,104.85698261357257
BTC,1,2025-12-29 03:00:00+00:00,3.0,2.0,-260.35468802728224,-277.2720814166207,-313.3491998650162,-199.11239187965114,-279.8807345967358
BTC,1,2026-01-02 16:00:00+00:00,3.0,2.0,-43.88712651667959,-39.20509511275539,-31.180336796339247,106.55772180985457,435.14113612868056
BTC,1,2026-01-05 00:00:00+00:00,3.0,2.0,12.698598282603335,36.342024241007294,147.42498841645357,4.406078005985137,-106.94752978162248
BTC,1,2026-01-09 15:00:00+00:00,3.0,2.0,-58.81339395755192,-77.22893324860868,-51.098182919641076,-12.719672251688685,104.34740618555871
BTC,1,2026-01-13 22:00:00+00:00,3.0,2.0,-80.27727782205729,-102.07801676995976,123.21021365141904,-17.05826866407523,-22.90801174544832
BTC,1,2026-01-21 14:00:00+00:00,3.0,2.0,48.64795014671408,9.925652296935983,-86.25625783970415,-7.820210900616464,-60.456245808612195
BTC,1,2026-02-03 19:00:00+00:00,3.0,2.0,137.4292427640711,221.6437039410435,-191.68535725728964,-1492.3902595322013,-660.0715582612404
BTC,1,2026-02-06 01:00:00+00:00,3.0,2.0,-123.31727584111385,377.47544543930144,709.0324535980108,559.1692951101046,751.3109218868763
BTC,1,2026-02-25 01:00:00+00:00,3.0,2.0,-55.86439483781902,164.32848081948893,359.1174063371705,207.17961488644355,11.342947253019098
BTC,1,2026-03-02 14:00:00+00:00,3.0,2.0,333.5269932070073,180.38672387081346,85.10606602311954,926.0368251698247,665.4451197711842
BTC,1,2026-03-04 15:00:00+00:00,3.0,2.0,-91.36360971472968,-76.59763608078629,-282.8167969426398,-672.51306509163,-761.9815036751321
BTC,1,2026-03-10 14:00:00+00:00,3.0,2.0,-240.9076910154817,-267.4496738247889,-174.58073186437883,-159.60187025786166,51.544082649717105
BTC,1,2026-03-23 11:00:00+00:00,3.0,2.0,135.7215610975282,78.54560809364975,117.6900230244482,226.97769167781877,-99.41597217665077
BTC,1,2026-04-07 22:00:00+00:00,3.0,2.0,31.437433630918665,23.728476830455758,-60.49642323991744,38.572765696680555,202.2237052520226
BTC,1,2026-04-09 15:00:00+00:00,3.0,2.0,-24.95149091746196,-1.5117912784889942,117.3094553529208,123.50918655920529,-167.69787475433228
BTC,1,2026-04-13 22:00:00+00:00,3.0,2.0,-57.10539967747508,-34.383885017070796,-66.22081558843362,21.568682648136495,68.09751886421856
BTC,1,2026-04-17 13:00:00+00:00,3.0,2.0,2.5104754115767847,-3.4421982447363497,-136.9761970697314,-168.84888232081897,-294.67028658241355
DOGE,-1,2025-08-01 22:00:00+00:00,3.0,2.0,-206.56565656565596,-82.32323232323147,360.60606060606125,-26.26262626262532,-623.7373737373741
DOGE,-1,2025-08-14 12:00:00+00:00,3.0,2.0,115.45096651479625,7.519794753837461,-53.96558588047995,-41.137700712170485,-367.142920334409
DOGE,-1,2025-08-24 19:00:00+00:00,3.0,2.0,29.906861488506742,565.2396821327865,1154.8320943347856,687.4305733572584,485.77287874903783
DOGE,-1,2025-08-25 20:00:00+00:00,3.0,2.0,-129.46859903381736,-172.46376811594243,-579.7101449275366,-637.1980676328515,-727.0531400966184
DOGE,-1,2025-09-05 14:00:00+00:00,3.0,2.0,-226.26983381842214,-217.81992301192378,-37.08571965073793,-492.4420242230787,-1182.9875129095858
DOGE,-1,2025-09-09 14:00:00+00:00,3.0,2.0,7.9044805924199935,-22.465365894246414,-133.9601447768035,-268.75234014227976,-1074.593335274785
DOGE,-1,2025-09-15 08:00:00+00:00,3.0,2.0,-157.89270997804917,-331.95979512457893,-231.44760657757945,-263.02614857318883,-823.7378210806012
DOGE,-1,2025-09-22 00:00:00+00:00,3.0,2.0,491.13397110034816,325.02101428971696,479.526077732858,387.8637473481972,498.3388704318936
DOGE,-1,2025-09-25 17:00:00+00:00,3.0,2.0,-209.19934935839547,-231.33923730345174,-495.6623893005596,-357.8528827037775,-471.2633291162138
DOGE,-1,2025-10-07 14:00:00+00:00,3.0,2.0,199.8037291462207,396.8596663395474,63.98429833169628,396.8596663395474,671.2463199214914
DOGE,-1,2025-10-10 15:00:00+00:00,3.0,2.0,1870.8184304649699,1728.5924679150012,1899.8527245949927,1311.5926783084365,1134.8621922996006
DOGE,-1,2025-10-28 20:00:00+00:00,3.0,2.0,-1.5557745164129777,-18.669294196960173,-159.7261836851116,676.2433231343667,343.82616812736575
DOGE,-1,2025-10-30 04:00:00+00:00,3.0,2.0,-24.010244370931133,370.29132429836744,130.18888058905165,75.76566001494034,-8.003414790309638
DOGE,-1,2025-11-03 03:00:00+00:00,3.0,2.0,178.27552711273677,357.122450145706,320.5531112507853,592.5375692817547,474.2586137934979
DOGE,-1,2025-11-04 05:00:00+00:00,3.0,2.0,-186.91008445106849,73.27372081470385,-261.42573273720825,-139.71684053651234,-278.19175360159096
DOGE,-1,2025-11-17 17:00:00+00:00,3.0,2.0,237.05791901588947,162.09636084059454,-322.27063044592666,526.652998462327,568.9390056381338
DOGE,-1,2025-11-21 07:00:00+00:00,3.0,2.0,-68.43455945252374,107.64185913886392,283.71827773025274,-214.5708582834338,-452.6660963786733
DOGE,-1,2025-12-07 14:00:00+00:00,3.0,2.0,-302.7835356825581,-382.73615635179283,-543.3816997334895,-820.9949659461047,-737.3408350607046
DOGE,-1,2025-12-12 15:00:00+00:00,3.0,2.0,-96.66469893742757,-141.67650531286878,-281.877213695394,1.4757969303413887,436.0979929161746
DOGE,-1,2025-12-15 15:00:00+00:00,3.0,2.0,137.80431786862835,130.14852243148135,-74.26121574031441,246.51661307609874,155.41264737406246
DOGE,-1,2025-12-17 15:00:00+00:00,3.0,2.0,251.7902517902537,344.96034496034554,98.56009856009874,-88.55008855008784,-150.92015092015077
DOGE,-1,2025-12-18 17:00:00+00:00,3.0,2.0,103.6185541973611,-230.7131870800605,-620.901805229499,-690.5205213308508,-495.42621225613146
DOGE,-1,2025-12-25 22:00:00+00:00,3.0,2.0,-131.5258613733561,-109.73936899862923,151.69853949810297,-28.24174937464674,4.841442749939917
DOGE,-1,2025-12-31 15:00:00+00:00,3.0,2.0,283.3539859562162,256.09252375051625,-273.4407269723249,-1425.8570838496464,-1659.6447748864084
DOGE,-1,2026-01-02 11:00:00+00:00,3.0,2.0,-682.1693448702115,-961.8355995055605,-1015.142150803463,-1817.0580964153294,-1380.5624227441294
DOGE,-1,2026-01-06 16:00:00+00:00,3.0,2.0,-346.43937310970597,-142.97497937860948,-109.29337365960912,169.09540830354675,208.9634313995037
DOGE,-1,2026-01-18 23:00:00+00:00,3.0,2.0,362.6273376919564,288.1252850843841,222.74593279610679,488.8246921088635,341.3410369469361
DOGE,-1,2026-01-21 16:00:00+00:00,3.0,2.0,-478.20321564727266,-513.840543676447,-377.09265705287544,-463.28526437924734,-285.09862423338194
DOGE,-1,2026-01-29 15:00:00+00:00,3.0,2.0,-77.51937984496138,111.97243755383224,-4.306632213608719,935.4005167958657,1047.372954349698
DOGE,-1,2026-01-31 14:00:00+00:00,3.0,2.0,391.3124882980723,181.61392997566028,265.8678150159144,-245.27242089496414,-303.31398614491746
DOGE,-1,2026-02-03 16:00:00+00:00,3.0,2.0,48.84004884004867,-112.70780501549726,340.94111017187845,1370.3390626467537,587.0198177890474
DOGE,-1,2026-02-05 15:00:00+00:00,3.0,2.0,483.11743469951153,353.57825440645587,-520.2803142917811,-380.1231684009343,-140.15714589084683
DOGE,-1,2026-03-21 23:00:00+00:00,3.0,2.0,-63.554678939294895,-20.819636204252312,107.38549200087655,-261.88910804295415,-408.7223317992561
DOGE,-1,2026-04-12 01:00:00+00:00,3.0,2.0,-24.170511975389886,62.62359920896521,-2.197319270489384,-266.97429136453457,-226.32388486046872
DOGE,1,2025-07-02 16:00:00+00:00,3.0,2.0,-186.75820339771997,121.596462648359,-58.76192692576332,-528.2755410751694,-498.6036769839419
DOGE,1,2025-07-06 13:00:00+00:00,3.0,2.0,-150.91939400948328,4.047646582630016,-258.471146062218,-245.1717358621497,-39.89823060020936
DOGE,1,2025-07-09 19:00:00+00:00,3.0,2.0,229.54712500706796,320.5744331995253,582.9140046361747,1650.3646746197776,976.4233617911456
DOGE,1,2025-07-10 21:00:00+00:00,3.0,2.0,335.9200041664501,377.0636945992401,459.35107546482004,269.7776157491805,261.9655226290307
DOGE,1,2025-07-18 01:00:00+00:00,3.0,2.0,244.83648881239216,479.77624784853566,484.5094664371774,802.4956970740104,1632.0998278829625
DOGE,1,2025-07-20 16:00:00+00:00,3.0,2.0,328.5552621652199,348.5477178423224,569.219162580159,4.526593738212181,-864.202187853641
DOGE,1,2025-08-01 14:00:00+00:00,3.0,2.0,-205.07439908431846,-356.7340709652811,-722.0526516596726,-516.9782525753541,-283.2888210606643
DOGE,1,2025-08-22 14:00:00+00:00,3.0,2.0,558.8621444201314,129.9781181619264,344.85776805251555,113.34792122538184,-445.51422319474955
DOGE,1,2025-09-11 03:00:00+00:00,3.0,2.0,-53.51197082606674,-105.43840177580476,355.16093229744916,1269.2246710004752,1363.167908672902
DOGE,1,2025-09-12 22:00:00+00:00,3.0,2.0,163.78689704823702,658.387329013681,412.88696904247854,1.079913606911731,-344.85241180705503
DOGE,1,2025-10-01 08:00:00+00:00,3.0,2.0,117.28267602725717,130.08465826966687,659.5085690687586,600.867231055131,355.56473260375697
DOGE,1,2025-10-11 02:00:00+00:00,3.0,2.0,-242.7867698803665,-352.87021212425884,-697.697798331155,413.18990650447415,440.8364330954062
DOGE,1,2025-10-21 14:00:00+00:00,3.0,2.0,-195.17003449975311,-457.86101527846233,-534.7461803844255,-371.11877772301625,-395.76145884672286
DOGE,1,2025-12-09 15:00:00+00:00,3.0,2.0,164.84268125855016,68.39945280437743,-30.095759233925712,-640.2188782489749,-751.7099863201094
DOGE,1,2025-12-17 14:00:00+00:00,3.0,2.0,-647.6799524092802,-678.9113622843546,-372.5461035098143,-366.5972635336101,-182.1832242712651
DOGE,1,2025-12-26 02:00:00+00:00,3.0,2.0,-40.36087369420738,-341.08895220006264,-248.49635960747074,-179.64545742323423,84.67869578980603
DOGE,1,2026-01-01 15:00:00+00:00,3.0,2.0,158.8957547548353,292.91389134098455,1099.430222293556,1326.538801059305,2190.032902656289
DOGE,1,2026-01-02 16:00:00+00:00,3.0,2.0,248.64474159739692,326.70762558727915,229.8518250813153,996.7473798337556,1057.4629562703296
DOGE,1,2026-01-07 08:00:00+00:00,3.0,2.0,-483.73427211682696,-458.30888584653565,-724.94947519395,-831.866484125432,-866.4189321337767
DOGE,1,2026-01-21 19:00:00+00:00,3.0,2.0,-78.86928002498905,-129.62673746681253,-321.72419178510216,-338.122754958613,-302.202092769015
DOGE,1,2026-02-03 15:00:00+00:00,3.0,2.0,-347.8339841976208,-157.11561166106614,-631.1869948233584,-1446.735083098719,-1001.7255471800923
DOGE,1,2026-02-25 14:00:00+00:00,3.0,2.0,426.90174326466047,-15.847860538826808,-239.698890649761,-692.3534072900151,-1011.2916006339145
DOGE,1,2026-03-10 14:00:00+00:00,3.0,2.0,-506.03621730382355,-689.134808853119,-711.267605633803,-539.2354124748499,-145.87525150905554
DOGE,1,2026-03-23 11:00:00+00:00,3.0,2.0,316.68828361435254,122.13575443147384,191.30998702983072,560.9597924773025,-108.0847384349326
DOGE,1,2026-04-14 13:00:00+00:00,3.0,2.0,-461.5226125476457,-411.0435768002485,-325.53827135057276,-173.07097970536756,401.77191717317487
ETH,-1,2025-07-15 14:00:00+00:00,3.0,2.0,-349.43725852511375,-465.5803796405178,-898.1689904249968,-1490.341004535527,-1977.960692088021
ETH,-1,2025-08-01 13:00:00+00:00,3.0,2.0,164.40876772640502,209.6038068342898,332.4031197362776,353.6108779400393,-110.40264165837587
ETH,-1,2025-08-05 14:00:00+00:00,3.0,2.0,6.152125279641485,-17.170022371364446,-244.26733780760657,-723.5738255033564,-1054.7818791946306
ETH,-1,2025-08-14 12:00:00+00:00,3.0,2.0,69.42347003541238,-72.72830735424618,69.18272029695527,388.00103303524236,76.16446271224264
ETH,-1,2025-08-19 14:00:00+00:00,3.0,2.0,91.30959824731444,122.5257389967882,-151.59398015340608,-119.9482594853607,-1002.3770088827555
ETH,-1,2025-08-25 19:00:00+00:00,3.0,2.0,54.06959111710741,0.701614618933144,-371.22203160434356,-393.80949578804893,-88.5618710930247
ETH,-1,2025-09-05 14:00:00+00:00,3.0,2.0,-53.891696886128045,-109.70308062919099,9.177039608758708,-60.04874131751548,-230.38583364742848
ETH,-1,2025-09-15 08:00:00+00:00,3.0,2.0,21.53614123805103,-28.855324151086936,-1.486015924767603,35.24297469336912,-192.27271719120864
ETH,-1,2025-09-17 17:00:00+00:00,3.0,2.0,-354.20865682703305,-324.69880062544473,-432.54760893339574,-48.19641904899585,-103.1715186956017
ETH,-1,2025-09-22 00:00:00+00:00,3.0,2.0,327.291606576291,295.2408422267083,395.0850879723111,336.8445341794046,540.5018748197288
ETH,-1,2025-09-25 04:00:00+00:00,3.0,2.0,-1.3999055063784738,407.77247535791264,201.81137773200297,-44.596989703196144,-22.273496538982585
ETH,-1,2025-10-07 14:00:00+00:00,3.0,2.0,221.73697227253598,329.9602898146847,322.64525567785915,609.7168036784162,1072.4580256374527
ETH,-1,2025-10-09 08:00:00+00:00,3.0,2.0,30.64847173683716,-67.95362511788028,15.023760655313856,1145.3421719272937,1120.6338640187862
ETH,-1,2025-10-10 14:00:00+00:00,3.0,2.0,816.8641411438016,1139.804450012738,1067.5776438166595,572.1111030599379,336.24032593222665
ETH,-1,2025-10-28 19:00:00+00:00,3.0,2.0,86.5612109650793,75.759640277967,217.3196744664241,696.6022123400506,439.24735844615867
ETH,-1,2025-11-03 15:00:00+00:00,3.0,2.0,-2.871248212439337,-101.49723049990288,444.0120536672521,422.46375397584245,870.2390941351268
ETH,-1,2025-11-12 15:00:00+00:00,3.0,2.0,16.344018235254776,-161.28043708574458,291.44886803080914,572.2741242087016,704.9525293827508
ETH,-1,2025-11-13 17:00:00+00:00,3.0,2.0,165.425183609349,92.84223276347036,264.5081359923507,140.43156267004363,596.1578072017293
ETH,-1,2025-11-19 15:00:00+00:00,3.0,2.0,-41.87522932074028,-276.53135761243954,367.65374167292197,704.8772523925095,729.6186459220467
ETH,-1,2025-11-20 16:00:00+00:00,3.0,2.0,96.20426626767986,183.63408819190408,286.41044823077834,392.4029392640649,242.15368911199798
ETH,-1,2025-12-01 00:00:00+00:00,3.0,2.0,-17.218566413210734,78.04809202053508,142.93527159818686,-635.5344635957861,-1296.8967768113894
ETH,-1,2025-12-05 16:00:00+00:00,3.0,2.0,37.43897611822145,-14.348858688482125,-74.94392400052786,-264.2499010423549,-287.83480670273144
ETH,-1,2025-12-07 14:00:00+00:00,3.0,2.0,-484.3250595035697,-572.7303638218295,-540.6324379462757,-1031.5198911934708,-1311.2206732403943
ETH,-1,2025-12-12 15:00:00+00:00,3.0,2.0,-68.6424306001232,-60.49786123608403,-114.02397109655294,-89.55768472697744,267.14187514049416
ETH,-1,2025-12-15 14:00:00+00:00,3.0,2.0,334.23614188867634,363.15884506163854,277.1786411910515,470.47816024031295,268.3803614517166
ETH,-1,2025-12-17 15:00:00+00:00,3.0,2.0,236.52780217925164,227.6054746574885,-136.86643723538782,-215.9272158548742,-256.2327108373563
ETH,-1,2025-12-18 17:00:00+00:00,3.0,2.0,49.379937114441,-363.1746657006385,-428.2056512594701,-470.4810675070159,-506.2146972137605
ETH,-1,2025-12-26 14:00:00+00:00,3.0,2.0,-25.54860922973523,-54.18362762816153,-32.40729627127514,-109.36176487734927,-61.72818337385699
ETH,-1,2026-01-06 17:00:00+00:00,3.0,2.0,-199.5326488037441,-180.42512670479738,146.87732970812385,230.98175075020544,309.3225913558828
ETH,-1,2026-01-18 23:00:00+00:00,3.0,2.0,269.5753632062692,180.43788860557464,304.6698166375739,987.1228945612743,849.0603399165897
ETH,-1,2026-01-20 06:00:00+00:00,3.0,2.0,123.59193474345886,384.7400877663254,468.52578898202046,369.4917321810942,540.0807039282985
ETH,-1,2026-01-21 16:00:00+00:00,3.0,2.0,-307.0539419087148,-438.9695712309805,-235.9958506224058,-325.6915629322266,-245.95435684647393
ETH,-1,2026-01-27 17:00:00+00:00,3.0,2.0,-322.30417264221825,-288.8410844772249,-292.5629993853729,566.7554462883295,645.9400396093695
ETH,-1,2026-01-29 14:00:00+00:00,3.0,2.0,194.14132208118383,468.882078540096,511.07763913577406,1190.9027345367008,1952.7534951351622
ETH,-1,2026-01-30 20:00:00+00:00,3.0,2.0,-50.7250701199502,128.4537805096375,982.3879572715877,1461.8517634421435,1268.9473056036272
ETH,-1,2026-02-01 15:00:00+00:00,3.0,2.0,-15.641946342073165,321.3944665534574,-185.24039770296596,325.32655803723776,779.9368272774798
ETH,-1,2026-02-03 18:00:00+00:00,3.0,2.0,-701.0174994808671,-773.9791969493904,-322.9475393124792,907.5378022766323,253.0062484661999
ETH,-1,2026-02-05 15:00:00+00:00,3.0,2.0,463.33523817298715,263.5821870280419,-384.3524225478578,-454.86550471447896,-612.2188660761663
ETH,-1,2026-02-23 01:00:00+00:00,3.0,2.0,-134.0027178016001,-277.01084963654756,65.08703436077789,-353.52990660253215,-1066.8449774595024
ETH,-1,2026-02-26 16:00:00+00:00,3.0,2.0,-223.98224284921665,-293.5478989053131,259.84966957574574,385.25954699086816,113.85764011501709
ETH,-1,2026-02-28 06:00:00+00:00,3.0,2.0,-350.1630434782621,-575.3260869565202,-903.6413043478265,-543.5326086956516,-843.5326086956518
ETH,-1,2026-03-18 11:00:00+00:00,3.0,2.0,385.2514321245726,331.27389630492223,602.5286535162577,562.8833882369555,488.00278707538
ETH,-1,2026-03-21 23:00:00+00:00,3.0,2.0,-119.19849453693621,7.824951514104894,194.6156652648956,-283.6184880081416,-372.2852698888191
ETH,-1,2026-03-27 10:00:00+00:00,3.0,2.0,71.03243178073426,-5.073745127195384,-29.236828356709044,-60.28212032311187,-398.4145802354999
ETH,-1,2026-04-02 01:00:00+00:00,3.0,2.0,254.43073565223128,169.98584642658022,223.02600540409,234.08199541557596,187.18934812548383
ETH,-1,2026-04-08 14:00:00+00:00,3.0,2.0,-84.73842705433832,62.00483829083336,-100.45603852409491,-124.82972587574581,-243.69131522239405
ETH,-1,2026-04-12 01:00:00+00:00,3.0,2.0,21.149752877087646,169.60388181391895,109.22111187272154,-671.0649734838925,-479.09376240124146
ETH,1,2025-07-02 16:00:00+00:00,3.0,2.0,37.069588484599514,110.85720982011881,62.18628542411064,-251.0107224468283,-225.85496377023895
ETH,1,2025-07-06 21:00:00+00:00,3.0,2.0,-55.70610679645371,-112.9585316164039,-199.16576142632314,87.05770472284158,744.2042067581833
ETH,1,2025-07-08 17:00:00+00:00,3.0,2.0,-12.84605003077699,56.62202409399075,387.17841863594725,743.0445903218774,1450.341987849777
ETH,1,2025-07-09 18:00:00+00:00,3.0,2.0,204.50213774275028,264.8814123083931,357.1244600451839,1061.218182219572,816.0216644222196
ETH,1,2025-07-10 21:00:00+00:00,3.0,2.0,-8.34516686968767,105.45868132903368,-75.88044875461941,-119.2887764235584,-46.907913775582344
ETH,1,2025-07-18 01:00:00+00:00,3.0,2.0,-22.24417128011913,-77.88226636011642,-126.21630519888294,1.4386777444852505,355.2150684893607
ETH,1,2025-07-24 14:00:00+00:00,3.0,2.0,-23.196138619696605,-372.45070150908833,-269.16627827866523,1.6606935270457868,225.74717816027157
ETH,1,2025-08-07 10:00:00+00:00,3.0,2.0,22.779341493748273,234.94141519931898,253.71473456830662,969.143156378871,941.3628330169521
ETH,1,2025-08-08 13:00:00+00:00,3.0,2.0,146.61898569570786,79.62388716614922,492.39771931579355,547.1141342402719,693.2079623887155
ETH,1,2025-08-11 13:00:00+00:00,3.0,2.0,-81.9928925465252,31.23538763677214,320.7705975872055,866.361170859442,914.8975965584971
ETH,1,2025-08-12 20:00:00+00:00,3.0,2.0,56.261500162355645,188.18053901937583,218.87650178590735,-308.79965364216775,-416.43034960493486
ETH,1,2025-08-22 14:00:00+00:00,3.0,2.0,518.0466354722735,178.9485552717518,299.24500318737836,400.1569838289321,-4.206472764172187
ETH,1,2025-09-02 13:00:00+00:00,3.0,2.0,-149.1650595472027,-91.46870915555327,201.74300103282138,-83.05989452421558,-239.83401731119014
ETH,1,2025-09-05 07:00:00+00:00,3.0,2.0,-325.25481313703364,-178.39184597961523,-239.43374858437116,-261.1098527746314,-259.47904869762283
ETH,1,2025-09-13 03:00:00+00:00,3.0,2.0,-81.89756704916506,-279.6589494228896,-204.40740990005813,-239.38318134401283,-499.3143655146881
ETH,1,2025-09-17 19:00:00+00:00,3.0,2.0,214.43362900457564,188.14435843770516,193.74771602272523,-127.79198919194212,-73.90673621031408
ETH,1,2025-09-25 18:00:00+00:00,3.0,2.0,59.5282083691151,35.03907812822504,249.50371923887494,196.65204793855474,288.8494186061319
ETH,1,2025-09-28 22:00:00+00:00,3.0,2.0,-42.663438256658196,-69.87893462469641,200.9200968522995,31.985472154962835,522.9782082324452
ETH,1,2025-10-01 08:00:00+00:00,3.0,2.0,81.74996678251833,29.371245550606773,232.0561503621299,423.76180386068717,461.15186565685474
ETH,1,2025-10-11 02:00:00+00:00,3.0,2.0,-19.20110881844184,-43.92546739198422,-153.86940119635705,781.4877342170523,816.2685758352617
ETH,1,2025-10-12 14:00:00+00:00,3.0,2.0,397.57960020631253,411.9460064661395,402.0329345460483,274.99968549898665,14.668327232012501
ETH,1,2025-10-14 15:00:00+00:00,3.0,2.0,80.74724252328913,71.73724093184842,-269.7124389437733,-300.09671061490775,-732.1605641044471
ETH,1,2025-10-21 14:00:00+00:00,3.0,2.0,-191.2969941175735,-403.53691750923406,-449.0542103495876,-363.043937867652,-330.68437612704946
ETH,1,2025-10-26 22:00:00+00:00,3.0,2.0,175.06738447259585,2.692974462426001,-97.40392452939118,-436.62252913582057,-620.2737697074045
ETH,1,2025-11-14 14:00:00+00:00,3.0,2.0,-99.0099009900991,-61.763914862743576,-41.374004740967194,-291.9634983081365,-246.3051106121339
ETH,1,2025-12-02 15:00:00+00:00,3.0,2.0,38.67210250436681,168.46659455861612,271.8695398951665,541.176470588236,88.0272901239687
ETH,1,2025-12-07 15:00:00+00:00,3.0,2.0,23.43956625231236,340.9812218989683,269.27400158688107,1123.512298333773,1074.2197831261558
ETH,1,2025-12-09 15:00:00+00:00,3.0,2.0,253.90378220793818,234.98195646747487,322.9653644300501,-219.78902472472362,-544.17198522002
ETH,1,2025-12-18 13:00:00+00:00,3.0,2.0,-618.1485581596291,-433.12587752457057,44.04498325953021,54.57527810778684,20.858084026351698
ETH,1,2025-12-26 02:00:00+00:00,3.0,2.0,-1.0429282734492062,-171.477593863546,-136.55631812676705,-100.96218543937607,234.75979006863045
ETH,1,2025-12-29 03:00:00+00:00,3.0,2.0,-254.69270235892293,-352.9674707229924,-321.8416494384524,-246.37714503580764,-223.369674181344
ETH,1,2026-01-02 14:00:00+00:00,3.0,2.0,152.80548931821514,135.12417473680927,56.51532110240609,168.28069492432763,364.68927928366537
ETH,1,2026-01-06 14:00:00+00:00,3.0,2.0,-2.717009701861395,-32.08513704108462,-343.16748380479044,-526.794600172179,-501.76147707637455
ETH,1,2026-01-13 22:00:00+00:00,3.0,2.0,-2.6725763636137323,-135.3404682113546,69.27678281863692,-39.428008600290724,-104.8010281911771
ETH,1,2026-01-21 14:00:00+00:00,3.0,2.0,169.25204223414036,110.45180864417192,-131.4950429255124,-95.114076480578,-80.88388296337068
ETH,1,2026-02-03 19:00:00+00:00,3.0,2.0,220.01216489791585,343.79454032119173,-147.88521420206368,-1520.4760651094384,-680.1448893811346
ETH,1,2026-02-25 01:00:00+00:00,3.0,2.0,-42.03411751821373,416.11690282608913,702.9502109528618,560.8373446536885,61.9559945553827
ETH,1,2026-03-01 01:00:00+00:00,3.0,2.0,-130.01347367164962,-55.7839837321572,-283.59344314458525,5.518736358529619,-164.56772384442098
ETH,1,2026-03-02 15:00:00+00:00,3.0,2.0,30.731347440113854,-234.71127679221436,-310.2449224876269,463.85280222008384,157.27218984057822
ETH,1,2026-03-04 08:00:00+00:00,3.0,2.0,410.0293985169956,407.1234495551468,290.0137063926045,-27.509650172177214,-383.82742537765193
ETH,1,2026-03-13 00:00:00+00:00,3.0,2.0,-96.97970740915606,306.7956583294018,-129.0231241151496,-149.41009910334978,311.42048135913035
ETH,1,2026-03-15 22:00:00+00:00,3.0,2.0,426.47200076841864,378.94900540179634,755.5653132446904,594.4719641770857,71.49031930513195
ETH,1,2026-03-23 11:00:00+00:00,3.0,2.0,161.6213683223977,38.238050609182835,128.3973758200574,226.61668228678656,-289.456419868791
ETH,1,2026-03-31 01:00:00+00:00,3.0,2.0,-162.68321159431332,-133.97724750812802,71.98201414552852,0.28947190675365775,-101.94235649430006
ETH,1,2026-04-07 22:00:00+00:00,3.0,2.0,91.46945911360005,121.47865111836076,-134.50065785916564,-136.66348250815696,110.75464556711046
ETH,1,2026-04-09 15:00:00+00:00,3.0,2.0,-93.59494812810065,-98.91745602164991,122.5529995489394,182.81461434370928,-139.46774921064554
ETH,1,2026-04-11 18:00:00+00:00,3.0,2.0,-375.77998212224514,-379.85888723997,-466.8176729412377,-185.76375328698936,32.89159658760532
ETH,1,2026-04-13 22:00:00+00:00,3.0,2.0,9.396338404237259,89.92423404960981,-130.5283208190533,29.50705363140793,-21.896444697658836
ETH,1,2026-04-17 13:00:00+00:00,3.0,2.0,-44.935981615233935,-76.37065003283095,-300.9274458305988,-411.89264609323817,-604.2760998030205
ETH,1,2026-04-22 02:00:00+00:00,3.0,2.0,63.36932553619556,128.17215544246753,-134.83373457401692,-107.17553261011648,-107.17553261011648
GIGGLE,-1,2026-01-19 00:00:00+00:00,3.0,2.0,26.08047690014881,9.314456035767193,-443.3681073025331,251.4903129657231,175.11177347242835
GIGGLE,-1,2026-01-29 02:00:00+00:00,3.0,2.0,411.0482818616779,585.0369725967807,528.4906481078733,374.0756850804694,2057.416267942582
GIGGLE,-1,2026-01-31 17:00:00+00:00,3.0,2.0,-172.12659633536907,-297.0571904497499,-324.8195446973878,-274.84730705163554,841.1993337034984
GIGGLE,-1,2026-02-23 01:00:00+00:00,3.0,2.0,-294.8207171314743,-235.05976095617552,99.60159362549791,-7.968127490038945,-1278.8844621513929
GIGGLE,-1,2026-02-25 23:00:00+00:00,3.0,2.0,399.85590778098043,255.76368876080724,317.00288184438153,407.06051873198976,684.4380403458217
GIGGLE,-1,2026-02-28 06:00:00+00:00,3.0,2.0,-231.40495867768783,-508.2644628099176,-933.8842975206618,-578.5123966942151,-1024.7933884297522
GIGGLE,-1,2026-03-05 01:00:00+00:00,3.0,2.0,651.3285806869728,388.8528839922223,586.5197666882693,1036.941023979261,1429.0343486714196
GIGGLE,-1,2026-03-17 03:00:00+00:00,3.0,2.0,211.17166212534121,425.74931880108966,333.7874659400542,698.2288828337879,698.2288828337879
GIGGLE,-1,2026-03-18 11:00:00+00:00,3.0,2.0,85.56547619047672,126.48809523809534,-0.0,-167.41071428571396,-148.8095238095255
GIGGLE,-1,2026-03-23 08:00:00+00:00,3.0,2.0,-489.26014319809144,-624.5027844073193,-704.0572792362765,-294.3516308671423,318.2179793158313
GIGGLE,-1,2026-03-27 08:00:00+00:00,3.0,2.0,-391.15646258503386,-420.91836734693857,-165.8163265306123,293.3673469387765,21.25850340136126
GIGGLE,-1,2026-04-02 01:00:00+00:00,3.0,2.0,-40.816326530612734,-36.28117913832219,-4.53514739228833,312.925170068028,-376.4172335600891
GIGGLE,-1,2026-04-08 13:00:00+00:00,3.0,2.0,345.20348837209224,639.5348837209292,824.8546511627908,552.3255813953488,-232.55813953488413
GIGGLE,-1,2026-04-13 08:00:00+00:00,3.0,2.0,-381.0531886742519,-314.8981211960833,-1066.4196877480813,-1087.5893093410948,-367.8221751786181
GIGGLE,-1,2026-04-15 15:00:00+00:00,3.0,2.0,-546.3441152487092,-500.1359064963307,122.31584669747053,-883.3922261484095,43.4900788257675
GIGGLE,-1,2026-04-27 05:00:00+00:00,3.0,2.0,-36.0468609191944,-648.8434965455103,-597.7771102433161,-417.5428056473418,474.61700210273295
GIGGLE,-1,2026-05-04 15:00:00+00:00,3.0,2.0,-291.8130235071614,-226.96568495001347,470.1432045393128,264.7932991083479,437.7195352607399
GIGGLE,-1,2026-05-15 13:00:00+00:00,3.0,2.0,-263.6419374616805,-288.1667688534661,153.28019619865074,-478.234212139792,-318.8228080931932
GIGGLE,-1,2026-05-23 07:00:00+00:00,3.0,2.0,-144.21501147164895,-547.361520812848,-199.93444772205882,-157.32546705997885,6.555227794167173
GIGGLE,-1,2026-05-28 03:00:00+00:00,3.0,2.0,319.11203607353445,13.874436351023478,-270.55150884495396,-364.2039542143594,-1061.3943808532777
GIGGLE,-1,2026-06-01 10:00:00+00:00,3.0,2.0,182.27529855436853,191.70333123821436,468.25895663105024,326.83846637335034,1665.6191074795722
GIGGLE,-1,2026-06-04 01:00:00+00:00,3.0,2.0,299.19042590637156,256.9517775431185,700.457585357268,1158.0429426258354,-366.0682858148534
GIGGLE,1,2026-02-03 19:00:00+00:00,3.0,2.0,-34.582132564843214,282.4207492795372,639.7694524495679,-1360.230547550433,-273.7752161383289
GIGGLE,1,2026-02-06 01:00:00+00:00,3.0,2.0,-195.95245743655565,1034.371988435594,562.1586893671715,109.21940250562257,215.22646964343028
GIGGLE,1,2026-02-25 01:00:00+00:00,3.0,2.0,-11.834319526627946,201.18343195266286,1167.6528599605506,642.9980276134129,461.5384615384599
GIGGLE,1,2026-03-17 02:00:00+00:00,3.0,2.0,-574.8265609514369,-568.2193591014207,-538.4869507763457,-1146.349520977865,-888.6686488272222
GIGGLE,1,2026-03-18 12:00:00+00:00,3.0,2.0,-671.353251318102,-653.7785588752198,-502.63620386643225,-471.0017574692438,-411.2478031634437
GIGGLE,1,2026-03-21 04:00:00+00:00,3.0,2.0,-172.84839755131398,-180.050414115952,-731.0046813107673,-586.9643500180044,-226.86352178609926
GIGGLE,1,2026-03-23 01:00:00+00:00,3.0,2.0,104.29201764941887,742.0778178900922,581.6285599679105,348.97713598074586,160.4492579221817
GIGGLE,1,2026-04-02 05:00:00+00:00,3.0,2.0,-325.02226179875305,-244.87978628673247,-71.23775601068583,-400.71237756010737,204.80854853072162
GIGGLE,1,2026-04-05 09:00:00+00:00,3.0,2.0,537.8151260504183,289.9159663865536,521.0084033613449,155.462184873949,1462.184873949579
GIGGLE,1,2026-04-07 07:00:00+00:00,3.0,2.0,-340.0809716599185,-117.4089068825912,1036.4372469635641,449.392712550607,445.3441295546567
GIGGLE,1,2026-04-08 12:00:00+00:00,3.0,2.0,-998.6320109439117,-1166.210670314638,-1367.989056087552,-1203.8303693570451,-235.97811217510144
GIGGLE,1,2026-04-11 03:00:00+00:00,3.0,2.0,17.271157167531026,-272.8842832469769,31.088082901553626,1816.9257340241795,2987.9101899827297
GIGGLE,1,2026-04-13 00:00:00+00:00,3.0,2.0,2685.0690087829366,2402.7603513174413,2111.0414052697624,6298.619824341281,1587.20200752823
GIGGLE,1,2026-04-26 06:00:00+00:00,3.0,2.0,-577.2966971967796,-568.9703025256742,-893.6996946988618,-341.382181515405,-416.3197335553703
GIGGLE,1,2026-05-04 04:00:00+00:00,3.0,2.0,995.3024075161476,1250.7339988256017,1045.2143276570735,645.9189665296527,478.5672342924241
GIGGLE,1,2026-05-10 15:00:00+00:00,3.0,2.0,85.08508508508372,-545.545545545546,-693.1931931931945,-1481.4814814814813,-1659.1591591591593
GIGGLE,1,2026-05-30 16:00:00+00:00,3.0,2.0,381.1023622047238,-9.448818897638267,201.57480314960674,-160.62992125984277,-538.5826771653545
GIGGLE,1,2026-06-07 01:00:00+00:00,3.0,2.0,-93.17803660565782,-33.27787021630613,-299.50083194675625,-392.67886855241295,-835.2745424292851
LINK,-1,2025-08-01 13:00:00+00:00,3.0,2.0,-19.066363244970574,36.902638538655054,264.46890952703137,67.65483732086852,-273.0795251860507
LINK,-1,2025-08-10 07:00:00+00:00,3.0,2.0,-120.59199707655787,-21.012241914855068,-19.1850904439983,192.30769230769164,-722.6384067239167
LINK,-1,2025-08-14 12:00:00+00:00,3.0,2.0,-23.263096676060524,10.289446606720487,63.97351585916922,301.972889545028,-1070.997181586364
LINK,-1,2025-08-18 02:00:00+00:00,3.0,2.0,-58.51729286896035,-238.50841438314728,233.66560393881963,321.64332701077547,-408.0067799346221
LINK,-1,2025-09-15 08:00:00+00:00,3.0,2.0,29.27375263678922,-252.70136467346882,-203.19428300830998,0.4304963623047442,-455.8956476817766
LINK,-1,2025-09-22 00:00:00+00:00,3.0,2.0,473.5663082437269,334.22939068100345,385.3046594982079,296.5949820788527,458.3333333333328
LINK,-1,2025-10-10 15:00:00+00:00,3.0,2.0,2145.432410919137,1703.4227653696676,1650.5127124596142,1031.980147024395,831.5774687456101
LINK,-1,2025-11-03 03:00:00+00:00,3.0,2.0,315.5577299412915,550.3913894324852,686.7661448140905,902.0303326810175,719.1780821917804
LINK,-1,2025-11-21 07:00:00+00:00,3.0,2.0,20.37323771493793,182.5442099258412,396.05574117838825,-150.76195909053735,-273.8163148887618
LINK,-1,2025-12-01 00:00:00+00:00,3.0,2.0,66.8950889215203,170.50089737314366,177.84304127916428,-1178.8219937999677,-2023.9843367596677
LINK,-1,2025-12-07 14:00:00+00:00,3.0,2.0,-412.97935103244754,-497.6930640647459,-388.0190605854317,-881.1738900234478,-595.2651085394444
LINK,-1,2026-01-18 23:00:00+00:00,3.0,2.0,406.3511174655721,404.8461133268122,339.3784332906924,769.0571149070657,641.8842651817291
LINK,1,2025-07-02 16:00:00+00:00,3.0,2.0,-77.58746889181766,84.90704142878114,38.06177719221093,-420.143463621726,-415.01976284584964
LINK,1,2025-07-09 19:00:00+00:00,3.0,2.0,34.275321768326705,96.53049804140946,333.65976496922303,860.3805260212649,395.2154448796885
LINK,1,2025-07-10 21:00:00+00:00,3.0,2.0,175.19594283079698,219.324244220509,19.758940920766577,-91.5497595995518,266.7457024303488
LINK,1,2025-07-17 22:00:00+00:00,3.0,2.0,814.8022407061628,388.162734114188,86.5727380750303,406.2694505743214,910.9941719006409
LINK,1,2025-08-10 04:00:00+00:00,3.0,2.0,-249.6269162935827,-20.350020350019538,23.96780174557911,-331.4792203681094,745.2629674851896
LINK,1,2025-08-12 12:00:00+00:00,3.0,2.0,480.4119095589887,561.8983657935961,574.8824714573542,189.83657935975006,-55.96597268860526
LINK,1,2025-08-22 14:00:00+00:00,3.0,2.0,347.6459076781402,-47.19696097617132,-22.25547753347934,-193.3924254633368,-636.1996853535945
LINK,1,2025-08-28 13:00:00+00:00,3.0,2.0,-498.6256823196933,-605.4740428167704,-944.9885796136426,-1017.7693469087524,-848.9799078626447
LINK,1,2025-09-02 13:00:00+00:00,3.0,2.0,-18.38078139693944,14.106181072071067,137.21467042831614,-198.76891510643756,-512.9520389843544
LINK,1,2025-09-17 19:00:00+00:00,3.0,2.0,233.34186502858233,342.54756420100784,485.8800443648148,-14.077297158946456,-23.888746693968564
LINK,1,2025-10-01 08:00:00+00:00,3.0,2.0,101.10128181982425,79.88806643798529,146.68712764037028,96.13648673045816,-146.68712764036806
LTC,-1,2025-07-03 15:00:00+00:00,3.0,2.0,-3.3700292069194226,80.88070096607503,267.35565041563603,299.93259941586194,117.95102224219201
LTC,-1,2025-08-01 22:00:00+00:00,3.0,2.0,-257.80060882800495,-177.8919330289175,-95.12937595129279,-495.6240487062402,-1523.0213089802126
LTC,-1,2025-08-05 12:00:00+00:00,3.0,2.0,304.59723681021234,442.75672618566574,665.7509897390312,294.0938838167573,19.390805526379175
LTC,-1,2025-08-14 12:00:00+00:00,3.0,2.0,75.81933800750006,58.6988423283874,280.45002445785116,389.69509212457234,67.66672101744642
LTC,-1,2025-09-11 14:00:00+00:00,3.0,2.0,-128.27271129854267,-151.1157968722565,-231.94517659462343,-459.4974521173789,-72.92215779300726
LTC,-1,2025-09-15 08:00:00+00:00,3.0,2.0,-28.38641000620923,-75.40140157899388,-191.60826754191396,-156.12525503415188,-276.76749756054164
LTC,-1,2025-09-22 00:00:00+00:00,3.0,2.0,545.0470640968175,470.64096817570623,558.4939489018382,370.2375616315545,593.4558493948894
LTC,-1,2025-09-25 17:00:00+00:00,3.0,2.0,-264.7496281606343,-206.24690133862256,-361.92364898363974,-355.9742191373339,-444.2240951908771
LTC,-1,2025-10-09 16:00:00+00:00,3.0,2.0,-878.3608541540589,-1238.0046684533586,-1016.685398115329,1580.3579147574997,1411.7748768047034
LTC,-1,2025-10-10 20:00:00+00:00,3.0,2.0,1708.6627140974963,1921.1133069828722,2304.018445322793,1814.8880105401843,1751.4822134387352
LTC,-1,2025-10-28 14:00:00+00:00,3.0,2.0,175.58104130721674,219.22257180554072,30.447579417436366,656.6527961027102,301.4310362326189
LTC,-1,2025-11-03 03:00:00+00:00,3.0,2.0,274.08902581536165,632.1045362796118,539.6791671093171,742.5900350578985,606.6078827153931
LTC,-1,2025-11-12 16:00:00+00:00,3.0,2.0,-230.80151070079768,-599.0348300461612,-38.816617708770096,-124.84263533361516,-838.2291229542593
LTC,-1,2025-12-12 15:00:00+00:00,3.0,2.0,-83.64083640836517,-119.3111931119306,-70.11070110701124,244.77244772447614,523.985239852397
LTC,-1,2025-12-18 19:00:00+00:00,3.0,2.0,-210.54080088069415,-458.2358607403325,-703.1787532681988,-667.4005779551395,-494.0140360533918
LTC,-1,2026-01-12 12:00:00+00:00,3.0,2.0,18.34621936836589,13.104442405976746,-1.3104442405964534,-297.47084261564584,79.93709867645138
LTC,-1,2026-01-15 03:00:00+00:00,3.0,2.0,-248.8504192588592,142.00703272923997,308.358128212064,-73.0321882607532,-83.85177170678881
LTC,-1,2026-01-30 01:00:00+00:00,3.0,2.0,132.69557167103875,29.316463508717305,-30.85943527233459,776.1147970992133,938.1268322789704
LTC,-1,2026-01-31 17:00:00+00:00,3.0,2.0,-243.98625429553178,-173.539518900343,-171.8213058419238,-364.26116838487843,207.9037800687289
LTC,-1,2026-03-29 22:00:00+00:00,3.0,2.0,-109.1867469879526,-114.83433734939652,-32.003012048194,-146.83734939759051,-124.24698795180822
LTC,-1,2026-04-02 01:00:00+00:00,3.0,2.0,201.46864997175663,192.0542270758796,158.1623046507241,-5.648653737526654,-69.66672942948504
LTC,-1,2026-04-08 14:00:00+00:00,3.0,2.0,16.51982378854555,100.95447870778207,-40.38179148311505,-77.092511013217,-14.68428781204123
LTC,1,2025-07-02 16:00:00+00:00,3.0,2.0,-45.61523548865188,232.637700992131,238.33960542821276,-53.597901699167224,-125.44189759379543
LTC,1,2025-07-10 21:00:00+00:00,3.0,2.0,103.4956172774315,120.39286091456435,-99.27130636814829,-216.49593410074996,-40.13095363818775
LTC,1,2025-07-18 09:00:00+00:00,3.0,2.0,-548.6217114124092,-941.9053605100125,-884.4392565322801,602.4961838915322,641.1062225015706
LTC,1,2025-07-19 19:00:00+00:00,3.0,2.0,-75.41478129713397,572.2651051370775,381.51007009138647,230.68050749711634,380.6228373702436
LTC,1,2025-08-22 14:00:00+00:00,3.0,2.0,322.17467908381536,85.57764913163845,142.62941521939743,11.745951841597435,-631.7644097659203
LTC,1,2025-09-10 16:00:00+00:00,3.0,2.0,106.56583018219257,-8.594018563079509,-139.22310072189802,88.5183911997256,308.52526641457655
LTC,1,2025-10-02 00:00:00+00:00,3.0,2.0,118.67423921335885,52.5557345087746,-17.80113588200294,135.62770195812536,335.67856234635985
LTC,1,2025-10-09 22:00:00+00:00,3.0,2.0,267.7725118483432,446.2875197472349,-2367.298578199052,-2632.701421800948,-2189.57345971564
LTC,1,2025-11-04 22:00:00+00:00,3.0,2.0,169.63032288254576,121.66588675713629,451.56761815629443,171.97005147402854,1913.8979878334105
LTC,1,2026-01-13 22:00:00+00:00,3.0,2.0,30.61224489795844,-73.97959183673586,-223.21428571428604,-793.3673469387747,-408.1632653061229
LTC,1,2026-02-20 15:00:00+00:00,3.0,2.0,71.07709130672602,18.22489520685311,94.76945507563394,-240.56861673045438,-566.794240933115
LTC,1,2026-02-25 12:00:00+00:00,3.0,2.0,698.5294117647056,382.35294117646924,310.661764705884,93.74999999999912,-270.2205882352937
LTC,1,2026-04-09 15:00:00+00:00,3.0,2.0,3.656975681112229,-29.25580544889339,84.11044066557017,34.741268970561734,-204.79063814225594
LTC,1,2026-04-13 22:00:00+00:00,3.0,2.0,-93.57798165137598,1.8348623853214896,-45.871559633027246,115.59633027522942,333.94495412844003
LTC,1,2026-04-16 15:00:00+00:00,3.0,2.0,57.29632945389529,-37.600716204118086,220.23276633840626,-10.743061772605644,-107.430617726052
NEAR,-1,2025-08-14 12:00:00+00:00,3.0,2.0,89.76660682226355,78.99461400359131,172.35188509874376,323.15978456014415,86.17594254937133
NEAR,-1,2025-09-15 08:00:00+00:00,3.0,2.0,-23.09468822170979,-111.62432640492659,-311.7782909930722,-484.98845265589006,-1227.8675904541947
NEAR,-1,2025-09-19 11:00:00+00:00,3.0,2.0,186.296179349541,69.4663719608457,243.13230186296164,179.98105462582848,858.8569624250075
NEAR,-1,2025-10-10 20:00:00+00:00,3.0,2.0,1344.3565780014378,1013.6592379583032,1782.890007189073,1110.711718188354,506.82961897915214
NEAR,-1,2025-11-03 03:00:00+00:00,3.0,2.0,264.8357037763616,500.2452182442374,568.9063266307015,907.3075036782741,500.2452182442374
NEAR,-1,2025-11-04 05:00:00+00:00,3.0,2.0,-273.2240437158451,16.393442622951724,-169.39890710382377,-387.9781420765016,-2021.8579234972678
NEAR,-1,2025-12-12 15:00:00+00:00,3.0,2.0,-136.90105787180994,-292.47044181704985,-336.0298693217168,-24.891101431239182,522.7131300560051
NEAR,-1,2025-12-15 15:00:00+00:00,3.0,2.0,-65.23157208088826,19.56947162426559,-169.6020874103077,130.4631441617743,-378.34311806914656
NEAR,-1,2025-12-17 15:00:00+00:00,3.0,2.0,312.2966818477546,448.92648015614765,-351.3337670787253,78.0741704619392,123.61743656473578
NEAR,-1,2026-01-19 00:00:00+00:00,3.0,2.0,44.64285714285809,63.77551020408156,-146.6836734693877,197.70408163265364,89.28571428571396
NEAR,-1,2026-01-27 17:00:00+00:00,3.0,2.0,-275.1031636863832,-206.3273727647874,-103.16368638239481,742.7785419532318,777.1664374140297
NEAR,-1,2026-01-31 14:00:00+00:00,3.0,2.0,397.40470397404806,218.97810218978185,510.9489051094906,56.77210056772242,227.0884022708841
NEAR,-1,2026-02-23 01:00:00+00:00,3.0,2.0,-215.38461538461507,-235.8974358974364,-61.53846153846176,-256.4102564102577,-1897.4358974358975
NEAR,-1,2026-02-25 22:00:00+00:00,3.0,2.0,467.8362573099415,634.920634920636,593.1495405179633,877.1929824561397,217.2096908939014
NEAR,-1,2026-04-02 01:00:00+00:00,3.0,2.0,128.3147989734823,34.21727972626187,8.554319931566301,-359.2814371257491,-761.334473909323
NEAR,-1,2026-04-17 10:00:00+00:00,3.0,2.0,-274.1702741702734,-158.73015873015817,-28.860028860029363,180.37518037517964,266.9552669552666
NEAR,1,2025-07-10 21:00:00+00:00,3.0,2.0,243.2216905901119,299.04306220095657,-47.84688995215336,-115.62998405103664,35.885167464113636
NEAR,1,2025-08-22 14:00:00+00:00,3.0,2.0,541.9103313840168,249.51267056530168,428.84990253411195,249.51267056530168,-354.77582846003776
NEAR,1,2025-09-18 18:00:00+00:00,3.0,2.0,122.48743718592969,69.09547738693345,-210.42713567839266,-75.37688442211032,-94.22110552763874
NEAR,1,2025-09-23 06:00:00+00:00,3.0,2.0,-224.02597402597425,-457.7922077922081,-311.6883116883118,-707.7922077922073,-1243.5064935064931
NEAR,1,2025-12-02 15:00:00+00:00,3.0,2.0,-16.47446457990087,-5.49148819329992,-137.2872048325091,-43.931905546402696,-812.740252608456
NEAR,1,2025-12-26 02:00:00+00:00,3.0,2.0,-32.61578604044302,-143.50945857795173,26.09262883235486,384.86627527723584,469.6673189823874
NEAR,1,2026-02-25 01:00:00+00:00,3.0,2.0,29.910269192423566,877.3678963110676,1565.3040877367896,1166.500498504488,857.4277168494526
NEAR,1,2026-03-23 11:00:00+00:00,3.0,2.0,122.8878648233489,61.443932411673345,-46.08294930875556,23.041474654377225,-606.7588325652839
NEAR,1,2026-04-07 21:00:00+00:00,3.0,2.0,-30.581039755351867,382.2629969418956,191.13149847094667,474.0061162079523,389.9082568807333
ONDO,-1,2025-07-11 15:00:00+00:00,3.0,2.0,234.3318227036584,216.6464021222503,485.2437272023868,5.52669393168892,-84.00574776168845
ONDO,-1,2025-07-15 14:00:00+00:00,3.0,2.0,-354.5626319884399,-397.91041458263845,-573.5245081693896,-1530.510170056687,-1332.666444370345
ONDO,-1,2025-08-14 12:00:00+00:00,3.0,2.0,53.72599741319317,-0.0,63.675256193413965,198.9851756044192,-157.19828872748698
ONDO,-1,2025-09-02 12:00:00+00:00,3.0,2.0,-425.5319148936176,-791.7133258678599,-933.9305711086232,-304.5912653975358,-483.76259798432295
ONDO,-1,2025-09-05 14:00:00+00:00,3.0,2.0,-8.800880088009055,-34.10341034103315,107.81078107810815,-37.40374037403793,-364.1364136413649
ONDO,-1,2025-09-09 14:00:00+00:00,3.0,2.0,37.720033528919615,-874.8952221290862,-814.1240569991614,-617.141659681475,-1429.1701592623629
ONDO,-1,2025-09-22 00:00:00+00:00,3.0,2.0,440.1079510068506,252.23167946854863,369.5246003736774,326.96699190367553,513.8052729914888
ONDO,-1,2025-09-25 17:00:00+00:00,3.0,2.0,-286.60942213970753,-148.52634021814913,-438.6168484567188,-225.11023439313104,-304.01485263402253
ONDO,-1,2025-10-03 17:00:00+00:00,3.0,2.0,47.730165464573425,64.70089096308863,328.8078065337285,222.7407721680108,-326.6864658464153
ONDO,-1,2025-10-10 15:00:00+00:00,3.0,2.0,2111.8963486454654,1193.1684334511183,1197.8798586572436,554.7703180212015,477.0318021201414
ONDO,-1,2025-10-29 18:00:00+00:00,3.0,2.0,67.90710308298253,32.59540947983086,949.341301100095,598.9406491919048,423.7403232378112
ONDO,-1,2025-11-03 03:00:00+00:00,3.0,2.0,223.99509051856504,484.8112918073044,423.44277385701236,777.8459650199454,618.2878183491869
ONDO,-1,2025-11-04 05:00:00+00:00,3.0,2.0,-121.04909213180859,146.26765299260325,-191.6610625420301,-124.41156691324728,-339.6099529253527
ONDO,-1,2025-11-17 13:00:00+00:00,3.0,2.0,342.0375137918341,310.77602059580545,239.05847738138863,268.48105921294496,42.294961382860485
ONDO,-1,2025-11-20 16:00:00+00:00,3.0,2.0,136.09467455621305,323.4714003944783,658.7771203155812,936.8836291913208,656.8047337278105
ONDO,-1,2025-12-01 00:00:00+00:00,3.0,2.0,70.15306122448939,225.3401360544216,176.44557823129236,-693.0272108843538,-882.227891156464
ONDO,-1,2025-12-05 16:00:00+00:00,3.0,2.0,-10.80847384349326,-49.718979680069,-90.79118028534339,-177.25897103328947,-309.1223519239072
ONDO,-1,2025-12-12 15:00:00+00:00,3.0,2.0,-59.236507240019165,-127.24879333040784,-155.77007459411928,116.27906976744096,939.0083369899082
ONDO,-1,2025-12-15 14:00:00+00:00,3.0,2.0,558.6206896551727,673.5632183908046,427.5862068965519,747.1264367816088,811.4942528735636
ONDO,-1,2025-12-17 15:00:00+00:00,3.0,2.0,285.78528827037707,390.1590457256454,99.4035785288272,223.6580516898601,114.3141153081506
ONDO,-1,2025-12-18 17:00:00+00:00,3.0,2.0,489.016736401674,18.30543933054485,-193.51464435146238,-392.25941422593945,-83.68200836819994
ONDO,-1,2025-12-26 14:00:00+00:00,3.0,2.0,34.7036839295245,-48.0512546716505,-130.8061932728255,-408.4356647090237,-208.2221035771492
ONDO,-1,2026-01-06 16:00:00+00:00,3.0,2.0,-234.8467904271967,105.12189666741168,492.0599418474614,776.1127264594047,883.4712592261229
ONDO,-1,2026-01-18 23:00:00+00:00,3.0,2.0,465.8385093167705,477.13156408808686,194.8051948051954,525.1270468661772,299.26595143986435
ONDO,-1,2026-01-21 16:00:00+00:00,3.0,2.0,-356.7073170731705,-454.2682926829267,-503.04878048780256,-890.2439024390252,-545.7317073170719
ONDO,-1,2026-01-29 14:00:00+00:00,3.0,2.0,247.7547228244037,523.3818519665534,346.8566119541672,1077.7330442861567,1455.5589965933734
ONDO,-1,2026-01-31 14:00:00+00:00,3.0,2.0,281.73913043478274,-76.52173913043514,403.4782608695653,3.478260869564931,-288.6956521739137
ONDO,-1,2026-02-03 16:00:00+00:00,3.0,2.0,21.489971346704273,-143.26647564469886,419.0544412607444,1500.7163323782236,462.0343839541552
ONDO,-1,2026-02-05 15:00:00+00:00,3.0,2.0,565.8818669971089,441.9661296984723,-850.8880627839721,-631.9702602230493,-503.92399834779053
ONDO,-1,2026-02-16 13:00:00+00:00,3.0,2.0,-124.7248716067495,-190.75568598679428,62.36243580337586,25.67865003668457,520.9097578870137
ONDO,-1,2026-02-23 01:00:00+00:00,3.0,2.0,-169.76556184316928,-295.06871463217396,-0.0,-343.5731608730808,-1123.6863379143092
ONDO,-1,2026-02-26 16:00:00+00:00,3.0,2.0,-246.72320740169562,-397.0701619121031,50.11565150347064,424.0555127216661,212.02775636083305
ONDO,-1,2026-02-28 06:00:00+00:00,3.0,2.0,-265.12013256006605,-654.5153272576631,-923.7779618889807,-405.96520298260106,-571.665285832641
ONDO,-1,2026-03-13 14:00:00+00:00,3.0,2.0,196.4418087472186,203.85470719051168,404.0029651593757,218.68050407709228,-355.819125277983
ONDO,-1,2026-03-18 11:00:00+00:00,3.0,2.0,304.47542186353706,231.10785033015557,605.282465150404,484.22597212032235,517.2413793103448
ONDO,-1,2026-03-23 15:00:00+00:00,3.0,2.0,7.898894154817482,35.54502369668033,63.19115323854652,-264.6129541864162,-355.4502369668255
ONDO,-1,2026-03-26 05:00:00+00:00,3.0,2.0,160.61185468451367,-11.472275334607485,-936.9024856596542,-22.94455066921497,-325.0478011472269
ONDO,-1,2026-03-27 10:00:00+00:00,3.0,2.0,186.56716417910445,-11.194029850745135,3.7313432835817117,22.38805970149249,7.462686567165644
ONDO,-1,2026-04-08 14:00:00+00:00,3.0,2.0,68.99195093905797,398.6201609812201,141.81678804139673,341.1268685320057,268.3020314296669
ONDO,1,2025-07-10 21:00:00+00:00,3.0,2.0,148.6365668305756,273.8042020563247,-126.28520339740822,-234.6893160482788,-2.235136343318178
ONDO,1,2025-07-17 12:00:00+00:00,3.0,2.0,-275.43186180422174,278.31094049904027,112.2840690978899,-271.5930902111319,246.64107485604657
ONDO,1,2025-07-22 23:00:00+00:00,3.0,2.0,-322.29889073281504,-810.5511398375398,-928.4653681544241,-1295.3096340291725,-924.0981745130595
ONDO,1,2025-08-22 14:00:00+00:00,3.0,2.0,408.07956526196955,69.72213677842731,209.16641033528194,-21.53183635804412,-514.7134215113291
ONDO,1,2025-09-10 00:00:00+00:00,3.0,2.0,346.1736004108884,524.9101181304571,425.269645608628,1368.2588597842837,1224.4478685156657
ONDO,1,2025-10-10 22:00:00+00:00,3.0,2.0,1143.0290269213406,1464.881937133402,783.5764776658127,2245.4504436757406,2514.6638592269487
ONDO,1,2025-12-02 15:00:00+00:00,3.0,2.0,-105.63380281690016,13.693270735524177,-146.7136150234727,-301.251956181533,-952.660406885758
ONDO,1,2025-12-07 15:00:00+00:00,3.0,2.0,-115.06730351715233,123.75162831089747,284.4116369952232,1122.4489795918369,725.1411202778991
ONDO,1,2025-12-09 15:00:00+00:00,3.0,2.0,38.09905754962983,20.052135552437456,-94.24503709645093,-731.902947663926,-944.4555845197511
ONDO,1,2025-12-18 13:00:00+00:00,3.0,2.0,-905.0334738408128,-979.4197867592358,-317.3816017852704,-94.22266303000137,-495.90875278948675
ONDO,1,2025-12-26 02:00:00+00:00,3.0,2.0,-36.486838676049736,-297.10711493354137,-190.25280166796944,114.67292155329822,375.29319781079096
ONDO,1,2026-01-02 03:00:00+00:00,3.0,2.0,253.48542458808686,577.9467680608352,811.1533586818754,1011.4068441064638,1082.3827629911275
ONDO,1,2026-01-13 22:00:00+00:00,3.0,2.0,-128.78607202480353,-324.35010732172697,-441.211543047938,-939.6613403291199,-856.18888623897
ONDO,1,2026-01-16 20:00:00+00:00,3.0,2.0,44.30544696377492,106.85431326557193,91.21709669012156,-409.17383372426343,-938.232994526974
ONDO,1,2026-02-03 15:00:00+00:00,3.0,2.0,-520.6220419202168,-429.34415145368445,-933.0628803245444,-1768.0865449628136,-1118.999323867479
ONDO,1,2026-02-20 15:00:00+00:00,3.0,2.0,-59.32517612161625,-81.57211716722234,-14.831294030404063,-326.2884686688905,-723.0255839822031
ONDO,1,2026-02-25 01:00:00+00:00,3.0,2.0,-23.43749999999978,507.8125,749.9999999999995,332.03125,58.59375
ONDO,1,2026-03-02 14:00:00+00:00,3.0,2.0,96.97439875872682,-50.4266873545367,-205.58572536850116,725.3685027152845,256.01241272304344
ONDO,1,2026-03-10 14:00:00+00:00,3.0,2.0,-433.79856657865037,-441.3428894756688,-328.1780460203687,-350.8110147114285,113.16484345530009
ONDO,1,2026-03-23 11:00:00+00:00,3.0,2.0,55.40166204986097,-3.9572615749894346,217.64938662445667,356.1535417491091,182.03403244954507
ONDO,1,2026-03-27 01:00:00+00:00,3.0,2.0,-96.49749821300846,-589.7069335239457,-636.1686919228016,-364.5461043602571,-400.28591851322346
ONDO,1,2026-04-22 02:00:00+00:00,3.0,2.0,139.72809667673891,90.63444108761365,-305.8912386706947,-287.00906344410913,-287.00906344410913
SOL,-1,2025-07-11 15:00:00+00:00,3.0,2.0,42.5191027853089,-4.313532166624334,219.3739216169588,85.03820557061891,-176.85481883164877
SOL,-1,2025-07-15 14:00:00+00:00,3.0,2.0,-271.52191841654405,-310.8545327666068,-685.7831631034705,-1049.2926473387042,-1230.7301909534995
SOL,-1,2025-07-23 13:00:00+00:00,3.0,2.0,132.61478311407114,-99.8573466476449,-15.850372483752206,670.4707560627676,155.86199609024186
SOL,-1,2025-08-01 13:00:00+00:00,3.0,2.0,115.95603333736105,70.66070781495459,180.5773644159925,262.1089503563234,39.25594878608551
SOL,-1,2025-08-13 14:00:00+00:00,3.0,2.0,-239.97554389361574,-602.7411219238799,74.89682580119172,548.7338869924085,387.7311866306621
SOL,-1,2025-08-24 19:00:00+00:00,3.0,2.0,-367.95165456406266,253.42365612359254,922.5595789268482,437.6431599980501,-160.82655100151166
SOL,-1,2025-09-05 14:00:00+00:00,3.0,2.0,-49.00747487748269,-98.01494975496317,44.55224988861861,-148.01247462996824,-641.0573733973579
SOL,-1,2025-09-15 08:00:00+00:00,3.0,2.0,-40.52422831522628,-136.2303845490609,-137.95481979651524,-135.79927573719618,-645.8010001724434
SOL,-1,2025-09-22 00:00:00+00:00,3.0,2.0,447.1054445210199,370.0034458993795,672.8118538938666,690.472088215024,1038.5079255685725
SOL,-1,2025-09-24 03:00:00+00:00,3.0,2.0,-110.82325849165242,-250.91153329495296,199.5778161581274,615.0450969103815,234.59988485895144
SOL,-1,2025-10-10 15:00:00+00:00,3.0,2.0,1050.6816130717712,1175.6044269225285,1333.3016672208232,803.6859354961279,500.641238778321
SOL,-1,2025-10-29 18:00:00+00:00,3.0,2.0,-98.69270914070194,-113.67746602593876,750.7879915258619,266.10861365163106,382.8863742055488
SOL,-1,2025-11-03 03:00:00+00:00,3.0,2.0,194.43192064923286,519.6122633002709,707.2813345356188,1153.0658250676283,866.2082957619477
SOL,-1,2025-11-04 05:00:00+00:00,3.0,2.0,-233.36926881856846,79.26945272369812,-14.585579301160667,-63.415562178958936,60.8789396918008
SOL,-1,2025-11-13 17:00:00+00:00,3.0,2.0,258.60895603647793,200.76221587042252,388.5939839390229,308.9696474751591,759.4936708860755
SOL,-1,2025-11-17 17:00:00+00:00,3.0,2.0,50.799909015087906,-284.32784896504694,-721.0554249753587,39.426795056485275,-43.9760406399281
SOL,-1,2025-11-20 16:00:00+00:00,3.0,2.0,-73.1688919061635,39.97887908274933,260.9941917477543,382.4394659425201,95.79844610394406
SOL,-1,2025-12-01 00:00:00+00:00,3.0,2.0,23.50912937857497,91.6856045764436,54.0709975707232,-880.0250764046713,-1293.785753467598
SOL,-1,2025-12-07 14:00:00+00:00,3.0,2.0,-393.71924068432264,-485.8995390985088,-581.2045933911403,-807.7493945785496,-633.5442543551295
SOL,-1,2025-12-12 15:00:00+00:00,3.0,2.0,58.45761822678597,47.21576856778764,24.73206924979432,188.11361762722134,525.3691073971378
SOL,-1,2025-12-15 15:00:00+00:00,3.0,2.0,39.43217665615117,57.57097791798116,-113.56466876971672,152.20820189274397,-4.731861198739029
SOL,-1,2025-12-17 15:00:00+00:00,3.0,2.0,254.2239065213958,243.96020843202248,-15.7903047528829,113.690194220748,31.580609505762467
SOL,-1,2025-12-18 17:00:00+00:00,3.0,2.0,363.8583638583637,-42.32804232804366,-155.47415547415565,-255.59625559625542,-180.70818070818007
SOL,-1,2025-12-26 14:00:00+00:00,3.0,2.0,11.461318051575464,-118.7065083913219,-90.05321326238214,-180.92509209987728,-95.78387228816877
SOL,-1,2026-01-06 16:00:00+00:00,3.0,2.0,-158.44436442203903,31.688872884407804,241.26755491537642,9.362621534029225,32.40907454087116
SOL,-1,2026-01-18 23:00:00+00:00,3.0,2.0,330.260579226247,269.28939536909445,298.3232924439294,762.8656456412864,568.338535239894
SOL,-1,2026-01-21 16:00:00+00:00,3.0,2.0,-311.50414276609473,-360.1019757807511,-250.95602294455065,-225.46207775653303,-132.2498406628436
SOL,-1,2026-01-25 16:00:00+00:00,3.0,2.0,317.11094807206354,22.01027146001455,-127.17045732453025,-106.79057634303435,-309.7741909187257
SOL,-1,2026-01-29 14:00:00+00:00,3.0,2.0,244.287494806813,497.71499792272465,298.2966348151217,980.4736186123808,1560.4486913169924
SOL,-1,2026-01-31 14:00:00+00:00,3.0,2.0,523.8051554903222,379.78167140629296,682.5061920924691,404.5500412806169,595.3582240161459
SOL,-1,2026-02-05 15:00:00+00:00,3.0,2.0,566.5956943458727,806.7187130352504,-242.48876271587338,-294.53513129879207,-191.62526614620256
SOL,-1,2026-02-16 13:00:00+00:00,3.0,2.0,-145.0481512305313,-374.50957080014336,109.3805730590891,192.60492212578862,404.23255260967795
SOL,-1,2026-02-23 01:00:00+00:00,3.0,2.0,-100.11551790527484,-279.81003722243656,37.222436144267455,-578.8730586574253,-1315.6205878577841
SOL,-1,2026-02-26 16:00:00+00:00,3.0,2.0,-159.80113636363535,-353.9299242424243,317.23484848484975,375.2367424242431,74.57386363636465
SOL,-1,2026-02-28 06:00:00+00:00,3.0,2.0,-414.30046463603486,-602.7361899845118,-1175.7872999483743,-690.50077439339,-1038.9778007227667
SOL,-1,2026-03-27 10:00:00+00:00,3.0,2.0,95.24957800819745,-9.645526886905564,1.2056908608626404,49.43332529539379,-153.12273932963637
SOL,-1,2026-03-31 09:00:00+00:00,3.0,2.0,-233.59840954274347,-277.0874751491048,-354.1252485089452,203.77733598409554,43.48906560636245
SOL,-1,2026-04-02 01:00:00+00:00,3.0,2.0,23.974763406939825,22.712933753944455,-6.309148264984632,-108.51735015772857,-161.51419558359638
SOL,-1,2026-04-12 01:00:00+00:00,3.0,2.0,1.2161011796185672,86.3431837528894,42.56354128663653,-486.44047184725815,-133.77112975799577
SOL,1,2025-07-09 19:00:00+00:00,3.0,2.0,69.3428335135815,106.87702780075136,198.48590877282302,341.6247852916854,115.78344678414565
SOL,1,2025-07-10 21:00:00+00:00,3.0,2.0,68.35520292950869,56.1489166920981,-137.93103448275778,-214.22032346658514,-189.19743667988988
SOL,1,2025-07-16 16:00:00+00:00,3.0,2.0,56.1797752808979,-38.22541410865243,94.40518938955256,331.8660952160313,212.55646936175322
SOL,1,2025-07-18 00:00:00+00:00,3.0,2.0,80.65413282901224,52.84236288797261,-176.32662142618716,-104.5722549783068,17.79953276226376
SOL,1,2025-08-13 02:00:00+00:00,3.0,2.0,178.73325949048447,-55.88561071392717,477.2933239351529,-174.2019937569228,-582.0159097774647
SOL,1,2025-08-22 14:00:00+00:00,3.0,2.0,443.493686736931,341.2292601481792,577.5853073150361,735.1560054262762,249.9217364082229
SOL,1,2025-09-25 18:00:00+00:00,3.0,2.0,-184.05215646940866,-160.4814443329994,56.67001003009098,138.4152457372112,334.5035105315941
SOL,1,2025-10-12 14:00:00+00:00,3.0,2.0,490.73825503355596,447.24832214765087,540.1342281879207,851.0067114093966,582.5503355704686
SOL,1,2025-10-21 14:00:00+00:00,3.0,2.0,-74.73143390938853,-389.7451865691004,-455.6541595308528,-91.33841922258523,-177.48715553479565
SOL,1,2025-12-02 15:00:00+00:00,3.0,2.0,150.92149180090163,315.6290814105356,205.34029894064832,343.2012770280091,-412.8573501668842
SOL,1,2025-12-07 15:00:00+00:00,3.0,2.0,-50.06447697792793,241.21975271182316,284.4572555563984,893.5750587878322,319.35067890464853
SOL,1,2025-12-09 15:00:00+00:00,3.0,2.0,27.466570292735693,43.36826888326595,-166.96783520057878,-510.299963859776,-453.19840983014
SOL,1,2025-12-17 14:00:00+00:00,3.0,2.0,-777.9285391225687,-682.1950851801595,-402.53279059249246,-580.4311774461036,-462.8373285089704
SOL,1,2025-12-26 02:00:00+00:00,3.0,2.0,20.259319286872746,-157.21231766612775,16.207455429497752,56.72609400324102,414.91085899513894
SOL,1,2026-01-02 16:00:00+00:00,3.0,2.0,101.61980440097862,73.34963325183352,74.87775061124857,294.92665036674913,428.6369193154038
SOL,1,2026-01-06 14:00:00+00:00,3.0,2.0,-115.59878762247178,-168.46408684006553,-440.54416014661314,-388.38373158525343,-217.80503277648577
SOL,1,2026-01-08 15:00:00+00:00,3.0,2.0,180.40481079495407,241.27310061601514,258.14021707245337,0.0,265.47374596655794
SOL,1,2026-01-13 22:00:00+00:00,3.0,2.0,-169.50306330837384,-217.83526208305037,-19.741320626275318,-311.095983662355,-138.18924438393498
SOL,1,2026-01-21 14:00:00+00:00,3.0,2.0,122.07370779571791,26.269025728193895,-165.3403384068608,-125.16418141080177,-203.1986401916097
SOL,1,2026-01-26 01:00:00+00:00,3.0,2.0,23.70636802092818,111.99215237472471,221.53192185073277,377.66696640235466,90.73816725251316
SOL,1,2026-02-25 01:00:00+00:00,3.0,2.0,58.56515373352966,439.2386530014658,756.4665690580786,557.5890678379714,17.08150317227819
SOL,1,2026-02-28 20:00:00+00:00,3.0,2.0,365.22148916116936,8.246936852027709,-235.62676720075393,306.3147973609803,23.562676720074727
SOL,1,2026-03-02 15:00:00+00:00,3.0,2.0,-87.87742226228023,-335.7368183866616,-386.4353312302848,307.5709779179792,18.026137899953554
SOL,1,2026-03-04 15:00:00+00:00,3.0,2.0,-175.49526270456474,-271.3178294573637,-426.35658914728646,-924.8492678725229,-1006.675279931093
SOL,1,2026-03-10 14:00:00+00:00,3.0,2.0,-270.2395821505621,-285.0005677302137,-311.1161576019073,-174.86090609742155,155.55807880095475
SOL,1,2026-03-13 00:00:00+00:00,3.0,2.0,-124.77718360071388,228.386809269161,-173.79679144385096,-239.52762923351244,257.3529411764697
SOL,1,2026-03-15 22:00:00+00:00,3.0,2.0,143.5974951414387,116.60548477650634,382.2068667674361,208.3783200172751,-281.7965882098894
SOL,1,2026-03-23 11:00:00+00:00,3.0,2.0,289.8876404494377,220.22471910112307,284.26966292134813,447.19101123595453,-166.29213483146165
SOL,1,2026-04-01 16:00:00+00:00,3.0,2.0,-476.6377083822493,-703.21671753933,-777.1777412538161,-586.9922517022774,-504.81333646395956
SOL,1,2026-04-07 19:00:00+00:00,3.0,2.0,366.46647873513905,397.10748866282677,201.005025125629,322.3434244392687,466.96899129795355
SOL,1,2026-04-09 15:00:00+00:00,3.0,2.0,28.6772613215458,-46.60054964750859,130.24256183534533,150.55562193810655,-222.2487752419644
SOL,1,2026-04-13 22:00:00+00:00,3.0,2.0,-83.53637312913276,-52.21023320570839,-288.8966237382518,-154.31024480798249,328.34435549367714
SOL,1,2026-04-16 18:00:00+00:00,3.0,2.0,-79.82012366498093,-95.55930297920234,29.229904440695176,-319.2804946599215,-413.7155705452511
SUI,-1,2025-07-23 13:00:00+00:00,3.0,2.0,152.31021770135357,-126.74578186808728,-253.49156373617456,183.5257393503942,-1115.9548989532043
SUI,-1,2025-08-14 12:00:00+00:00,3.0,2.0,109.27802238608008,-16.179513023182324,-17.77094053365902,135.80181422736203,-224.656516895656
SUI,-1,2025-10-10 20:00:00+00:00,3.0,2.0,1192.2513429920234,1106.625427315644,1715.122904118508,897.9326062184589,286.5049650008145
SUI,-1,2026-01-19 00:00:00+00:00,3.0,2.0,158.81018401814885,236.32467859843743,168.8933703050155,541.9712629190832,342.1981346105374
SUI,-1,2026-01-29 15:00:00+00:00,3.0,2.0,-160.55576997298314,3.0876109610200597,64.06792744114375,1051.33153222694,1487.4565804708618
SUI,1,2025-07-10 17:00:00+00:00,3.0,2.0,13.408733166209164,111.05928992013014,139.33422724887734,-86.28228298256934,247.47857517635418
SUI,1,2025-08-22 14:00:00+00:00,3.0,2.0,454.8481989232389,72.70910806460584,290.8364322584234,71.59904534606243,-397.9574845978806
SUI,1,2026-02-25 01:00:00+00:00,3.0,2.0,-83.67734017628025,466.36170924913677,772.0629253598132,427.3122838335386,29.008144594444563
SUI,1,2026-03-09 19:00:00+00:00,3.0,2.0,-212.02140798682655,-97.77686290654674,-86.45533141210416,152.32606010703975,5.146150679291583
TAO,-1,2025-08-14 12:00:00+00:00,3.0,2.0,45.13376005251813,-48.963291208490304,-270.2554844356908,-19.69473165928104,-430.275179167352
TAO,-1,2025-08-24 19:00:00+00:00,3.0,2.0,73.11709730621341,575.8658603628364,1289.7196261682243,784.7718526663006,719.0764156129748
TAO,-1,2025-08-25 20:00:00+00:00,3.0,2.0,-157.50268291143232,-279.3384256044451,-630.0107316457293,-483.2396944637329,-473.7705952907012
TAO,-1,2025-09-22 00:00:00+00:00,3.0,2.0,550.4980842911866,280.76628352490474,357.0881226053635,361.9923371647515,542.2222222222217
TAO,-1,2025-10-10 15:00:00+00:00,3.0,2.0,2172.2626176218982,1842.3866552609059,1817.7929854576557,185.2544910179643,-1052.1813515825506
TAO,-1,2025-12-01 00:00:00+00:00,3.0,2.0,44.391831902929056,259.3222846996146,230.83752589523553,-205.31222255105064,-986.97839597514
TAO,-1,2025-12-12 15:00:00+00:00,3.0,2.0,-88.6948688632505,-190.9018466548873,-297.266396424487,-16.63028791186072,779.1982815369158
TAO,-1,2025-12-17 15:00:00+00:00,3.0,2.0,230.1727321216096,481.27025807245707,432.44573913757023,635.5393263036957,566.2003036146546
TAO,-1,2025-12-18 17:00:00+00:00,3.0,2.0,272.96494881907216,-10.191873089024917,-7.9762485044532205,-186.11246510391365,257.89870164399264
TAO,-1,2026-01-18 23:00:00+00:00,3.0,2.0,562.9177009738406,472.02596906625985,404.8119152186369,848.5774298262372,567.8823754057682
TAO,-1,2026-01-21 16:00:00+00:00,3.0,2.0,-509.04190575552065,-710.7459572248298,-418.6228482003118,-521.6484089723527,-377.3256824900018
TAO,-1,2026-01-29 14:00:00+00:00,3.0,2.0,58.479532163743244,367.97121007647314,373.8191632928478,1081.4215024741347,1484.0305892937477
TAO,-1,2026-01-31 14:00:00+00:00,3.0,2.0,107.09029081865773,-198.95447393797784,391.81850479622415,-219.76348779373822,6.597980003044679
TAO,-1,2026-04-10 00:00:00+00:00,3.0,2.0,759.9521733014492,698.4104656069778,977.2823181882129,703.3338022225344,683.6404557603038
TAO,1,2025-07-02 16:00:00+00:00,3.0,2.0,-48.45422116527942,211.95005945303214,-128.12128418549395,-417.36028537455286,-439.65517241379206
TAO,1,2025-07-10 17:00:00+00:00,3.0,2.0,227.5721972109368,373.0646755243239,905.3475348632923,581.6953991435181,931.4263753156915
TAO,1,2025-08-08 17:00:00+00:00,3.0,2.0,-82.70176838186427,102.64592474405143,373.35460710011813,479.98936311660634,-250.76452599388398
TAO,1,2025-08-22 14:00:00+00:00,3.0,2.0,458.3134290611746,44.11723382133914,149.21179082249213,3.934020850309139,-456.3464186360189
TAO,1,2025-10-14 11:00:00+00:00,3.0,2.0,284.3485447519489,271.6165203600718,-39.312917420536444,-905.0905760682615,-1780.2497263731598
TAO,1,2025-12-19 03:00:00+00:00,3.0,2.0,101.94583573423176,116.57284694827297,77.1242409467665,-105.04853508266466,-65.15668631709714
TAO,1,2026-01-02 03:00:00+00:00,3.0,2.0,284.2420914811838,315.07370021539805,825.2734721459642,881.8684799594533,1012.3748785741427
TAO,1,2026-01-21 14:00:00+00:00,3.0,2.0,328.8233569304255,307.0414275541422,-51.941523897288675,126.50274368533499,-74.14233653080804
TAO,1,2026-02-03 19:00:00+00:00,3.0,2.0,-44.94152494765258,12.767478678310518,-275.26684030437787,-1827.7922475869457,-1169.5010469332524
UNI,-1,2025-07-04 14:00:00+00:00,3.0,2.0,76.16036786894709,53.168558700962265,76.16036786894709,-622.2158356085661,-538.8705273746219
UNI,-1,2025-08-14 12:00:00+00:00,3.0,2.0,63.9269406392684,-69.40639269406468,88.58447488584443,104.1095890410948,-126.94063926940835
UNI,-1,2025-09-14 03:00:00+00:00,3.0,2.0,-193.6507936507925,56.08465608465507,-24.33862433862677,371.4285714285703,258.20105820105744
UNI,-1,2025-09-22 00:00:00+00:00,3.0,2.0,711.6019583285893,633.0411021291127,741.2045997950589,730.9575315951266,1102.1291130593181
UNI,-1,2025-09-25 17:00:00+00:00,3.0,2.0,-300.2183406113534,-150.1091703056767,-339.79257641921333,-271.56113537117886,-356.1681222707436
UNI,-1,2025-10-10 15:00:00+00:00,3.0,2.0,2524.1966705381337,2366.7570009033425,2204.155374887081,1481.4814814814813,1192.4119241192411
UNI,-1,2025-10-30 03:00:00+00:00,3.0,2.0,142.45947273620496,440.4781398395285,266.9068282299003,532.1761912559364,378.2544620926798
UNI,-1,2025-11-03 15:00:00+00:00,3.0,2.0,-64.30241621200317,-208.495713172252,128.60483242400633,-512.4707716289945,-77.94232268121704
UNI,-1,2026-01-19 00:00:00+00:00,3.0,2.0,-120.45732952225441,-167.41527153940615,-253.16455696202667,28.58309514087276,-169.4569211923236
UNI,-1,2026-01-31 17:00:00+00:00,3.0,2.0,-449.7907949790791,-337.34309623431045,-164.74895397489587,-300.732217573223,319.0376569037656
UNI,-1,2026-02-05 15:00:00+00:00,3.0,2.0,473.91952309985055,637.8539493293589,-509.68703427719754,-551.415797317436,-271.2369597615516
UNI,-1,2026-03-16 04:00:00+00:00,3.0,2.0,-97.13574097135913,-296.38854296388797,-17.434620174348048,141.96762141967523,891.6562889165624
UNI,-1,2026-03-18 14:00:00+00:00,3.0,2.0,-84.74576271186419,-65.60962274466897,352.6517222525971,265.1722252597044,177.69272826681282
UNI,-1,2026-04-02 01:00:00+00:00,3.0,2.0,483.27137546468447,869.3165570488981,846.4398055476119,980.8407206176716,1089.5052902487846
UNI,1,2025-07-02 04:00:00+00:00,3.0,2.0,133.23782234957005,537.2492836676224,787.9656160458449,555.8739255014333,-84.52722063037265
UNI,1,2025-07-05 22:00:00+00:00,3.0,2.0,-122.2327855493699,-137.17234822762546,74.69781339128012,32.595409479829755,395.2193399429582
UNI,1,2025-07-18 00:00:00+00:00,3.0,2.0,1399.956691208315,1634.9068860978778,700.5197055002154,1113.0359462970962,1200.7362494586405
UNI,1,2025-07-21 13:00:00+00:00,3.0,2.0,-526.4086059430384,-493.78361696499337,-700.996384798519,-1182.4354113393877,-817.388237368838
UNI,1,2025-08-11 16:00:00+00:00,3.0,2.0,-451.04319972296804,-280.49519522119317,-125.53025712059518,430.2657778547303,-534.1528871959144
UNI,1,2025-08-22 14:00:00+00:00,3.0,2.0,548.0080778410135,158.8030108316496,343.30824306958,133.10078942537106,-739.8568019093088
UNI,1,2025-09-25 18:00:00+00:00,3.0,2.0,-23.752969121141334,-178.14726840855167,-23.752969121141334,-26.392187912378517,23.75296912114022
UNI,1,2025-10-10 03:00:00+00:00,3.0,2.0,-335.85619678334734,-810.0756859034997,-3004.9668874172185,-2860.6906338694416,-2186.6130558183527
UNI,1,2025-11-10 21:00:00+00:00,3.0,2.0,684.6448913169834,67.41834243868317,-227.82750203417356,-1104.2659537370691,-1035.6852260839244
UNI,1,2025-12-18 08:00:00+00:00,3.0,2.0,208.5344661131483,-378.45143850164243,36.68661903842407,969.2990924888978,2264.91600695115
UNI,1,2025-12-20 07:00:00+00:00,3.0,2.0,394.1402162539243,934.7750261597487,1062.0858039762827,842.343913498429,451.69166376002767
UNI,1,2025-12-28 06:00:00+00:00,3.0,2.0,-7.882705344474106,-329.49708339902185,-253.82311209206975,-611.6979347311991,-682.6422828314671
UNI,1,2026-01-21 19:00:00+00:00,3.0,2.0,-183.8671411625148,-219.4543297746143,-474.49584816132926,-442.8627916172401,-389.4820086990902
UNI,1,2026-02-11 14:00:00+00:00,3.0,2.0,-1122.345803842265,-1225.9858442871584,-1569.7674418604645,-1402.932254802831,-947.927199191102
UNI,1,2026-04-07 22:00:00+00:00,3.0,2.0,-128.36185819070866,-146.69926650366594,-467.60391198043874,-516.5036674816614,-333.1295843520787
UNI,1,2026-04-16 15:00:00+00:00,3.0,2.0,26.44725242433088,-143.9905965324717,505.43637966500296,-102.8504260946228,-317.36702909197834
XLM,-1,2025-07-07 14:00:00+00:00,3.0,2.0,107.05615473395102,154.81354718032358,-106.65817646356545,-1745.532693914913,-1662.7532136745326
XLM,-1,2025-08-14 12:00:00+00:00,3.0,2.0,-0.0,-64.5603745920642,-29.7970959655669,-22.702549307098696,-193.91760866480644
XLM,-1,2025-10-10 15:00:00+00:00,3.0,2.0,1528.147946695676,1083.7639379929299,1061.7351101441398,688.3328800652711,569.4859940168617
XLM,-1,2025-11-03 15:00:00+00:00,3.0,2.0,128.2875929102334,-31.089193825044603,343.7678673527722,21.798170383076076,478.1303602058318
XLM,-1,2025-11-20 16:00:00+00:00,3.0,2.0,125.49510110485772,208.4636230977699,278.0904732124245,462.3723160308535,-141.75526370648228
XLM,-1,2025-12-01 00:00:00+00:00,3.0,2.0,172.7137704222359,179.9278591130915,120.09335879482275,-776.9997878209223,-867.8124336940374
XLM,-1,2025-12-12 15:00:00+00:00,3.0,2.0,-74.94284020662212,-154.5431450588519,-135.91328647641677,182.06452705563535,717.6729613007027
XLM,-1,2025-12-17 15:00:00+00:00,3.0,2.0,249.06254340076873,244.89606962640687,58.7935743715573,-106.93949354196431,-168.51071709643062
XLM,-1,2025-12-18 17:00:00+00:00,3.0,2.0,171.4258428039339,-118.42230923503116,-424.5057778626693,-429.7583802884164,-275.0453633845873
XLM,-1,2025-12-26 14:00:00+00:00,3.0,2.0,-98.21049152462402,-134.56726002171848,-194.06015392605892,-493.4132867463048,-334.76556966806737
XLM,-1,2025-12-31 16:00:00+00:00,3.0,2.0,-30.976767424433227,-126.40519610292333,-438.67099675243713,-867.8491131651267,-1011.741194104423
XLM,-1,2026-01-01 18:00:00+00:00,3.0,2.0,-90.97100603230324,-11.188947266005389,-473.34111694882444,-709.2819614711043,-1312.9986378672909
XLM,-1,2026-01-06 16:00:00+00:00,3.0,2.0,-162.6762325852993,26.69558688579321,190.62317510636584,283.64061066154966,383.3319429381832
XLM,-1,2026-01-18 23:00:00+00:00,3.0,2.0,179.7535858771604,173.77712394262446,104.3582199337989,273.997793306362,170.0993012136809
XLM,-1,2026-01-21 16:00:00+00:00,3.0,2.0,-287.33404399651,-391.5108053105931,-365.34547921310167,-454.50140517492076,-266.49869173369643
XLM,-1,2026-01-29 14:00:00+00:00,3.0,2.0,65.88470177189888,356.87546793112034,335.91215373097174,1048.165710007486,1333.6660843523828
XLM,-1,2026-01-31 17:00:00+00:00,3.0,2.0,-499.1864249186406,-480.5904230590419,-220.82752208275159,-545.0953045095308,235.35564853556457
XLM,-1,2026-02-05 15:00:00+00:00,3.0,2.0,462.6035196687361,111.93064182194678,-803.571428571428,-462.6035196687361,-308.6180124223592
XLM,-1,2026-02-12 16:00:00+00:00,3.0,2.0,6.395088571977681,81.85713372130255,-567.2443563343354,-1093.5601458080191,-850.5467800729027
XLM,-1,2026-02-15 08:00:00+00:00,3.0,2.0,333.3146915720597,564.286113752026,454.1133046250201,719.1991499356865,605.6708237794306
XLM,-1,2026-02-22 02:00:00+00:00,3.0,2.0,-63.03061487007877,77.18034473887414,302.93285310007855,341.5230254695145,155.64702855672797
XLM,-1,2026-04-02 01:00:00+00:00,3.0,2.0,202.83245319251188,184.22947671627554,164.42630820931447,291.6466634661552,294.6471435429665
XLM,-1,2026-04-08 14:00:00+00:00,3.0,2.0,31.399145943230565,221.67797035920645,226.07385079125854,356.6942979150967,310.85154483797896
XLM,1,2025-07-02 16:00:00+00:00,3.0,2.0,-23.06079664570193,178.61635220125737,101.04821802935149,-26.415094339622414,-84.27672955974796
XLM,1,2025-07-07 13:00:00+00:00,3.0,2.0,-362.88595569053393,-410.38819452556163,-199.74302067515603,1247.907175952967,1288.400887746759
XLM,1,2025-07-11 15:00:00+00:00,3.0,2.0,-352.43490576315486,530.831245233685,495.42433816319954,2395.1410829066353,2703.9982568907294
XLM,1,2025-07-17 21:00:00+00:00,3.0,2.0,-116.59957564099987,-452.12080350591987,-1069.424339169923,-863.1937972198533,-815.0072378988282
XLM,1,2025-08-22 14:00:00+00:00,3.0,2.0,376.6199032312967,-25.286294342191653,15.803933963869365,-129.10598361253523,-433.5140655012282
XLM,1,2025-09-02 13:00:00+00:00,3.0,2.0,-9.87762717445051,0.5487570652484841,81.21604565658913,-191.24183723865485,-156.39576359545603
XLM,1,2025-10-10 22:00:00+00:00,3.0,2.0,418.30107388592273,598.0322808822591,371.35875506398406,972.2847405311552,1278.3743810687408
XLM,1,2025-11-04 22:00:00+00:00,3.0,2.0,170.10213556174713,159.70287836583276,398.5143918291567,11.51346332404879,826.3695450324971
XLM,1,2025-11-07 16:00:00+00:00,3.0,2.0,283.6379030551051,146.405136527199,-67.73442461017298,-139.7022507584833,574.3314753404371
XLM,1,2025-11-13 03:00:00+00:00,3.0,2.0,186.48098996932205,-456.72331184723026,-882.768605011891,-866.223156733652,-996.5185619247874
XLM,1,2025-12-02 15:00:00+00:00,3.0,2.0,260.1282715213338,237.02346333107639,157.75006971278316,91.62251523722409,-294.3871250448149
XLM,1,2025-12-09 15:00:00+00:00,3.0,2.0,152.45488375815296,80.82909847545005,-10.003601296466602,-388.53987435476745,-597.0149253731338
XLM,1,2025-12-17 14:00:00+00:00,3.0,2.0,-567.003367003367,-532.8843995510657,-292.7048260381593,-216.38608305274977,-175.9820426487091
XLM,1,2025-12-19 03:00:00+00:00,3.0,2.0,275.35957607872865,329.2959878879631,356.7373202119617,220.47691143073368,326.93035579106635
XLM,1,2025-12-26 02:00:00+00:00,3.0,2.0,33.558611046375916,-143.55628058727586,4.194826380796712,372.87345607084575,556.5136331857378
XLM,1,2026-01-02 03:00:00+00:00,3.0,2.0,148.3608518784396,385.7382148839439,875.3290260827939,919.8372816463274,1096.9131371141416
XLM,1,2026-01-05 18:00:00+00:00,3.0,2.0,266.54600797992646,97.07539796799836,-208.95890749043633,-328.2464727900947,-535.5600345522604
XLM,1,2026-01-13 22:00:00+00:00,3.0,2.0,149.9500166611134,-49.983338887036325,-167.44418527157578,-493.5854715094967,-588.5538153948677
XLM,1,2026-01-21 19:00:00+00:00,3.0,2.0,-67.32599712123366,13.929516645772022,-169.9401030784231,-177.83349584436058,-161.11807586943416
XLM,1,2026-02-03 15:00:00+00:00,3.0,2.0,-128.6281527878752,-105.13953358313289,-523.4606565628319,-1351.7141099491082,-661.5961076002463
XLM,1,2026-03-10 09:00:00+00:00,3.0,2.0,289.2178113581467,-152.35028178609,-292.3143618009538,-86.70341239858881,224.80956214776748
XLM,1,2026-03-23 11:00:00+00:00,3.0,2.0,185.5058125154585,221.98862231016525,329.5819935691324,1038.8325500865703,721.6176106851347
XLM,1,2026-03-24 20:00:00+00:00,3.0,2.0,365.90387669863003,482.9695864462602,380.61062415436277,193.54079651744183,-141.18477557503505
XLM,1,2026-04-07 21:00:00+00:00,3.0,2.0,296.0484787274331,251.8621386188613,-34.08660522661311,-146.44615578841115,-217.77553339224932
XLM,1,2026-04-09 15:00:00+00:00,3.0,2.0,28.911018310309178,5.139736588499755,-123.35367812399633,-43.04529392868628,-305.81432701574096
XLM,1,2026-04-16 15:00:00+00:00,3.0,2.0,230.68963418345635,74.25893237567705,738.9372451153453,297.0357295027082,354.8603079919666
XRP,-1,2025-07-11 20:00:00+00:00,3.0,2.0,-150.42772219805656,-226.18529795563447,115.62998405103554,-158.0397274177181,-663.6943598666089
XRP,-1,2025-07-23 12:00:00+00:00,3.0,2.0,487.97969239958275,350.60474839480383,642.6758249962661,689.5624906674635,482.3055099298201
XRP,-1,2025-07-25 14:00:00+00:00,3.0,2.0,-444.9843573187784,-458.9629235172743,-620.3820808094251,-602.4096385542177,-511.2161352592692
XRP,-1,2025-08-01 22:00:00+00:00,3.0,2.0,-297.63941156346175,-55.76462538487759,530.277112555595,-77.65993841943208,-503.9343140608965
XRP,-1,2025-08-14 12:00:00+00:00,3.0,2.0,104.52287244338332,23.87250790373607,55.81005226143687,-17.42047874056407,-87.42499516097845
XRP,-1,2025-08-19 14:00:00+00:00,3.0,2.0,157.3973347837909,193.09219472396165,133.2608104432964,191.05248844166422,-253.9434321457712
XRP,-1,2025-08-24 19:00:00+00:00,3.0,2.0,-33.62674315102288,291.76144792799954,692.3153001681337,-14.50565390828551,73.1876174463464
XRP,-1,2025-08-25 19:00:00+00:00,3.0,2.0,-22.959716134418606,-124.88694079176187,-567.3832881096507,-474.84867459820504,-256.38349683434257
XRP,-1,2025-09-05 14:00:00+00:00,3.0,2.0,-49.501424501423585,-63.390313390314645,27.421652421651956,-322.6495726495737,-631.0541310541317
XRP,-1,2025-09-09 14:00:00+00:00,3.0,2.0,55.62110230911799,15.84358671835373,-117.30996123377801,-90.67925164335078,-201.24726108208256
XRP,-1,2025-09-15 08:00:00+00:00,3.0,2.0,-228.16387236343826,-133.85613845321888,-232.55813953488413,-186.24932395889581,-550.9734991887494
XRP,-1,2025-09-22 00:00:00+00:00,3.0,2.0,378.7307032590048,203.4305317324181,320.4116638078902,259.3481989708413,72.3842195540314
XRP,-1,2025-09-25 16:00:00+00:00,3.0,2.0,176.32512633050212,139.411532810092,-5.734150449774322,27.953983442638997,-113.9662401892272
XRP,-1,2025-10-10 15:00:00+00:00,3.0,2.0,1414.2372386616553,1089.867552085233,968.3657459773054,817.3094464917718,540.0080271463503
XRP,-1,2025-10-28 20:00:00+00:00,3.0,2.0,-64.07534643146695,-214.99980700196764,-47.09151966650005,633.419539120701,277.9171652449153
XRP,-1,2025-10-30 04:00:00+00:00,3.0,2.0,-146.7772814294821,222.95788130185178,99.3139757498407,1.9942565411623647,-48.26100829610658
XRP,-1,2025-11-03 15:00:00+00:00,3.0,2.0,117.73805431419815,-45.9779993124787,379.42591955998586,186.06050189068358,430.56033001031335
XRP,-1,2025-12-01 00:00:00+00:00,3.0,2.0,17.96814296814442,195.22144522144512,208.3333333333326,-493.39549339549205,-647.8243978243969
XRP,-1,2025-12-17 15:00:00+00:00,3.0,2.0,224.06030782117003,297.8745681080508,2.6175269605277496,117.26520783164051,-91.08993822636523
XRP,-1,2026-01-06 16:00:00+00:00,3.0,2.0,-93.81438779536344,133.26903686817658,388.40910087238666,518.6094428126786,764.9818070229275
XRP,-1,2026-01-18 23:00:00+00:00,3.0,2.0,147.71642465959854,95.4629955283115,22.609656835652636,390.3934080289395,179.872381048084
XRP,-1,2026-01-21 16:00:00+00:00,3.0,2.0,-360.73423782921,-387.86911412609817,-260.17557861133247,-354.34956105347084,-194.20058526203877
XRP,-1,2026-01-29 14:00:00+00:00,3.0,2.0,115.0180742688145,432.1393361814008,376.82111950925747,1048.8552963084674,1269.5804578814761
XRP,-1,2026-01-30 20:00:00+00:00,3.0,2.0,-16.086406986097757,239.57256118579684,699.1841893599903,872.6875789957478,680.7997242330222
XRP,-1,2026-02-05 10:00:00+00:00,3.0,2.0,854.8634999634053,1118.3488252945917,-7.319036814754654,-188.83114982068295,-621.3862255727154
XRP,-1,2026-02-23 01:00:00+00:00,3.0,2.0,-250.75075075075003,-385.1351351351351,-113.3633633633635,-349.0990990990994,-793.5435435435422
XRP,-1,2026-04-02 01:00:00+00:00,3.0,2.0,121.29887742032719,207.18752354403568,153.69547201084853,105.47728471332785,86.64205530023227
XRP,-1,2026-04-12 01:00:00+00:00,3.0,2.0,5.269497139415158,49.68383017163514,30.864197530864335,-295.0918398072866,-208.52152965974201
XRP,1,2025-07-02 16:00:00+00:00,3.0,2.0,-105.92563045694226,58.94606213712849,32.797057128928216,-144.48433275716877,-196.33913929885117
XRP,1,2025-07-07 13:00:00+00:00,3.0,2.0,-333.3191071657204,-396.05650633775747,-258.20494217063003,122.91408817378668,413.12790747300545
XRP,1,2025-07-10 21:00:00+00:00,3.0,2.0,110.77068112184784,401.83832194202296,617.094822845472,752.6121454945401,1055.856705161442
XRP,1,2025-07-12 01:00:00+00:00,3.0,2.0,-121.44602202315613,-239.35134369578392,-167.82919661509132,219.87749176787253,173.14024714088606
XRP,1,2025-07-17 21:00:00+00:00,3.0,2.0,220.3833248023668,-112.60876983449907,-345.7885457544219,-267.0192799863502,-174.0317351987708
XRP,1,2025-07-24 14:00:00+00:00,3.0,2.0,-180.46086929697336,-535.213005521793,-633.9266434278301,-156.39942005737706,-173.05734645402083
XRP,1,2025-08-01 14:00:00+00:00,3.0,2.0,-188.7472556280101,-229.0526591735753,-733.6894190123533,-520.0380116000924,-74.38476914506609
XRP,1,2025-08-07 21:00:00+00:00,3.0,2.0,308.4025854108963,182.82548476454164,123.42259156663538,-75.10003077870087,-216.98984302862434
XRP,1,2025-08-22 14:00:00+00:00,3.0,2.0,277.5559105431324,-39.27050053248116,46.924920127795474,28.288072417466115,-178.04845580404736
XRP,1,2025-08-26 19:00:00+00:00,3.0,2.0,-211.79931361333558,-151.98561856512472,-158.19578362477495,-363.4580813858468,-903.7424415754202
XRP,1,2025-09-24 14:00:00+00:00,3.0,2.0,76.36201760093053,-166.07882751772163,-306.1329315481287,-638.6330171557719,-472.5541896380503
XRP,1,2025-09-25 18:00:00+00:00,3.0,2.0,-114.35105774728393,-160.8061749571177,-25.72898799313883,-32.51858204688429,102.20125786163604
XRP,1,2025-10-02 16:00:00+00:00,3.0,2.0,-21.022204703718963,-82.44645907239612,-52.22703981079935,-320.91709368019974,-189.19984233346398
XRP,1,2025-10-11 02:00:00+00:00,3.0,2.0,136.74441524310188,174.11300919842222,-388.8797634691199,468.95532194480836,508.3771353482258
XRP,1,2025-11-04 22:00:00+00:00,3.0,2.0,111.90830738684987,87.08993276476562,568.1151572582465,-20.305942872614892,444.4745273227735
XRP,1,2025-12-02 15:00:00+00:00,3.0,2.0,67.31662024141104,204.27112349117982,62.674094707522165,-79.38718662952704,-559.8885793871866
XRP,1,2025-12-29 03:00:00+00:00,3.0,2.0,-204.2948952400847,-276.9214692512667,-281.62390929515556,-241.39192225299144,-439.93939077276667
XRP,1,2026-01-02 14:00:00+00:00,3.0,2.0,515.4961911718669,641.2396952937471,461.7551914849205,905.7706355003647,1293.4362934362919
XRP,1,2026-01-05 18:00:00+00:00,3.0,2.0,469.06716088606527,277.9984114376499,-172.53552201923927,-321.2426087723941,-581.1490601006086
XRP,1,2026-01-13 22:00:00+00:00,3.0,2.0,-95.25562560397493,-269.6608531590805,-161.0602365284608,-437.623671253049,-486.862086420321
XRP,1,2026-01-19 16:00:00+00:00,3.0,2.0,-184.0126632370398,-276.5136525524325,-594.578551642263,-649.4855559952506,-461.02097348634686
XRP,1,2026-01-21 14:00:00+00:00,3.0,2.0,170.5130846898828,29.87842571605226,-143.72553059962877,-109.21079744487972,-151.96785493509225
XRP,1,2026-02-05 22:00:00+00:00,3.0,2.0,842.5865447419989,1163.4552580013046,1982.3644676681895,1614.1410842586533,1673.7426518615273
XRP,1,2026-02-25 01:00:00+00:00,3.0,2.0,-115.32362692806663,345.97088078420103,362.54865215511023,134.06371630387827,-191.00475709961097
XRP,1,2026-03-13 00:00:00+00:00,3.0,2.0,54.02715575460127,258.05075709106393,-50.472737612853315,-20.615625222152325,283.64256771166606
XRP,1,2026-03-16 14:00:00+00:00,3.0,2.0,123.93955461293959,227.99575821845107,26.511134676563408,-453.3404029692467,-516.9671261929998
XRP,1,2026-03-23 11:00:00+00:00,3.0,2.0,211.93648993478976,63.08477459597395,34.732066912388504,76.55231074567669,-266.51545222568853
XRP,1,2026-04-07 22:00:00+00:00,3.0,2.0,83.77649887084004,34.2390908428647,-223.64682742041174,-220.7328622422966,-128.21446783711
