{
  "last_closed_at": 1784296199.047891,
  "counters": {
    "requote_miss": 4,
    "requote_fill": 1,
    "mr_rsi_floor": 2
  },
  "last_run": 1784329175.997382
}