{
  "last_closed_at": 1784538129.0902112,
  "counters": {
    "requote_miss": 8,
    "requote_fill": 2,
    "mr_rsi_floor": 3
  },
  "last_run": 1784706144.255039
}