{
  "last_closed_at": 1783434983.0591848,
  "counters": {
    "requote_miss": 1,
    "requote_fill": 1
  },
  "last_run": 1783467641.4635122
}