{
  "last_closed_at": 1784350830.822699,
  "counters": {
    "requote_miss": 7,
    "requote_fill": 1,
    "mr_rsi_floor": 2
  },
  "last_run": 1784472131.236384
}