{
  "last_closed_at": 1784851675.1423092,
  "counters": {
    "requote_miss": 8,
    "requote_fill": 2,
    "mr_rsi_floor": 3
  },
  "last_run": 1784868155.4132118
}