{
  "last_closed_at": 1784243428.821381,
  "counters": {
    "requote_miss": 4,
    "requote_fill": 1,
    "mr_rsi_floor": 2
  },
  "last_run": 1784275171.232668
}