{
  "last_closed_at": 1784189436.123403,
  "counters": {
    "requote_miss": 4,
    "requote_fill": 1,
    "mr_rsi_floor": 2
  },
  "last_run": 1784203166.2055628
}