{
  "last_closed_at": 1784851675.1423092,
  "counters": {
    "requote_miss": 8,
    "requote_fill": 3,
    "mr_rsi_floor": 4
  },
  "last_run": 1784886156.8773692
}