{
  "last_closed_at": 1784225823.858015,
  "counters": {
    "requote_miss": 4,
    "requote_fill": 1,
    "mr_rsi_floor": 2
  },
  "last_run": 1784239168.567424
}