{
  "last_closed_at": 1783524401.682198,
  "counters": {
    "requote_miss": 1,
    "requote_fill": 1
  },
  "last_run": 1783615063.334482
}