{
  "last_closed_at": 1783672201.987884,
  "counters": {
    "requote_miss": 2,
    "requote_fill": 1,
    "mr_rsi_floor": 2
  },
  "last_run": 1783765724.321731
}