{
  "last_closed_at": 1783672201.987884,
  "counters": {
    "requote_miss": 1,
    "requote_fill": 1,
    "mr_rsi_floor": 1
  },
  "last_run": 1783688536.573903
}