{
  "last_closed_at": 1784296199.047891,
  "counters": {
    "requote_miss": 5,
    "requote_fill": 1,
    "mr_rsi_floor": 2
  },
  "last_run": 1784347176.627934
}