{
  "last_closed_at": 1784092318.3243032,
  "counters": {
    "requote_miss": 4,
    "requote_fill": 1,
    "mr_rsi_floor": 2
  },
  "last_run": 1784149163.834493
}