{
  "last_closed_at": 1784733669.778454,
  "counters": {
    "requote_miss": 8,
    "requote_fill": 2,
    "mr_rsi_floor": 3
  },
  "last_run": 1784742145.6230159
}