{
  "last_closed_at": 1781551916.882875,
  "seen_proposals": [
    "st2-lab-paper-confirm-38d9e9ac67a8.md"
  ],
  "last_paper_mode": false,
  "last_run": 1781556078.275815
}