symbol,entry_ts,exit_ts,side,entry,exit,gross_bps,net_bps,exit_reason,day
1000PEPE,2025-07-01 15:00:00+00:00,2025-07-01 18:00:00+00:00,-1,0.0094177,0.009229346,200.00000000000017,188.50000000000017,TP,2025-07-01
1000PEPE,2025-07-04 14:00:00+00:00,2025-07-04 16:00:00+00:00,-1,0.0096457,0.009452786,200.00000000000017,188.50000000000017,TP,2025-07-04
1000PEPE,2025-07-14 16:00:00+00:00,2025-07-15 01:00:00+00:00,-1,0.0122293,0.011984714,200.00000000000017,188.50000000000017,TP,2025-07-14
1000PEPE,2025-07-15 15:00:00+00:00,2025-07-15 15:00:00+00:00,-1,0.0120113,0.012251526,-200.00000000000017,-211.50000000000017,SL,2025-07-15
1000PEPE,2025-07-22 14:00:00+00:00,2025-07-22 15:00:00+00:00,-1,0.0136755,0.013949010000000001,-200.00000000000017,-211.50000000000017,SL,2025-07-22
1000PEPE,2025-07-25 03:00:00+00:00,2025-07-25 07:00:00+00:00,-1,0.0118863,0.012124026000000001,-200.00000000000017,-211.50000000000017,SL,2025-07-25
1000PEPE,2025-07-25 15:00:00+00:00,2025-07-25 19:00:00+00:00,-1,0.0119406,0.012179412,-200.00000000000017,-211.50000000000017,SL,2025-07-25
1000PEPE,2025-07-30 19:00:00+00:00,2025-07-30 19:00:00+00:00,-1,0.0111921,0.010968258,200.00000000000017,188.50000000000017,TP,2025-07-30
1000PEPE,2025-07-31 20:00:00+00:00,2025-07-31 22:00:00+00:00,-1,0.0110331,0.010812438,200.00000000000017,188.50000000000017,TP,2025-07-31
1000PEPE,2025-08-01 14:00:00+00:00,2025-08-01 14:00:00+00:00,-1,0.0103365,0.01054323,-200.00000000000017,-211.50000000000017,SL,2025-08-01
1000PEPE,2025-08-05 15:00:00+00:00,2025-08-06 04:00:00+00:00,-1,0.010162,0.009958759999999999,200.00000000000017,188.50000000000017,TP,2025-08-05
1000PEPE,2025-08-14 13:00:00+00:00,2025-08-14 13:00:00+00:00,-1,0.0112138,0.010989523999999999,200.00000000000017,188.50000000000017,TP,2025-08-14
1000PEPE,2025-08-19 15:00:00+00:00,2025-08-19 18:00:00+00:00,-1,0.0104371,0.010228358,200.00000000000017,188.50000000000017,TP,2025-08-19
1000PEPE,2025-08-20 14:00:00+00:00,2025-08-20 14:00:00+00:00,-1,0.010123,0.01032546,-200.00000000000017,-211.50000000000017,SL,2025-08-20
1000PEPE,2025-08-24 20:00:00+00:00,2025-08-24 20:00:00+00:00,-1,0.0110118,0.010791564,200.00000000000017,188.50000000000017,TP,2025-08-24
1000PEPE,2025-08-25 20:00:00+00:00,2025-08-25 20:00:00+00:00,-1,0.0098907,0.009692886,200.00000000000128,188.50000000000128,TP,2025-08-25
1000PEPE,2025-08-29 08:00:00+00:00,2025-08-29 12:00:00+00:00,-1,0.0098397,0.010036494,-200.00000000000017,-211.50000000000017,SL,2025-08-29
1000PEPE,2025-08-29 14:00:00+00:00,2025-08-29 16:00:00+00:00,-1,0.009785,0.0095893,200.00000000000017,188.50000000000017,TP,2025-08-29
1000PEPE,2025-09-01 22:00:00+00:00,2025-09-01 23:00:00+00:00,-1,0.0092269,0.009411438,-200.00000000000017,-211.50000000000017,SL,2025-09-01
1000PEPE,2025-09-05 15:00:00+00:00,2025-09-05 20:00:00+00:00,-1,0.0095507,0.009741714,-200.00000000000017,-211.50000000000017,SL,2025-09-05
1000PEPE,2025-09-09 15:00:00+00:00,2025-09-09 15:00:00+00:00,-1,0.0103666,0.010159267999999999,200.00000000000128,188.50000000000128,TP,2025-09-09
1000PEPE,2025-09-15 00:00:00+00:00,2025-09-15 06:00:00+00:00,-1,0.011544,0.01131312,200.00000000000128,188.50000000000128,TP,2025-09-15
1000PEPE,2025-09-15 09:00:00+00:00,2025-09-16 09:00:00+00:00,-1,0.0107315,0.0107901,-54.60560033546224,-66.10560033546224,TIME,2025-09-15
1000PEPE,2025-09-22 01:00:00+00:00,2025-09-22 05:00:00+00:00,-1,0.0101375,0.009934750000000001,200.00000000000017,188.50000000000017,TP,2025-09-22
1000PEPE,2025-09-22 06:00:00+00:00,2025-09-22 06:00:00+00:00,-1,0.00986,0.009662800000000001,200.00000000000017,188.50000000000017,TP,2025-09-22
1000PEPE,2025-09-22 07:00:00+00:00,2025-09-22 19:00:00+00:00,-1,0.0097113,0.009517074,200.00000000000017,188.50000000000017,TP,2025-09-22
1000PEPE,2025-09-23 18:00:00+00:00,2025-09-24 03:00:00+00:00,-1,0.0096183,0.009425934,199.99999999999906,188.49999999999906,TP,2025-09-23
1000PEPE,2025-09-25 05:00:00+00:00,2025-09-25 12:00:00+00:00,-1,0.0094305,0.00924189,200.00000000000017,188.50000000000017,TP,2025-09-25
1000PEPE,2025-09-25 18:00:00+00:00,2025-09-25 18:00:00+00:00,-1,0.0089116,0.009089832,-200.00000000000017,-211.50000000000017,SL,2025-09-25
1000PEPE,2025-09-26 15:00:00+00:00,2025-09-26 17:00:00+00:00,-1,0.0091887,0.009372473999999999,-200.00000000000017,-211.50000000000017,SL,2025-09-26
1000PEPE,2025-10-05 10:00:00+00:00,2025-10-05 19:00:00+00:00,-1,0.0100242,0.009823716,200.00000000000128,188.50000000000128,TP,2025-10-05
1000PEPE,2025-10-07 15:00:00+00:00,2025-10-07 16:00:00+00:00,-1,0.0097145,0.00952021,200.00000000000017,188.50000000000017,TP,2025-10-07
1000PEPE,2025-10-09 14:00:00+00:00,2025-10-10 01:00:00+00:00,-1,0.0091099,0.009292098,-200.00000000000017,-211.50000000000017,SL,2025-10-09
1000PEPE,2025-10-10 15:00:00+00:00,2025-10-10 15:00:00+00:00,-1,0.0091227,0.008940245999999999,200.00000000000017,188.50000000000017,TP,2025-10-10
1000PEPE,2025-10-10 16:00:00+00:00,2025-10-10 17:00:00+00:00,-1,0.0087663,0.008590974,200.00000000000017,188.50000000000017,TP,2025-10-10
1000PEPE,2025-10-10 21:00:00+00:00,2025-10-10 21:00:00+00:00,-1,0.0080639,0.007902622,200.00000000000128,188.50000000000128,TP,2025-10-10
1000PEPE,2025-10-11 02:00:00+00:00,2025-10-11 02:00:00+00:00,-1,0.0066169,0.006749238,-200.00000000000017,-211.50000000000017,SL,2025-10-11
1000PEPE,2025-10-16 16:00:00+00:00,2025-10-16 16:00:00+00:00,-1,0.0069507,0.0070897139999999996,-200.00000000000017,-211.50000000000017,SL,2025-10-16
1000PEPE,2025-10-17 07:00:00+00:00,2025-10-17 07:00:00+00:00,-1,0.0066053,0.006473194,200.00000000000017,188.50000000000017,TP,2025-10-17
1000PEPE,2025-10-21 05:00:00+00:00,2025-10-21 14:00:00+00:00,-1,0.0068656,0.007002912000000001,-200.00000000000017,-211.50000000000017,SL,2025-10-21
1000PEPE,2025-10-21 23:00:00+00:00,2025-10-22 00:00:00+00:00,-1,0.0069919,0.006852062,200.00000000000017,188.50000000000017,TP,2025-10-21
1000PEPE,2025-10-28 20:00:00+00:00,2025-10-28 20:00:00+00:00,-1,0.007061,0.0069197799999999995,200.00000000000017,188.50000000000017,TP,2025-10-28
1000PEPE,2025-10-29 16:00:00+00:00,2025-10-29 17:00:00+00:00,-1,0.00695,0.007089,-200.00000000000017,-211.50000000000017,SL,2025-10-29
1000PEPE,2025-10-29 19:00:00+00:00,2025-10-29 19:00:00+00:00,-1,0.007019,0.00715938,-200.00000000000017,-211.50000000000017,SL,2025-10-29
1000PEPE,2025-10-30 00:00:00+00:00,2025-10-30 04:00:00+00:00,-1,0.007023,0.0068825399999999995,200.00000000000017,188.50000000000017,TP,2025-10-30
1000PEPE,2025-10-30 05:00:00+00:00,2025-10-30 05:00:00+00:00,-1,0.0067942,0.006930084,-200.00000000000017,-211.50000000000017,SL,2025-10-30
1000PEPE,2025-10-30 13:00:00+00:00,2025-10-30 13:00:00+00:00,-1,0.0066641,0.006530818,200.00000000000017,188.50000000000017,TP,2025-10-30
1000PEPE,2025-10-31 17:00:00+00:00,2025-10-31 19:00:00+00:00,-1,0.0064535,0.00658257,-200.00000000000017,-211.50000000000017,SL,2025-10-31
1000PEPE,2025-11-03 16:00:00+00:00,2025-11-03 17:00:00+00:00,-1,0.0057402,0.0058550040000000005,-200.00000000000017,-211.50000000000017,SL,2025-11-03
1000PEPE,2025-11-04 06:00:00+00:00,2025-11-04 06:00:00+00:00,-1,0.0055075,0.00561765,-200.00000000000017,-211.50000000000017,SL,2025-11-04
1000PEPE,2025-11-10 15:00:00+00:00,2025-11-10 19:00:00+00:00,-1,0.0061005,0.0062225100000000005,-200.00000000000017,-211.50000000000017,SL,2025-11-10
1000PEPE,2025-11-12 16:00:00+00:00,2025-11-12 16:00:00+00:00,-1,0.0058255,0.00570899,200.00000000000017,188.50000000000017,TP,2025-11-12
1000PEPE,2025-11-13 16:00:00+00:00,2025-11-13 16:00:00+00:00,-1,0.0058204,0.005703992,200.00000000000017,188.50000000000017,TP,2025-11-13
1000PEPE,2025-11-14 05:00:00+00:00,2025-11-14 06:00:00+00:00,-1,0.0052525,0.00535755,-200.00000000000017,-211.50000000000017,SL,2025-11-14
1000PEPE,2025-11-14 21:00:00+00:00,2025-11-14 23:00:00+00:00,-1,0.0050001,0.004900098,200.00000000000017,188.50000000000017,TP,2025-11-14
1000PEPE,2025-11-17 14:00:00+00:00,2025-11-17 14:00:00+00:00,-1,0.0048643,0.0049615860000000005,-200.00000000000017,-211.50000000000017,SL,2025-11-17
1000PEPE,2025-11-17 18:00:00+00:00,2025-11-17 18:00:00+00:00,-1,0.0047923,0.004696454,200.00000000000017,188.50000000000017,TP,2025-11-17
1000PEPE,2025-11-19 16:00:00+00:00,2025-11-19 16:00:00+00:00,-1,0.0046829,0.004589242,200.00000000000017,188.50000000000017,TP,2025-11-19
1000PEPE,2025-11-20 17:00:00+00:00,2025-11-20 17:00:00+00:00,-1,0.0046751,0.004581598,199.99999999999906,188.49999999999906,TP,2025-11-20
1000PEPE,2025-11-21 00:00:00+00:00,2025-11-21 01:00:00+00:00,-1,0.0044483,0.004537266,-200.00000000000017,-211.50000000000017,SL,2025-11-21
1000PEPE,2025-11-21 03:00:00+00:00,2025-11-21 05:00:00+00:00,-1,0.0044255,0.00451401,-200.00000000000017,-211.50000000000017,SL,2025-11-21
1000PEPE,2025-11-21 08:00:00+00:00,2025-11-21 10:00:00+00:00,-1,0.0042497,0.004164706000000001,199.99999999999906,188.49999999999906,TP,2025-11-21
1000PEPE,2025-11-21 16:00:00+00:00,2025-11-21 16:00:00+00:00,-1,0.0041646,0.0042478920000000005,-200.00000000000017,-211.50000000000017,SL,2025-11-21
1000PEPE,2025-11-28 17:00:00+00:00,2025-11-29 06:00:00+00:00,-1,0.0046704,0.004576992,199.99999999999906,188.49999999999906,TP,2025-11-28
1000PEPE,2025-12-01 01:00:00+00:00,2025-12-01 05:00:00+00:00,-1,0.0042475,0.00416255,200.00000000000017,188.50000000000017,TP,2025-12-01
1000PEPE,2025-12-01 16:00:00+00:00,2025-12-02 01:00:00+00:00,-1,0.0040162,0.004096524,-200.00000000000017,-211.50000000000017,SL,2025-12-01
1000PEPE,2025-12-05 17:00:00+00:00,2025-12-06 12:00:00+00:00,-1,0.0043365,0.00442323,-200.00000000000017,-211.50000000000017,SL,2025-12-05
1000PEPE,2025-12-12 16:00:00+00:00,2025-12-12 16:00:00+00:00,-1,0.0043148,0.004228503999999999,200.00000000000128,188.50000000000128,TP,2025-12-12
1000PEPE,2025-12-15 15:00:00+00:00,2025-12-15 15:00:00+00:00,-1,0.0041807,0.004097086,200.00000000000017,188.50000000000017,TP,2025-12-15
1000PEPE,2025-12-17 16:00:00+00:00,2025-12-17 16:00:00+00:00,-1,0.004026,0.00394548,199.99999999999906,188.49999999999906,TP,2025-12-17
1000PEPE,2025-12-18 18:00:00+00:00,2025-12-18 19:00:00+00:00,-1,0.0037775,0.00370195,200.00000000000017,188.50000000000017,TP,2025-12-18
1000PEPE,2025-12-18 20:00:00+00:00,2025-12-18 21:00:00+00:00,-1,0.0036484,0.003721368,-200.00000000000017,-211.50000000000017,SL,2025-12-18
1000PEPE,2025-12-26 15:00:00+00:00,2025-12-27 03:00:00+00:00,-1,0.0039714,0.004050828,-200.00000000000017,-211.50000000000017,SL,2025-12-26
1000PEPE,2025-12-29 10:00:00+00:00,2025-12-29 12:00:00+00:00,-1,0.0041416,0.004058768,199.99999999999906,188.49999999999906,TP,2025-12-29
1000PEPE,2026-01-06 17:00:00+00:00,2026-01-06 18:00:00+00:00,-1,0.0064542,0.006583284,-200.00000000000017,-211.50000000000017,SL,2026-01-06
1000PEPE,2026-01-07 01:00:00+00:00,2026-01-07 03:00:00+00:00,-1,0.0065466,0.006677532,-200.00000000000017,-211.50000000000017,SL,2026-01-07
1000PEPE,2026-01-07 10:00:00+00:00,2026-01-07 12:00:00+00:00,-1,0.0067376,0.006602848,200.00000000000017,188.50000000000017,TP,2026-01-07
1000PEPE,2026-01-08 07:00:00+00:00,2026-01-08 08:00:00+00:00,-1,0.006397,0.00626906,200.00000000000017,188.50000000000017,TP,2026-01-08
1000PEPE,2026-01-19 00:00:00+00:00,2026-01-19 00:00:00+00:00,-1,0.0054612,0.0053519760000000005,199.99999999999906,188.49999999999906,TP,2026-01-19
1000PEPE,2026-01-19 01:00:00+00:00,2026-01-19 16:00:00+00:00,-1,0.0051772,0.0052807439999999995,-200.00000000000017,-211.50000000000017,SL,2026-01-19
1000PEPE,2026-01-20 23:00:00+00:00,2026-01-21 02:00:00+00:00,-1,0.0050208,0.005121216,-200.00000000000017,-211.50000000000017,SL,2026-01-20
1000PEPE,2026-01-21 17:00:00+00:00,2026-01-21 19:00:00+00:00,-1,0.0048865,0.00498423,-200.00000000000017,-211.50000000000017,SL,2026-01-21
1000PEPE,2026-01-27 18:00:00+00:00,2026-01-27 18:00:00+00:00,-1,0.0048559,0.004953018,-200.00000000000017,-211.50000000000017,SL,2026-01-27
1000PEPE,2026-01-29 15:00:00+00:00,2026-01-29 15:00:00+00:00,-1,0.0047318,0.004637164,200.00000000000128,188.50000000000128,TP,2026-01-29
1000PEPE,2026-01-29 16:00:00+00:00,2026-01-29 17:00:00+00:00,-1,0.0046706,0.004764012,-200.00000000000017,-211.50000000000017,SL,2026-01-29
1000PEPE,2026-01-29 18:00:00+00:00,2026-01-29 18:00:00+00:00,-1,0.0047405,0.00464569,200.00000000000017,188.50000000000017,TP,2026-01-29
1000PEPE,2026-01-30 02:00:00+00:00,2026-01-30 06:00:00+00:00,-1,0.0046839,0.004590222000000001,199.99999999999906,188.49999999999906,TP,2026-01-30
1000PEPE,2026-01-31 15:00:00+00:00,2026-01-31 17:00:00+00:00,-1,0.004233,0.0041483399999999995,200.00000000000017,188.50000000000017,TP,2026-01-31
1000PEPE,2026-01-31 18:00:00+00:00,2026-01-31 18:00:00+00:00,-1,0.0040871,0.004005358,200.00000000000017,188.50000000000017,TP,2026-01-31
1000PEPE,2026-02-02 03:00:00+00:00,2026-02-02 03:00:00+00:00,-1,0.0041651,0.004081797999999999,200.00000000000128,188.50000000000128,TP,2026-02-02
1000PEPE,2026-02-03 03:00:00+00:00,2026-02-03 03:00:00+00:00,-1,0.0041721,0.004255542,-200.00000000000017,-211.50000000000017,SL,2026-02-03
1000PEPE,2026-02-03 17:00:00+00:00,2026-02-03 17:00:00+00:00,-1,0.0042475,0.00416255,200.00000000000017,188.50000000000017,TP,2026-02-03
1000PEPE,2026-02-03 18:00:00+00:00,2026-02-03 19:00:00+00:00,-1,0.0040814,0.004163028,-200.00000000000017,-211.50000000000017,SL,2026-02-03
1000PEPE,2026-02-05 16:00:00+00:00,2026-02-05 17:00:00+00:00,-1,0.0037054,0.003631292,200.00000000000017,188.50000000000017,TP,2026-02-05
1000PEPE,2026-02-05 18:00:00+00:00,2026-02-05 20:00:00+00:00,-1,0.0036564,0.003583272,200.00000000000017,188.50000000000017,TP,2026-02-05
1000PEPE,2026-02-05 21:00:00+00:00,2026-02-05 21:00:00+00:00,-1,0.0035503,0.0036213060000000004,-200.00000000000017,-211.50000000000017,SL,2026-02-05
1000PEPE,2026-02-16 14:00:00+00:00,2026-02-16 15:00:00+00:00,-1,0.004379,0.00446658,-200.00000000000017,-211.50000000000017,SL,2026-02-16
1000PEPE,2026-02-17 15:00:00+00:00,2026-02-17 16:00:00+00:00,-1,0.0043884,0.004476168,-200.00000000000017,-211.50000000000017,SL,2026-02-17
1000PEPE,2026-02-23 01:00:00+00:00,2026-02-23 01:00:00+00:00,-1,0.0040045,0.003924410000000001,199.99999999999906,188.49999999999906,TP,2026-02-23
1000PEPE,2026-02-23 02:00:00+00:00,2026-02-23 06:00:00+00:00,-1,0.0038798,0.003957396,-200.00000000000017,-211.50000000000017,SL,2026-02-23
1000PEPE,2026-02-28 07:00:00+00:00,2026-02-28 07:00:00+00:00,-1,0.0034535,0.00352257,-200.00000000000017,-211.50000000000017,SL,2026-02-28
1000PEPE,2026-03-13 15:00:00+00:00,2026-03-13 17:00:00+00:00,-1,0.0034883,0.003418534,200.00000000000017,188.50000000000017,TP,2026-03-13
1000PEPE,2026-03-18 12:00:00+00:00,2026-03-18 13:00:00+00:00,-1,0.0035777,0.003506146,200.00000000000017,188.50000000000017,TP,2026-03-18
1000PEPE,2026-03-18 15:00:00+00:00,2026-03-19 03:00:00+00:00,-1,0.0034682,0.003537564,-200.00000000000017,-211.50000000000017,SL,2026-03-18
1000PEPE,2026-03-22 00:00:00+00:00,2026-03-22 03:00:00+00:00,-1,0.0033078,0.003373956,-200.00000000000017,-211.50000000000017,SL,2026-03-22
1000PEPE,2026-03-23 07:00:00+00:00,2026-03-23 11:00:00+00:00,-1,0.0033023,0.0033683460000000004,-200.00000000000017,-211.50000000000017,SL,2026-03-23
1000PEPE,2026-03-23 16:00:00+00:00,2026-03-23 18:00:00+00:00,-1,0.0034516,0.003520632,-200.00000000000017,-211.50000000000017,SL,2026-03-23
1000PEPE,2026-03-27 11:00:00+00:00,2026-03-28 08:00:00+00:00,-1,0.0032611,0.003326322,-200.00000000000017,-211.50000000000017,SL,2026-03-27
1000PEPE,2026-03-29 23:00:00+00:00,2026-03-30 00:00:00+00:00,-1,0.003245,0.0033099,-200.00000000000017,-211.50000000000017,SL,2026-03-29
1000PEPE,2026-03-31 15:00:00+00:00,2026-03-31 16:00:00+00:00,-1,0.0033321,0.003398742,-200.00000000000017,-211.50000000000017,SL,2026-03-31
1000PEPE,2026-04-02 02:00:00+00:00,2026-04-02 04:00:00+00:00,-1,0.0033438,0.003276924,200.00000000000017,188.50000000000017,TP,2026-04-02
1000PEPE,2026-04-07 11:00:00+00:00,2026-04-07 19:00:00+00:00,-1,0.0033569,0.003424038,-200.00000000000017,-211.50000000000017,SL,2026-04-07
1000PEPE,2026-04-08 19:00:00+00:00,2026-04-09 07:00:00+00:00,-1,0.0035343,0.0034636140000000003,200.00000000000017,188.50000000000017,TP,2026-04-08
1000PEPE,2026-04-12 02:00:00+00:00,2026-04-12 13:00:00+00:00,-1,0.0035217,0.003451266,199.99999999999906,188.49999999999906,TP,2026-04-12
1000PEPE,2026-04-16 14:00:00+00:00,2026-04-16 15:00:00+00:00,-1,0.0037739,0.003849378,-200.00000000000017,-211.50000000000017,SL,2026-04-16
1000SHIB,2025-07-01 15:00:00+00:00,2025-07-02 05:00:00+00:00,-1,0.011195,0.011418900000000001,-200.00000000000017,-211.50000000000017,SL,2025-07-01
1000SHIB,2025-07-04 14:00:00+00:00,2025-07-04 16:00:00+00:00,-1,0.011511,0.01128078,200.00000000000017,188.50000000000017,TP,2025-07-04
1000SHIB,2025-07-09 21:00:00+00:00,2025-07-10 09:00:00+00:00,-1,0.012389,0.01263678,-200.00000000000017,-211.50000000000017,SL,2025-07-09
1000SHIB,2025-07-14 16:00:00+00:00,2025-07-15 00:00:00+00:00,-1,0.01337,0.013102599999999999,200.00000000000017,188.50000000000017,TP,2025-07-14
1000SHIB,2025-07-15 15:00:00+00:00,2025-07-15 15:00:00+00:00,-1,0.012955,0.0132141,-200.00000000000017,-211.50000000000017,SL,2025-07-15
1000SHIB,2025-07-22 14:00:00+00:00,2025-07-22 14:00:00+00:00,-1,0.014922,0.01522044,-200.00000000000017,-211.50000000000017,SL,2025-07-22
1000SHIB,2025-07-25 03:00:00+00:00,2025-07-25 09:00:00+00:00,-1,0.013293,0.013558859999999999,-200.00000000000017,-211.50000000000017,SL,2025-07-25
1000SHIB,2025-07-25 15:00:00+00:00,2025-07-25 17:00:00+00:00,-1,0.013346,0.01361292,-200.00000000000017,-211.50000000000017,SL,2025-07-25
1000SHIB,2025-07-30 19:00:00+00:00,2025-07-30 19:00:00+00:00,-1,0.012684,0.01243032,200.00000000000017,188.50000000000017,TP,2025-07-30
1000SHIB,2025-07-31 20:00:00+00:00,2025-07-31 23:00:00+00:00,-1,0.012689,0.01243522,200.00000000000017,188.50000000000017,TP,2025-07-31
1000SHIB,2025-08-01 14:00:00+00:00,2025-08-01 14:00:00+00:00,-1,0.01206,0.0123012,-200.00000000000017,-211.50000000000017,SL,2025-08-01
1000SHIB,2025-08-05 15:00:00+00:00,2025-08-06 14:00:00+00:00,-1,0.011998,0.01223796,-200.00000000000017,-211.50000000000017,SL,2025-08-05
1000SHIB,2025-08-14 13:00:00+00:00,2025-08-14 13:00:00+00:00,-1,0.012994,0.01273412,200.00000000000017,188.50000000000017,TP,2025-08-14
1000SHIB,2025-08-19 15:00:00+00:00,2025-08-19 19:00:00+00:00,-1,0.012349,0.01210202,200.00000000000017,188.50000000000017,TP,2025-08-19
1000SHIB,2025-08-20 14:00:00+00:00,2025-08-20 15:00:00+00:00,-1,0.012099,0.012340980000000001,-200.00000000000017,-211.50000000000017,SL,2025-08-20
1000SHIB,2025-08-24 20:00:00+00:00,2025-08-25 00:00:00+00:00,-1,0.01307,0.0128086,200.00000000000017,188.50000000000017,TP,2025-08-24
1000SHIB,2025-08-25 20:00:00+00:00,2025-08-25 20:00:00+00:00,-1,0.012119,0.01187662,200.00000000000017,188.50000000000017,TP,2025-08-25
1000SHIB,2025-08-29 08:00:00+00:00,2025-08-29 17:00:00+00:00,-1,0.012244,0.01199912,199.99999999999906,188.49999999999906,TP,2025-08-29
1000SHIB,2025-09-01 22:00:00+00:00,2025-09-02 01:00:00+00:00,-1,0.011895,0.0121329,-200.00000000000017,-211.50000000000017,SL,2025-09-01
1000SHIB,2025-09-05 15:00:00+00:00,2025-09-05 21:00:00+00:00,-1,0.012221,0.01246542,-200.00000000000017,-211.50000000000017,SL,2025-09-05
1000SHIB,2025-09-09 15:00:00+00:00,2025-09-10 13:00:00+00:00,-1,0.012866,0.01312332,-200.00000000000017,-211.50000000000017,SL,2025-09-09
1000SHIB,2025-09-15 00:00:00+00:00,2025-09-15 07:00:00+00:00,-1,0.01368,0.013406399999999999,200.00000000000017,188.50000000000017,TP,2025-09-15
1000SHIB,2025-09-15 09:00:00+00:00,2025-09-16 09:00:00+00:00,-1,0.013001,0.013078,-59.226213368201996,-70.726213368202,TIME,2025-09-15
1000SHIB,2025-09-22 01:00:00+00:00,2025-09-22 05:00:00+00:00,-1,0.012511,0.012260779999999999,200.00000000000017,188.50000000000017,TP,2025-09-22
1000SHIB,2025-09-22 06:00:00+00:00,2025-09-22 06:00:00+00:00,-1,0.012233,0.01198834,200.00000000000017,188.50000000000017,TP,2025-09-22
1000SHIB,2025-09-22 07:00:00+00:00,2025-09-23 07:00:00+00:00,-1,0.012114,0.012188,-61.08634637609356,-72.58634637609356,TIME,2025-09-22
1000SHIB,2025-09-23 18:00:00+00:00,2025-09-24 14:00:00+00:00,-1,0.012104,0.01234608,-200.00000000000017,-211.50000000000017,SL,2025-09-23
1000SHIB,2025-09-25 05:00:00+00:00,2025-09-25 12:00:00+00:00,-1,0.011868,0.01163064,200.00000000000017,188.50000000000017,TP,2025-09-25
1000SHIB,2025-09-25 18:00:00+00:00,2025-09-25 18:00:00+00:00,-1,0.011539,0.01176978,-200.00000000000017,-211.50000000000017,SL,2025-09-25
1000SHIB,2025-09-26 15:00:00+00:00,2025-09-26 17:00:00+00:00,-1,0.011634,0.011866680000000001,-200.00000000000017,-211.50000000000017,SL,2025-09-26
1000SHIB,2025-10-07 15:00:00+00:00,2025-10-08 03:00:00+00:00,-1,0.012398,0.012150039999999999,200.00000000000017,188.50000000000017,TP,2025-10-07
1000SHIB,2025-10-09 14:00:00+00:00,2025-10-09 16:00:00+00:00,-1,0.011949,0.01171002,200.00000000000017,188.50000000000017,TP,2025-10-09
1000SHIB,2025-10-09 17:00:00+00:00,2025-10-09 22:00:00+00:00,-1,0.01175,0.011985,-200.00000000000017,-211.50000000000017,SL,2025-10-09
1000SHIB,2025-10-10 15:00:00+00:00,2025-10-10 15:00:00+00:00,-1,0.011892,0.01165416,200.00000000000017,188.50000000000017,TP,2025-10-10
1000SHIB,2025-10-10 16:00:00+00:00,2025-10-10 19:00:00+00:00,-1,0.011546,0.01131508,200.00000000000017,188.50000000000017,TP,2025-10-10
1000SHIB,2025-10-10 21:00:00+00:00,2025-10-10 21:00:00+00:00,-1,0.010744,0.01052912,200.00000000000017,188.50000000000017,TP,2025-10-10
1000SHIB,2025-10-11 02:00:00+00:00,2025-10-11 02:00:00+00:00,-1,0.009935,0.010133699999999999,-200.00000000000017,-211.50000000000017,SL,2025-10-11
1000SHIB,2025-10-16 16:00:00+00:00,2025-10-16 20:00:00+00:00,-1,0.01008,0.0098784,200.00000000000017,188.50000000000017,TP,2025-10-16
1000SHIB,2025-10-17 07:00:00+00:00,2025-10-17 07:00:00+00:00,-1,0.009666,0.009472679999999999,200.00000000000017,188.50000000000017,TP,2025-10-17
1000SHIB,2025-10-21 05:00:00+00:00,2025-10-21 12:00:00+00:00,-1,0.009881,0.01007862,-200.00000000000017,-211.50000000000017,SL,2025-10-21
1000SHIB,2025-10-21 23:00:00+00:00,2025-10-22 05:00:00+00:00,-1,0.010154,0.00995092,199.99999999999906,188.49999999999906,TP,2025-10-21
1000SHIB,2025-10-28 20:00:00+00:00,2025-10-29 13:00:00+00:00,-1,0.010161,0.01036422,-200.00000000000017,-211.50000000000017,SL,2025-10-28
1000SHIB,2025-10-29 16:00:00+00:00,2025-10-29 17:00:00+00:00,-1,0.01015,0.010353,-200.00000000000017,-211.50000000000017,SL,2025-10-29
1000SHIB,2025-10-29 19:00:00+00:00,2025-10-29 20:00:00+00:00,-1,0.010223,0.01042746,-200.00000000000017,-211.50000000000017,SL,2025-10-29
1000SHIB,2025-10-30 00:00:00+00:00,2025-10-30 04:00:00+00:00,-1,0.010152,0.00994896,200.00000000000017,188.50000000000017,TP,2025-10-30
1000SHIB,2025-10-30 05:00:00+00:00,2025-10-30 07:00:00+00:00,-1,0.009949,0.01014798,-200.00000000000017,-211.50000000000017,SL,2025-10-30
1000SHIB,2025-10-30 13:00:00+00:00,2025-10-30 15:00:00+00:00,-1,0.009834,0.009637320000000001,199.99999999999906,188.49999999999906,TP,2025-10-30
1000SHIB,2025-10-31 17:00:00+00:00,2025-11-01 01:00:00+00:00,-1,0.00987,0.0100674,-200.00000000000017,-211.50000000000017,SL,2025-10-31
1000SHIB,2025-11-03 16:00:00+00:00,2025-11-03 17:00:00+00:00,-1,0.009239,0.009423780000000001,-200.00000000000017,-211.50000000000017,SL,2025-11-03
1000SHIB,2025-11-04 06:00:00+00:00,2025-11-04 06:00:00+00:00,-1,0.008904,0.009082080000000001,-200.00000000000017,-211.50000000000017,SL,2025-11-04
1000SHIB,2025-11-10 15:00:00+00:00,2025-11-10 22:00:00+00:00,-1,0.009977,0.01017654,-200.00000000000017,-211.50000000000017,SL,2025-11-10
1000SHIB,2025-11-12 16:00:00+00:00,2025-11-12 16:00:00+00:00,-1,0.009723,0.00952854,200.00000000000017,188.50000000000017,TP,2025-11-12
1000SHIB,2025-11-13 16:00:00+00:00,2025-11-13 17:00:00+00:00,-1,0.009692,0.009498159999999999,200.00000000000017,188.50000000000017,TP,2025-11-13
1000SHIB,2025-11-14 05:00:00+00:00,2025-11-14 07:00:00+00:00,-1,0.009107,0.009289140000000001,-200.00000000000017,-211.50000000000017,SL,2025-11-14
1000SHIB,2025-11-14 21:00:00+00:00,2025-11-14 23:00:00+00:00,-1,0.009057,0.008875860000000001,200.00000000000017,188.50000000000017,TP,2025-11-14
1000SHIB,2025-11-17 14:00:00+00:00,2025-11-17 14:00:00+00:00,-1,0.0089,0.009078,-200.00000000000017,-211.50000000000017,SL,2025-11-17
1000SHIB,2025-11-17 18:00:00+00:00,2025-11-17 19:00:00+00:00,-1,0.008788,0.00861224,200.00000000000017,188.50000000000017,TP,2025-11-17
1000SHIB,2025-11-19 16:00:00+00:00,2025-11-19 17:00:00+00:00,-1,0.008528,0.00835744,200.00000000000017,188.50000000000017,TP,2025-11-19
1000SHIB,2025-11-20 17:00:00+00:00,2025-11-20 17:00:00+00:00,-1,0.008419,0.008250619999999998,200.00000000000128,188.50000000000128,TP,2025-11-20
1000SHIB,2025-11-21 00:00:00+00:00,2025-11-21 07:00:00+00:00,-1,0.008246,0.00808108,200.00000000000128,188.50000000000128,TP,2025-11-21
1000SHIB,2025-11-21 08:00:00+00:00,2025-11-21 11:00:00+00:00,-1,0.007885,0.0077272999999999994,200.00000000000017,188.50000000000017,TP,2025-11-21
1000SHIB,2025-11-21 16:00:00+00:00,2025-11-21 17:00:00+00:00,-1,0.007799,0.00795498,-200.00000000000017,-211.50000000000017,SL,2025-11-21
1000SHIB,2025-11-28 17:00:00+00:00,2025-11-29 05:00:00+00:00,-1,0.008707,0.00853286,200.00000000000017,188.50000000000017,TP,2025-11-28
1000SHIB,2025-12-01 01:00:00+00:00,2025-12-02 01:00:00+00:00,-1,0.007964,0.00796,5.022601707684871,-6.477398292315129,TIME,2025-12-01
1000SHIB,2025-12-05 17:00:00+00:00,2025-12-06 11:00:00+00:00,-1,0.008241,0.00840582,-200.00000000000017,-211.50000000000017,SL,2025-12-05
1000SHIB,2025-12-12 16:00:00+00:00,2025-12-13 03:00:00+00:00,-1,0.008173,0.00833646,-200.00000000000017,-211.50000000000017,SL,2025-12-12
1000SHIB,2025-12-15 15:00:00+00:00,2025-12-15 16:00:00+00:00,-1,0.00802,0.0078596,200.00000000000017,188.50000000000017,TP,2025-12-15
1000SHIB,2025-12-17 16:00:00+00:00,2025-12-17 16:00:00+00:00,-1,0.007723,0.0075685399999999995,200.00000000000017,188.50000000000017,TP,2025-12-17
1000SHIB,2025-12-18 18:00:00+00:00,2025-12-18 19:00:00+00:00,-1,0.007245,0.0071001,200.00000000000017,188.50000000000017,TP,2025-12-18
1000SHIB,2025-12-18 20:00:00+00:00,2025-12-19 03:00:00+00:00,-1,0.007024,0.00716448,-200.00000000000017,-211.50000000000017,SL,2025-12-18
1000SHIB,2025-12-26 15:00:00+00:00,2025-12-27 15:00:00+00:00,-1,0.007109,0.007244,-189.90012660008438,-201.40012660008438,TIME,2025-12-26
1000SHIB,2025-12-29 10:00:00+00:00,2025-12-29 18:00:00+00:00,-1,0.007418,0.00726964,200.00000000000017,188.50000000000017,TP,2025-12-29
1000SHIB,2026-01-06 17:00:00+00:00,2026-01-06 17:00:00+00:00,-1,0.009024,0.00884352,200.00000000000017,188.50000000000017,TP,2026-01-06
1000SHIB,2026-01-06 18:00:00+00:00,2026-01-06 18:00:00+00:00,-1,0.008852,0.00902904,-200.00000000000017,-211.50000000000017,SL,2026-01-06
1000SHIB,2026-01-07 01:00:00+00:00,2026-01-07 08:00:00+00:00,-1,0.00898,0.0091596,-200.00000000000017,-211.50000000000017,SL,2026-01-07
1000SHIB,2026-01-07 10:00:00+00:00,2026-01-07 15:00:00+00:00,-1,0.009018,0.008837639999999999,200.00000000000128,188.50000000000128,TP,2026-01-07
1000SHIB,2026-01-08 07:00:00+00:00,2026-01-08 14:00:00+00:00,-1,0.008661,0.00848778,200.00000000000017,188.50000000000017,TP,2026-01-08
1000SHIB,2026-01-19 00:00:00+00:00,2026-01-19 00:00:00+00:00,-1,0.008083,0.007921339999999999,200.00000000000128,188.50000000000128,TP,2026-01-19
1000SHIB,2026-01-19 01:00:00+00:00,2026-01-19 18:00:00+00:00,-1,0.007868,0.00802536,-200.00000000000017,-211.50000000000017,SL,2026-01-19
1000SHIB,2026-01-20 23:00:00+00:00,2026-01-21 01:00:00+00:00,-1,0.007735,0.0078897,-200.00000000000017,-211.50000000000017,SL,2026-01-20
1000SHIB,2026-01-21 17:00:00+00:00,2026-01-21 19:00:00+00:00,-1,0.007677,0.00783054,-200.00000000000017,-211.50000000000017,SL,2026-01-21
1000SHIB,2026-01-27 18:00:00+00:00,2026-01-27 20:00:00+00:00,-1,0.007658,0.00781116,-200.00000000000017,-211.50000000000017,SL,2026-01-27
1000SHIB,2026-01-29 15:00:00+00:00,2026-01-29 15:00:00+00:00,-1,0.007354,0.00720692,200.00000000000017,188.50000000000017,TP,2026-01-29
1000SHIB,2026-01-29 16:00:00+00:00,2026-01-29 17:00:00+00:00,-1,0.007288,0.00743376,-200.00000000000017,-211.50000000000017,SL,2026-01-29
1000SHIB,2026-01-29 18:00:00+00:00,2026-01-30 01:00:00+00:00,-1,0.007313,0.00716674,200.00000000000017,188.50000000000017,TP,2026-01-29
1000SHIB,2026-01-30 02:00:00+00:00,2026-01-30 06:00:00+00:00,-1,0.00727,0.0071246,200.00000000000017,188.50000000000017,TP,2026-01-30
1000SHIB,2026-01-31 15:00:00+00:00,2026-01-31 17:00:00+00:00,-1,0.0068,0.006664,200.00000000000017,188.50000000000017,TP,2026-01-31
1000SHIB,2026-01-31 18:00:00+00:00,2026-01-31 18:00:00+00:00,-1,0.006556,0.00642488,200.00000000000017,188.50000000000017,TP,2026-01-31
1000SHIB,2026-02-02 03:00:00+00:00,2026-02-02 03:00:00+00:00,-1,0.006711,0.00657678,200.00000000000017,188.50000000000017,TP,2026-02-02
1000SHIB,2026-02-03 03:00:00+00:00,2026-02-03 08:00:00+00:00,-1,0.006779,0.00691458,-200.00000000000017,-211.50000000000017,SL,2026-02-03
1000SHIB,2026-02-03 17:00:00+00:00,2026-02-03 17:00:00+00:00,-1,0.00679,0.0066542,200.00000000000017,188.50000000000017,TP,2026-02-03
1000SHIB,2026-02-03 18:00:00+00:00,2026-02-03 19:00:00+00:00,-1,0.006618,0.0067503599999999995,-200.00000000000017,-211.50000000000017,SL,2026-02-03
1000SHIB,2026-02-05 16:00:00+00:00,2026-02-05 17:00:00+00:00,-1,0.006011,0.00589078,200.00000000000017,188.50000000000017,TP,2026-02-05
1000SHIB,2026-02-05 18:00:00+00:00,2026-02-05 20:00:00+00:00,-1,0.005867,0.005749659999999999,200.00000000000128,188.50000000000128,TP,2026-02-05
1000SHIB,2026-02-05 21:00:00+00:00,2026-02-05 21:00:00+00:00,-1,0.005683,0.0057966599999999995,-200.00000000000017,-211.50000000000017,SL,2026-02-05
1000SHIB,2026-02-16 14:00:00+00:00,2026-02-17 14:00:00+00:00,-1,0.006514,0.006459,84.4335277863062,72.9335277863062,TIME,2026-02-16
1000SHIB,2026-02-17 15:00:00+00:00,2026-02-17 16:00:00+00:00,-1,0.00646,0.0065892,-200.00000000000017,-211.50000000000017,SL,2026-02-17
1000SHIB,2026-02-23 01:00:00+00:00,2026-02-23 01:00:00+00:00,-1,0.006111,0.00598878,200.00000000000017,188.50000000000017,TP,2026-02-23
1000SHIB,2026-02-23 02:00:00+00:00,2026-02-23 06:00:00+00:00,-1,0.005926,0.00604452,-200.00000000000017,-211.50000000000017,SL,2026-02-23
1000SHIB,2026-02-28 07:00:00+00:00,2026-02-28 07:00:00+00:00,-1,0.005512,0.005622240000000001,-200.00000000000017,-211.50000000000017,SL,2026-02-28
1000SHIB,2026-03-13 15:00:00+00:00,2026-03-13 22:00:00+00:00,-1,0.006032,0.00591136,200.00000000000017,188.50000000000017,TP,2026-03-13
1000SHIB,2026-03-18 12:00:00+00:00,2026-03-18 13:00:00+00:00,-1,0.005938,0.00581924,200.00000000000017,188.50000000000017,TP,2026-03-18
1000SHIB,2026-03-18 15:00:00+00:00,2026-03-19 15:00:00+00:00,-1,0.005748,0.005694,93.94572025052116,82.44572025052116,TIME,2026-03-18
1000SHIB,2026-03-22 00:00:00+00:00,2026-03-22 18:00:00+00:00,-1,0.005849,0.00573202,200.00000000000017,188.50000000000017,TP,2026-03-22
1000SHIB,2026-03-23 07:00:00+00:00,2026-03-23 11:00:00+00:00,-1,0.005776,0.00589152,-200.00000000000017,-211.50000000000017,SL,2026-03-23
1000SHIB,2026-03-23 16:00:00+00:00,2026-03-23 21:00:00+00:00,-1,0.006071,0.00619242,-200.00000000000017,-211.50000000000017,SL,2026-03-23
1000SHIB,2026-03-27 11:00:00+00:00,2026-03-28 10:00:00+00:00,-1,0.005746,0.00586092,-200.00000000000017,-211.50000000000017,SL,2026-03-27
1000SHIB,2026-03-29 23:00:00+00:00,2026-03-30 00:00:00+00:00,-1,0.005747,0.00586194,-200.00000000000017,-211.50000000000017,SL,2026-03-29
1000SHIB,2026-03-31 15:00:00+00:00,2026-04-01 06:00:00+00:00,-1,0.005893,0.00601086,-200.00000000000017,-211.50000000000017,SL,2026-03-31
1000SHIB,2026-04-02 02:00:00+00:00,2026-04-02 13:00:00+00:00,-1,0.005886,0.00576828,200.00000000000017,188.50000000000017,TP,2026-04-02
1000SHIB,2026-04-07 11:00:00+00:00,2026-04-07 19:00:00+00:00,-1,0.005836,0.00595272,-200.00000000000017,-211.50000000000017,SL,2026-04-07
1000SHIB,2026-04-08 19:00:00+00:00,2026-04-09 08:00:00+00:00,-1,0.005967,0.00584766,200.00000000000017,188.50000000000017,TP,2026-04-08
1000SHIB,2026-04-12 02:00:00+00:00,2026-04-13 02:00:00+00:00,-1,0.00581,0.005776,58.519793459552716,47.019793459552716,TIME,2026-04-12
1000SHIB,2026-04-16 14:00:00+00:00,2026-04-16 16:00:00+00:00,-1,0.006042,0.00616284,-200.00000000000017,-211.50000000000017,SL,2026-04-16
AAVE,2025-07-01 15:00:00+00:00,2025-07-02 00:00:00+00:00,-1,264.08,258.79839999999996,200.00000000000128,188.50000000000128,TP,2025-07-01
AAVE,2025-07-04 14:00:00+00:00,2025-07-04 16:00:00+00:00,-1,265.35,260.043,200.00000000000017,188.50000000000017,TP,2025-07-04
AAVE,2025-07-09 21:00:00+00:00,2025-07-09 22:00:00+00:00,-1,297.57,303.52139999999997,-200.00000000000017,-211.50000000000017,SL,2025-07-09
AAVE,2025-07-14 16:00:00+00:00,2025-07-14 18:00:00+00:00,-1,319.88,313.4824,200.00000000000017,188.50000000000017,TP,2025-07-14
AAVE,2025-07-15 15:00:00+00:00,2025-07-15 15:00:00+00:00,-1,313.72,319.99440000000004,-200.00000000000017,-211.50000000000017,SL,2025-07-15
AAVE,2025-07-22 14:00:00+00:00,2025-07-23 00:00:00+00:00,-1,305.53,311.64059999999995,-200.00000000000017,-211.50000000000017,SL,2025-07-22
AAVE,2025-07-25 03:00:00+00:00,2025-07-25 08:00:00+00:00,-1,282.96,288.6192,-200.00000000000017,-211.50000000000017,SL,2025-07-25
AAVE,2025-07-25 15:00:00+00:00,2025-07-25 21:00:00+00:00,-1,287.28,293.0256,-200.00000000000017,-211.50000000000017,SL,2025-07-25
AAVE,2025-07-30 19:00:00+00:00,2025-07-30 19:00:00+00:00,-1,270.66,265.2468,200.00000000000017,188.50000000000017,TP,2025-07-30
AAVE,2025-07-31 20:00:00+00:00,2025-07-31 22:00:00+00:00,-1,266.57,261.23859999999996,200.00000000000128,188.50000000000128,TP,2025-07-31
AAVE,2025-08-01 14:00:00+00:00,2025-08-01 14:00:00+00:00,-1,254.55,259.641,-200.00000000000017,-211.50000000000017,SL,2025-08-01
AAVE,2025-08-05 15:00:00+00:00,2025-08-06 14:00:00+00:00,-1,254.54,259.6308,-200.00000000000017,-211.50000000000017,SL,2025-08-05
AAVE,2025-08-14 13:00:00+00:00,2025-08-14 13:00:00+00:00,-1,310.97,317.18940000000003,-200.00000000000017,-211.50000000000017,SL,2025-08-14
AAVE,2025-08-19 15:00:00+00:00,2025-08-20 06:00:00+00:00,-1,280.13,285.7326,-200.00000000000017,-211.50000000000017,SL,2025-08-19
AAVE,2025-08-20 14:00:00+00:00,2025-08-20 14:00:00+00:00,-1,284.39,290.07779999999997,-200.00000000000017,-211.50000000000017,SL,2025-08-20
AAVE,2025-08-24 20:00:00+00:00,2025-08-24 20:00:00+00:00,-1,353.54,346.4692,200.00000000000017,188.50000000000017,TP,2025-08-24
AAVE,2025-08-25 20:00:00+00:00,2025-08-26 02:00:00+00:00,-1,316.38,322.7076,-200.00000000000017,-211.50000000000017,SL,2025-08-25
AAVE,2025-08-29 08:00:00+00:00,2025-08-29 12:00:00+00:00,-1,306.32,312.4464,-200.00000000000017,-211.50000000000017,SL,2025-08-29
AAVE,2025-08-29 14:00:00+00:00,2025-08-29 21:00:00+00:00,-1,309.63,315.8226,-200.00000000000017,-211.50000000000017,SL,2025-08-29
AAVE,2025-09-01 22:00:00+00:00,2025-09-02 01:00:00+00:00,-1,301.16,307.18320000000006,-200.00000000000017,-211.50000000000017,SL,2025-09-01
AAVE,2025-09-05 15:00:00+00:00,2025-09-05 20:00:00+00:00,-1,299.45,305.439,-200.00000000000017,-211.50000000000017,SL,2025-09-05
AAVE,2025-09-09 15:00:00+00:00,2025-09-10 14:00:00+00:00,-1,300.29,306.29580000000004,-200.00000000000017,-211.50000000000017,SL,2025-09-09
AAVE,2025-09-15 00:00:00+00:00,2025-09-15 08:00:00+00:00,-1,306.2,300.07599999999996,200.00000000000128,188.50000000000128,TP,2025-09-15
AAVE,2025-09-15 09:00:00+00:00,2025-09-16 09:00:00+00:00,-1,297.43,296.68,25.216017214134688,13.716017214134688,TIME,2025-09-15
AAVE,2025-09-22 01:00:00+00:00,2025-09-22 05:00:00+00:00,-1,286.83,281.0934,200.00000000000017,188.50000000000017,TP,2025-09-22
AAVE,2025-09-22 06:00:00+00:00,2025-09-22 06:00:00+00:00,-1,277.86,272.3028,200.00000000000128,188.50000000000128,TP,2025-09-22
AAVE,2025-09-22 07:00:00+00:00,2025-09-22 09:00:00+00:00,-1,268.04,262.67920000000004,199.99999999999906,188.49999999999906,TP,2025-09-22
AAVE,2025-09-23 18:00:00+00:00,2025-09-24 04:00:00+00:00,-1,275.38,269.87239999999997,200.00000000000128,188.50000000000128,TP,2025-09-23
AAVE,2025-09-25 05:00:00+00:00,2025-09-25 12:00:00+00:00,-1,266.42,261.0916,199.99999999999906,188.49999999999906,TP,2025-09-25
AAVE,2025-09-25 18:00:00+00:00,2025-09-25 18:00:00+00:00,-1,257.11,262.2522,-200.00000000000017,-211.50000000000017,SL,2025-09-25
AAVE,2025-09-26 15:00:00+00:00,2025-09-26 16:00:00+00:00,-1,262.92,268.1784,-200.00000000000017,-211.50000000000017,SL,2025-09-26
AAVE,2025-10-05 10:00:00+00:00,2025-10-05 17:00:00+00:00,-1,292.09,286.2482,199.99999999999906,188.49999999999906,TP,2025-10-05
AAVE,2025-10-07 15:00:00+00:00,2025-10-07 23:00:00+00:00,-1,281.77,276.1346,200.00000000000017,188.50000000000017,TP,2025-10-07
AAVE,2025-10-09 14:00:00+00:00,2025-10-10 03:00:00+00:00,-1,272.94,278.3988,-200.00000000000017,-211.50000000000017,SL,2025-10-09
AAVE,2025-10-10 15:00:00+00:00,2025-10-10 15:00:00+00:00,-1,273.26,267.7948,199.99999999999906,188.49999999999906,TP,2025-10-10
AAVE,2025-10-10 16:00:00+00:00,2025-10-10 19:00:00+00:00,-1,264.22,258.9356,200.00000000000017,188.50000000000017,TP,2025-10-10
AAVE,2025-10-10 21:00:00+00:00,2025-10-10 21:00:00+00:00,-1,244.67,239.77659999999997,200.00000000000017,188.50000000000017,TP,2025-10-10
AAVE,2025-10-11 02:00:00+00:00,2025-10-11 02:00:00+00:00,-1,218.72,223.0944,-200.00000000000017,-211.50000000000017,SL,2025-10-11
AAVE,2025-10-11 08:00:00+00:00,2025-10-11 08:00:00+00:00,-1,231.66,236.2932,-200.00000000000017,-211.50000000000017,SL,2025-10-11
AAVE,2025-10-16 16:00:00+00:00,2025-10-16 19:00:00+00:00,-1,235.71,230.9958,200.00000000000017,188.50000000000017,TP,2025-10-16
AAVE,2025-10-17 07:00:00+00:00,2025-10-17 07:00:00+00:00,-1,215.66,211.3468,200.00000000000017,188.50000000000017,TP,2025-10-17
AAVE,2025-10-21 05:00:00+00:00,2025-10-21 12:00:00+00:00,-1,219.42,223.80839999999998,-200.00000000000017,-211.50000000000017,SL,2025-10-21
AAVE,2025-10-21 23:00:00+00:00,2025-10-22 00:00:00+00:00,-1,221.52,217.08960000000002,199.99999999999906,188.49999999999906,TP,2025-10-21
AAVE,2025-10-28 20:00:00+00:00,2025-10-28 21:00:00+00:00,-1,230.57,225.9586,200.00000000000017,188.50000000000017,TP,2025-10-28
AAVE,2025-10-29 16:00:00+00:00,2025-10-29 17:00:00+00:00,-1,227.14,231.6828,-200.00000000000017,-211.50000000000017,SL,2025-10-29
AAVE,2025-10-29 19:00:00+00:00,2025-10-29 20:00:00+00:00,-1,229.27,233.8554,-200.00000000000017,-211.50000000000017,SL,2025-10-29
AAVE,2025-10-30 00:00:00+00:00,2025-10-30 04:00:00+00:00,-1,227.48,222.9304,200.00000000000017,188.50000000000017,TP,2025-10-30
AAVE,2025-10-30 05:00:00+00:00,2025-10-30 05:00:00+00:00,-1,222.77,227.2254,-200.00000000000017,-211.50000000000017,SL,2025-10-30
AAVE,2025-10-30 13:00:00+00:00,2025-10-30 13:00:00+00:00,-1,219.23,214.84539999999998,200.00000000000017,188.50000000000017,TP,2025-10-30
AAVE,2025-10-31 17:00:00+00:00,2025-10-31 19:00:00+00:00,-1,213.84,218.1168,-200.00000000000017,-211.50000000000017,SL,2025-10-31
AAVE,2025-11-03 16:00:00+00:00,2025-11-03 16:00:00+00:00,-1,200.27,204.27540000000002,-200.00000000000017,-211.50000000000017,SL,2025-11-03
AAVE,2025-11-04 06:00:00+00:00,2025-11-04 06:00:00+00:00,-1,194.21,198.0942,-200.00000000000017,-211.50000000000017,SL,2025-11-04
AAVE,2025-11-10 15:00:00+00:00,2025-11-10 22:00:00+00:00,-1,220.56,224.9712,-200.00000000000017,-211.50000000000017,SL,2025-11-10
AAVE,2025-11-12 16:00:00+00:00,2025-11-12 17:00:00+00:00,-1,207.3,203.154,200.00000000000017,188.50000000000017,TP,2025-11-12
AAVE,2025-11-13 16:00:00+00:00,2025-11-13 17:00:00+00:00,-1,208.37,204.2026,200.00000000000017,188.50000000000017,TP,2025-11-13
AAVE,2025-11-14 05:00:00+00:00,2025-11-14 05:00:00+00:00,-1,187.07,190.8114,-200.00000000000017,-211.50000000000017,SL,2025-11-14
AAVE,2025-11-14 21:00:00+00:00,2025-11-14 22:00:00+00:00,-1,176.05,179.57100000000003,-200.00000000000017,-211.50000000000017,SL,2025-11-14
AAVE,2025-11-17 14:00:00+00:00,2025-11-17 14:00:00+00:00,-1,173.75,177.225,-200.00000000000017,-211.50000000000017,SL,2025-11-17
AAVE,2025-11-17 18:00:00+00:00,2025-11-17 19:00:00+00:00,-1,170.18,166.7764,200.00000000000017,188.50000000000017,TP,2025-11-17
AAVE,2025-11-19 16:00:00+00:00,2025-11-19 17:00:00+00:00,-1,168.23,164.8654,200.00000000000017,188.50000000000017,TP,2025-11-19
AAVE,2025-11-20 17:00:00+00:00,2025-11-20 19:00:00+00:00,-1,163.03,159.7694,200.00000000000017,188.50000000000017,TP,2025-11-20
AAVE,2025-11-21 00:00:00+00:00,2025-11-21 01:00:00+00:00,-1,164.53,167.8206,-200.00000000000017,-211.50000000000017,SL,2025-11-21
AAVE,2025-11-21 03:00:00+00:00,2025-11-21 07:00:00+00:00,-1,162.85,159.593,200.00000000000017,188.50000000000017,TP,2025-11-21
AAVE,2025-11-21 08:00:00+00:00,2025-11-21 11:00:00+00:00,-1,156.04,152.9192,200.00000000000017,188.50000000000017,TP,2025-11-21
AAVE,2025-11-21 16:00:00+00:00,2025-11-21 16:00:00+00:00,-1,152.54,155.5908,-200.00000000000017,-211.50000000000017,SL,2025-11-21
AAVE,2025-11-28 17:00:00+00:00,2025-11-28 19:00:00+00:00,-1,182.86,186.51720000000003,-200.00000000000017,-211.50000000000017,SL,2025-11-28
AAVE,2025-12-01 01:00:00+00:00,2025-12-01 05:00:00+00:00,-1,169.38,165.9924,199.99999999999906,188.49999999999906,TP,2025-12-01
AAVE,2025-12-01 16:00:00+00:00,2025-12-01 21:00:00+00:00,-1,164.6,167.892,-200.00000000000017,-211.50000000000017,SL,2025-12-01
AAVE,2025-12-05 17:00:00+00:00,2025-12-06 14:00:00+00:00,-1,183.83,187.50660000000002,-200.00000000000017,-211.50000000000017,SL,2025-12-05
AAVE,2025-12-12 16:00:00+00:00,2025-12-13 08:00:00+00:00,-1,192.55,196.401,-200.00000000000017,-211.50000000000017,SL,2025-12-12
AAVE,2025-12-15 15:00:00+00:00,2025-12-15 15:00:00+00:00,-1,189.59,185.7982,200.00000000000017,188.50000000000017,TP,2025-12-15
AAVE,2025-12-17 16:00:00+00:00,2025-12-17 16:00:00+00:00,-1,182.88,179.2224,200.00000000000017,188.50000000000017,TP,2025-12-17
AAVE,2025-12-18 18:00:00+00:00,2025-12-18 19:00:00+00:00,-1,174.36,170.8728,200.00000000000017,188.50000000000017,TP,2025-12-18
AAVE,2025-12-18 20:00:00+00:00,2025-12-18 21:00:00+00:00,-1,169.83,173.22660000000002,-200.00000000000017,-211.50000000000017,SL,2025-12-18
AAVE,2025-12-26 15:00:00+00:00,2025-12-27 08:00:00+00:00,-1,153.69,156.7638,-200.00000000000017,-211.50000000000017,SL,2025-12-26
AAVE,2025-12-29 10:00:00+00:00,2025-12-29 20:00:00+00:00,-1,151.78,148.74439999999998,200.00000000000128,188.50000000000128,TP,2025-12-29
AAVE,2026-01-06 17:00:00+00:00,2026-01-06 21:00:00+00:00,-1,169.99,173.3898,-200.00000000000017,-211.50000000000017,SL,2026-01-06
AAVE,2026-01-07 01:00:00+00:00,2026-01-07 14:00:00+00:00,-1,172.76,169.3048,199.99999999999906,188.49999999999906,TP,2026-01-07
AAVE,2026-01-08 07:00:00+00:00,2026-01-08 16:00:00+00:00,-1,163.44,166.7088,-200.00000000000017,-211.50000000000017,SL,2026-01-08
AAVE,2026-01-19 00:00:00+00:00,2026-01-19 00:00:00+00:00,-1,168.63,165.2574,200.00000000000017,188.50000000000017,TP,2026-01-19
AAVE,2026-01-19 01:00:00+00:00,2026-01-19 20:00:00+00:00,-1,162.63,165.8826,-200.00000000000017,-211.50000000000017,SL,2026-01-19
AAVE,2026-01-20 23:00:00+00:00,2026-01-21 04:00:00+00:00,-1,153.77,156.8454,-200.00000000000017,-211.50000000000017,SL,2026-01-20
AAVE,2026-01-21 17:00:00+00:00,2026-01-21 19:00:00+00:00,-1,153.51,156.5802,-200.00000000000017,-211.50000000000017,SL,2026-01-21
AAVE,2026-01-27 18:00:00+00:00,2026-01-27 19:00:00+00:00,-1,153.43,156.4986,-200.00000000000017,-211.50000000000017,SL,2026-01-27
AAVE,2026-01-29 15:00:00+00:00,2026-01-29 15:00:00+00:00,-1,150.11,147.1078,200.00000000000128,188.50000000000128,TP,2026-01-29
AAVE,2026-01-29 16:00:00+00:00,2026-01-29 18:00:00+00:00,-1,147.09,144.1482,200.00000000000017,188.50000000000017,TP,2026-01-29
AAVE,2026-01-30 02:00:00+00:00,2026-01-30 02:00:00+00:00,-1,143.96,141.0808,200.00000000000017,188.50000000000017,TP,2026-01-30
AAVE,2026-01-31 15:00:00+00:00,2026-01-31 16:00:00+00:00,-1,132.51,129.85979999999998,200.00000000000128,188.50000000000128,TP,2026-01-31
AAVE,2026-01-31 18:00:00+00:00,2026-01-31 18:00:00+00:00,-1,124.0,121.52,200.00000000000017,188.50000000000017,TP,2026-01-31
AAVE,2026-02-02 03:00:00+00:00,2026-02-02 03:00:00+00:00,-1,125.22,122.7156,200.00000000000017,188.50000000000017,TP,2026-02-02
AAVE,2026-02-03 03:00:00+00:00,2026-02-03 04:00:00+00:00,-1,125.9,128.418,-200.00000000000017,-211.50000000000017,SL,2026-02-03
AAVE,2026-02-03 17:00:00+00:00,2026-02-03 17:00:00+00:00,-1,126.05,123.529,200.00000000000017,188.50000000000017,TP,2026-02-03
AAVE,2026-02-03 18:00:00+00:00,2026-02-03 19:00:00+00:00,-1,123.2,125.664,-200.00000000000017,-211.50000000000017,SL,2026-02-03
AAVE,2026-02-05 16:00:00+00:00,2026-02-05 16:00:00+00:00,-1,112.27,114.5154,-200.00000000000017,-211.50000000000017,SL,2026-02-05
AAVE,2026-02-05 18:00:00+00:00,2026-02-05 19:00:00+00:00,-1,111.8,109.564,200.00000000000017,188.50000000000017,TP,2026-02-05
AAVE,2026-02-05 21:00:00+00:00,2026-02-05 21:00:00+00:00,-1,104.54,106.63080000000001,-200.00000000000017,-211.50000000000017,SL,2026-02-05
AAVE,2026-02-16 14:00:00+00:00,2026-02-16 15:00:00+00:00,-1,125.92,123.4016,200.00000000000017,188.50000000000017,TP,2026-02-16
AAVE,2026-02-17 15:00:00+00:00,2026-02-17 16:00:00+00:00,-1,125.34,127.8468,-200.00000000000017,-211.50000000000017,SL,2026-02-17
AAVE,2026-02-23 01:00:00+00:00,2026-02-23 01:00:00+00:00,-1,116.19,113.86619999999999,200.00000000000017,188.50000000000017,TP,2026-02-23
AAVE,2026-02-23 02:00:00+00:00,2026-02-23 06:00:00+00:00,-1,111.8,114.036,-200.00000000000017,-211.50000000000017,SL,2026-02-23
AAVE,2026-02-28 07:00:00+00:00,2026-02-28 07:00:00+00:00,-1,106.03,108.1506,-200.00000000000017,-211.50000000000017,SL,2026-02-28
AAVE,2026-03-13 15:00:00+00:00,2026-03-13 17:00:00+00:00,-1,114.97,112.6706,200.00000000000017,188.50000000000017,TP,2026-03-13
AAVE,2026-03-18 12:00:00+00:00,2026-03-18 13:00:00+00:00,-1,117.3,114.954,200.00000000000017,188.50000000000017,TP,2026-03-18
AAVE,2026-03-18 15:00:00+00:00,2026-03-18 21:00:00+00:00,-1,113.02,115.2804,-200.00000000000017,-211.50000000000017,SL,2026-03-18
AAVE,2026-03-22 00:00:00+00:00,2026-03-22 19:00:00+00:00,-1,107.95,105.791,200.00000000000017,188.50000000000017,TP,2026-03-22
AAVE,2026-03-23 07:00:00+00:00,2026-03-23 11:00:00+00:00,-1,105.9,108.018,-200.00000000000017,-211.50000000000017,SL,2026-03-23
AAVE,2026-03-23 16:00:00+00:00,2026-03-24 16:00:00+00:00,-1,109.59,108.88,64.78693311433581,53.28693311433581,TIME,2026-03-23
AAVE,2026-03-27 11:00:00+00:00,2026-03-27 17:00:00+00:00,-1,101.58,99.5484,200.00000000000017,188.50000000000017,TP,2026-03-27
AAVE,2026-03-29 23:00:00+00:00,2026-03-30 00:00:00+00:00,-1,94.73,96.6246,-200.00000000000017,-211.50000000000017,SL,2026-03-29
AAVE,2026-03-31 15:00:00+00:00,2026-03-31 20:00:00+00:00,-1,96.97,98.9094,-200.00000000000017,-211.50000000000017,SL,2026-03-31
AAVE,2026-04-02 02:00:00+00:00,2026-04-02 03:00:00+00:00,-1,95.99,94.0702,199.99999999999906,188.49999999999906,TP,2026-04-02
AAVE,2026-04-07 11:00:00+00:00,2026-04-07 11:00:00+00:00,-1,87.79,86.0342,200.00000000000128,188.50000000000128,TP,2026-04-07
AAVE,2026-04-08 19:00:00+00:00,2026-04-09 00:00:00+00:00,-1,93.23,91.36540000000001,199.99999999999906,188.49999999999906,TP,2026-04-08
AAVE,2026-04-12 02:00:00+00:00,2026-04-13 01:00:00+00:00,-1,90.15,91.953,-200.00000000000017,-211.50000000000017,SL,2026-04-12
AAVE,2026-04-16 14:00:00+00:00,2026-04-16 14:00:00+00:00,-1,104.8,102.704,200.00000000000017,188.50000000000017,TP,2026-04-16
ADA,2025-07-01 15:00:00+00:00,2025-07-02 07:00:00+00:00,-1,0.5465,0.55743,-200.00000000000017,-211.50000000000017,SL,2025-07-01
ADA,2025-07-04 14:00:00+00:00,2025-07-04 16:00:00+00:00,-1,0.5754,0.5638920000000001,199.99999999999906,188.49999999999906,TP,2025-07-04
ADA,2025-07-09 21:00:00+00:00,2025-07-10 07:00:00+00:00,-1,0.6199,0.632298,-200.00000000000017,-211.50000000000017,SL,2025-07-09
ADA,2025-07-14 16:00:00+00:00,2025-07-15 02:00:00+00:00,-1,0.734,0.71932,200.00000000000017,188.50000000000017,TP,2025-07-14
ADA,2025-07-15 15:00:00+00:00,2025-07-15 16:00:00+00:00,-1,0.7151,0.729402,-200.00000000000017,-211.50000000000017,SL,2025-07-15
ADA,2025-07-22 14:00:00+00:00,2025-07-22 15:00:00+00:00,-1,0.8651,0.882402,-200.00000000000017,-211.50000000000017,SL,2025-07-22
ADA,2025-07-25 03:00:00+00:00,2025-07-25 11:00:00+00:00,-1,0.7971,0.813042,-200.00000000000017,-211.50000000000017,SL,2025-07-25
ADA,2025-07-25 15:00:00+00:00,2025-07-25 17:00:00+00:00,-1,0.7776,0.793152,-200.00000000000017,-211.50000000000017,SL,2025-07-25
ADA,2025-07-30 19:00:00+00:00,2025-07-30 19:00:00+00:00,-1,0.7555,0.7403899999999999,200.00000000000128,188.50000000000128,TP,2025-07-30
ADA,2025-07-31 20:00:00+00:00,2025-07-31 23:00:00+00:00,-1,0.751,0.73598,200.00000000000017,188.50000000000017,TP,2025-07-31
ADA,2025-08-01 14:00:00+00:00,2025-08-01 14:00:00+00:00,-1,0.7135,0.72777,-200.00000000000017,-211.50000000000017,SL,2025-08-01
ADA,2025-08-05 15:00:00+00:00,2025-08-06 04:00:00+00:00,-1,0.726,0.71148,200.00000000000017,188.50000000000017,TP,2025-08-05
ADA,2025-08-14 13:00:00+00:00,2025-08-14 13:00:00+00:00,-1,0.9223,0.940746,-200.00000000000017,-211.50000000000017,SL,2025-08-14
ADA,2025-08-19 15:00:00+00:00,2025-08-19 15:00:00+00:00,-1,0.8968,0.878864,200.00000000000017,188.50000000000017,TP,2025-08-19
ADA,2025-08-20 14:00:00+00:00,2025-08-20 14:00:00+00:00,-1,0.8456,0.8625120000000001,-200.00000000000017,-211.50000000000017,SL,2025-08-20
ADA,2025-08-24 20:00:00+00:00,2025-08-24 20:00:00+00:00,-1,0.9227,0.904246,200.00000000000017,188.50000000000017,TP,2025-08-24
ADA,2025-08-25 20:00:00+00:00,2025-08-25 20:00:00+00:00,-1,0.8493,0.832314,200.00000000000017,188.50000000000017,TP,2025-08-25
ADA,2025-08-29 08:00:00+00:00,2025-08-29 12:00:00+00:00,-1,0.8271,0.843642,-200.00000000000017,-211.50000000000017,SL,2025-08-29
ADA,2025-08-29 14:00:00+00:00,2025-08-29 21:00:00+00:00,-1,0.8265,0.80997,200.00000000000017,188.50000000000017,TP,2025-08-29
ADA,2025-09-01 22:00:00+00:00,2025-09-02 00:00:00+00:00,-1,0.7874,0.803148,-200.00000000000017,-211.50000000000017,SL,2025-09-01
ADA,2025-09-05 15:00:00+00:00,2025-09-06 15:00:00+00:00,-1,0.822,0.8219,1.216545012164838,-10.283454987835162,TIME,2025-09-05
ADA,2025-09-09 15:00:00+00:00,2025-09-10 12:00:00+00:00,-1,0.8678,0.885156,-200.00000000000017,-211.50000000000017,SL,2025-09-09
ADA,2025-09-15 00:00:00+00:00,2025-09-15 08:00:00+00:00,-1,0.8874,0.869652,200.00000000000017,188.50000000000017,TP,2025-09-15
ADA,2025-09-15 09:00:00+00:00,2025-09-16 09:00:00+00:00,-1,0.8555,0.8693,-161.3091759205143,-172.8091759205143,TIME,2025-09-15
ADA,2025-09-22 01:00:00+00:00,2025-09-22 02:00:00+00:00,-1,0.8639,0.846622,200.00000000000017,188.50000000000017,TP,2025-09-22
ADA,2025-09-22 06:00:00+00:00,2025-09-22 06:00:00+00:00,-1,0.8327,0.8160459999999999,200.00000000000017,188.50000000000017,TP,2025-09-22
ADA,2025-09-22 07:00:00+00:00,2025-09-23 03:00:00+00:00,-1,0.8234,0.806932,200.00000000000017,188.50000000000017,TP,2025-09-22
ADA,2025-09-23 18:00:00+00:00,2025-09-24 04:00:00+00:00,-1,0.8135,0.79723,200.00000000000017,188.50000000000017,TP,2025-09-23
ADA,2025-09-25 05:00:00+00:00,2025-09-25 12:00:00+00:00,-1,0.7893,0.773514,199.99999999999906,188.49999999999906,TP,2025-09-25
ADA,2025-09-25 18:00:00+00:00,2025-09-25 18:00:00+00:00,-1,0.758,0.7731600000000001,-200.00000000000017,-211.50000000000017,SL,2025-09-25
ADA,2025-09-26 15:00:00+00:00,2025-09-26 16:00:00+00:00,-1,0.7665,0.78183,-200.00000000000017,-211.50000000000017,SL,2025-09-26
ADA,2025-10-05 10:00:00+00:00,2025-10-05 16:00:00+00:00,-1,0.8664,0.8490719999999999,200.00000000000017,188.50000000000017,TP,2025-10-05
ADA,2025-10-07 15:00:00+00:00,2025-10-07 22:00:00+00:00,-1,0.8388,0.822024,200.00000000000017,188.50000000000017,TP,2025-10-07
ADA,2025-10-09 14:00:00+00:00,2025-10-10 13:00:00+00:00,-1,0.8069,0.8230379999999999,-200.00000000000017,-211.50000000000017,SL,2025-10-09
ADA,2025-10-10 15:00:00+00:00,2025-10-10 15:00:00+00:00,-1,0.8055,0.7893899999999999,200.00000000000128,188.50000000000128,TP,2025-10-10
ADA,2025-10-10 16:00:00+00:00,2025-10-10 19:00:00+00:00,-1,0.7821,0.766458,200.00000000000017,188.50000000000017,TP,2025-10-10
ADA,2025-10-10 21:00:00+00:00,2025-10-10 21:00:00+00:00,-1,0.7163,0.701974,200.00000000000128,188.50000000000128,TP,2025-10-10
ADA,2025-10-11 02:00:00+00:00,2025-10-11 02:00:00+00:00,-1,0.631,0.64362,-200.00000000000017,-211.50000000000017,SL,2025-10-11
ADA,2025-10-16 16:00:00+00:00,2025-10-16 19:00:00+00:00,-1,0.6514,0.6383719999999999,200.00000000000017,188.50000000000017,TP,2025-10-16
ADA,2025-10-17 07:00:00+00:00,2025-10-17 07:00:00+00:00,-1,0.6236,0.611128,200.00000000000017,188.50000000000017,TP,2025-10-17
ADA,2025-10-21 05:00:00+00:00,2025-10-21 12:00:00+00:00,-1,0.6396,0.652392,-200.00000000000017,-211.50000000000017,SL,2025-10-21
ADA,2025-10-21 23:00:00+00:00,2025-10-22 05:00:00+00:00,-1,0.6487,0.635726,200.00000000000017,188.50000000000017,TP,2025-10-21
ADA,2025-10-28 20:00:00+00:00,2025-10-28 20:00:00+00:00,-1,0.6542,0.641116,200.00000000000017,188.50000000000017,TP,2025-10-28
ADA,2025-10-29 16:00:00+00:00,2025-10-29 17:00:00+00:00,-1,0.6391,0.651882,-200.00000000000017,-211.50000000000017,SL,2025-10-29
ADA,2025-10-29 19:00:00+00:00,2025-10-30 04:00:00+00:00,-1,0.6466,0.6336679999999999,200.00000000000128,188.50000000000128,TP,2025-10-29
ADA,2025-10-30 05:00:00+00:00,2025-10-30 06:00:00+00:00,-1,0.6286,0.6411720000000001,-200.00000000000017,-211.50000000000017,SL,2025-10-30
ADA,2025-10-30 13:00:00+00:00,2025-10-30 15:00:00+00:00,-1,0.6184,0.6060319999999999,200.00000000000128,188.50000000000128,TP,2025-10-30
ADA,2025-10-31 17:00:00+00:00,2025-11-01 07:00:00+00:00,-1,0.6014,0.6134280000000001,-200.00000000000017,-211.50000000000017,SL,2025-10-31
ADA,2025-11-03 16:00:00+00:00,2025-11-03 17:00:00+00:00,-1,0.5501,0.561102,-200.00000000000017,-211.50000000000017,SL,2025-11-03
ADA,2025-11-04 06:00:00+00:00,2025-11-04 06:00:00+00:00,-1,0.5336,0.544272,-200.00000000000017,-211.50000000000017,SL,2025-11-04
ADA,2025-11-10 15:00:00+00:00,2025-11-10 22:00:00+00:00,-1,0.5845,0.59619,-200.00000000000017,-211.50000000000017,SL,2025-11-10
ADA,2025-11-12 16:00:00+00:00,2025-11-12 16:00:00+00:00,-1,0.5575,0.54635,200.00000000000017,188.50000000000017,TP,2025-11-12
ADA,2025-11-13 16:00:00+00:00,2025-11-13 16:00:00+00:00,-1,0.5538,0.542724,199.99999999999906,188.49999999999906,TP,2025-11-13
ADA,2025-11-14 05:00:00+00:00,2025-11-14 06:00:00+00:00,-1,0.5165,0.52683,-200.00000000000017,-211.50000000000017,SL,2025-11-14
ADA,2025-11-14 21:00:00+00:00,2025-11-14 23:00:00+00:00,-1,0.5015,0.49146999999999996,200.00000000000017,188.50000000000017,TP,2025-11-14
ADA,2025-11-17 14:00:00+00:00,2025-11-17 14:00:00+00:00,-1,0.477,0.48654,-200.00000000000017,-211.50000000000017,SL,2025-11-17
ADA,2025-11-17 18:00:00+00:00,2025-11-17 19:00:00+00:00,-1,0.4699,0.46050199999999997,200.00000000000017,188.50000000000017,TP,2025-11-17
ADA,2025-11-19 16:00:00+00:00,2025-11-19 17:00:00+00:00,-1,0.4561,0.446978,200.00000000000017,188.50000000000017,TP,2025-11-19
ADA,2025-11-20 17:00:00+00:00,2025-11-20 18:00:00+00:00,-1,0.4387,0.429926,200.00000000000017,188.50000000000017,TP,2025-11-20
ADA,2025-11-21 00:00:00+00:00,2025-11-21 04:00:00+00:00,-1,0.4319,0.42326199999999997,200.00000000000128,188.50000000000128,TP,2025-11-21
ADA,2025-11-21 08:00:00+00:00,2025-11-21 08:00:00+00:00,-1,0.4089,0.417078,-200.00000000000017,-211.50000000000017,SL,2025-11-21
ADA,2025-11-21 10:00:00+00:00,2025-11-21 12:00:00+00:00,-1,0.4027,0.394646,200.00000000000017,188.50000000000017,TP,2025-11-21
ADA,2025-11-21 16:00:00+00:00,2025-11-21 16:00:00+00:00,-1,0.4008,0.408816,-200.00000000000017,-211.50000000000017,SL,2025-11-21
ADA,2025-11-28 17:00:00+00:00,2025-11-28 18:00:00+00:00,-1,0.4232,0.414736,200.00000000000017,188.50000000000017,TP,2025-11-28
ADA,2025-12-01 01:00:00+00:00,2025-12-01 01:00:00+00:00,-1,0.3878,0.39555599999999996,-200.00000000000017,-211.50000000000017,SL,2025-12-01
ADA,2025-12-01 16:00:00+00:00,2025-12-01 22:00:00+00:00,-1,0.3758,0.38331600000000005,-200.00000000000017,-211.50000000000017,SL,2025-12-01
ADA,2025-12-05 17:00:00+00:00,2025-12-06 17:00:00+00:00,-1,0.4134,0.4189,-133.04305757136038,-144.54305757136038,TIME,2025-12-05
ADA,2025-12-12 16:00:00+00:00,2025-12-13 16:00:00+00:00,-1,0.408,0.4116,-88.23529411764896,-99.73529411764896,TIME,2025-12-12
ADA,2025-12-15 15:00:00+00:00,2025-12-15 15:00:00+00:00,-1,0.3918,0.38396399999999997,200.00000000000017,188.50000000000017,TP,2025-12-15
ADA,2025-12-17 16:00:00+00:00,2025-12-17 16:00:00+00:00,-1,0.3816,0.37396799999999997,200.00000000000017,188.50000000000017,TP,2025-12-17
ADA,2025-12-18 18:00:00+00:00,2025-12-18 19:00:00+00:00,-1,0.3582,0.351036,200.00000000000017,188.50000000000017,TP,2025-12-18
ADA,2025-12-18 20:00:00+00:00,2025-12-18 21:00:00+00:00,-1,0.3474,0.354348,-200.00000000000017,-211.50000000000017,SL,2025-12-18
ADA,2025-12-26 15:00:00+00:00,2025-12-27 12:00:00+00:00,-1,0.3489,0.35587799999999997,-200.00000000000017,-211.50000000000017,SL,2025-12-26
ADA,2025-12-29 10:00:00+00:00,2025-12-29 12:00:00+00:00,-1,0.3694,0.362012,200.00000000000017,188.50000000000017,TP,2025-12-29
ADA,2026-01-06 17:00:00+00:00,2026-01-06 17:00:00+00:00,-1,0.4097,0.401506,200.00000000000128,188.50000000000128,TP,2026-01-06
ADA,2026-01-06 18:00:00+00:00,2026-01-06 20:00:00+00:00,-1,0.4015,0.40953,-200.00000000000017,-211.50000000000017,SL,2026-01-06
ADA,2026-01-07 01:00:00+00:00,2026-01-07 08:00:00+00:00,-1,0.4125,0.42074999999999996,-200.00000000000017,-211.50000000000017,SL,2026-01-07
ADA,2026-01-07 10:00:00+00:00,2026-01-07 14:00:00+00:00,-1,0.4101,0.40189800000000003,200.00000000000017,188.50000000000017,TP,2026-01-07
ADA,2026-01-08 07:00:00+00:00,2026-01-09 01:00:00+00:00,-1,0.3913,0.399126,-200.00000000000017,-211.50000000000017,SL,2026-01-08
ADA,2026-01-19 00:00:00+00:00,2026-01-19 00:00:00+00:00,-1,0.3751,0.367598,200.00000000000017,188.50000000000017,TP,2026-01-19
ADA,2026-01-19 01:00:00+00:00,2026-01-19 09:00:00+00:00,-1,0.3625,0.36974999999999997,-200.00000000000017,-211.50000000000017,SL,2026-01-19
ADA,2026-01-20 23:00:00+00:00,2026-01-21 01:00:00+00:00,-1,0.3506,0.35761200000000004,-200.00000000000017,-211.50000000000017,SL,2026-01-20
ADA,2026-01-21 17:00:00+00:00,2026-01-21 18:00:00+00:00,-1,0.3474,0.354348,-200.00000000000017,-211.50000000000017,SL,2026-01-21
ADA,2026-01-27 18:00:00+00:00,2026-01-27 20:00:00+00:00,-1,0.3501,0.35710200000000003,-200.00000000000017,-211.50000000000017,SL,2026-01-27
ADA,2026-01-29 15:00:00+00:00,2026-01-29 15:00:00+00:00,-1,0.3384,0.331632,200.00000000000017,188.50000000000017,TP,2026-01-29
ADA,2026-01-29 16:00:00+00:00,2026-01-29 17:00:00+00:00,-1,0.3329,0.33955799999999997,-200.00000000000017,-211.50000000000017,SL,2026-01-29
ADA,2026-01-29 18:00:00+00:00,2026-01-29 19:00:00+00:00,-1,0.3336,0.326928,200.00000000000017,188.50000000000017,TP,2026-01-29
ADA,2026-01-30 02:00:00+00:00,2026-01-30 06:00:00+00:00,-1,0.3264,0.319872,200.00000000000128,188.50000000000128,TP,2026-01-30
ADA,2026-01-31 15:00:00+00:00,2026-01-31 16:00:00+00:00,-1,0.2981,0.29213799999999995,200.00000000000128,188.50000000000128,TP,2026-01-31
ADA,2026-01-31 18:00:00+00:00,2026-01-31 18:00:00+00:00,-1,0.2842,0.278516,200.00000000000128,188.50000000000128,TP,2026-01-31
ADA,2026-02-02 03:00:00+00:00,2026-02-02 03:00:00+00:00,-1,0.2874,0.28165199999999996,200.00000000000128,188.50000000000128,TP,2026-02-02
ADA,2026-02-03 03:00:00+00:00,2026-02-03 04:00:00+00:00,-1,0.2941,0.29998199999999997,-200.00000000000017,-211.50000000000017,SL,2026-02-03
ADA,2026-02-03 17:00:00+00:00,2026-02-03 17:00:00+00:00,-1,0.2956,0.28968799999999995,200.00000000000128,188.50000000000128,TP,2026-02-03
ADA,2026-02-03 18:00:00+00:00,2026-02-03 19:00:00+00:00,-1,0.2871,0.29284200000000005,-200.00000000000017,-211.50000000000017,SL,2026-02-03
ADA,2026-02-05 16:00:00+00:00,2026-02-05 17:00:00+00:00,-1,0.2628,0.257544,199.99999999999906,188.49999999999906,TP,2026-02-05
ADA,2026-02-05 18:00:00+00:00,2026-02-05 20:00:00+00:00,-1,0.2578,0.252644,200.00000000000017,188.50000000000017,TP,2026-02-05
ADA,2026-02-05 21:00:00+00:00,2026-02-05 21:00:00+00:00,-1,0.2477,0.252654,-200.00000000000017,-211.50000000000017,SL,2026-02-05
ADA,2026-02-16 14:00:00+00:00,2026-02-16 21:00:00+00:00,-1,0.2809,0.286518,-200.00000000000017,-211.50000000000017,SL,2026-02-16
ADA,2026-02-17 15:00:00+00:00,2026-02-17 16:00:00+00:00,-1,0.2779,0.283458,-200.00000000000017,-211.50000000000017,SL,2026-02-17
ADA,2026-02-23 01:00:00+00:00,2026-02-23 01:00:00+00:00,-1,0.2683,0.262934,199.99999999999906,188.49999999999906,TP,2026-02-23
ADA,2026-02-23 02:00:00+00:00,2026-02-23 06:00:00+00:00,-1,0.2584,0.263568,-200.00000000000017,-211.50000000000017,SL,2026-02-23
ADA,2026-02-28 07:00:00+00:00,2026-02-28 07:00:00+00:00,-1,0.2618,0.267036,-200.00000000000017,-211.50000000000017,SL,2026-02-28
ADA,2026-03-13 15:00:00+00:00,2026-03-13 17:00:00+00:00,-1,0.2732,0.267736,200.00000000000128,188.50000000000128,TP,2026-03-13
ADA,2026-03-18 12:00:00+00:00,2026-03-18 14:00:00+00:00,-1,0.2793,0.273714,199.99999999999906,188.49999999999906,TP,2026-03-18
ADA,2026-03-18 15:00:00+00:00,2026-03-19 03:00:00+00:00,-1,0.271,0.27642,-200.00000000000017,-211.50000000000017,SL,2026-03-18
ADA,2026-03-22 00:00:00+00:00,2026-03-22 19:00:00+00:00,-1,0.2566,0.25146799999999997,200.00000000000128,188.50000000000128,TP,2026-03-22
ADA,2026-03-23 07:00:00+00:00,2026-03-23 11:00:00+00:00,-1,0.2493,0.254286,-200.00000000000017,-211.50000000000017,SL,2026-03-23
ADA,2026-03-23 16:00:00+00:00,2026-03-24 08:00:00+00:00,-1,0.261,0.26622,-200.00000000000017,-211.50000000000017,SL,2026-03-23
ADA,2026-03-27 11:00:00+00:00,2026-03-28 11:00:00+00:00,-1,0.246,0.2483,-93.49593495934894,-104.99593495934894,TIME,2026-03-27
ADA,2026-03-29 23:00:00+00:00,2026-03-30 00:00:00+00:00,-1,0.2383,0.243066,-200.00000000000017,-211.50000000000017,SL,2026-03-29
ADA,2026-03-31 15:00:00+00:00,2026-03-31 16:00:00+00:00,-1,0.2398,0.23500400000000002,200.00000000000017,188.50000000000017,TP,2026-03-31
ADA,2026-04-02 02:00:00+00:00,2026-04-02 03:00:00+00:00,-1,0.2429,0.238042,200.00000000000017,188.50000000000017,TP,2026-04-02
ADA,2026-04-07 11:00:00+00:00,2026-04-07 19:00:00+00:00,-1,0.242,0.24684,-200.00000000000017,-211.50000000000017,SL,2026-04-07
ADA,2026-04-08 19:00:00+00:00,2026-04-09 01:00:00+00:00,-1,0.2528,0.24774400000000002,200.00000000000017,188.50000000000017,TP,2026-04-08
ADA,2026-04-12 02:00:00+00:00,2026-04-12 09:00:00+00:00,-1,0.2437,0.23882599999999998,200.00000000000017,188.50000000000017,TP,2026-04-12
ADA,2026-04-16 14:00:00+00:00,2026-04-16 16:00:00+00:00,-1,0.249,0.25398,-200.00000000000017,-211.50000000000017,SL,2026-04-16
BNB,2025-07-01 15:00:00+00:00,2025-07-02 15:00:00+00:00,-1,646.92,659.8584,-200.00000000000017,-211.50000000000017,SL,2025-07-01
BNB,2025-07-04 14:00:00+00:00,2025-07-05 14:00:00+00:00,-1,655.82,654.95,13.265835137690196,1.7658351376901962,TIME,2025-07-04
BNB,2025-07-09 21:00:00+00:00,2025-07-10 21:00:00+00:00,-1,666.5,679.83,-200.00000000000017,-211.50000000000017,SL,2025-07-09
BNB,2025-07-14 16:00:00+00:00,2025-07-15 03:00:00+00:00,-1,692.9,679.0419999999999,200.00000000000128,188.50000000000128,TP,2025-07-14
BNB,2025-07-15 15:00:00+00:00,2025-07-15 23:00:00+00:00,-1,678.69,692.2638000000001,-200.00000000000017,-211.50000000000017,SL,2025-07-15
BNB,2025-07-22 14:00:00+00:00,2025-07-22 18:00:00+00:00,-1,759.88,775.0776,-200.00000000000017,-211.50000000000017,SL,2025-07-22
BNB,2025-07-25 03:00:00+00:00,2025-07-25 12:00:00+00:00,-1,758.7,773.874,-200.00000000000017,-211.50000000000017,SL,2025-07-25
BNB,2025-07-25 15:00:00+00:00,2025-07-25 17:00:00+00:00,-1,761.32,776.5464000000001,-200.00000000000017,-211.50000000000017,SL,2025-07-25
BNB,2025-07-30 19:00:00+00:00,2025-07-31 00:00:00+00:00,-1,780.44,796.0488,-200.00000000000017,-211.50000000000017,SL,2025-07-30
BNB,2025-07-31 20:00:00+00:00,2025-08-01 00:00:00+00:00,-1,796.12,780.1976,200.00000000000017,188.50000000000017,TP,2025-07-31
BNB,2025-08-01 14:00:00+00:00,2025-08-01 22:00:00+00:00,-1,762.63,747.3774,200.00000000000017,188.50000000000017,TP,2025-08-01
BNB,2025-08-05 15:00:00+00:00,2025-08-06 07:00:00+00:00,-1,748.23,763.1946,-200.00000000000017,-211.50000000000017,SL,2025-08-05
BNB,2025-08-14 13:00:00+00:00,2025-08-14 14:00:00+00:00,-1,834.95,851.6490000000001,-200.00000000000017,-211.50000000000017,SL,2025-08-14
BNB,2025-08-19 15:00:00+00:00,2025-08-20 15:00:00+00:00,-1,831.43,833.72,-27.54290800187631,-39.04290800187631,TIME,2025-08-19
BNB,2025-08-24 20:00:00+00:00,2025-08-25 10:00:00+00:00,-1,869.51,852.1197999999999,200.00000000000017,188.50000000000017,TP,2025-08-24
BNB,2025-08-25 20:00:00+00:00,2025-08-25 21:00:00+00:00,-1,854.33,837.2434000000001,200.00000000000017,188.50000000000017,TP,2025-08-25
BNB,2025-08-29 08:00:00+00:00,2025-08-30 08:00:00+00:00,-1,857.68,859.85,-25.30081149146657,-36.80081149146657,TIME,2025-08-29
BNB,2025-09-01 22:00:00+00:00,2025-09-02 22:00:00+00:00,-1,843.58,853.0,-111.66694326560477,-123.16694326560477,TIME,2025-09-01
BNB,2025-09-05 15:00:00+00:00,2025-09-06 12:00:00+00:00,-1,848.16,865.1232,-200.00000000000017,-211.50000000000017,SL,2025-09-05
BNB,2025-09-09 15:00:00+00:00,2025-09-10 13:00:00+00:00,-1,875.77,893.2854,-200.00000000000017,-211.50000000000017,SL,2025-09-09
BNB,2025-09-15 00:00:00+00:00,2025-09-16 00:00:00+00:00,-1,926.78,919.38,79.84634972701188,68.34634972701188,TIME,2025-09-15
BNB,2025-09-22 01:00:00+00:00,2025-09-22 06:00:00+00:00,-1,1029.82,1009.2235999999999,200.00000000000017,188.50000000000017,TP,2025-09-22
BNB,2025-09-23 18:00:00+00:00,2025-09-24 04:00:00+00:00,-1,1014.99,994.6902,200.00000000000017,188.50000000000017,TP,2025-09-23
BNB,2025-09-25 05:00:00+00:00,2025-09-25 17:00:00+00:00,-1,991.0,971.18,200.00000000000017,188.50000000000017,TP,2025-09-25
BNB,2025-09-25 18:00:00+00:00,2025-09-26 04:00:00+00:00,-1,957.33,938.1834,200.00000000000017,188.50000000000017,TP,2025-09-25
BNB,2025-09-26 15:00:00+00:00,2025-09-26 17:00:00+00:00,-1,938.01,956.7702,-200.00000000000017,-211.50000000000017,SL,2025-09-26
BNB,2025-10-05 10:00:00+00:00,2025-10-06 04:00:00+00:00,-1,1162.39,1185.6378000000002,-200.00000000000017,-211.50000000000017,SL,2025-10-05
BNB,2025-10-07 15:00:00+00:00,2025-10-07 15:00:00+00:00,-1,1294.95,1269.051,200.00000000000128,188.50000000000128,TP,2025-10-07
BNB,2025-10-09 14:00:00+00:00,2025-10-09 14:00:00+00:00,-1,1256.27,1231.1445999999999,200.00000000000128,188.50000000000128,TP,2025-10-09
BNB,2025-10-09 17:00:00+00:00,2025-10-09 21:00:00+00:00,-1,1227.67,1252.2234,-200.00000000000017,-211.50000000000017,SL,2025-10-09
BNB,2025-10-10 15:00:00+00:00,2025-10-10 15:00:00+00:00,-1,1240.89,1216.0722,200.00000000000017,188.50000000000017,TP,2025-10-10
BNB,2025-10-10 16:00:00+00:00,2025-10-10 16:00:00+00:00,-1,1215.55,1239.8609999999999,-200.00000000000017,-211.50000000000017,SL,2025-10-10
BNB,2025-10-10 21:00:00+00:00,2025-10-10 21:00:00+00:00,-1,1196.0,1172.08,200.00000000000017,188.50000000000017,TP,2025-10-10
BNB,2025-10-11 02:00:00+00:00,2025-10-11 02:00:00+00:00,-1,1086.3,1108.026,-200.00000000000017,-211.50000000000017,SL,2025-10-11
BNB,2025-10-11 08:00:00+00:00,2025-10-11 09:00:00+00:00,-1,1096.0,1117.92,-200.00000000000017,-211.50000000000017,SL,2025-10-11
BNB,2025-10-16 16:00:00+00:00,2025-10-16 21:00:00+00:00,-1,1134.95,1157.6490000000001,-200.00000000000017,-211.50000000000017,SL,2025-10-16
BNB,2025-10-17 07:00:00+00:00,2025-10-17 07:00:00+00:00,-1,1095.35,1073.443,199.99999999999906,188.49999999999906,TP,2025-10-17
BNB,2025-10-21 05:00:00+00:00,2025-10-21 14:00:00+00:00,-1,1063.82,1085.0964,-200.00000000000017,-211.50000000000017,SL,2025-10-21
BNB,2025-10-21 23:00:00+00:00,2025-10-22 23:00:00+00:00,-1,1065.22,1071.39,-57.92230712904356,-69.42230712904356,TIME,2025-10-21
BNB,2025-10-28 20:00:00+00:00,2025-10-28 20:00:00+00:00,-1,1128.24,1105.6752,200.00000000000128,188.50000000000128,TP,2025-10-28
BNB,2025-10-29 16:00:00+00:00,2025-10-30 10:00:00+00:00,-1,1098.65,1120.623,-200.00000000000017,-211.50000000000017,SL,2025-10-29
BNB,2025-10-30 13:00:00+00:00,2025-10-30 15:00:00+00:00,-1,1098.35,1076.3829999999998,200.00000000000128,188.50000000000128,TP,2025-10-30
BNB,2025-10-31 17:00:00+00:00,2025-11-01 17:00:00+00:00,-1,1073.89,1095.3678000000002,-200.00000000000017,-211.50000000000017,SL,2025-10-31
BNB,2025-11-03 16:00:00+00:00,2025-11-03 17:00:00+00:00,-1,980.28,999.8856,-200.00000000000017,-211.50000000000017,SL,2025-11-03
BNB,2025-11-04 06:00:00+00:00,2025-11-04 06:00:00+00:00,-1,947.38,966.3276,-200.00000000000017,-211.50000000000017,SL,2025-11-04
BNB,2025-11-10 15:00:00+00:00,2025-11-11 01:00:00+00:00,-1,983.89,1003.5678,-200.00000000000017,-211.50000000000017,SL,2025-11-10
BNB,2025-11-12 16:00:00+00:00,2025-11-13 05:00:00+00:00,-1,948.85,967.827,-200.00000000000017,-211.50000000000017,SL,2025-11-12
BNB,2025-11-13 16:00:00+00:00,2025-11-13 17:00:00+00:00,-1,957.11,937.9678,200.00000000000017,188.50000000000017,TP,2025-11-13
BNB,2025-11-14 05:00:00+00:00,2025-11-14 12:00:00+00:00,-1,913.33,895.0634,200.00000000000017,188.50000000000017,TP,2025-11-14
BNB,2025-11-14 21:00:00+00:00,2025-11-15 08:00:00+00:00,-1,919.65,938.043,-200.00000000000017,-211.50000000000017,SL,2025-11-14
BNB,2025-11-17 14:00:00+00:00,2025-11-17 14:00:00+00:00,-1,906.35,924.4770000000001,-200.00000000000017,-211.50000000000017,SL,2025-11-17
BNB,2025-11-17 18:00:00+00:00,2025-11-17 20:00:00+00:00,-1,910.77,892.5545999999999,200.00000000000017,188.50000000000017,TP,2025-11-17
BNB,2025-11-19 16:00:00+00:00,2025-11-19 18:00:00+00:00,-1,894.57,876.6786000000001,200.00000000000017,188.50000000000017,TP,2025-11-19
BNB,2025-11-20 17:00:00+00:00,2025-11-21 02:00:00+00:00,-1,880.32,862.7136,200.00000000000017,188.50000000000017,TP,2025-11-20
BNB,2025-11-21 03:00:00+00:00,2025-11-21 07:00:00+00:00,-1,857.54,840.3892,200.00000000000017,188.50000000000017,TP,2025-11-21
BNB,2025-11-21 08:00:00+00:00,2025-11-21 09:00:00+00:00,-1,832.21,815.5658,200.00000000000128,188.50000000000128,TP,2025-11-21
BNB,2025-11-21 10:00:00+00:00,2025-11-21 12:00:00+00:00,-1,813.34,797.0732,200.00000000000017,188.50000000000017,TP,2025-11-21
BNB,2025-11-21 16:00:00+00:00,2025-11-21 17:00:00+00:00,-1,814.35,830.6370000000001,-200.00000000000017,-211.50000000000017,SL,2025-11-21
BNB,2025-11-28 17:00:00+00:00,2025-11-29 17:00:00+00:00,-1,884.61,873.21,128.87034964560672,117.37034964560672,TIME,2025-11-28
BNB,2025-12-01 01:00:00+00:00,2025-12-01 12:00:00+00:00,-1,835.83,819.1134000000001,200.00000000000017,188.50000000000017,TP,2025-12-01
BNB,2025-12-01 16:00:00+00:00,2025-12-01 22:00:00+00:00,-1,812.15,828.393,-200.00000000000017,-211.50000000000017,SL,2025-12-01
BNB,2025-12-05 17:00:00+00:00,2025-12-06 14:00:00+00:00,-1,879.36,896.9472000000001,-200.00000000000017,-211.50000000000017,SL,2025-12-05
BNB,2025-12-12 16:00:00+00:00,2025-12-13 10:00:00+00:00,-1,874.48,891.9696,-200.00000000000017,-211.50000000000017,SL,2025-12-12
BNB,2025-12-15 15:00:00+00:00,2025-12-15 15:00:00+00:00,-1,871.51,854.0798,200.00000000000017,188.50000000000017,TP,2025-12-15
BNB,2025-12-17 16:00:00+00:00,2025-12-17 18:00:00+00:00,-1,854.12,837.0376,200.00000000000017,188.50000000000017,TP,2025-12-17
BNB,2025-12-18 18:00:00+00:00,2025-12-19 07:00:00+00:00,-1,831.51,848.1402,-200.00000000000017,-211.50000000000017,SL,2025-12-18
BNB,2025-12-26 15:00:00+00:00,2025-12-27 15:00:00+00:00,-1,830.42,841.41,-132.34266997423026,-143.84266997423026,TIME,2025-12-26
BNB,2025-12-29 10:00:00+00:00,2025-12-30 10:00:00+00:00,-1,851.11,855.53,-51.93218267908861,-63.43218267908861,TIME,2025-12-29
BNB,2026-01-06 17:00:00+00:00,2026-01-07 17:00:00+00:00,-1,908.31,897.91,114.49835408615994,102.99835408615994,TIME,2026-01-06
BNB,2026-01-08 07:00:00+00:00,2026-01-09 05:00:00+00:00,-1,880.74,898.3548000000001,-200.00000000000017,-211.50000000000017,SL,2026-01-08
BNB,2026-01-19 00:00:00+00:00,2026-01-19 00:00:00+00:00,-1,932.24,913.5952,200.00000000000017,188.50000000000017,TP,2026-01-19
BNB,2026-01-19 01:00:00+00:00,2026-01-20 01:00:00+00:00,-1,919.28,932.78,-146.8540596988954,-158.3540596988954,TIME,2026-01-19
BNB,2026-01-20 23:00:00+00:00,2026-01-21 00:00:00+00:00,-1,891.13,873.3074,199.99999999999906,188.49999999999906,TP,2026-01-20
BNB,2026-01-21 17:00:00+00:00,2026-01-21 19:00:00+00:00,-1,869.38,886.7676,-200.00000000000017,-211.50000000000017,SL,2026-01-21
BNB,2026-01-27 18:00:00+00:00,2026-01-28 06:00:00+00:00,-1,887.27,905.0154,-200.00000000000017,-211.50000000000017,SL,2026-01-27
BNB,2026-01-29 15:00:00+00:00,2026-01-29 15:00:00+00:00,-1,878.45,860.8810000000001,199.99999999999906,188.49999999999906,TP,2026-01-29
BNB,2026-01-29 16:00:00+00:00,2026-01-30 01:00:00+00:00,-1,864.18,846.8964,200.00000000000017,188.50000000000017,TP,2026-01-29
BNB,2026-01-30 02:00:00+00:00,2026-01-31 02:00:00+00:00,-1,847.59,854.46,-81.05333946837546,-92.55333946837546,TIME,2026-01-30
BNB,2026-01-31 15:00:00+00:00,2026-01-31 16:00:00+00:00,-1,812.47,796.2206,200.00000000000017,188.50000000000017,TP,2026-01-31
BNB,2026-01-31 18:00:00+00:00,2026-01-31 18:00:00+00:00,-1,781.11,765.4878,200.00000000000017,188.50000000000017,TP,2026-01-31
BNB,2026-02-02 03:00:00+00:00,2026-02-02 03:00:00+00:00,-1,758.17,743.0065999999999,200.00000000000017,188.50000000000017,TP,2026-02-02
BNB,2026-02-03 03:00:00+00:00,2026-02-03 07:00:00+00:00,-1,764.16,779.4431999999999,-200.00000000000017,-211.50000000000017,SL,2026-02-03
BNB,2026-02-03 17:00:00+00:00,2026-02-03 18:00:00+00:00,-1,764.4,749.112,200.00000000000017,188.50000000000017,TP,2026-02-03
BNB,2026-02-03 19:00:00+00:00,2026-02-03 19:00:00+00:00,-1,737.85,752.6070000000001,-200.00000000000017,-211.50000000000017,SL,2026-02-03
BNB,2026-02-05 16:00:00+00:00,2026-02-05 16:00:00+00:00,-1,658.81,671.9861999999999,-200.00000000000017,-211.50000000000017,SL,2026-02-05
BNB,2026-02-05 18:00:00+00:00,2026-02-05 18:00:00+00:00,-1,655.71,642.5958,200.00000000000017,188.50000000000017,TP,2026-02-05
BNB,2026-02-05 21:00:00+00:00,2026-02-05 21:00:00+00:00,-1,617.52,629.8704,-200.00000000000017,-211.50000000000017,SL,2026-02-05
BNB,2026-02-16 14:00:00+00:00,2026-02-17 02:00:00+00:00,-1,616.07,628.3914000000001,-200.00000000000017,-211.50000000000017,SL,2026-02-16
BNB,2026-02-17 15:00:00+00:00,2026-02-17 19:00:00+00:00,-1,612.04,624.2808,-200.00000000000017,-211.50000000000017,SL,2026-02-17
BNB,2026-02-23 01:00:00+00:00,2026-02-23 01:00:00+00:00,-1,606.01,593.8898,199.99999999999906,188.49999999999906,TP,2026-02-23
BNB,2026-02-23 02:00:00+00:00,2026-02-23 06:00:00+00:00,-1,586.0,597.72,-200.00000000000017,-211.50000000000017,SL,2026-02-23
BNB,2026-02-28 07:00:00+00:00,2026-02-28 13:00:00+00:00,-1,591.53,603.3606,-200.00000000000017,-211.50000000000017,SL,2026-02-28
BNB,2026-03-13 15:00:00+00:00,2026-03-13 17:00:00+00:00,-1,668.44,655.0712000000001,199.99999999999906,188.49999999999906,TP,2026-03-13
BNB,2026-03-18 12:00:00+00:00,2026-03-18 14:00:00+00:00,-1,661.8,648.564,200.00000000000017,188.50000000000017,TP,2026-03-18
BNB,2026-03-18 15:00:00+00:00,2026-03-19 15:00:00+00:00,-1,647.4,634.452,200.00000000000017,188.50000000000017,TP,2026-03-18
BNB,2026-03-22 00:00:00+00:00,2026-03-23 00:00:00+00:00,-1,630.34,624.49,92.80705650918541,81.30705650918541,TIME,2026-03-22
BNB,2026-03-23 07:00:00+00:00,2026-03-23 11:00:00+00:00,-1,622.45,634.899,-200.00000000000017,-211.50000000000017,SL,2026-03-23
BNB,2026-03-23 16:00:00+00:00,2026-03-24 16:00:00+00:00,-1,637.34,629.02,130.5425675463656,119.0425675463656,TIME,2026-03-23
BNB,2026-03-27 11:00:00+00:00,2026-03-28 11:00:00+00:00,-1,608.95,612.81,-63.38779866984056,-74.88779866984056,TIME,2026-03-27
BNB,2026-03-29 23:00:00+00:00,2026-03-30 02:00:00+00:00,-1,604.48,616.5696,-200.00000000000017,-211.50000000000017,SL,2026-03-29
BNB,2026-03-31 15:00:00+00:00,2026-04-01 06:00:00+00:00,-1,608.97,621.1494,-200.00000000000017,-211.50000000000017,SL,2026-03-31
BNB,2026-04-02 02:00:00+00:00,2026-04-02 04:00:00+00:00,-1,604.21,592.1258,200.00000000000017,188.50000000000017,TP,2026-04-02
BNB,2026-04-07 11:00:00+00:00,2026-04-07 20:00:00+00:00,-1,597.88,609.8376,-200.00000000000017,-211.50000000000017,SL,2026-04-07
BNB,2026-04-08 19:00:00+00:00,2026-04-09 19:00:00+00:00,-1,603.31,609.08,-95.63905786411864,-107.13905786411864,TIME,2026-04-08
BNB,2026-04-12 02:00:00+00:00,2026-04-13 02:00:00+00:00,-1,593.38,596.49,-52.41160807576861,-63.91160807576861,TIME,2026-04-12
BNB,2026-04-16 14:00:00+00:00,2026-04-16 18:00:00+00:00,-1,617.72,630.0744000000001,-200.00000000000017,-211.50000000000017,SL,2026-04-16
DOGE,2025-07-01 15:00:00+00:00,2025-07-02 14:00:00+00:00,-1,0.15922,0.1624044,-200.00000000000017,-211.50000000000017,SL,2025-07-01
DOGE,2025-07-04 14:00:00+00:00,2025-07-05 14:00:00+00:00,-1,0.1643,0.16361,41.996348143639175,30.496348143639175,TIME,2025-07-04
DOGE,2025-07-14 16:00:00+00:00,2025-07-14 20:00:00+00:00,-1,0.19913,0.1951474,200.00000000000017,188.50000000000017,TP,2025-07-14
DOGE,2025-07-15 15:00:00+00:00,2025-07-15 16:00:00+00:00,-1,0.18999,0.19378979999999998,-200.00000000000017,-211.50000000000017,SL,2025-07-15
DOGE,2025-07-22 14:00:00+00:00,2025-07-22 15:00:00+00:00,-1,0.26258,0.2678316,-200.00000000000017,-211.50000000000017,SL,2025-07-22
DOGE,2025-07-25 03:00:00+00:00,2025-07-25 09:00:00+00:00,-1,0.22543,0.2299386,-200.00000000000017,-211.50000000000017,SL,2025-07-25
DOGE,2025-07-25 15:00:00+00:00,2025-07-25 17:00:00+00:00,-1,0.22355,0.228021,-200.00000000000017,-211.50000000000017,SL,2025-07-25
DOGE,2025-07-30 19:00:00+00:00,2025-07-30 19:00:00+00:00,-1,0.2162,0.211876,200.00000000000017,188.50000000000017,TP,2025-07-30
DOGE,2025-07-31 20:00:00+00:00,2025-07-31 23:00:00+00:00,-1,0.21361,0.2093378,200.00000000000017,188.50000000000017,TP,2025-07-31
DOGE,2025-08-01 14:00:00+00:00,2025-08-01 14:00:00+00:00,-1,0.20393,0.20800860000000002,-200.00000000000017,-211.50000000000017,SL,2025-08-01
DOGE,2025-08-05 15:00:00+00:00,2025-08-06 14:00:00+00:00,-1,0.19908,0.2030616,-200.00000000000017,-211.50000000000017,SL,2025-08-05
DOGE,2025-08-14 13:00:00+00:00,2025-08-14 13:00:00+00:00,-1,0.22607,0.22154859999999998,200.00000000000017,188.50000000000017,TP,2025-08-14
DOGE,2025-08-19 15:00:00+00:00,2025-08-19 19:00:00+00:00,-1,0.21499,0.2106902,200.00000000000017,188.50000000000017,TP,2025-08-19
DOGE,2025-08-20 14:00:00+00:00,2025-08-20 14:00:00+00:00,-1,0.21,0.2142,-200.00000000000017,-211.50000000000017,SL,2025-08-20
DOGE,2025-08-24 20:00:00+00:00,2025-08-24 20:00:00+00:00,-1,0.23406,0.2293788,200.00000000000017,188.50000000000017,TP,2025-08-24
DOGE,2025-08-25 20:00:00+00:00,2025-08-25 20:00:00+00:00,-1,0.21378,0.2095044,199.99999999999906,188.49999999999906,TP,2025-08-25
DOGE,2025-08-29 08:00:00+00:00,2025-08-29 12:00:00+00:00,-1,0.21459,0.21888180000000002,-200.00000000000017,-211.50000000000017,SL,2025-08-29
DOGE,2025-08-29 14:00:00+00:00,2025-08-29 18:00:00+00:00,-1,0.21472,0.2104256,200.00000000000017,188.50000000000017,TP,2025-08-29
DOGE,2025-09-01 22:00:00+00:00,2025-09-01 23:00:00+00:00,-1,0.2064,0.210528,-200.00000000000017,-211.50000000000017,SL,2025-09-01
DOGE,2025-09-05 15:00:00+00:00,2025-09-05 20:00:00+00:00,-1,0.21302,0.21728039999999998,-200.00000000000017,-211.50000000000017,SL,2025-09-05
DOGE,2025-09-09 15:00:00+00:00,2025-09-10 13:00:00+00:00,-1,0.24037,0.24517740000000002,-200.00000000000017,-211.50000000000017,SL,2025-09-09
DOGE,2025-09-15 00:00:00+00:00,2025-09-15 07:00:00+00:00,-1,0.27782,0.2722636,200.00000000000017,188.50000000000017,TP,2025-09-15
DOGE,2025-09-15 09:00:00+00:00,2025-09-15 11:00:00+00:00,-1,0.25967,0.2648634,-200.00000000000017,-211.50000000000017,SL,2025-09-15
DOGE,2025-09-22 01:00:00+00:00,2025-09-22 05:00:00+00:00,-1,0.24983,0.24483339999999998,200.00000000000017,188.50000000000017,TP,2025-09-22
DOGE,2025-09-22 06:00:00+00:00,2025-09-22 06:00:00+00:00,-1,0.2438,0.238924,200.00000000000017,188.50000000000017,TP,2025-09-22
DOGE,2025-09-22 07:00:00+00:00,2025-09-23 03:00:00+00:00,-1,0.2402,0.235396,200.00000000000017,188.50000000000017,TP,2025-09-22
DOGE,2025-09-23 18:00:00+00:00,2025-09-24 03:00:00+00:00,-1,0.23838,0.2336124,200.00000000000017,188.50000000000017,TP,2025-09-23
DOGE,2025-09-25 05:00:00+00:00,2025-09-25 12:00:00+00:00,-1,0.23327,0.2286046,200.00000000000017,188.50000000000017,TP,2025-09-25
DOGE,2025-09-25 18:00:00+00:00,2025-09-25 18:00:00+00:00,-1,0.22132,0.22574639999999999,-200.00000000000017,-211.50000000000017,SL,2025-09-25
DOGE,2025-09-26 15:00:00+00:00,2025-09-26 16:00:00+00:00,-1,0.22528,0.2297856,-200.00000000000017,-211.50000000000017,SL,2025-09-26
DOGE,2025-10-05 10:00:00+00:00,2025-10-05 13:00:00+00:00,-1,0.26094,0.2557212,200.00000000000128,188.50000000000128,TP,2025-10-05
DOGE,2025-10-07 15:00:00+00:00,2025-10-07 16:00:00+00:00,-1,0.25475,0.24965499999999996,200.00000000000017,188.50000000000017,TP,2025-10-07
DOGE,2025-10-09 14:00:00+00:00,2025-10-09 22:00:00+00:00,-1,0.2452,0.250104,-200.00000000000017,-211.50000000000017,SL,2025-10-09
DOGE,2025-10-10 15:00:00+00:00,2025-10-10 15:00:00+00:00,-1,0.24683,0.24189339999999998,200.00000000000017,188.50000000000017,TP,2025-10-10
DOGE,2025-10-10 16:00:00+00:00,2025-10-10 19:00:00+00:00,-1,0.23765,0.232897,200.00000000000017,188.50000000000017,TP,2025-10-10
DOGE,2025-10-10 21:00:00+00:00,2025-10-10 21:00:00+00:00,-1,0.21857,0.2141986,200.00000000000017,188.50000000000017,TP,2025-10-10
DOGE,2025-10-11 02:00:00+00:00,2025-10-11 02:00:00+00:00,-1,0.18913,0.1929126,-200.00000000000017,-211.50000000000017,SL,2025-10-11
DOGE,2025-10-11 08:00:00+00:00,2025-10-11 08:00:00+00:00,-1,0.19119,0.19501380000000001,-200.00000000000017,-211.50000000000017,SL,2025-10-11
DOGE,2025-10-16 16:00:00+00:00,2025-10-16 16:00:00+00:00,-1,0.18924,0.1930248,-200.00000000000017,-211.50000000000017,SL,2025-10-16
DOGE,2025-10-17 07:00:00+00:00,2025-10-17 07:00:00+00:00,-1,0.1825,0.17884999999999998,200.00000000000128,188.50000000000128,TP,2025-10-17
DOGE,2025-10-21 05:00:00+00:00,2025-10-21 14:00:00+00:00,-1,0.19327,0.1971354,-200.00000000000017,-211.50000000000017,SL,2025-10-21
DOGE,2025-10-21 23:00:00+00:00,2025-10-22 05:00:00+00:00,-1,0.19588,0.1919624,200.00000000000017,188.50000000000017,TP,2025-10-21
DOGE,2025-10-28 20:00:00+00:00,2025-10-28 20:00:00+00:00,-1,0.19648,0.19255039999999998,200.00000000000017,188.50000000000017,TP,2025-10-28
DOGE,2025-10-29 16:00:00+00:00,2025-10-29 17:00:00+00:00,-1,0.191,0.19482,-200.00000000000017,-211.50000000000017,SL,2025-10-29
DOGE,2025-10-29 19:00:00+00:00,2025-10-30 04:00:00+00:00,-1,0.19281,0.1889538,200.00000000000017,188.50000000000017,TP,2025-10-29
DOGE,2025-10-30 05:00:00+00:00,2025-10-30 05:00:00+00:00,-1,0.18742,0.19116840000000002,-200.00000000000017,-211.50000000000017,SL,2025-10-30
DOGE,2025-10-30 13:00:00+00:00,2025-10-30 15:00:00+00:00,-1,0.18406,0.1803788,200.00000000000017,188.50000000000017,TP,2025-10-30
DOGE,2025-10-31 17:00:00+00:00,2025-10-31 19:00:00+00:00,-1,0.18333,0.18699659999999999,-200.00000000000017,-211.50000000000017,SL,2025-10-31
DOGE,2025-11-03 16:00:00+00:00,2025-11-03 17:00:00+00:00,-1,0.16683,0.1701666,-200.00000000000017,-211.50000000000017,SL,2025-11-03
DOGE,2025-11-04 06:00:00+00:00,2025-11-04 06:00:00+00:00,-1,0.16104,0.16426079999999998,-200.00000000000017,-211.50000000000017,SL,2025-11-04
DOGE,2025-11-10 15:00:00+00:00,2025-11-10 22:00:00+00:00,-1,0.17936,0.1829472,-200.00000000000017,-211.50000000000017,SL,2025-11-10
DOGE,2025-11-12 16:00:00+00:00,2025-11-12 16:00:00+00:00,-1,0.17124,0.1678152,200.00000000000017,188.50000000000017,TP,2025-11-12
DOGE,2025-11-13 16:00:00+00:00,2025-11-13 17:00:00+00:00,-1,0.17263,0.1691774,200.00000000000017,188.50000000000017,TP,2025-11-13
DOGE,2025-11-14 05:00:00+00:00,2025-11-14 07:00:00+00:00,-1,0.1625,0.16575,-200.00000000000017,-211.50000000000017,SL,2025-11-14
DOGE,2025-11-14 21:00:00+00:00,2025-11-14 23:00:00+00:00,-1,0.15878,0.1556044,200.00000000000017,188.50000000000017,TP,2025-11-14
DOGE,2025-11-17 14:00:00+00:00,2025-11-17 14:00:00+00:00,-1,0.15873,0.1619046,-200.00000000000017,-211.50000000000017,SL,2025-11-17
DOGE,2025-11-17 18:00:00+00:00,2025-11-17 19:00:00+00:00,-1,0.15608,0.1529584,200.00000000000017,188.50000000000017,TP,2025-11-17
DOGE,2025-11-19 16:00:00+00:00,2025-11-19 17:00:00+00:00,-1,0.15442,0.1513316,199.99999999999906,188.49999999999906,TP,2025-11-19
DOGE,2025-11-20 17:00:00+00:00,2025-11-20 17:00:00+00:00,-1,0.15056,0.1475488,199.99999999999906,188.49999999999906,TP,2025-11-20
DOGE,2025-11-21 00:00:00+00:00,2025-11-21 02:00:00+00:00,-1,0.14888,0.14590240000000002,200.00000000000017,188.50000000000017,TP,2025-11-21
DOGE,2025-11-21 03:00:00+00:00,2025-11-21 07:00:00+00:00,-1,0.14543,0.1425214,200.00000000000128,188.50000000000128,TP,2025-11-21
DOGE,2025-11-21 08:00:00+00:00,2025-11-21 10:00:00+00:00,-1,0.14028,0.1374744,199.99999999999906,188.49999999999906,TP,2025-11-21
DOGE,2025-11-21 16:00:00+00:00,2025-11-21 16:00:00+00:00,-1,0.1379,0.140658,-200.00000000000017,-211.50000000000017,SL,2025-11-21
DOGE,2025-11-28 17:00:00+00:00,2025-11-29 17:00:00+00:00,-1,0.15042,0.1474116,200.00000000000017,188.50000000000017,TP,2025-11-28
DOGE,2025-12-01 01:00:00+00:00,2025-12-01 12:00:00+00:00,-1,0.13886,0.1360828,200.00000000000017,188.50000000000017,TP,2025-12-01
DOGE,2025-12-01 16:00:00+00:00,2025-12-01 23:00:00+00:00,-1,0.1338,0.13647600000000001,-200.00000000000017,-211.50000000000017,SL,2025-12-01
DOGE,2025-12-05 17:00:00+00:00,2025-12-06 17:00:00+00:00,-1,0.13871,0.13983,-80.74399826977219,-92.24399826977219,TIME,2025-12-05
DOGE,2025-12-12 16:00:00+00:00,2025-12-13 08:00:00+00:00,-1,0.13552,0.1382304,-200.00000000000017,-211.50000000000017,SL,2025-12-12
DOGE,2025-12-15 15:00:00+00:00,2025-12-15 15:00:00+00:00,-1,0.13351,0.13083979999999998,200.00000000000128,188.50000000000128,TP,2025-12-15
DOGE,2025-12-17 16:00:00+00:00,2025-12-17 16:00:00+00:00,-1,0.12987,0.1272726,200.00000000000017,188.50000000000017,TP,2025-12-17
DOGE,2025-12-18 18:00:00+00:00,2025-12-18 19:00:00+00:00,-1,0.12353,0.1210594,200.00000000000017,188.50000000000017,TP,2025-12-18
DOGE,2025-12-18 20:00:00+00:00,2025-12-18 21:00:00+00:00,-1,0.12018,0.1225836,-200.00000000000017,-211.50000000000017,SL,2025-12-18
DOGE,2025-12-26 15:00:00+00:00,2025-12-27 15:00:00+00:00,-1,0.12246,0.12298,-42.4628450106157,-53.9628450106157,TIME,2025-12-26
DOGE,2025-12-29 10:00:00+00:00,2025-12-29 20:00:00+00:00,-1,0.12486,0.1223628,200.00000000000017,188.50000000000017,TP,2025-12-29
DOGE,2026-01-06 17:00:00+00:00,2026-01-06 21:00:00+00:00,-1,0.14548,0.1483896,-200.00000000000017,-211.50000000000017,SL,2026-01-06
DOGE,2026-01-07 01:00:00+00:00,2026-01-07 08:00:00+00:00,-1,0.14815,0.151113,-200.00000000000017,-211.50000000000017,SL,2026-01-07
DOGE,2026-01-07 10:00:00+00:00,2026-01-07 14:00:00+00:00,-1,0.14837,0.1454026,200.00000000000017,188.50000000000017,TP,2026-01-07
DOGE,2026-01-08 07:00:00+00:00,2026-01-08 11:00:00+00:00,-1,0.14245,0.139601,199.99999999999906,188.49999999999906,TP,2026-01-08
DOGE,2026-01-19 00:00:00+00:00,2026-01-19 00:00:00+00:00,-1,0.13154,0.1289092,199.99999999999906,188.49999999999906,TP,2026-01-19
DOGE,2026-01-19 01:00:00+00:00,2026-01-19 16:00:00+00:00,-1,0.12645,0.128979,-200.00000000000017,-211.50000000000017,SL,2026-01-19
DOGE,2026-01-20 23:00:00+00:00,2026-01-21 02:00:00+00:00,-1,0.12362,0.1260924,-200.00000000000017,-211.50000000000017,SL,2026-01-20
DOGE,2026-01-21 17:00:00+00:00,2026-01-21 18:00:00+00:00,-1,0.12066,0.12307320000000001,-200.00000000000017,-211.50000000000017,SL,2026-01-21
DOGE,2026-01-27 18:00:00+00:00,2026-01-27 18:00:00+00:00,-1,0.12215,0.124593,-200.00000000000017,-211.50000000000017,SL,2026-01-27
DOGE,2026-01-29 15:00:00+00:00,2026-01-29 15:00:00+00:00,-1,0.11871,0.11633579999999999,200.00000000000017,188.50000000000017,TP,2026-01-29
DOGE,2026-01-29 16:00:00+00:00,2026-01-29 17:00:00+00:00,-1,0.1161,0.118422,-200.00000000000017,-211.50000000000017,SL,2026-01-29
DOGE,2026-01-29 18:00:00+00:00,2026-01-30 01:00:00+00:00,-1,0.11659,0.11425819999999999,200.00000000000128,188.50000000000128,TP,2026-01-29
DOGE,2026-01-30 02:00:00+00:00,2026-01-30 06:00:00+00:00,-1,0.11534,0.1130332,200.00000000000017,188.50000000000017,TP,2026-01-30
DOGE,2026-01-31 15:00:00+00:00,2026-01-31 16:00:00+00:00,-1,0.10682,0.1046836,200.00000000000017,188.50000000000017,TP,2026-01-31
DOGE,2026-01-31 18:00:00+00:00,2026-01-31 18:00:00+00:00,-1,0.10202,0.0999796,200.00000000000017,188.50000000000017,TP,2026-01-31
DOGE,2026-02-02 03:00:00+00:00,2026-02-02 03:00:00+00:00,-1,0.10372,0.1016456,200.00000000000017,188.50000000000017,TP,2026-02-02
DOGE,2026-02-03 03:00:00+00:00,2026-02-03 04:00:00+00:00,-1,0.10593,0.1080486,-200.00000000000017,-211.50000000000017,SL,2026-02-03
DOGE,2026-02-03 17:00:00+00:00,2026-02-03 17:00:00+00:00,-1,0.10647,0.10434059999999999,200.00000000000017,188.50000000000017,TP,2026-02-03
DOGE,2026-02-03 18:00:00+00:00,2026-02-03 19:00:00+00:00,-1,0.1042,0.106284,-200.00000000000017,-211.50000000000017,SL,2026-02-03
DOGE,2026-02-05 16:00:00+00:00,2026-02-05 17:00:00+00:00,-1,0.09418,0.0922964,200.00000000000017,188.50000000000017,TP,2026-02-05
DOGE,2026-02-05 18:00:00+00:00,2026-02-05 20:00:00+00:00,-1,0.09202,0.0901796,200.00000000000017,188.50000000000017,TP,2026-02-05
DOGE,2026-02-05 21:00:00+00:00,2026-02-05 21:00:00+00:00,-1,0.08887,0.0906474,-200.00000000000017,-211.50000000000017,SL,2026-02-05
DOGE,2026-02-16 14:00:00+00:00,2026-02-17 14:00:00+00:00,-1,0.10001,0.09902,98.9901009899019,87.4901009899019,TIME,2026-02-16
DOGE,2026-02-17 15:00:00+00:00,2026-02-17 16:00:00+00:00,-1,0.09903,0.1010106,-200.00000000000017,-211.50000000000017,SL,2026-02-17
DOGE,2026-02-23 01:00:00+00:00,2026-02-23 01:00:00+00:00,-1,0.0944,0.092512,200.00000000000017,188.50000000000017,TP,2026-02-23
DOGE,2026-02-23 02:00:00+00:00,2026-02-23 06:00:00+00:00,-1,0.09203,0.0938706,-200.00000000000017,-211.50000000000017,SL,2026-02-23
DOGE,2026-02-28 07:00:00+00:00,2026-02-28 13:00:00+00:00,-1,0.08853,0.0903006,-200.00000000000017,-211.50000000000017,SL,2026-02-28
DOGE,2026-03-13 15:00:00+00:00,2026-03-13 17:00:00+00:00,-1,0.09778,0.0958244,200.00000000000017,188.50000000000017,TP,2026-03-13
DOGE,2026-03-18 12:00:00+00:00,2026-03-18 14:00:00+00:00,-1,0.09706,0.09511879999999999,200.00000000000017,188.50000000000017,TP,2026-03-18
DOGE,2026-03-18 15:00:00+00:00,2026-03-19 12:00:00+00:00,-1,0.09449,0.09260020000000001,200.00000000000017,188.50000000000017,TP,2026-03-18
DOGE,2026-03-22 00:00:00+00:00,2026-03-22 21:00:00+00:00,-1,0.09126,0.0894348,200.00000000000017,188.50000000000017,TP,2026-03-22
DOGE,2026-03-23 07:00:00+00:00,2026-03-23 11:00:00+00:00,-1,0.09033,0.0921366,-200.00000000000017,-211.50000000000017,SL,2026-03-23
DOGE,2026-03-23 16:00:00+00:00,2026-03-23 19:00:00+00:00,-1,0.09374,0.0956148,-200.00000000000017,-211.50000000000017,SL,2026-03-23
DOGE,2026-03-27 11:00:00+00:00,2026-03-28 10:00:00+00:00,-1,0.0896,0.091392,-200.00000000000017,-211.50000000000017,SL,2026-03-27
DOGE,2026-03-29 23:00:00+00:00,2026-03-30 00:00:00+00:00,-1,0.08989,0.0916878,-200.00000000000017,-211.50000000000017,SL,2026-03-29
DOGE,2026-03-31 15:00:00+00:00,2026-03-31 17:00:00+00:00,-1,0.0904,0.092208,-200.00000000000017,-211.50000000000017,SL,2026-03-31
DOGE,2026-04-02 02:00:00+00:00,2026-04-03 02:00:00+00:00,-1,0.09048,0.09034,15.473032714412582,3.9730327144125823,TIME,2026-04-02
DOGE,2026-04-07 11:00:00+00:00,2026-04-07 20:00:00+00:00,-1,0.09052,0.0923304,-200.00000000000017,-211.50000000000017,SL,2026-04-07
DOGE,2026-04-08 19:00:00+00:00,2026-04-09 01:00:00+00:00,-1,0.09306,0.0911988,200.00000000000128,188.50000000000128,TP,2026-04-08
DOGE,2026-04-12 02:00:00+00:00,2026-04-13 02:00:00+00:00,-1,0.09102,0.09104,-2.197319270489384,-13.697319270489384,TIME,2026-04-12
DOGE,2026-04-16 14:00:00+00:00,2026-04-16 16:00:00+00:00,-1,0.0957,0.09761399999999999,-200.00000000000017,-211.50000000000017,SL,2026-04-16
ETH,2025-07-01 15:00:00+00:00,2025-07-02 14:00:00+00:00,-1,2418.42,2466.7884,-200.00000000000017,-211.50000000000017,SL,2025-07-01
ETH,2025-07-04 14:00:00+00:00,2025-07-04 16:00:00+00:00,-1,2524.38,2473.8924,200.00000000000017,188.50000000000017,TP,2025-07-04
ETH,2025-07-09 21:00:00+00:00,2025-07-10 02:00:00+00:00,-1,2737.08,2791.8215999999998,-200.00000000000017,-211.50000000000017,SL,2025-07-09
ETH,2025-07-14 16:00:00+00:00,2025-07-15 03:00:00+00:00,-1,3012.2,2951.9559999999997,200.00000000000017,188.50000000000017,TP,2025-07-14
ETH,2025-07-15 15:00:00+00:00,2025-07-15 15:00:00+00:00,-1,2976.5,3036.03,-200.00000000000017,-211.50000000000017,SL,2025-07-15
ETH,2025-07-22 14:00:00+00:00,2025-07-22 15:00:00+00:00,-1,3648.05,3721.0110000000004,-200.00000000000017,-211.50000000000017,SL,2025-07-22
ETH,2025-07-25 03:00:00+00:00,2025-07-25 09:00:00+00:00,-1,3614.01,3686.2902000000004,-200.00000000000017,-211.50000000000017,SL,2025-07-25
ETH,2025-07-25 15:00:00+00:00,2025-07-25 21:00:00+00:00,-1,3627.72,3700.2744,-200.00000000000017,-211.50000000000017,SL,2025-07-25
ETH,2025-07-30 19:00:00+00:00,2025-07-31 00:00:00+00:00,-1,3735.66,3810.3732,-200.00000000000017,-211.50000000000017,SL,2025-07-30
ETH,2025-07-31 20:00:00+00:00,2025-08-01 00:00:00+00:00,-1,3736.2,3661.4759999999997,200.00000000000017,188.50000000000017,TP,2025-07-31
ETH,2025-08-01 14:00:00+00:00,2025-08-01 19:00:00+00:00,-1,3597.74,3525.7852,200.00000000000017,188.50000000000017,TP,2025-08-01
ETH,2025-08-05 15:00:00+00:00,2025-08-06 05:00:00+00:00,-1,3576.0,3647.52,-200.00000000000017,-211.50000000000017,SL,2025-08-05
ETH,2025-08-14 13:00:00+00:00,2025-08-14 13:00:00+00:00,-1,4569.06,4477.678800000001,199.99999999999906,188.49999999999906,TP,2025-08-14
ETH,2025-08-19 15:00:00+00:00,2025-08-19 23:00:00+00:00,-1,4190.14,4106.3372,200.00000000000128,188.50000000000128,TP,2025-08-19
ETH,2025-08-20 14:00:00+00:00,2025-08-20 14:00:00+00:00,-1,4133.2,4215.864,-200.00000000000017,-211.50000000000017,SL,2025-08-20
ETH,2025-08-24 20:00:00+00:00,2025-08-24 20:00:00+00:00,-1,4812.01,4715.7698,200.00000000000017,188.50000000000017,TP,2025-08-24
ETH,2025-08-25 20:00:00+00:00,2025-08-26 00:00:00+00:00,-1,4418.38,4330.0124,200.00000000000128,188.50000000000128,TP,2025-08-25
ETH,2025-08-29 08:00:00+00:00,2025-08-29 14:00:00+00:00,-1,4378.38,4290.8124,200.00000000000017,188.50000000000017,TP,2025-08-29
ETH,2025-09-01 22:00:00+00:00,2025-09-02 02:00:00+00:00,-1,4259.99,4345.1898,-200.00000000000017,-211.50000000000017,SL,2025-09-01
ETH,2025-09-05 15:00:00+00:00,2025-09-06 15:00:00+00:00,-1,4271.53,4267.61,9.177039608758708,-2.322960391241292,TIME,2025-09-05
ETH,2025-09-09 15:00:00+00:00,2025-09-10 12:00:00+00:00,-1,4303.29,4389.3558,-200.00000000000017,-211.50000000000017,SL,2025-09-09
ETH,2025-09-15 00:00:00+00:00,2025-09-15 08:00:00+00:00,-1,4601.84,4509.8032,200.00000000000017,188.50000000000017,TP,2025-09-15
ETH,2025-09-15 09:00:00+00:00,2025-09-16 09:00:00+00:00,-1,4508.7,4509.37,-1.486015924767603,-12.986015924767603,TIME,2025-09-15
ETH,2025-09-22 01:00:00+00:00,2025-09-22 05:00:00+00:00,-1,4333.75,4247.075,200.00000000000017,188.50000000000017,TP,2025-09-22
ETH,2025-09-22 06:00:00+00:00,2025-09-22 06:00:00+00:00,-1,4216.78,4132.444399999999,200.00000000000128,188.50000000000128,TP,2025-09-22
ETH,2025-09-22 07:00:00+00:00,2025-09-23 07:00:00+00:00,-1,4189.76,4203.2,-32.07820973038844,-43.57820973038844,TIME,2025-09-22
ETH,2025-09-23 18:00:00+00:00,2025-09-24 18:00:00+00:00,-1,4147.24,4170.16,-55.265670662898444,-66.76567066289844,TIME,2025-09-23
ETH,2025-09-25 05:00:00+00:00,2025-09-25 17:00:00+00:00,-1,4000.27,3920.2646,200.00000000000017,188.50000000000017,TP,2025-09-25
ETH,2025-09-25 18:00:00+00:00,2025-09-25 18:00:00+00:00,-1,3837.43,3914.1785999999997,-200.00000000000017,-211.50000000000017,SL,2025-09-25
ETH,2025-09-26 15:00:00+00:00,2025-09-26 17:00:00+00:00,-1,3930.23,4008.8346,-200.00000000000017,-211.50000000000017,SL,2025-09-26
ETH,2025-10-05 10:00:00+00:00,2025-10-06 10:00:00+00:00,-1,4548.32,4571.42,-50.78798325535594,-62.28798325535594,TIME,2025-10-05
ETH,2025-10-07 15:00:00+00:00,2025-10-07 15:00:00+00:00,-1,4593.28,4501.4144,200.00000000000017,188.50000000000017,TP,2025-10-07
ETH,2025-10-09 14:00:00+00:00,2025-10-10 14:00:00+00:00,-1,4346.48,4277.96,157.64480683219452,146.14480683219452,TIME,2025-10-09
ETH,2025-10-10 15:00:00+00:00,2025-10-10 15:00:00+00:00,-1,4278.19,4192.6262,200.00000000000017,188.50000000000017,TP,2025-10-10
ETH,2025-10-10 16:00:00+00:00,2025-10-10 19:00:00+00:00,-1,4100.8,4018.784,200.00000000000017,188.50000000000017,TP,2025-10-10
ETH,2025-10-10 21:00:00+00:00,2025-10-10 21:00:00+00:00,-1,3864.45,3941.739,-200.00000000000017,-211.50000000000017,SL,2025-10-10
ETH,2025-10-11 02:00:00+00:00,2025-10-11 02:00:00+00:00,-1,3729.54,3804.1308,-200.00000000000017,-211.50000000000017,SL,2025-10-11
ETH,2025-10-11 08:00:00+00:00,2025-10-11 09:00:00+00:00,-1,3757.36,3832.5072,-200.00000000000017,-211.50000000000017,SL,2025-10-11
ETH,2025-10-16 16:00:00+00:00,2025-10-16 20:00:00+00:00,-1,3905.11,3827.0078,200.00000000000017,188.50000000000017,TP,2025-10-16
ETH,2025-10-17 07:00:00+00:00,2025-10-17 08:00:00+00:00,-1,3819.11,3742.7278,200.00000000000017,188.50000000000017,TP,2025-10-17
ETH,2025-10-21 05:00:00+00:00,2025-10-21 14:00:00+00:00,-1,3849.53,3926.5206000000003,-200.00000000000017,-211.50000000000017,SL,2025-10-21
ETH,2025-10-21 23:00:00+00:00,2025-10-22 00:00:00+00:00,-1,3898.63,3820.6574,200.00000000000017,188.50000000000017,TP,2025-10-21
ETH,2025-10-28 20:00:00+00:00,2025-10-28 21:00:00+00:00,-1,4036.45,3955.7209999999995,200.00000000000017,188.50000000000017,TP,2025-10-28
ETH,2025-10-29 16:00:00+00:00,2025-10-29 18:00:00+00:00,-1,3950.6,3871.5879999999997,200.00000000000017,188.50000000000017,TP,2025-10-29
ETH,2025-10-29 19:00:00+00:00,2025-10-30 04:00:00+00:00,-1,3918.57,3840.1986,200.00000000000017,188.50000000000017,TP,2025-10-29
ETH,2025-10-30 05:00:00+00:00,2025-10-30 12:00:00+00:00,-1,3869.22,3791.8356,200.00000000000017,188.50000000000017,TP,2025-10-30
ETH,2025-10-30 13:00:00+00:00,2025-10-30 17:00:00+00:00,-1,3816.01,3739.6898,200.00000000000017,188.50000000000017,TP,2025-10-30
ETH,2025-10-31 17:00:00+00:00,2025-10-31 19:00:00+00:00,-1,3819.35,3895.737,-200.00000000000017,-211.50000000000017,SL,2025-10-31
ETH,2025-11-03 16:00:00+00:00,2025-11-03 17:00:00+00:00,-1,3587.29,3659.0358,-200.00000000000017,-211.50000000000017,SL,2025-11-03
ETH,2025-11-04 06:00:00+00:00,2025-11-04 06:00:00+00:00,-1,3489.01,3558.7902000000004,-200.00000000000017,-211.50000000000017,SL,2025-11-04
ETH,2025-11-10 15:00:00+00:00,2025-11-11 01:00:00+00:00,-1,3539.43,3610.2185999999997,-200.00000000000017,-211.50000000000017,SL,2025-11-10
ETH,2025-11-12 16:00:00+00:00,2025-11-13 05:00:00+00:00,-1,3426.33,3494.8566,-200.00000000000017,-211.50000000000017,SL,2025-11-12
ETH,2025-11-13 16:00:00+00:00,2025-11-13 17:00:00+00:00,-1,3386.04,3318.3192,200.00000000000017,188.50000000000017,TP,2025-11-13
ETH,2025-11-14 05:00:00+00:00,2025-11-14 06:00:00+00:00,-1,3161.53,3224.7606,-200.00000000000017,-211.50000000000017,SL,2025-11-14
ETH,2025-11-14 21:00:00+00:00,2025-11-15 17:00:00+00:00,-1,3135.41,3198.1182,-200.00000000000017,-211.50000000000017,SL,2025-11-14
ETH,2025-11-17 14:00:00+00:00,2025-11-17 14:00:00+00:00,-1,3120.01,3182.4102000000003,-200.00000000000017,-211.50000000000017,SL,2025-11-17
ETH,2025-11-17 18:00:00+00:00,2025-11-17 19:00:00+00:00,-1,3058.1,2996.9379999999996,200.00000000000128,188.50000000000128,TP,2025-11-17
ETH,2025-11-19 16:00:00+00:00,2025-11-19 17:00:00+00:00,-1,2970.73,2911.3154,200.00000000000017,188.50000000000017,TP,2025-11-19
ETH,2025-11-20 17:00:00+00:00,2025-11-20 19:00:00+00:00,-1,2860.58,2803.3684,200.00000000000017,188.50000000000017,TP,2025-11-20
ETH,2025-11-21 00:00:00+00:00,2025-11-21 02:00:00+00:00,-1,2833.37,2776.7025999999996,200.00000000000128,188.50000000000128,TP,2025-11-21
ETH,2025-11-21 03:00:00+00:00,2025-11-21 07:00:00+00:00,-1,2781.52,2725.8896,200.00000000000017,188.50000000000017,TP,2025-11-21
ETH,2025-11-21 08:00:00+00:00,2025-11-21 10:00:00+00:00,-1,2719.14,2664.7572,199.99999999999906,188.49999999999906,TP,2025-11-21
ETH,2025-11-21 16:00:00+00:00,2025-11-21 16:00:00+00:00,-1,2704.61,2758.7022,-200.00000000000017,-211.50000000000017,SL,2025-11-21
ETH,2025-11-28 17:00:00+00:00,2025-11-29 17:00:00+00:00,-1,3023.59,2963.1182,200.00000000000128,188.50000000000128,TP,2025-11-28
ETH,2025-12-01 01:00:00+00:00,2025-12-01 15:00:00+00:00,-1,2834.15,2777.467,200.00000000000017,188.50000000000017,TP,2025-12-01
ETH,2025-12-01 16:00:00+00:00,2025-12-01 22:00:00+00:00,-1,2745.08,2799.9816,-200.00000000000017,-211.50000000000017,SL,2025-12-01
ETH,2025-12-05 17:00:00+00:00,2025-12-06 17:00:00+00:00,-1,3031.6,3054.32,-74.94392400052786,-86.44392400052786,TIME,2025-12-05
ETH,2025-12-12 16:00:00+00:00,2025-12-13 10:00:00+00:00,-1,3069.53,3130.9206000000004,-200.00000000000017,-211.50000000000017,SL,2025-12-12
ETH,2025-12-15 15:00:00+00:00,2025-12-15 16:00:00+00:00,-1,3046.05,2985.129,200.00000000000128,188.50000000000128,TP,2025-12-15
ETH,2025-12-17 16:00:00+00:00,2025-12-17 16:00:00+00:00,-1,2902.83,2844.7734,200.00000000000017,188.50000000000017,TP,2025-12-17
ETH,2025-12-18 18:00:00+00:00,2025-12-18 19:00:00+00:00,-1,2843.26,2786.3948,200.00000000000017,188.50000000000017,TP,2025-12-18
ETH,2025-12-18 20:00:00+00:00,2025-12-18 22:00:00+00:00,-1,2780.4,2836.0080000000003,-200.00000000000017,-211.50000000000017,SL,2025-12-18
ETH,2025-12-26 15:00:00+00:00,2025-12-27 15:00:00+00:00,-1,2916.01,2925.46,-32.40729627127514,-43.90729627127514,TIME,2025-12-26
ETH,2025-12-29 10:00:00+00:00,2025-12-29 12:00:00+00:00,-1,2974.43,2914.9413999999997,200.00000000000017,188.50000000000017,TP,2025-12-29
ETH,2026-01-06 17:00:00+00:00,2026-01-06 18:00:00+00:00,-1,3250.24,3185.2351999999996,200.00000000000017,188.50000000000017,TP,2026-01-06
ETH,2026-01-07 01:00:00+00:00,2026-01-07 14:00:00+00:00,-1,3256.14,3191.0172,200.00000000000017,188.50000000000017,TP,2026-01-07
ETH,2026-01-08 07:00:00+00:00,2026-01-09 07:00:00+00:00,-1,3104.12,3110.0,-18.94256665335048,-30.44256665335048,TIME,2026-01-08
ETH,2026-01-19 00:00:00+00:00,2026-01-19 00:00:00+00:00,-1,3282.57,3216.9186,200.00000000000017,188.50000000000017,TP,2026-01-19
ETH,2026-01-19 01:00:00+00:00,2026-01-20 01:00:00+00:00,-1,3209.53,3191.71,55.52214810268241,44.02214810268241,TIME,2026-01-19
ETH,2026-01-20 23:00:00+00:00,2026-01-21 15:00:00+00:00,-1,2950.0,3009.0,-200.00000000000017,-211.50000000000017,SL,2026-01-20
ETH,2026-01-21 17:00:00+00:00,2026-01-21 19:00:00+00:00,-1,2892.0,2949.84,-200.00000000000017,-211.50000000000017,SL,2026-01-21
ETH,2026-01-27 18:00:00+00:00,2026-01-27 18:00:00+00:00,-1,2928.6,2987.172,-200.00000000000017,-211.50000000000017,SL,2026-01-27
ETH,2026-01-29 15:00:00+00:00,2026-01-29 15:00:00+00:00,-1,2874.71,2817.2158,200.00000000000017,188.50000000000017,TP,2026-01-29
ETH,2026-01-29 16:00:00+00:00,2026-01-29 18:00:00+00:00,-1,2821.96,2765.5208,200.00000000000128,188.50000000000128,TP,2026-01-29
ETH,2026-01-30 02:00:00+00:00,2026-01-30 15:00:00+00:00,-1,2747.37,2692.4226,200.00000000000017,188.50000000000017,TP,2026-01-30
ETH,2026-01-31 15:00:00+00:00,2026-01-31 16:00:00+00:00,-1,2537.45,2486.7009999999996,200.00000000000128,188.50000000000128,TP,2026-01-31
ETH,2026-01-31 18:00:00+00:00,2026-01-31 18:00:00+00:00,-1,2401.69,2353.6562,200.00000000000017,188.50000000000017,TP,2026-01-31
ETH,2026-02-02 03:00:00+00:00,2026-02-02 03:00:00+00:00,-1,2260.71,2215.4958,199.99999999999906,188.49999999999906,TP,2026-02-02
ETH,2026-02-03 03:00:00+00:00,2026-02-03 03:00:00+00:00,-1,2296.94,2342.8788,-200.00000000000017,-211.50000000000017,SL,2026-02-03
ETH,2026-02-03 17:00:00+00:00,2026-02-03 17:00:00+00:00,-1,2240.67,2195.8566,200.00000000000017,188.50000000000017,TP,2026-02-03
ETH,2026-02-03 18:00:00+00:00,2026-02-03 18:00:00+00:00,-1,2193.92,2150.0416,200.00000000000017,188.50000000000017,TP,2026-02-03
ETH,2026-02-03 19:00:00+00:00,2026-02-03 19:00:00+00:00,-1,2118.92,2161.2984,-200.00000000000017,-211.50000000000017,SL,2026-02-03
ETH,2026-02-05 16:00:00+00:00,2026-02-05 16:00:00+00:00,-1,1959.92,1999.1184,-200.00000000000017,-211.50000000000017,SL,2026-02-05
ETH,2026-02-05 18:00:00+00:00,2026-02-05 18:00:00+00:00,-1,1954.06,1914.9787999999999,200.00000000000017,188.50000000000017,TP,2026-02-05
ETH,2026-02-05 21:00:00+00:00,2026-02-05 21:00:00+00:00,-1,1867.02,1904.3604,-200.00000000000017,-211.50000000000017,SL,2026-02-05
ETH,2026-02-16 14:00:00+00:00,2026-02-17 01:00:00+00:00,-1,1966.56,2005.8912,-200.00000000000017,-211.50000000000017,SL,2026-02-16
ETH,2026-02-17 15:00:00+00:00,2026-02-17 16:00:00+00:00,-1,1946.48,1985.4096,-200.00000000000017,-211.50000000000017,SL,2026-02-17
ETH,2026-02-23 01:00:00+00:00,2026-02-23 01:00:00+00:00,-1,1927.6,1889.0479999999998,200.00000000000017,188.50000000000017,TP,2026-02-23
ETH,2026-02-23 02:00:00+00:00,2026-02-23 09:00:00+00:00,-1,1854.44,1891.5288,-200.00000000000017,-211.50000000000017,SL,2026-02-23
ETH,2026-02-28 07:00:00+00:00,2026-02-28 07:00:00+00:00,-1,1840.0,1876.8,-200.00000000000017,-211.50000000000017,SL,2026-02-28
ETH,2026-03-13 15:00:00+00:00,2026-03-13 17:00:00+00:00,-1,2151.39,2108.3622,199.99999999999906,188.49999999999906,TP,2026-03-13
ETH,2026-03-18 12:00:00+00:00,2026-03-18 14:00:00+00:00,-1,2267.61,2222.2578,200.00000000000128,188.50000000000128,TP,2026-03-18
ETH,2026-03-18 15:00:00+00:00,2026-03-19 07:00:00+00:00,-1,2188.89,2145.1122,199.99999999999906,188.49999999999906,TP,2026-03-18
ETH,2026-03-22 00:00:00+00:00,2026-03-22 03:00:00+00:00,-1,2083.08,2124.7416,-200.00000000000017,-211.50000000000017,SL,2026-03-22
ETH,2026-03-23 07:00:00+00:00,2026-03-23 11:00:00+00:00,-1,2036.07,2076.7914,-200.00000000000017,-211.50000000000017,SL,2026-03-23
ETH,2026-03-23 16:00:00+00:00,2026-03-23 18:00:00+00:00,-1,2128.09,2170.6518,-200.00000000000017,-211.50000000000017,SL,2026-03-23
ETH,2026-03-27 11:00:00+00:00,2026-03-28 11:00:00+00:00,-1,1990.64,1996.46,-29.236828356709044,-40.73682835670904,TIME,2026-03-27
ETH,2026-03-29 23:00:00+00:00,2026-03-30 00:00:00+00:00,-1,1973.57,2013.0414,-200.00000000000017,-211.50000000000017,SL,2026-03-29
ETH,2026-03-31 15:00:00+00:00,2026-03-31 16:00:00+00:00,-1,2044.84,2085.7368,-200.00000000000017,-211.50000000000017,SL,2026-03-31
ETH,2026-04-02 02:00:00+00:00,2026-04-02 03:00:00+00:00,-1,2098.41,2056.4417999999996,200.00000000000128,188.50000000000128,TP,2026-04-02
ETH,2026-04-07 11:00:00+00:00,2026-04-07 21:00:00+00:00,-1,2088.17,2129.9334,-200.00000000000017,-211.50000000000017,SL,2026-04-07
ETH,2026-04-08 19:00:00+00:00,2026-04-09 14:00:00+00:00,-1,2200.5,2156.49,200.00000000000128,188.50000000000128,TP,2026-04-08
ETH,2026-04-12 02:00:00+00:00,2026-04-13 02:00:00+00:00,-1,2217.52,2193.3,109.22111187272154,97.72111187272154,TIME,2026-04-12
ETH,2026-04-16 14:00:00+00:00,2026-04-16 19:00:00+00:00,-1,2307.15,2353.293,-200.00000000000017,-211.50000000000017,SL,2026-04-16
LINK,2025-07-01 15:00:00+00:00,2025-07-02 01:00:00+00:00,-1,12.998,12.73804,200.00000000000017,188.50000000000017,TP,2025-07-01
LINK,2025-07-04 14:00:00+00:00,2025-07-04 16:00:00+00:00,-1,13.246,12.98108,200.00000000000017,188.50000000000017,TP,2025-07-04
LINK,2025-07-09 21:00:00+00:00,2025-07-10 05:00:00+00:00,-1,14.171,14.454419999999999,-200.00000000000017,-211.50000000000017,SL,2025-07-09
LINK,2025-07-14 16:00:00+00:00,2025-07-14 20:00:00+00:00,-1,15.96,15.6408,200.00000000000017,188.50000000000017,TP,2025-07-14
LINK,2025-07-15 15:00:00+00:00,2025-07-15 15:00:00+00:00,-1,15.216,15.52032,-200.00000000000017,-211.50000000000017,SL,2025-07-15
LINK,2025-07-22 14:00:00+00:00,2025-07-22 14:00:00+00:00,-1,18.943,19.32186,-200.00000000000017,-211.50000000000017,SL,2025-07-22
LINK,2025-07-25 03:00:00+00:00,2025-07-25 09:00:00+00:00,-1,17.456,17.80512,-200.00000000000017,-211.50000000000017,SL,2025-07-25
LINK,2025-07-25 15:00:00+00:00,2025-07-25 20:00:00+00:00,-1,17.524,17.874480000000002,-200.00000000000017,-211.50000000000017,SL,2025-07-25
LINK,2025-07-30 19:00:00+00:00,2025-07-30 19:00:00+00:00,-1,17.262,16.91676,200.00000000000017,188.50000000000017,TP,2025-07-30
LINK,2025-07-31 20:00:00+00:00,2025-07-31 23:00:00+00:00,-1,17.211,16.86678,200.00000000000017,188.50000000000017,TP,2025-07-31
LINK,2025-08-01 14:00:00+00:00,2025-08-01 14:00:00+00:00,-1,16.259,16.58418,-200.00000000000017,-211.50000000000017,SL,2025-08-01
LINK,2025-08-05 15:00:00+00:00,2025-08-06 15:00:00+00:00,-1,16.351,16.67802,-200.00000000000017,-211.50000000000017,SL,2025-08-05
LINK,2025-08-14 13:00:00+00:00,2025-08-14 13:00:00+00:00,-1,22.353,22.800060000000002,-200.00000000000017,-211.50000000000017,SL,2025-08-14
LINK,2025-08-19 15:00:00+00:00,2025-08-19 15:00:00+00:00,-1,24.163,24.64626,-200.00000000000017,-211.50000000000017,SL,2025-08-19
LINK,2025-08-20 14:00:00+00:00,2025-08-20 14:00:00+00:00,-1,24.669,25.162380000000002,-200.00000000000017,-211.50000000000017,SL,2025-08-20
LINK,2025-08-24 20:00:00+00:00,2025-08-24 20:00:00+00:00,-1,26.082,25.56036,200.00000000000017,188.50000000000017,TP,2025-08-24
LINK,2025-08-25 20:00:00+00:00,2025-08-25 20:00:00+00:00,-1,23.651,23.177979999999998,200.00000000000128,188.50000000000128,TP,2025-08-25
LINK,2025-08-29 08:00:00+00:00,2025-08-29 12:00:00+00:00,-1,23.53,24.000600000000002,-200.00000000000017,-211.50000000000017,SL,2025-08-29
LINK,2025-08-29 14:00:00+00:00,2025-08-30 01:00:00+00:00,-1,23.336,22.86928,199.99999999999906,188.49999999999906,TP,2025-08-29
LINK,2025-09-01 22:00:00+00:00,2025-09-02 01:00:00+00:00,-1,22.249,22.69398,-200.00000000000017,-211.50000000000017,SL,2025-09-01
LINK,2025-09-05 15:00:00+00:00,2025-09-06 15:00:00+00:00,-1,22.186,22.067,53.63742900928558,42.13742900928558,TIME,2025-09-05
LINK,2025-09-09 15:00:00+00:00,2025-09-10 12:00:00+00:00,-1,23.201,23.665020000000002,-200.00000000000017,-211.50000000000017,SL,2025-09-09
LINK,2025-09-15 00:00:00+00:00,2025-09-15 08:00:00+00:00,-1,24.085,23.6033,200.00000000000017,188.50000000000017,TP,2025-09-15
LINK,2025-09-15 09:00:00+00:00,2025-09-15 21:00:00+00:00,-1,23.229,23.69358,-200.00000000000017,-211.50000000000017,SL,2025-09-15
LINK,2025-09-22 01:00:00+00:00,2025-09-22 05:00:00+00:00,-1,22.32,21.8736,200.00000000000017,188.50000000000017,TP,2025-09-22
LINK,2025-09-22 06:00:00+00:00,2025-09-22 06:00:00+00:00,-1,21.673,21.239539999999998,200.00000000000017,188.50000000000017,TP,2025-09-22
LINK,2025-09-22 07:00:00+00:00,2025-09-23 00:00:00+00:00,-1,21.316,21.74232,-200.00000000000017,-211.50000000000017,SL,2025-09-22
LINK,2025-09-23 18:00:00+00:00,2025-09-24 03:00:00+00:00,-1,21.692,21.25816,200.00000000000017,188.50000000000017,TP,2025-09-23
LINK,2025-09-25 05:00:00+00:00,2025-09-25 12:00:00+00:00,-1,21.022,20.60156,200.00000000000017,188.50000000000017,TP,2025-09-25
LINK,2025-09-25 18:00:00+00:00,2025-09-25 18:00:00+00:00,-1,19.961,20.360219999999998,-200.00000000000017,-211.50000000000017,SL,2025-09-25
LINK,2025-09-26 15:00:00+00:00,2025-09-26 16:00:00+00:00,-1,20.417,20.82534,-200.00000000000017,-211.50000000000017,SL,2025-09-26
LINK,2025-10-05 10:00:00+00:00,2025-10-05 17:00:00+00:00,-1,22.667,22.21366,200.00000000000017,188.50000000000017,TP,2025-10-05
LINK,2025-10-07 15:00:00+00:00,2025-10-08 03:00:00+00:00,-1,22.185,21.7413,200.00000000000017,188.50000000000017,TP,2025-10-07
LINK,2025-10-09 14:00:00+00:00,2025-10-09 22:00:00+00:00,-1,21.543,21.97386,-200.00000000000017,-211.50000000000017,SL,2025-10-09
LINK,2025-10-10 15:00:00+00:00,2025-10-10 15:00:00+00:00,-1,22.283,21.83734,200.00000000000017,188.50000000000017,TP,2025-10-10
LINK,2025-10-10 16:00:00+00:00,2025-10-10 18:00:00+00:00,-1,21.357,20.929859999999998,200.00000000000017,188.50000000000017,TP,2025-10-10
LINK,2025-10-10 21:00:00+00:00,2025-10-10 21:00:00+00:00,-1,19.5,19.11,200.00000000000017,188.50000000000017,TP,2025-10-10
LINK,2025-10-11 02:00:00+00:00,2025-10-11 02:00:00+00:00,-1,17.024,17.36448,-200.00000000000017,-211.50000000000017,SL,2025-10-11
LINK,2025-10-16 16:00:00+00:00,2025-10-16 16:00:00+00:00,-1,17.651,18.00402,-200.00000000000017,-211.50000000000017,SL,2025-10-16
LINK,2025-10-17 07:00:00+00:00,2025-10-17 07:00:00+00:00,-1,16.794,16.45812,200.00000000000017,188.50000000000017,TP,2025-10-17
LINK,2025-10-21 05:00:00+00:00,2025-10-21 11:00:00+00:00,-1,17.73,18.084600000000002,-200.00000000000017,-211.50000000000017,SL,2025-10-21
LINK,2025-10-21 23:00:00+00:00,2025-10-22 09:00:00+00:00,-1,17.735,17.3803,200.00000000000017,188.50000000000017,TP,2025-10-21
LINK,2025-10-28 20:00:00+00:00,2025-10-28 20:00:00+00:00,-1,17.981,17.621380000000002,200.00000000000017,188.50000000000017,TP,2025-10-28
LINK,2025-10-29 16:00:00+00:00,2025-10-29 17:00:00+00:00,-1,18.0,18.36,-200.00000000000017,-211.50000000000017,SL,2025-10-29
LINK,2025-10-29 19:00:00+00:00,2025-10-29 19:00:00+00:00,-1,18.144,18.50688,-200.00000000000017,-211.50000000000017,SL,2025-10-29
LINK,2025-10-30 00:00:00+00:00,2025-10-30 04:00:00+00:00,-1,18.128,17.765439999999998,200.00000000000128,188.50000000000128,TP,2025-10-30
LINK,2025-10-30 05:00:00+00:00,2025-10-30 05:00:00+00:00,-1,17.66,18.0132,-200.00000000000017,-211.50000000000017,SL,2025-10-30
LINK,2025-10-30 13:00:00+00:00,2025-10-30 14:00:00+00:00,-1,17.36,17.0128,200.00000000000017,188.50000000000017,TP,2025-10-30
LINK,2025-10-31 17:00:00+00:00,2025-10-31 19:00:00+00:00,-1,16.867,17.204340000000002,-200.00000000000017,-211.50000000000017,SL,2025-10-31
LINK,2025-11-03 16:00:00+00:00,2025-11-03 16:00:00+00:00,-1,15.292,15.59784,-200.00000000000017,-211.50000000000017,SL,2025-11-03
LINK,2025-11-04 06:00:00+00:00,2025-11-04 06:00:00+00:00,-1,14.69,14.9838,-200.00000000000017,-211.50000000000017,SL,2025-11-04
LINK,2025-11-10 15:00:00+00:00,2025-11-10 22:00:00+00:00,-1,16.113,16.43526,-200.00000000000017,-211.50000000000017,SL,2025-11-10
LINK,2025-11-12 16:00:00+00:00,2025-11-12 19:00:00+00:00,-1,15.363,15.05574,200.00000000000017,188.50000000000017,TP,2025-11-12
LINK,2025-11-13 16:00:00+00:00,2025-11-13 16:00:00+00:00,-1,15.304,14.99792,200.00000000000017,188.50000000000017,TP,2025-11-13
LINK,2025-11-14 05:00:00+00:00,2025-11-14 06:00:00+00:00,-1,14.182,14.46564,-200.00000000000017,-211.50000000000017,SL,2025-11-14
LINK,2025-11-14 21:00:00+00:00,2025-11-14 23:00:00+00:00,-1,13.898,13.62004,200.00000000000017,188.50000000000017,TP,2025-11-14
LINK,2025-11-17 14:00:00+00:00,2025-11-17 14:00:00+00:00,-1,13.716,13.990319999999999,-200.00000000000017,-211.50000000000017,SL,2025-11-17
LINK,2025-11-17 18:00:00+00:00,2025-11-17 19:00:00+00:00,-1,13.372,13.10456,200.00000000000017,188.50000000000017,TP,2025-11-17
LINK,2025-11-19 16:00:00+00:00,2025-11-19 21:00:00+00:00,-1,13.005,13.2651,-200.00000000000017,-211.50000000000017,SL,2025-11-19
LINK,2025-11-20 17:00:00+00:00,2025-11-20 22:00:00+00:00,-1,12.956,13.215119999999999,-200.00000000000017,-211.50000000000017,SL,2025-11-20
LINK,2025-11-21 00:00:00+00:00,2025-11-21 01:00:00+00:00,-1,12.932,13.19064,-200.00000000000017,-211.50000000000017,SL,2025-11-21
LINK,2025-11-21 03:00:00+00:00,2025-11-21 07:00:00+00:00,-1,12.833,12.57634,200.00000000000017,188.50000000000017,TP,2025-11-21
LINK,2025-11-21 08:00:00+00:00,2025-11-21 09:00:00+00:00,-1,12.271,12.02558,200.00000000000128,188.50000000000128,TP,2025-11-21
LINK,2025-11-21 10:00:00+00:00,2025-11-21 12:00:00+00:00,-1,12.014,11.773719999999999,200.00000000000017,188.50000000000017,TP,2025-11-21
LINK,2025-11-21 16:00:00+00:00,2025-11-21 16:00:00+00:00,-1,11.916,12.15432,-200.00000000000017,-211.50000000000017,SL,2025-11-21
LINK,2025-11-28 17:00:00+00:00,2025-11-29 17:00:00+00:00,-1,13.173,12.989,139.67964776436582,128.17964776436582,TIME,2025-11-28
LINK,2025-12-01 01:00:00+00:00,2025-12-01 12:00:00+00:00,-1,12.258,12.012839999999999,200.00000000000017,188.50000000000017,TP,2025-12-01
LINK,2025-12-01 16:00:00+00:00,2025-12-01 16:00:00+00:00,-1,11.991,11.75118,200.00000000000017,188.50000000000017,TP,2025-12-01
LINK,2025-12-05 17:00:00+00:00,2025-12-06 12:00:00+00:00,-1,13.52,13.7904,-200.00000000000017,-211.50000000000017,SL,2025-12-05
LINK,2025-12-12 16:00:00+00:00,2025-12-13 05:00:00+00:00,-1,13.516,13.78632,-200.00000000000017,-211.50000000000017,SL,2025-12-12
LINK,2025-12-15 15:00:00+00:00,2025-12-15 15:00:00+00:00,-1,13.254,12.988919999999998,200.00000000000128,188.50000000000128,TP,2025-12-15
LINK,2025-12-17 16:00:00+00:00,2025-12-17 16:00:00+00:00,-1,12.557,12.305860000000001,199.99999999999906,188.49999999999906,TP,2025-12-17
LINK,2025-12-18 18:00:00+00:00,2025-12-18 19:00:00+00:00,-1,12.12,11.8776,200.00000000000017,188.50000000000017,TP,2025-12-18
LINK,2025-12-18 20:00:00+00:00,2025-12-18 21:00:00+00:00,-1,11.75,11.985,-200.00000000000017,-211.50000000000017,SL,2025-12-18
LINK,2025-12-26 15:00:00+00:00,2025-12-27 15:00:00+00:00,-1,12.132,12.316,-151.6650181338619,-163.1650181338619,TIME,2025-12-26
LINK,2025-12-29 10:00:00+00:00,2025-12-29 12:00:00+00:00,-1,12.529,12.27842,199.99999999999906,188.49999999999906,TP,2025-12-29
LINK,2026-01-06 17:00:00+00:00,2026-01-06 17:00:00+00:00,-1,13.752,13.47696,200.00000000000017,188.50000000000017,TP,2026-01-06
LINK,2026-01-06 18:00:00+00:00,2026-01-06 20:00:00+00:00,-1,13.495,13.764899999999999,-200.00000000000017,-211.50000000000017,SL,2026-01-06
LINK,2026-01-07 01:00:00+00:00,2026-01-07 14:00:00+00:00,-1,13.8,13.524000000000001,200.00000000000017,188.50000000000017,TP,2026-01-07
LINK,2026-01-08 07:00:00+00:00,2026-01-09 07:00:00+00:00,-1,13.133,13.264,-99.74872458691885,-111.24872458691885,TIME,2026-01-08
LINK,2026-01-19 00:00:00+00:00,2026-01-19 00:00:00+00:00,-1,13.289,13.02322,199.99999999999906,188.49999999999906,TP,2026-01-19
LINK,2026-01-19 01:00:00+00:00,2026-01-20 01:00:00+00:00,-1,12.833,12.852,-14.805579365697596,-26.305579365697596,TIME,2026-01-19
LINK,2026-01-20 23:00:00+00:00,2026-01-21 05:00:00+00:00,-1,12.146,12.38892,-200.00000000000017,-211.50000000000017,SL,2026-01-20
LINK,2026-01-21 17:00:00+00:00,2026-01-21 19:00:00+00:00,-1,12.014,12.25428,-200.00000000000017,-211.50000000000017,SL,2026-01-21
LINK,2026-01-27 18:00:00+00:00,2026-01-27 20:00:00+00:00,-1,11.885,12.1227,-200.00000000000017,-211.50000000000017,SL,2026-01-27
LINK,2026-01-29 15:00:00+00:00,2026-01-29 15:00:00+00:00,-1,11.212,10.98776,200.00000000000017,188.50000000000017,TP,2026-01-29
LINK,2026-01-29 16:00:00+00:00,2026-01-30 01:00:00+00:00,-1,11.02,10.7996,200.00000000000017,188.50000000000017,TP,2026-01-29
LINK,2026-01-30 02:00:00+00:00,2026-01-30 06:00:00+00:00,-1,10.884,10.66632,200.00000000000017,188.50000000000017,TP,2026-01-30
LINK,2026-01-31 15:00:00+00:00,2026-01-31 17:00:00+00:00,-1,10.073,9.87154,200.00000000000128,188.50000000000128,TP,2026-01-31
LINK,2026-01-31 18:00:00+00:00,2026-01-31 18:00:00+00:00,-1,9.603,9.41094,200.00000000000017,188.50000000000017,TP,2026-01-31
LINK,2026-02-02 03:00:00+00:00,2026-02-02 03:00:00+00:00,-1,9.431,9.242379999999999,200.00000000000017,188.50000000000017,TP,2026-02-02
LINK,2026-02-03 03:00:00+00:00,2026-02-03 04:00:00+00:00,-1,9.612,9.80424,-200.00000000000017,-211.50000000000017,SL,2026-02-03
LINK,2026-02-03 17:00:00+00:00,2026-02-03 17:00:00+00:00,-1,9.507,9.31686,199.99999999999906,188.49999999999906,TP,2026-02-03
LINK,2026-02-03 18:00:00+00:00,2026-02-03 18:00:00+00:00,-1,9.314,9.12772,200.00000000000017,188.50000000000017,TP,2026-02-03
LINK,2026-02-03 19:00:00+00:00,2026-02-03 19:00:00+00:00,-1,9.111,9.293220000000002,-200.00000000000017,-211.50000000000017,SL,2026-02-03
LINK,2026-02-05 16:00:00+00:00,2026-02-05 16:00:00+00:00,-1,8.46,8.6292,-200.00000000000017,-211.50000000000017,SL,2026-02-05
LINK,2026-02-05 18:00:00+00:00,2026-02-05 20:00:00+00:00,-1,8.346,8.17908,199.99999999999906,188.49999999999906,TP,2026-02-05
LINK,2026-02-05 21:00:00+00:00,2026-02-05 21:00:00+00:00,-1,7.973,8.13246,-200.00000000000017,-211.50000000000017,SL,2026-02-05
LINK,2026-02-16 14:00:00+00:00,2026-02-16 21:00:00+00:00,-1,8.757,8.93214,-200.00000000000017,-211.50000000000017,SL,2026-02-16
LINK,2026-02-17 15:00:00+00:00,2026-02-17 16:00:00+00:00,-1,8.698,8.871960000000001,-200.00000000000017,-211.50000000000017,SL,2026-02-17
LINK,2026-02-23 01:00:00+00:00,2026-02-23 01:00:00+00:00,-1,8.547,8.37606,200.00000000000017,188.50000000000017,TP,2026-02-23
LINK,2026-02-23 02:00:00+00:00,2026-02-23 07:00:00+00:00,-1,8.201,8.365020000000001,-200.00000000000017,-211.50000000000017,SL,2026-02-23
LINK,2026-02-28 07:00:00+00:00,2026-02-28 13:00:00+00:00,-1,8.287,8.45274,-200.00000000000017,-211.50000000000017,SL,2026-02-28
LINK,2026-03-13 15:00:00+00:00,2026-03-13 17:00:00+00:00,-1,9.363,9.17574,200.00000000000017,188.50000000000017,TP,2026-03-13
LINK,2026-03-18 12:00:00+00:00,2026-03-18 13:00:00+00:00,-1,9.548,9.35704,200.00000000000017,188.50000000000017,TP,2026-03-18
LINK,2026-03-18 15:00:00+00:00,2026-03-19 12:00:00+00:00,-1,9.205,9.0209,200.00000000000128,188.50000000000128,TP,2026-03-18
LINK,2026-03-22 00:00:00+00:00,2026-03-22 21:00:00+00:00,-1,8.817,8.64066,200.00000000000017,188.50000000000017,TP,2026-03-22
LINK,2026-03-23 07:00:00+00:00,2026-03-23 11:00:00+00:00,-1,8.633,8.80566,-200.00000000000017,-211.50000000000017,SL,2026-03-23
LINK,2026-03-23 16:00:00+00:00,2026-03-24 07:00:00+00:00,-1,9.047,9.22794,-200.00000000000017,-211.50000000000017,SL,2026-03-23
LINK,2026-03-27 11:00:00+00:00,2026-03-28 11:00:00+00:00,-1,8.589,8.535,62.87111421585778,51.37111421585778,TIME,2026-03-27
LINK,2026-03-29 23:00:00+00:00,2026-03-30 00:00:00+00:00,-1,8.368,8.53536,-200.00000000000017,-211.50000000000017,SL,2026-03-29
LINK,2026-03-31 15:00:00+00:00,2026-03-31 16:00:00+00:00,-1,8.626,8.79852,-200.00000000000017,-211.50000000000017,SL,2026-03-31
LINK,2026-04-02 02:00:00+00:00,2026-04-02 03:00:00+00:00,-1,8.721,8.54658,199.99999999999906,188.49999999999906,TP,2026-04-02
LINK,2026-04-07 11:00:00+00:00,2026-04-07 21:00:00+00:00,-1,8.7,8.873999999999999,-200.00000000000017,-211.50000000000017,SL,2026-04-07
LINK,2026-04-08 19:00:00+00:00,2026-04-09 00:00:00+00:00,-1,8.953,8.77394,200.00000000000017,188.50000000000017,TP,2026-04-08
LINK,2026-04-12 02:00:00+00:00,2026-04-13 02:00:00+00:00,-1,8.776,8.789,-14.813126709207758,-26.313126709207758,TIME,2026-04-12
LINK,2026-04-16 14:00:00+00:00,2026-04-16 15:00:00+00:00,-1,9.241,9.42582,-200.00000000000017,-211.50000000000017,SL,2026-04-16
LTC,2025-07-01 15:00:00+00:00,2025-07-01 21:00:00+00:00,-1,84.37,82.68260000000001,199.99999999999906,188.49999999999906,TP,2025-07-01
LTC,2025-07-04 14:00:00+00:00,2025-07-05 14:00:00+00:00,-1,87.3,86.82,54.98281786941672,43.48281786941672,TIME,2025-07-04
LTC,2025-07-14 16:00:00+00:00,2025-07-15 00:00:00+00:00,-1,95.42,93.5116,200.00000000000017,188.50000000000017,TP,2025-07-14
LTC,2025-07-15 15:00:00+00:00,2025-07-15 16:00:00+00:00,-1,91.97,93.8094,-200.00000000000017,-211.50000000000017,SL,2025-07-15
LTC,2025-07-22 14:00:00+00:00,2025-07-22 14:00:00+00:00,-1,113.17,115.4334,-200.00000000000017,-211.50000000000017,SL,2025-07-22
LTC,2025-07-25 03:00:00+00:00,2025-07-25 06:00:00+00:00,-1,109.44,111.6288,-200.00000000000017,-211.50000000000017,SL,2025-07-25
LTC,2025-07-25 15:00:00+00:00,2025-07-25 22:00:00+00:00,-1,111.44,113.6688,-200.00000000000017,-211.50000000000017,SL,2025-07-25
LTC,2025-07-30 19:00:00+00:00,2025-07-30 19:00:00+00:00,-1,107.76,105.6048,200.00000000000017,188.50000000000017,TP,2025-07-30
LTC,2025-07-31 20:00:00+00:00,2025-07-31 23:00:00+00:00,-1,108.15,105.98700000000001,200.00000000000017,188.50000000000017,TP,2025-07-31
LTC,2025-08-01 14:00:00+00:00,2025-08-01 14:00:00+00:00,-1,104.56,106.6512,-200.00000000000017,-211.50000000000017,SL,2025-08-01
LTC,2025-08-05 15:00:00+00:00,2025-08-05 17:00:00+00:00,-1,122.93,120.4714,200.00000000000017,188.50000000000017,TP,2025-08-05
LTC,2025-08-14 13:00:00+00:00,2025-08-14 17:00:00+00:00,-1,122.66,120.2068,200.00000000000017,188.50000000000017,TP,2025-08-14
LTC,2025-08-19 15:00:00+00:00,2025-08-20 15:00:00+00:00,-1,113.89,114.89,-87.80402142418042,-99.30402142418042,TIME,2025-08-19
LTC,2025-08-24 20:00:00+00:00,2025-08-24 21:00:00+00:00,-1,120.64,118.2272,200.00000000000017,188.50000000000017,TP,2025-08-24
LTC,2025-08-25 20:00:00+00:00,2025-08-25 21:00:00+00:00,-1,109.26,107.0748,200.00000000000128,188.50000000000128,TP,2025-08-25
LTC,2025-08-29 08:00:00+00:00,2025-08-30 08:00:00+00:00,-1,110.32,110.78,-41.69688179840536,-53.19688179840536,TIME,2025-08-29
LTC,2025-09-01 22:00:00+00:00,2025-09-02 00:00:00+00:00,-1,106.95,109.089,-200.00000000000017,-211.50000000000017,SL,2025-09-01
LTC,2025-09-05 15:00:00+00:00,2025-09-06 15:00:00+00:00,-1,111.96,111.39,50.91103965702004,39.41103965702004,TIME,2025-09-05
LTC,2025-09-09 15:00:00+00:00,2025-09-10 13:00:00+00:00,-1,112.31,114.5562,-200.00000000000017,-211.50000000000017,SL,2025-09-09
LTC,2025-09-15 00:00:00+00:00,2025-09-15 08:00:00+00:00,-1,115.03,112.7294,200.00000000000017,188.50000000000017,TP,2025-09-15
LTC,2025-09-15 09:00:00+00:00,2025-09-16 07:00:00+00:00,-1,112.73,114.9846,-200.00000000000017,-211.50000000000017,SL,2025-09-15
LTC,2025-09-22 01:00:00+00:00,2025-09-22 05:00:00+00:00,-1,111.55,109.31899999999999,200.00000000000128,188.50000000000128,TP,2025-09-22
LTC,2025-09-22 06:00:00+00:00,2025-09-22 06:00:00+00:00,-1,109.42,107.2316,200.00000000000017,188.50000000000017,TP,2025-09-22
LTC,2025-09-22 07:00:00+00:00,2025-09-22 09:00:00+00:00,-1,106.84,104.7032,200.00000000000128,188.50000000000128,TP,2025-09-22
LTC,2025-09-23 18:00:00+00:00,2025-09-24 18:00:00+00:00,-1,105.48,106.25,-72.99962078119115,-84.49962078119115,TIME,2025-09-23
LTC,2025-09-25 05:00:00+00:00,2025-09-25 12:00:00+00:00,-1,103.71,101.63579999999999,200.00000000000017,188.50000000000017,TP,2025-09-25
LTC,2025-09-25 18:00:00+00:00,2025-09-25 18:00:00+00:00,-1,100.85,102.86699999999999,-200.00000000000017,-211.50000000000017,SL,2025-09-25
LTC,2025-09-26 15:00:00+00:00,2025-09-27 15:00:00+00:00,-1,102.8,104.85,-199.41634241245066,-210.91634241245066,TIME,2025-09-26
LTC,2025-10-05 10:00:00+00:00,2025-10-05 19:00:00+00:00,-1,120.77,118.35459999999999,200.00000000000017,188.50000000000017,TP,2025-10-05
LTC,2025-10-07 15:00:00+00:00,2025-10-08 15:00:00+00:00,-1,116.67,116.3,31.713379617726023,20.213379617726023,TIME,2025-10-07
LTC,2025-10-09 14:00:00+00:00,2025-10-09 16:00:00+00:00,-1,117.71,115.35579999999999,200.00000000000017,188.50000000000017,TP,2025-10-09
LTC,2025-10-09 17:00:00+00:00,2025-10-09 18:00:00+00:00,-1,115.67,117.9834,-200.00000000000017,-211.50000000000017,SL,2025-10-09
LTC,2025-10-10 15:00:00+00:00,2025-10-10 15:00:00+00:00,-1,131.74,129.1052,200.00000000000128,188.50000000000128,TP,2025-10-10
LTC,2025-10-10 16:00:00+00:00,2025-10-10 20:00:00+00:00,-1,126.96,124.42079999999999,200.00000000000017,188.50000000000017,TP,2025-10-10
LTC,2025-10-10 21:00:00+00:00,2025-10-10 21:00:00+00:00,-1,121.44,119.0112,200.00000000000017,188.50000000000017,TP,2025-10-10
LTC,2025-10-11 02:00:00+00:00,2025-10-11 02:00:00+00:00,-1,96.15,98.07300000000001,-200.00000000000017,-211.50000000000017,SL,2025-10-11
LTC,2025-10-11 08:00:00+00:00,2025-10-11 09:00:00+00:00,-1,98.37,100.3374,-200.00000000000017,-211.50000000000017,SL,2025-10-11
LTC,2025-10-16 16:00:00+00:00,2025-10-16 19:00:00+00:00,-1,91.65,89.81700000000001,200.00000000000017,188.50000000000017,TP,2025-10-16
LTC,2025-10-17 07:00:00+00:00,2025-10-17 07:00:00+00:00,-1,88.56,86.7888,200.00000000000128,188.50000000000128,TP,2025-10-17
LTC,2025-10-21 05:00:00+00:00,2025-10-21 12:00:00+00:00,-1,91.93,93.7686,-200.00000000000017,-211.50000000000017,SL,2025-10-21
LTC,2025-10-21 23:00:00+00:00,2025-10-21 23:00:00+00:00,-1,94.38,92.49239999999999,200.00000000000017,188.50000000000017,TP,2025-10-21
LTC,2025-10-28 20:00:00+00:00,2025-10-28 20:00:00+00:00,-1,98.24,96.2752,200.00000000000017,188.50000000000017,TP,2025-10-28
LTC,2025-10-29 16:00:00+00:00,2025-10-29 18:00:00+00:00,-1,97.89,95.9322,200.00000000000017,188.50000000000017,TP,2025-10-29
LTC,2025-10-29 19:00:00+00:00,2025-10-30 04:00:00+00:00,-1,98.61,96.6378,200.00000000000017,188.50000000000017,TP,2025-10-29
LTC,2025-10-30 05:00:00+00:00,2025-10-30 06:00:00+00:00,-1,96.34,98.2668,-200.00000000000017,-211.50000000000017,SL,2025-10-30
LTC,2025-10-30 13:00:00+00:00,2025-10-30 13:00:00+00:00,-1,95.43,93.5214,200.00000000000017,188.50000000000017,TP,2025-10-30
LTC,2025-10-31 17:00:00+00:00,2025-11-01 06:00:00+00:00,-1,94.56,96.4512,-200.00000000000017,-211.50000000000017,SL,2025-10-31
LTC,2025-11-03 16:00:00+00:00,2025-11-03 17:00:00+00:00,-1,87.69,89.4438,-200.00000000000017,-211.50000000000017,SL,2025-11-03
LTC,2025-11-04 06:00:00+00:00,2025-11-04 06:00:00+00:00,-1,85.22,86.9244,-200.00000000000017,-211.50000000000017,SL,2025-11-04
LTC,2025-11-10 15:00:00+00:00,2025-11-10 15:00:00+00:00,-1,106.36,108.4872,-200.00000000000017,-211.50000000000017,SL,2025-11-10
LTC,2025-11-12 16:00:00+00:00,2025-11-12 16:00:00+00:00,-1,100.01,98.0098,200.00000000000017,188.50000000000017,TP,2025-11-12
LTC,2025-11-13 16:00:00+00:00,2025-11-13 16:00:00+00:00,-1,99.54,97.5492,200.00000000000017,188.50000000000017,TP,2025-11-13
LTC,2025-11-14 05:00:00+00:00,2025-11-14 06:00:00+00:00,-1,95.27,97.1754,-200.00000000000017,-211.50000000000017,SL,2025-11-14
LTC,2025-11-14 21:00:00+00:00,2025-11-14 23:00:00+00:00,-1,98.24,96.2752,200.00000000000017,188.50000000000017,TP,2025-11-14
LTC,2025-11-17 14:00:00+00:00,2025-11-17 14:00:00+00:00,-1,94.0,95.88,-200.00000000000017,-211.50000000000017,SL,2025-11-17
LTC,2025-11-17 18:00:00+00:00,2025-11-17 19:00:00+00:00,-1,93.46,91.59079999999999,200.00000000000017,188.50000000000017,TP,2025-11-17
LTC,2025-11-19 16:00:00+00:00,2025-11-19 17:00:00+00:00,-1,91.69,89.8562,200.00000000000017,188.50000000000017,TP,2025-11-19
LTC,2025-11-20 17:00:00+00:00,2025-11-20 22:00:00+00:00,-1,87.11,88.8522,-200.00000000000017,-211.50000000000017,SL,2025-11-20
LTC,2025-11-21 00:00:00+00:00,2025-11-21 07:00:00+00:00,-1,87.16,85.4168,200.00000000000017,188.50000000000017,TP,2025-11-21
LTC,2025-11-21 08:00:00+00:00,2025-11-21 10:00:00+00:00,-1,84.56,82.86880000000001,199.99999999999906,188.49999999999906,TP,2025-11-21
LTC,2025-11-21 16:00:00+00:00,2025-11-21 16:00:00+00:00,-1,82.03,83.67060000000001,-200.00000000000017,-211.50000000000017,SL,2025-11-21
LTC,2025-11-28 17:00:00+00:00,2025-11-29 17:00:00+00:00,-1,84.61,83.47,134.73584682661576,123.23584682661576,TIME,2025-11-28
LTC,2025-12-01 01:00:00+00:00,2025-12-01 12:00:00+00:00,-1,77.91,76.3518,200.00000000000017,188.50000000000017,TP,2025-12-01
LTC,2025-12-01 16:00:00+00:00,2025-12-01 21:00:00+00:00,-1,75.57,77.08139999999999,-200.00000000000017,-211.50000000000017,SL,2025-12-01
LTC,2025-12-05 17:00:00+00:00,2025-12-06 17:00:00+00:00,-1,80.44,81.64,-149.17951268025976,-160.67951268025976,TIME,2025-12-05
LTC,2025-12-12 16:00:00+00:00,2025-12-13 16:00:00+00:00,-1,81.3,81.87,-70.11070110701124,-81.61070110701124,TIME,2025-12-12
LTC,2025-12-15 15:00:00+00:00,2025-12-15 15:00:00+00:00,-1,79.51,77.91980000000001,199.99999999999906,188.49999999999906,TP,2025-12-15
LTC,2025-12-17 16:00:00+00:00,2025-12-17 16:00:00+00:00,-1,78.2,76.636,200.00000000000128,188.50000000000128,TP,2025-12-17
LTC,2025-12-18 18:00:00+00:00,2025-12-18 19:00:00+00:00,-1,75.06,73.5588,199.99999999999906,188.49999999999906,TP,2025-12-18
LTC,2025-12-18 20:00:00+00:00,2025-12-18 21:00:00+00:00,-1,72.67,74.1234,-200.00000000000017,-211.50000000000017,SL,2025-12-18
LTC,2025-12-26 15:00:00+00:00,2025-12-27 02:00:00+00:00,-1,75.76,77.27520000000001,-200.00000000000017,-211.50000000000017,SL,2025-12-26
LTC,2025-12-29 10:00:00+00:00,2025-12-30 10:00:00+00:00,-1,78.05,77.98,8.968609865469546,-2.5313901345304544,TIME,2025-12-29
LTC,2026-01-06 17:00:00+00:00,2026-01-07 17:00:00+00:00,-1,82.5,81.41,132.1212121212123,120.6212121212123,TIME,2026-01-06
LTC,2026-01-08 07:00:00+00:00,2026-01-09 07:00:00+00:00,-1,80.62,81.52,-111.63483006698004,-123.13483006698004,TIME,2026-01-08
LTC,2026-01-19 00:00:00+00:00,2026-01-19 00:00:00+00:00,-1,72.12,70.6776,200.00000000000128,188.50000000000128,TP,2026-01-19
LTC,2026-01-19 01:00:00+00:00,2026-01-19 08:00:00+00:00,-1,69.35,70.737,-200.00000000000017,-211.50000000000017,SL,2026-01-19
LTC,2026-01-20 23:00:00+00:00,2026-01-21 01:00:00+00:00,-1,67.01,68.3502,-200.00000000000017,-211.50000000000017,SL,2026-01-20
LTC,2026-01-21 17:00:00+00:00,2026-01-21 19:00:00+00:00,-1,66.71,68.04419999999999,-200.00000000000017,-211.50000000000017,SL,2026-01-21
LTC,2026-01-27 18:00:00+00:00,2026-01-28 18:00:00+00:00,-1,69.24,69.39,-21.66377816291254,-33.163778162912536,TIME,2026-01-27
LTC,2026-01-29 15:00:00+00:00,2026-01-29 15:00:00+00:00,-1,66.42,65.0916,200.00000000000017,188.50000000000017,TP,2026-01-29
LTC,2026-01-29 16:00:00+00:00,2026-01-29 17:00:00+00:00,-1,65.32,66.62639999999999,-200.00000000000017,-211.50000000000017,SL,2026-01-29
LTC,2026-01-29 18:00:00+00:00,2026-01-30 01:00:00+00:00,-1,65.64,64.3272,199.99999999999906,188.49999999999906,TP,2026-01-29
LTC,2026-01-30 02:00:00+00:00,2026-01-30 02:00:00+00:00,-1,64.81,63.5138,200.00000000000017,188.50000000000017,TP,2026-01-30
LTC,2026-01-31 15:00:00+00:00,2026-01-31 17:00:00+00:00,-1,60.27,59.0646,200.00000000000017,188.50000000000017,TP,2026-01-31
LTC,2026-01-31 18:00:00+00:00,2026-01-31 18:00:00+00:00,-1,58.2,57.036,200.00000000000017,188.50000000000017,TP,2026-01-31
LTC,2026-02-02 03:00:00+00:00,2026-02-02 03:00:00+00:00,-1,58.69,57.5162,200.00000000000017,188.50000000000017,TP,2026-02-02
LTC,2026-02-03 03:00:00+00:00,2026-02-03 04:00:00+00:00,-1,59.06,60.241200000000006,-200.00000000000017,-211.50000000000017,SL,2026-02-03
LTC,2026-02-03 17:00:00+00:00,2026-02-03 17:00:00+00:00,-1,59.46,58.2708,200.00000000000017,188.50000000000017,TP,2026-02-03
LTC,2026-02-03 18:00:00+00:00,2026-02-03 18:00:00+00:00,-1,58.19,57.026199999999996,200.00000000000017,188.50000000000017,TP,2026-02-03
LTC,2026-02-03 19:00:00+00:00,2026-02-03 19:00:00+00:00,-1,56.99,58.1298,-200.00000000000017,-211.50000000000017,SL,2026-02-03
LTC,2026-02-05 16:00:00+00:00,2026-02-05 17:00:00+00:00,-1,53.91,52.831799999999994,200.00000000000017,188.50000000000017,TP,2026-02-05
LTC,2026-02-05 18:00:00+00:00,2026-02-05 20:00:00+00:00,-1,53.09,52.028200000000005,200.00000000000017,188.50000000000017,TP,2026-02-05
LTC,2026-02-05 21:00:00+00:00,2026-02-05 21:00:00+00:00,-1,50.94,51.9588,-200.00000000000017,-211.50000000000017,SL,2026-02-05
LTC,2026-02-16 14:00:00+00:00,2026-02-16 20:00:00+00:00,-1,53.82,54.8964,-200.00000000000017,-211.50000000000017,SL,2026-02-16
LTC,2026-02-17 15:00:00+00:00,2026-02-18 15:00:00+00:00,-1,53.96,54.47,-94.51445515196389,-106.01445515196389,TIME,2026-02-17
LTC,2026-02-23 01:00:00+00:00,2026-02-23 01:00:00+00:00,-1,52.98,51.920399999999994,200.00000000000017,188.50000000000017,TP,2026-02-23
LTC,2026-02-23 02:00:00+00:00,2026-02-23 06:00:00+00:00,-1,50.99,52.009800000000006,-200.00000000000017,-211.50000000000017,SL,2026-02-23
LTC,2026-02-28 07:00:00+00:00,2026-02-28 07:00:00+00:00,-1,51.99,53.0298,-200.00000000000017,-211.50000000000017,SL,2026-02-28
LTC,2026-03-13 15:00:00+00:00,2026-03-14 08:00:00+00:00,-1,55.7,54.586,200.00000000000128,188.50000000000128,TP,2026-03-13
LTC,2026-03-18 12:00:00+00:00,2026-03-18 15:00:00+00:00,-1,56.5,55.37,200.00000000000017,188.50000000000017,TP,2026-03-18
LTC,2026-03-22 00:00:00+00:00,2026-03-22 19:00:00+00:00,-1,54.75,53.655,200.00000000000017,188.50000000000017,TP,2026-03-22
LTC,2026-03-23 07:00:00+00:00,2026-03-23 11:00:00+00:00,-1,53.56,54.6312,-200.00000000000017,-211.50000000000017,SL,2026-03-23
LTC,2026-03-23 16:00:00+00:00,2026-03-24 16:00:00+00:00,-1,55.06,55.68,-112.6044315292396,-124.1044315292396,TIME,2026-03-23
LTC,2026-03-27 11:00:00+00:00,2026-03-27 15:00:00+00:00,-1,53.55,54.620999999999995,-200.00000000000017,-211.50000000000017,SL,2026-03-27
LTC,2026-03-29 23:00:00+00:00,2026-03-30 02:00:00+00:00,-1,53.12,54.1824,-200.00000000000017,-211.50000000000017,SL,2026-03-29
LTC,2026-03-31 15:00:00+00:00,2026-04-01 06:00:00+00:00,-1,53.48,54.5496,-200.00000000000017,-211.50000000000017,SL,2026-03-31
LTC,2026-04-02 02:00:00+00:00,2026-04-02 05:00:00+00:00,-1,53.11,52.047799999999995,200.00000000000128,188.50000000000128,TP,2026-04-02
LTC,2026-04-07 11:00:00+00:00,2026-04-07 21:00:00+00:00,-1,53.06,54.1212,-200.00000000000017,-211.50000000000017,SL,2026-04-07
LTC,2026-04-08 19:00:00+00:00,2026-04-09 19:00:00+00:00,-1,54.14,54.74,-110.8237901736242,-122.3237901736242,TIME,2026-04-08
LTC,2026-04-12 02:00:00+00:00,2026-04-13 02:00:00+00:00,-1,53.94,53.71,42.639970337411405,31.139970337411405,TIME,2026-04-12
LTC,2026-04-16 14:00:00+00:00,2026-04-16 18:00:00+00:00,-1,55.08,56.181599999999996,-200.00000000000017,-211.50000000000017,SL,2026-04-16
NEAR,2025-07-01 15:00:00+00:00,2025-07-01 18:00:00+00:00,-1,2.089,2.04722,200.00000000000017,188.50000000000017,TP,2025-07-01
NEAR,2025-07-04 14:00:00+00:00,2025-07-04 16:00:00+00:00,-1,2.167,2.1236599999999997,200.00000000000128,188.50000000000128,TP,2025-07-04
NEAR,2025-07-14 16:00:00+00:00,2025-07-14 20:00:00+00:00,-1,2.598,2.5460399999999996,200.00000000000128,188.50000000000128,TP,2025-07-14
NEAR,2025-07-15 15:00:00+00:00,2025-07-15 15:00:00+00:00,-1,2.492,2.54184,-200.00000000000017,-211.50000000000017,SL,2025-07-15
NEAR,2025-07-22 14:00:00+00:00,2025-07-22 14:00:00+00:00,-1,2.896,2.95392,-200.00000000000017,-211.50000000000017,SL,2025-07-22
NEAR,2025-07-25 03:00:00+00:00,2025-07-25 08:00:00+00:00,-1,2.647,2.69994,-200.00000000000017,-211.50000000000017,SL,2025-07-25
NEAR,2025-07-25 15:00:00+00:00,2025-07-25 17:00:00+00:00,-1,2.681,2.73462,-200.00000000000017,-211.50000000000017,SL,2025-07-25
NEAR,2025-07-30 19:00:00+00:00,2025-07-30 19:00:00+00:00,-1,2.59,2.5382,200.00000000000017,188.50000000000017,TP,2025-07-30
NEAR,2025-07-31 20:00:00+00:00,2025-07-31 22:00:00+00:00,-1,2.601,2.54898,200.00000000000017,188.50000000000017,TP,2025-07-31
NEAR,2025-08-01 14:00:00+00:00,2025-08-01 14:00:00+00:00,-1,2.423,2.47146,-200.00000000000017,-211.50000000000017,SL,2025-08-01
NEAR,2025-08-05 15:00:00+00:00,2025-08-05 18:00:00+00:00,-1,2.483,2.43334,200.00000000000128,188.50000000000128,TP,2025-08-05
NEAR,2025-08-14 13:00:00+00:00,2025-08-14 13:00:00+00:00,-1,2.785,2.8407,-200.00000000000017,-211.50000000000017,SL,2025-08-14
NEAR,2025-08-19 15:00:00+00:00,2025-08-19 18:00:00+00:00,-1,2.487,2.43726,199.99999999999906,188.49999999999906,TP,2025-08-19
NEAR,2025-08-20 14:00:00+00:00,2025-08-20 14:00:00+00:00,-1,2.439,2.48778,-200.00000000000017,-211.50000000000017,SL,2025-08-20
NEAR,2025-08-24 20:00:00+00:00,2025-08-24 20:00:00+00:00,-1,2.689,2.63522,200.00000000000017,188.50000000000017,TP,2025-08-24
NEAR,2025-08-25 20:00:00+00:00,2025-08-25 20:00:00+00:00,-1,2.426,2.3774800000000003,199.99999999999906,188.49999999999906,TP,2025-08-25
NEAR,2025-08-29 08:00:00+00:00,2025-08-29 09:00:00+00:00,-1,2.439,2.3902200000000002,199.99999999999906,188.49999999999906,TP,2025-08-29
NEAR,2025-08-29 14:00:00+00:00,2025-08-29 18:00:00+00:00,-1,2.446,2.3970800000000003,199.99999999999906,188.49999999999906,TP,2025-08-29
NEAR,2025-09-01 22:00:00+00:00,2025-09-01 23:00:00+00:00,-1,2.293,2.3388600000000004,-200.00000000000017,-211.50000000000017,SL,2025-09-01
NEAR,2025-09-05 15:00:00+00:00,2025-09-06 15:00:00+00:00,-1,2.395,2.386,37.57828810020847,26.078288100208468,TIME,2025-09-05
NEAR,2025-09-09 15:00:00+00:00,2025-09-10 13:00:00+00:00,-1,2.667,2.7203399999999998,-200.00000000000017,-211.50000000000017,SL,2025-09-09
NEAR,2025-09-15 00:00:00+00:00,2025-09-15 05:00:00+00:00,-1,2.704,2.75808,-200.00000000000017,-211.50000000000017,SL,2025-09-15
NEAR,2025-09-15 09:00:00+00:00,2025-09-16 07:00:00+00:00,-1,2.598,2.64996,-200.00000000000017,-211.50000000000017,SL,2025-09-15
NEAR,2025-09-22 01:00:00+00:00,2025-09-22 02:00:00+00:00,-1,3.038,2.9772399999999997,200.00000000000017,188.50000000000017,TP,2025-09-22
NEAR,2025-09-22 06:00:00+00:00,2025-09-22 06:00:00+00:00,-1,2.893,2.8351399999999995,200.00000000000128,188.50000000000128,TP,2025-09-22
NEAR,2025-09-22 07:00:00+00:00,2025-09-22 08:00:00+00:00,-1,2.875,2.8175,200.00000000000017,188.50000000000017,TP,2025-09-22
NEAR,2025-09-23 18:00:00+00:00,2025-09-23 19:00:00+00:00,-1,3.006,2.94588,200.00000000000017,188.50000000000017,TP,2025-09-23
NEAR,2025-09-25 05:00:00+00:00,2025-09-25 12:00:00+00:00,-1,2.879,2.82142,200.00000000000017,188.50000000000017,TP,2025-09-25
NEAR,2025-09-25 18:00:00+00:00,2025-09-25 18:00:00+00:00,-1,2.781,2.8366200000000004,-200.00000000000017,-211.50000000000017,SL,2025-09-25
NEAR,2025-09-26 15:00:00+00:00,2025-09-26 15:00:00+00:00,-1,2.677,2.73054,-200.00000000000017,-211.50000000000017,SL,2025-09-26
NEAR,2025-10-05 10:00:00+00:00,2025-10-05 11:00:00+00:00,-1,3.107,3.0448600000000003,199.99999999999906,188.49999999999906,TP,2025-10-05
NEAR,2025-10-07 15:00:00+00:00,2025-10-08 01:00:00+00:00,-1,2.938,2.99676,-200.00000000000017,-211.50000000000017,SL,2025-10-07
NEAR,2025-10-09 14:00:00+00:00,2025-10-10 03:00:00+00:00,-1,2.852,2.90904,-200.00000000000017,-211.50000000000017,SL,2025-10-09
NEAR,2025-10-10 15:00:00+00:00,2025-10-10 15:00:00+00:00,-1,3.135,3.0723,200.00000000000017,188.50000000000017,TP,2025-10-10
NEAR,2025-10-10 16:00:00+00:00,2025-10-10 16:00:00+00:00,-1,3.05,3.1109999999999998,-200.00000000000017,-211.50000000000017,SL,2025-10-10
NEAR,2025-10-10 21:00:00+00:00,2025-10-10 21:00:00+00:00,-1,2.782,2.72636,200.00000000000017,188.50000000000017,TP,2025-10-10
NEAR,2025-10-11 02:00:00+00:00,2025-10-11 02:00:00+00:00,-1,2.348,2.3949599999999998,-200.00000000000017,-211.50000000000017,SL,2025-10-11
NEAR,2025-10-16 16:00:00+00:00,2025-10-16 16:00:00+00:00,-1,2.239,2.2837799999999997,-200.00000000000017,-211.50000000000017,SL,2025-10-16
NEAR,2025-10-17 07:00:00+00:00,2025-10-17 07:00:00+00:00,-1,2.145,2.1021,200.00000000000017,188.50000000000017,TP,2025-10-17
NEAR,2025-10-21 05:00:00+00:00,2025-10-21 12:00:00+00:00,-1,2.173,2.21646,-200.00000000000017,-211.50000000000017,SL,2025-10-21
NEAR,2025-10-21 23:00:00+00:00,2025-10-22 05:00:00+00:00,-1,2.239,2.19422,199.99999999999906,188.49999999999906,TP,2025-10-21
NEAR,2025-10-28 20:00:00+00:00,2025-10-28 21:00:00+00:00,-1,2.265,2.2197,200.00000000000017,188.50000000000017,TP,2025-10-28
NEAR,2025-10-29 16:00:00+00:00,2025-10-29 17:00:00+00:00,-1,2.269,2.3143800000000003,-200.00000000000017,-211.50000000000017,SL,2025-10-29
NEAR,2025-10-29 19:00:00+00:00,2025-10-30 04:00:00+00:00,-1,2.306,2.25988,200.00000000000017,188.50000000000017,TP,2025-10-29
NEAR,2025-10-30 05:00:00+00:00,2025-10-30 07:00:00+00:00,-1,2.213,2.25726,-200.00000000000017,-211.50000000000017,SL,2025-10-30
NEAR,2025-10-30 13:00:00+00:00,2025-10-30 13:00:00+00:00,-1,2.162,2.11876,200.00000000000017,188.50000000000017,TP,2025-10-30
NEAR,2025-10-31 17:00:00+00:00,2025-10-31 19:00:00+00:00,-1,2.083,2.1246600000000004,-200.00000000000017,-211.50000000000017,SL,2025-10-31
NEAR,2025-11-03 16:00:00+00:00,2025-11-03 16:00:00+00:00,-1,1.901,1.93902,-200.00000000000017,-211.50000000000017,SL,2025-11-03
NEAR,2025-11-04 06:00:00+00:00,2025-11-04 06:00:00+00:00,-1,1.83,1.8666,-200.00000000000017,-211.50000000000017,SL,2025-11-04
NEAR,2025-11-12 16:00:00+00:00,2025-11-13 03:00:00+00:00,-1,2.525,2.5755,-200.00000000000017,-211.50000000000017,SL,2025-11-12
NEAR,2025-11-13 16:00:00+00:00,2025-11-13 16:00:00+00:00,-1,2.515,2.4647,200.00000000000017,188.50000000000017,TP,2025-11-13
NEAR,2025-11-14 05:00:00+00:00,2025-11-14 05:00:00+00:00,-1,2.355,2.4021,-200.00000000000017,-211.50000000000017,SL,2025-11-14
NEAR,2025-11-14 21:00:00+00:00,2025-11-14 23:00:00+00:00,-1,2.371,2.3235799999999998,200.00000000000128,188.50000000000128,TP,2025-11-14
NEAR,2025-11-17 14:00:00+00:00,2025-11-17 14:00:00+00:00,-1,2.234,2.27868,-200.00000000000017,-211.50000000000017,SL,2025-11-17
NEAR,2025-11-17 18:00:00+00:00,2025-11-17 18:00:00+00:00,-1,2.256,2.21088,199.99999999999906,188.49999999999906,TP,2025-11-17
NEAR,2025-11-19 16:00:00+00:00,2025-11-19 18:00:00+00:00,-1,2.23,2.1854,200.00000000000017,188.50000000000017,TP,2025-11-19
NEAR,2025-11-20 17:00:00+00:00,2025-11-20 18:00:00+00:00,-1,2.151,2.10798,199.99999999999906,188.49999999999906,TP,2025-11-20
NEAR,2025-11-21 00:00:00+00:00,2025-11-21 04:00:00+00:00,-1,2.072,2.03056,200.00000000000017,188.50000000000017,TP,2025-11-21
NEAR,2025-11-21 08:00:00+00:00,2025-11-21 11:00:00+00:00,-1,1.952,1.91296,200.00000000000017,188.50000000000017,TP,2025-11-21
NEAR,2025-11-21 16:00:00+00:00,2025-11-21 17:00:00+00:00,-1,1.893,1.93086,-200.00000000000017,-211.50000000000017,SL,2025-11-21
NEAR,2025-11-28 17:00:00+00:00,2025-11-29 17:00:00+00:00,-1,1.891,1.85318,200.00000000000017,188.50000000000017,TP,2025-11-28
NEAR,2025-12-01 01:00:00+00:00,2025-12-01 04:00:00+00:00,-1,1.698,1.66404,200.00000000000017,188.50000000000017,TP,2025-12-01
NEAR,2025-12-01 16:00:00+00:00,2025-12-02 01:00:00+00:00,-1,1.614,1.6462800000000002,-200.00000000000017,-211.50000000000017,SL,2025-12-01
NEAR,2025-12-05 17:00:00+00:00,2025-12-06 09:00:00+00:00,-1,1.672,1.70544,-200.00000000000017,-211.50000000000017,SL,2025-12-05
NEAR,2025-12-12 16:00:00+00:00,2025-12-13 00:00:00+00:00,-1,1.607,1.63914,-200.00000000000017,-211.50000000000017,SL,2025-12-12
NEAR,2025-12-15 15:00:00+00:00,2025-12-15 15:00:00+00:00,-1,1.58,1.5484,200.00000000000017,188.50000000000017,TP,2025-12-15
NEAR,2025-12-17 16:00:00+00:00,2025-12-17 16:00:00+00:00,-1,1.537,1.50626,200.00000000000017,188.50000000000017,TP,2025-12-17
NEAR,2025-12-18 18:00:00+00:00,2025-12-18 18:00:00+00:00,-1,1.523,1.49254,199.99999999999906,188.49999999999906,TP,2025-12-18
NEAR,2025-12-18 20:00:00+00:00,2025-12-18 22:00:00+00:00,-1,1.425,1.4535,-200.00000000000017,-211.50000000000017,SL,2025-12-18
NEAR,2025-12-26 15:00:00+00:00,2025-12-26 19:00:00+00:00,-1,1.498,1.52796,-200.00000000000017,-211.50000000000017,SL,2025-12-26
NEAR,2025-12-29 10:00:00+00:00,2025-12-29 14:00:00+00:00,-1,1.541,1.5101799999999999,200.00000000000017,188.50000000000017,TP,2025-12-29
NEAR,2026-01-06 17:00:00+00:00,2026-01-06 17:00:00+00:00,-1,1.766,1.73068,200.00000000000017,188.50000000000017,TP,2026-01-06
NEAR,2026-01-06 18:00:00+00:00,2026-01-06 20:00:00+00:00,-1,1.728,1.76256,-200.00000000000017,-211.50000000000017,SL,2026-01-06
NEAR,2026-01-07 01:00:00+00:00,2026-01-07 08:00:00+00:00,-1,1.767,1.8023399999999998,-200.00000000000017,-211.50000000000017,SL,2026-01-07
NEAR,2026-01-07 10:00:00+00:00,2026-01-07 14:00:00+00:00,-1,1.761,1.7257799999999999,200.00000000000017,188.50000000000017,TP,2026-01-07
NEAR,2026-01-08 07:00:00+00:00,2026-01-08 08:00:00+00:00,-1,1.678,1.71156,-200.00000000000017,-211.50000000000017,SL,2026-01-08
NEAR,2026-01-19 00:00:00+00:00,2026-01-19 00:00:00+00:00,-1,1.623,1.59054,199.99999999999906,188.49999999999906,TP,2026-01-19
NEAR,2026-01-19 01:00:00+00:00,2026-01-19 19:00:00+00:00,-1,1.568,1.5993600000000001,-200.00000000000017,-211.50000000000017,SL,2026-01-19
NEAR,2026-01-20 23:00:00+00:00,2026-01-21 01:00:00+00:00,-1,1.51,1.5402,-200.00000000000017,-211.50000000000017,SL,2026-01-20
NEAR,2026-01-21 17:00:00+00:00,2026-01-21 19:00:00+00:00,-1,1.495,1.5249000000000001,-200.00000000000017,-211.50000000000017,SL,2026-01-21
NEAR,2026-01-27 18:00:00+00:00,2026-01-27 20:00:00+00:00,-1,1.454,1.48308,-200.00000000000017,-211.50000000000017,SL,2026-01-27
NEAR,2026-01-29 15:00:00+00:00,2026-01-29 15:00:00+00:00,-1,1.395,1.3671,200.00000000000017,188.50000000000017,TP,2026-01-29
NEAR,2026-01-29 16:00:00+00:00,2026-01-29 17:00:00+00:00,-1,1.372,1.3994400000000002,-200.00000000000017,-211.50000000000017,SL,2026-01-29
NEAR,2026-01-29 18:00:00+00:00,2026-01-30 01:00:00+00:00,-1,1.365,1.3377,200.00000000000128,188.50000000000128,TP,2026-01-29
NEAR,2026-01-30 02:00:00+00:00,2026-01-30 02:00:00+00:00,-1,1.352,1.3249600000000001,200.00000000000017,188.50000000000017,TP,2026-01-30
NEAR,2026-01-31 15:00:00+00:00,2026-01-31 17:00:00+00:00,-1,1.233,1.20834,200.00000000000128,188.50000000000128,TP,2026-01-31
NEAR,2026-01-31 18:00:00+00:00,2026-01-31 18:00:00+00:00,-1,1.172,1.1485599999999998,200.00000000000128,188.50000000000128,TP,2026-01-31
NEAR,2026-02-02 03:00:00+00:00,2026-02-02 03:00:00+00:00,-1,1.182,1.1583599999999998,200.00000000000128,188.50000000000128,TP,2026-02-02
NEAR,2026-02-03 03:00:00+00:00,2026-02-03 03:00:00+00:00,-1,1.174,1.1974799999999999,-200.00000000000017,-211.50000000000017,SL,2026-02-03
NEAR,2026-02-03 17:00:00+00:00,2026-02-03 17:00:00+00:00,-1,1.174,1.15052,199.99999999999906,188.49999999999906,TP,2026-02-03
NEAR,2026-02-03 18:00:00+00:00,2026-02-03 18:00:00+00:00,-1,1.148,1.1250399999999998,200.00000000000128,188.50000000000128,TP,2026-02-03
NEAR,2026-02-03 19:00:00+00:00,2026-02-03 19:00:00+00:00,-1,1.125,1.1475,-200.00000000000017,-211.50000000000017,SL,2026-02-03
NEAR,2026-02-05 16:00:00+00:00,2026-02-05 16:00:00+00:00,-1,1.061,1.08222,-200.00000000000017,-211.50000000000017,SL,2026-02-05
NEAR,2026-02-05 18:00:00+00:00,2026-02-05 18:00:00+00:00,-1,1.046,1.02508,200.00000000000017,188.50000000000017,TP,2026-02-05
NEAR,2026-02-05 21:00:00+00:00,2026-02-05 21:00:00+00:00,-1,0.982,1.00164,-200.00000000000017,-211.50000000000017,SL,2026-02-05
NEAR,2026-02-16 14:00:00+00:00,2026-02-16 20:00:00+00:00,-1,1.042,1.06284,-200.00000000000017,-211.50000000000017,SL,2026-02-16
NEAR,2026-02-17 15:00:00+00:00,2026-02-17 18:00:00+00:00,-1,1.037,1.05774,-200.00000000000017,-211.50000000000017,SL,2026-02-17
NEAR,2026-02-23 01:00:00+00:00,2026-02-23 01:00:00+00:00,-1,1.01,0.9898,200.00000000000017,188.50000000000017,TP,2026-02-23
NEAR,2026-02-23 02:00:00+00:00,2026-02-23 06:00:00+00:00,-1,0.975,0.9944999999999999,-200.00000000000017,-211.50000000000017,SL,2026-02-23
NEAR,2026-02-28 07:00:00+00:00,2026-02-28 07:00:00+00:00,-1,1.033,1.05366,-200.00000000000017,-211.50000000000017,SL,2026-02-28
NEAR,2026-03-13 15:00:00+00:00,2026-03-13 17:00:00+00:00,-1,1.347,1.37394,-200.00000000000017,-211.50000000000017,SL,2026-03-13
NEAR,2026-03-18 12:00:00+00:00,2026-03-18 12:00:00+00:00,-1,1.433,1.40434,200.00000000000128,188.50000000000128,TP,2026-03-18
NEAR,2026-03-18 15:00:00+00:00,2026-03-19 07:00:00+00:00,-1,1.384,1.35632,199.99999999999906,188.49999999999906,TP,2026-03-18
NEAR,2026-03-22 00:00:00+00:00,2026-03-22 02:00:00+00:00,-1,1.275,1.3005,-200.00000000000017,-211.50000000000017,SL,2026-03-22
NEAR,2026-03-23 07:00:00+00:00,2026-03-23 11:00:00+00:00,-1,1.266,1.29132,-200.00000000000017,-211.50000000000017,SL,2026-03-23
NEAR,2026-03-23 16:00:00+00:00,2026-03-23 18:00:00+00:00,-1,1.293,1.31886,-200.00000000000017,-211.50000000000017,SL,2026-03-23
NEAR,2026-03-27 11:00:00+00:00,2026-03-28 01:00:00+00:00,-1,1.19,1.1662,200.00000000000017,188.50000000000017,TP,2026-03-27
NEAR,2026-03-29 23:00:00+00:00,2026-03-30 00:00:00+00:00,-1,1.157,1.18014,-200.00000000000017,-211.50000000000017,SL,2026-03-29
NEAR,2026-03-31 15:00:00+00:00,2026-03-31 17:00:00+00:00,-1,1.176,1.19952,-200.00000000000017,-211.50000000000017,SL,2026-03-31
NEAR,2026-04-02 02:00:00+00:00,2026-04-02 13:00:00+00:00,-1,1.169,1.14562,199.99999999999906,188.49999999999906,TP,2026-04-02
NEAR,2026-04-07 11:00:00+00:00,2026-04-07 19:00:00+00:00,-1,1.237,1.26174,-200.00000000000017,-211.50000000000017,SL,2026-04-07
NEAR,2026-04-08 19:00:00+00:00,2026-04-09 15:00:00+00:00,-1,1.339,1.36578,-200.00000000000017,-211.50000000000017,SL,2026-04-08
NEAR,2026-04-12 02:00:00+00:00,2026-04-13 00:00:00+00:00,-1,1.346,1.3729200000000001,-200.00000000000017,-211.50000000000017,SL,2026-04-12
NEAR,2026-04-16 14:00:00+00:00,2026-04-16 15:00:00+00:00,-1,1.381,1.40862,-200.00000000000017,-211.50000000000017,SL,2026-04-16
ONDO,2025-07-01 15:00:00+00:00,2025-07-02 05:00:00+00:00,-1,0.7447,0.759594,-200.00000000000017,-211.50000000000017,SL,2025-07-01
ONDO,2025-07-09 21:00:00+00:00,2025-07-10 04:00:00+00:00,-1,0.8272,0.843744,-200.00000000000017,-211.50000000000017,SL,2025-07-09
ONDO,2025-07-14 16:00:00+00:00,2025-07-14 18:00:00+00:00,-1,0.9107,0.8924859999999999,200.00000000000017,188.50000000000017,TP,2025-07-14
ONDO,2025-07-15 15:00:00+00:00,2025-07-15 15:00:00+00:00,-1,0.8997,0.9176940000000001,-200.00000000000017,-211.50000000000017,SL,2025-07-15
ONDO,2025-07-22 14:00:00+00:00,2025-07-22 15:00:00+00:00,-1,1.0408,1.061616,-200.00000000000017,-211.50000000000017,SL,2025-07-22
ONDO,2025-07-25 03:00:00+00:00,2025-07-25 08:00:00+00:00,-1,0.9947,1.014594,-200.00000000000017,-211.50000000000017,SL,2025-07-25
ONDO,2025-07-25 15:00:00+00:00,2025-07-25 17:00:00+00:00,-1,0.9969,1.0168380000000001,-200.00000000000017,-211.50000000000017,SL,2025-07-25
ONDO,2025-07-30 19:00:00+00:00,2025-07-30 19:00:00+00:00,-1,0.9332,0.914536,200.00000000000017,188.50000000000017,TP,2025-07-30
ONDO,2025-07-31 20:00:00+00:00,2025-07-31 22:00:00+00:00,-1,0.9473,0.928354,200.00000000000017,188.50000000000017,TP,2025-07-31
ONDO,2025-08-01 14:00:00+00:00,2025-08-01 14:00:00+00:00,-1,0.8963,0.914226,-200.00000000000017,-211.50000000000017,SL,2025-08-01
ONDO,2025-08-05 15:00:00+00:00,2025-08-05 19:00:00+00:00,-1,0.9152,0.933504,-200.00000000000017,-211.50000000000017,SL,2025-08-05
ONDO,2025-08-14 13:00:00+00:00,2025-08-14 14:00:00+00:00,-1,1.0051,1.0252020000000002,-200.00000000000017,-211.50000000000017,SL,2025-08-14
ONDO,2025-08-19 15:00:00+00:00,2025-08-19 18:00:00+00:00,-1,0.9293,0.910714,200.00000000000017,188.50000000000017,TP,2025-08-19
ONDO,2025-08-20 14:00:00+00:00,2025-08-20 14:00:00+00:00,-1,0.911,0.92922,-200.00000000000017,-211.50000000000017,SL,2025-08-20
ONDO,2025-08-24 20:00:00+00:00,2025-08-24 20:00:00+00:00,-1,0.9929,0.973042,200.00000000000017,188.50000000000017,TP,2025-08-24
ONDO,2025-08-25 20:00:00+00:00,2025-08-25 20:00:00+00:00,-1,0.8974,0.879452,199.99999999999906,188.49999999999906,TP,2025-08-25
ONDO,2025-08-29 08:00:00+00:00,2025-08-29 12:00:00+00:00,-1,0.9124,0.930648,-200.00000000000017,-211.50000000000017,SL,2025-08-29
ONDO,2025-08-29 14:00:00+00:00,2025-08-30 14:00:00+00:00,-1,0.9075,0.9077,-2.2038567493121164,-13.703856749312116,TIME,2025-08-29
ONDO,2025-09-01 22:00:00+00:00,2025-09-02 01:00:00+00:00,-1,0.8642,0.8814839999999999,-200.00000000000017,-211.50000000000017,SL,2025-09-01
ONDO,2025-09-05 15:00:00+00:00,2025-09-06 15:00:00+00:00,-1,0.909,0.8992,107.81078107810815,96.31078107810815,TIME,2025-09-05
ONDO,2025-09-09 15:00:00+00:00,2025-09-10 00:00:00+00:00,-1,0.9544,0.973488,-200.00000000000017,-211.50000000000017,SL,2025-09-09
ONDO,2025-09-15 00:00:00+00:00,2025-09-15 04:00:00+00:00,-1,1.0491,1.070082,-200.00000000000017,-211.50000000000017,SL,2025-09-15
ONDO,2025-09-15 09:00:00+00:00,2025-09-16 08:00:00+00:00,-1,1.019,1.03938,-200.00000000000017,-211.50000000000017,SL,2025-09-15
ONDO,2025-09-22 01:00:00+00:00,2025-09-22 05:00:00+00:00,-1,0.9634,0.944132,200.00000000000017,188.50000000000017,TP,2025-09-22
ONDO,2025-09-22 06:00:00+00:00,2025-09-22 06:00:00+00:00,-1,0.939,0.9202199999999999,200.00000000000017,188.50000000000017,TP,2025-09-22
ONDO,2025-09-22 07:00:00+00:00,2025-09-23 00:00:00+00:00,-1,0.9294,0.947988,-200.00000000000017,-211.50000000000017,SL,2025-09-22
ONDO,2025-09-23 18:00:00+00:00,2025-09-24 04:00:00+00:00,-1,0.9268,0.908264,200.00000000000017,188.50000000000017,TP,2025-09-23
ONDO,2025-09-25 05:00:00+00:00,2025-09-25 12:00:00+00:00,-1,0.8972,0.8792559999999999,200.00000000000128,188.50000000000128,TP,2025-09-25
ONDO,2025-09-25 18:00:00+00:00,2025-09-25 18:00:00+00:00,-1,0.8618,0.879036,-200.00000000000017,-211.50000000000017,SL,2025-09-25
ONDO,2025-09-26 15:00:00+00:00,2025-09-26 17:00:00+00:00,-1,0.8781,0.895662,-200.00000000000017,-211.50000000000017,SL,2025-09-26
ONDO,2025-10-05 10:00:00+00:00,2025-10-05 16:00:00+00:00,-1,0.9443,0.925414,200.00000000000017,188.50000000000017,TP,2025-10-05
ONDO,2025-10-07 15:00:00+00:00,2025-10-08 03:00:00+00:00,-1,0.9166,0.898268,200.00000000000017,188.50000000000017,TP,2025-10-07
ONDO,2025-10-09 14:00:00+00:00,2025-10-09 16:00:00+00:00,-1,0.8853,0.867594,200.00000000000017,188.50000000000017,TP,2025-10-09
ONDO,2025-10-09 17:00:00+00:00,2025-10-09 22:00:00+00:00,-1,0.8671,0.884442,-200.00000000000017,-211.50000000000017,SL,2025-10-09
ONDO,2025-10-10 15:00:00+00:00,2025-10-10 15:00:00+00:00,-1,0.8807,0.863086,200.00000000000017,188.50000000000017,TP,2025-10-10
ONDO,2025-10-10 16:00:00+00:00,2025-10-10 19:00:00+00:00,-1,0.849,0.83202,200.00000000000017,188.50000000000017,TP,2025-10-10
ONDO,2025-10-10 21:00:00+00:00,2025-10-10 21:00:00+00:00,-1,0.7677,0.7523460000000001,200.00000000000017,188.50000000000017,TP,2025-10-10
ONDO,2025-10-11 02:00:00+00:00,2025-10-11 02:00:00+00:00,-1,0.7049,0.718998,-200.00000000000017,-211.50000000000017,SL,2025-10-11
ONDO,2025-10-11 08:00:00+00:00,2025-10-11 08:00:00+00:00,-1,0.7365,0.7512300000000001,-200.00000000000017,-211.50000000000017,SL,2025-10-11
ONDO,2025-10-16 16:00:00+00:00,2025-10-16 16:00:00+00:00,-1,0.7326,0.747252,-200.00000000000017,-211.50000000000017,SL,2025-10-16
ONDO,2025-10-17 07:00:00+00:00,2025-10-17 07:00:00+00:00,-1,0.6973,0.683354,200.00000000000017,188.50000000000017,TP,2025-10-17
ONDO,2025-10-21 05:00:00+00:00,2025-10-21 14:00:00+00:00,-1,0.7231,0.7375619999999999,-200.00000000000017,-211.50000000000017,SL,2025-10-21
ONDO,2025-10-21 23:00:00+00:00,2025-10-22 05:00:00+00:00,-1,0.7309,0.716282,200.00000000000017,188.50000000000017,TP,2025-10-21
ONDO,2025-10-28 20:00:00+00:00,2025-10-28 21:00:00+00:00,-1,0.7334,0.718732,200.00000000000017,188.50000000000017,TP,2025-10-28
ONDO,2025-10-29 16:00:00+00:00,2025-10-29 17:00:00+00:00,-1,0.7255,0.7400100000000001,-200.00000000000017,-211.50000000000017,SL,2025-10-29
ONDO,2025-10-29 19:00:00+00:00,2025-10-30 00:00:00+00:00,-1,0.7363,0.7215739999999999,200.00000000000017,188.50000000000017,TP,2025-10-29
ONDO,2025-10-30 05:00:00+00:00,2025-10-30 05:00:00+00:00,-1,0.7124,0.7266480000000001,-200.00000000000017,-211.50000000000017,SL,2025-10-30
ONDO,2025-10-30 13:00:00+00:00,2025-10-30 13:00:00+00:00,-1,0.7024,0.688352,200.00000000000128,188.50000000000128,TP,2025-10-30
ONDO,2025-10-31 17:00:00+00:00,2025-10-31 19:00:00+00:00,-1,0.6759,0.689418,-200.00000000000017,-211.50000000000017,SL,2025-10-31
ONDO,2025-11-03 16:00:00+00:00,2025-11-03 16:00:00+00:00,-1,0.6095,0.6216900000000001,-200.00000000000017,-211.50000000000017,SL,2025-11-03
ONDO,2025-11-04 06:00:00+00:00,2025-11-04 06:00:00+00:00,-1,0.5948,0.606696,-200.00000000000017,-211.50000000000017,SL,2025-11-04
ONDO,2025-11-10 15:00:00+00:00,2025-11-10 20:00:00+00:00,-1,0.6763,0.689826,-200.00000000000017,-211.50000000000017,SL,2025-11-10
ONDO,2025-11-12 16:00:00+00:00,2025-11-12 17:00:00+00:00,-1,0.6442,0.631316,200.00000000000017,188.50000000000017,TP,2025-11-12
ONDO,2025-11-13 16:00:00+00:00,2025-11-13 17:00:00+00:00,-1,0.638,0.62524,200.00000000000017,188.50000000000017,TP,2025-11-13
ONDO,2025-11-14 05:00:00+00:00,2025-11-14 06:00:00+00:00,-1,0.5933,0.6051660000000001,-200.00000000000017,-211.50000000000017,SL,2025-11-14
ONDO,2025-11-14 21:00:00+00:00,2025-11-14 23:00:00+00:00,-1,0.5825,0.57085,200.00000000000128,188.50000000000128,TP,2025-11-14
ONDO,2025-11-17 14:00:00+00:00,2025-11-17 14:00:00+00:00,-1,0.5438,0.554676,-200.00000000000017,-211.50000000000017,SL,2025-11-17
ONDO,2025-11-17 18:00:00+00:00,2025-11-17 19:00:00+00:00,-1,0.5373,0.526554,200.00000000000017,188.50000000000017,TP,2025-11-17
ONDO,2025-11-19 16:00:00+00:00,2025-11-19 17:00:00+00:00,-1,0.5195,0.50911,200.00000000000017,188.50000000000017,TP,2025-11-19
ONDO,2025-11-20 17:00:00+00:00,2025-11-20 18:00:00+00:00,-1,0.507,0.49686,200.00000000000017,188.50000000000017,TP,2025-11-20
ONDO,2025-11-21 00:00:00+00:00,2025-11-21 02:00:00+00:00,-1,0.5006,0.490588,200.00000000000017,188.50000000000017,TP,2025-11-21
ONDO,2025-11-21 03:00:00+00:00,2025-11-21 07:00:00+00:00,-1,0.4892,0.479416,200.00000000000017,188.50000000000017,TP,2025-11-21
ONDO,2025-11-21 08:00:00+00:00,2025-11-21 09:00:00+00:00,-1,0.4692,0.459816,200.00000000000017,188.50000000000017,TP,2025-11-21
ONDO,2025-11-21 10:00:00+00:00,2025-11-21 12:00:00+00:00,-1,0.4575,0.44835,200.00000000000017,188.50000000000017,TP,2025-11-21
ONDO,2025-11-21 16:00:00+00:00,2025-11-21 16:00:00+00:00,-1,0.4637,0.472974,-200.00000000000017,-211.50000000000017,SL,2025-11-21
ONDO,2025-11-28 17:00:00+00:00,2025-11-29 14:00:00+00:00,-1,0.5188,0.508424,200.00000000000128,188.50000000000128,TP,2025-11-28
ONDO,2025-12-01 01:00:00+00:00,2025-12-01 11:00:00+00:00,-1,0.4704,0.46099199999999996,200.00000000000017,188.50000000000017,TP,2025-12-01
ONDO,2025-12-01 16:00:00+00:00,2025-12-01 22:00:00+00:00,-1,0.4543,0.46338599999999996,-200.00000000000017,-211.50000000000017,SL,2025-12-01
ONDO,2025-12-05 17:00:00+00:00,2025-12-06 17:00:00+00:00,-1,0.4626,0.4668,-90.79118028534339,-102.29118028534339,TIME,2025-12-05
ONDO,2025-12-12 16:00:00+00:00,2025-12-13 16:00:00+00:00,-1,0.4558,0.4629,-155.77007459411928,-167.27007459411928,TIME,2025-12-12
ONDO,2025-12-15 15:00:00+00:00,2025-12-15 15:00:00+00:00,-1,0.435,0.4263,200.00000000000017,188.50000000000017,TP,2025-12-15
ONDO,2025-12-17 16:00:00+00:00,2025-12-17 16:00:00+00:00,-1,0.4024,0.394352,200.00000000000017,188.50000000000017,TP,2025-12-17
ONDO,2025-12-18 18:00:00+00:00,2025-12-18 19:00:00+00:00,-1,0.3824,0.37475200000000003,200.00000000000017,188.50000000000017,TP,2025-12-18
ONDO,2025-12-18 20:00:00+00:00,2025-12-18 21:00:00+00:00,-1,0.3665,0.37383,-200.00000000000017,-211.50000000000017,SL,2025-12-18
ONDO,2025-12-26 15:00:00+00:00,2025-12-27 15:00:00+00:00,-1,0.3746,0.3795,-130.8061932728255,-142.3061932728255,TIME,2025-12-26
ONDO,2025-12-29 10:00:00+00:00,2025-12-29 18:00:00+00:00,-1,0.3852,0.377496,200.00000000000017,188.50000000000017,TP,2025-12-29
ONDO,2026-01-06 17:00:00+00:00,2026-01-06 17:00:00+00:00,-1,0.4471,0.438158,200.00000000000017,188.50000000000017,TP,2026-01-06
ONDO,2026-01-06 18:00:00+00:00,2026-01-06 18:00:00+00:00,-1,0.4336,0.442272,-200.00000000000017,-211.50000000000017,SL,2026-01-06
ONDO,2026-01-07 01:00:00+00:00,2026-01-07 12:00:00+00:00,-1,0.4456,0.43668799999999997,200.00000000000017,188.50000000000017,TP,2026-01-07
ONDO,2026-01-08 07:00:00+00:00,2026-01-08 12:00:00+00:00,-1,0.4102,0.401996,200.00000000000017,188.50000000000017,TP,2026-01-08
ONDO,2026-01-19 00:00:00+00:00,2026-01-19 00:00:00+00:00,-1,0.3542,0.34711600000000004,199.99999999999906,188.49999999999906,TP,2026-01-19
ONDO,2026-01-19 01:00:00+00:00,2026-01-19 18:00:00+00:00,-1,0.3388,0.345576,-200.00000000000017,-211.50000000000017,SL,2026-01-19
ONDO,2026-01-20 23:00:00+00:00,2026-01-21 01:00:00+00:00,-1,0.3302,0.336804,-200.00000000000017,-211.50000000000017,SL,2026-01-20
ONDO,2026-01-21 17:00:00+00:00,2026-01-21 19:00:00+00:00,-1,0.328,0.33456,-200.00000000000017,-211.50000000000017,SL,2026-01-21
ONDO,2026-01-27 18:00:00+00:00,2026-01-27 18:00:00+00:00,-1,0.3244,0.330888,-200.00000000000017,-211.50000000000017,SL,2026-01-27
ONDO,2026-01-29 15:00:00+00:00,2026-01-29 15:00:00+00:00,-1,0.3229,0.316442,200.00000000000017,188.50000000000017,TP,2026-01-29
ONDO,2026-01-29 16:00:00+00:00,2026-01-29 18:00:00+00:00,-1,0.317,0.31066,200.00000000000017,188.50000000000017,TP,2026-01-29
ONDO,2026-01-30 02:00:00+00:00,2026-01-30 02:00:00+00:00,-1,0.3108,0.304584,200.00000000000017,188.50000000000017,TP,2026-01-30
ONDO,2026-01-31 15:00:00+00:00,2026-01-31 17:00:00+00:00,-1,0.2875,0.28175,199.99999999999906,188.49999999999906,TP,2026-01-31
ONDO,2026-01-31 18:00:00+00:00,2026-01-31 18:00:00+00:00,-1,0.2743,0.268814,200.00000000000017,188.50000000000017,TP,2026-01-31
ONDO,2026-02-02 03:00:00+00:00,2026-02-02 03:00:00+00:00,-1,0.2762,0.27067599999999997,200.00000000000128,188.50000000000128,TP,2026-02-02
ONDO,2026-02-03 03:00:00+00:00,2026-02-03 04:00:00+00:00,-1,0.2774,0.282948,-200.00000000000017,-211.50000000000017,SL,2026-02-03
ONDO,2026-02-03 17:00:00+00:00,2026-02-03 18:00:00+00:00,-1,0.2792,0.273616,199.99999999999906,188.49999999999906,TP,2026-02-03
ONDO,2026-02-03 19:00:00+00:00,2026-02-03 19:00:00+00:00,-1,0.2687,0.274074,-200.00000000000017,-211.50000000000017,SL,2026-02-03
ONDO,2026-02-05 16:00:00+00:00,2026-02-05 17:00:00+00:00,-1,0.2421,0.237258,200.00000000000017,188.50000000000017,TP,2026-02-05
ONDO,2026-02-05 18:00:00+00:00,2026-02-05 19:00:00+00:00,-1,0.2377,0.232946,200.00000000000017,188.50000000000017,TP,2026-02-05
ONDO,2026-02-05 21:00:00+00:00,2026-02-05 21:00:00+00:00,-1,0.2248,0.229296,-200.00000000000017,-211.50000000000017,SL,2026-02-05
ONDO,2026-02-16 14:00:00+00:00,2026-02-16 21:00:00+00:00,-1,0.2726,0.278052,-200.00000000000017,-211.50000000000017,SL,2026-02-16
ONDO,2026-02-17 15:00:00+00:00,2026-02-17 16:00:00+00:00,-1,0.2706,0.27601200000000004,-200.00000000000017,-211.50000000000017,SL,2026-02-17
ONDO,2026-02-23 01:00:00+00:00,2026-02-23 01:00:00+00:00,-1,0.2575,0.25235,199.99999999999906,188.49999999999906,TP,2026-02-23
ONDO,2026-02-23 02:00:00+00:00,2026-02-23 06:00:00+00:00,-1,0.2474,0.252348,-200.00000000000017,-211.50000000000017,SL,2026-02-23
ONDO,2026-02-28 07:00:00+00:00,2026-02-28 07:00:00+00:00,-1,0.2414,0.246228,-200.00000000000017,-211.50000000000017,SL,2026-02-28
ONDO,2026-03-13 15:00:00+00:00,2026-03-13 17:00:00+00:00,-1,0.2698,0.264404,200.00000000000017,188.50000000000017,TP,2026-03-13
ONDO,2026-03-18 12:00:00+00:00,2026-03-18 14:00:00+00:00,-1,0.2726,0.267148,200.00000000000017,188.50000000000017,TP,2026-03-18
ONDO,2026-03-18 15:00:00+00:00,2026-03-19 12:00:00+00:00,-1,0.2639,0.258622,200.00000000000017,188.50000000000017,TP,2026-03-18
ONDO,2026-03-22 00:00:00+00:00,2026-03-22 11:00:00+00:00,-1,0.2521,0.247058,200.00000000000017,188.50000000000017,TP,2026-03-22
ONDO,2026-03-23 07:00:00+00:00,2026-03-23 11:00:00+00:00,-1,0.245,0.2499,-200.00000000000017,-211.50000000000017,SL,2026-03-23
ONDO,2026-03-23 16:00:00+00:00,2026-03-24 08:00:00+00:00,-1,0.2532,0.258264,-200.00000000000017,-211.50000000000017,SL,2026-03-23
ONDO,2026-03-27 11:00:00+00:00,2026-03-27 12:00:00+00:00,-1,0.268,0.26264,200.00000000000128,188.50000000000128,TP,2026-03-27
ONDO,2026-03-29 23:00:00+00:00,2026-03-30 00:00:00+00:00,-1,0.2564,0.26152800000000004,-200.00000000000017,-211.50000000000017,SL,2026-03-29
ONDO,2026-04-02 02:00:00+00:00,2026-04-02 05:00:00+00:00,-1,0.2633,0.258034,200.00000000000017,188.50000000000017,TP,2026-04-02
ONDO,2026-04-07 11:00:00+00:00,2026-04-07 20:00:00+00:00,-1,0.2501,0.255102,-200.00000000000017,-211.50000000000017,SL,2026-04-07
ONDO,2026-04-08 19:00:00+00:00,2026-04-09 00:00:00+00:00,-1,0.259,0.25382,200.00000000000017,188.50000000000017,TP,2026-04-08
ONDO,2026-04-12 02:00:00+00:00,2026-04-12 20:00:00+00:00,-1,0.248,0.24304,200.00000000000017,188.50000000000017,TP,2026-04-12
ONDO,2026-04-16 14:00:00+00:00,2026-04-16 15:00:00+00:00,-1,0.2627,0.26795399999999997,-200.00000000000017,-211.50000000000017,SL,2026-04-16
SOL,2025-07-01 15:00:00+00:00,2025-07-02 14:00:00+00:00,-1,147.11,150.05220000000003,-200.00000000000017,-211.50000000000017,SL,2025-07-01
SOL,2025-07-04 14:00:00+00:00,2025-07-04 16:00:00+00:00,-1,148.45,145.481,199.99999999999906,188.49999999999906,TP,2025-07-04
SOL,2025-07-09 21:00:00+00:00,2025-07-10 02:00:00+00:00,-1,155.91,159.0282,-200.00000000000017,-211.50000000000017,SL,2025-07-09
SOL,2025-07-14 16:00:00+00:00,2025-07-15 01:00:00+00:00,-1,163.93,160.6514,200.00000000000017,188.50000000000017,TP,2025-07-14
SOL,2025-07-15 15:00:00+00:00,2025-07-15 15:00:00+00:00,-1,157.63,160.7826,-200.00000000000017,-211.50000000000017,SL,2025-07-15
SOL,2025-07-22 14:00:00+00:00,2025-07-22 15:00:00+00:00,-1,199.11,203.09220000000002,-200.00000000000017,-211.50000000000017,SL,2025-07-22
SOL,2025-07-25 03:00:00+00:00,2025-07-25 18:00:00+00:00,-1,178.79,182.3658,-200.00000000000017,-211.50000000000017,SL,2025-07-25
SOL,2025-07-30 19:00:00+00:00,2025-07-30 19:00:00+00:00,-1,175.75,172.23499999999999,200.00000000000128,188.50000000000128,TP,2025-07-30
SOL,2025-07-31 20:00:00+00:00,2025-07-31 23:00:00+00:00,-1,175.2,171.696,199.99999999999906,188.49999999999906,TP,2025-07-31
SOL,2025-08-01 14:00:00+00:00,2025-08-01 14:00:00+00:00,-1,165.58,168.8916,-200.00000000000017,-211.50000000000017,SL,2025-08-01
SOL,2025-08-05 15:00:00+00:00,2025-08-06 14:00:00+00:00,-1,164.23,167.5146,-200.00000000000017,-211.50000000000017,SL,2025-08-05
SOL,2025-08-14 13:00:00+00:00,2025-08-14 13:00:00+00:00,-1,194.5,190.60999999999999,200.00000000000128,188.50000000000128,TP,2025-08-14
SOL,2025-08-19 15:00:00+00:00,2025-08-20 08:00:00+00:00,-1,178.5,182.07,-200.00000000000017,-211.50000000000017,SL,2025-08-19
SOL,2025-08-20 14:00:00+00:00,2025-08-20 14:00:00+00:00,-1,178.72,182.2944,-200.00000000000017,-211.50000000000017,SL,2025-08-20
SOL,2025-08-24 20:00:00+00:00,2025-08-25 02:00:00+00:00,-1,205.19,209.2938,-200.00000000000017,-211.50000000000017,SL,2025-08-24
SOL,2025-08-25 20:00:00+00:00,2025-08-25 20:00:00+00:00,-1,191.42,187.59159999999997,200.00000000000128,188.50000000000128,TP,2025-08-25
SOL,2025-08-29 08:00:00+00:00,2025-08-29 12:00:00+00:00,-1,208.76,212.93519999999998,-200.00000000000017,-211.50000000000017,SL,2025-08-29
SOL,2025-08-29 14:00:00+00:00,2025-08-29 15:00:00+00:00,-1,208.88,204.70239999999998,200.00000000000017,188.50000000000017,TP,2025-08-29
SOL,2025-09-01 22:00:00+00:00,2025-09-02 01:00:00+00:00,-1,194.91,198.8082,-200.00000000000017,-211.50000000000017,SL,2025-09-01
SOL,2025-09-05 15:00:00+00:00,2025-09-06 15:00:00+00:00,-1,202.01,201.11,44.55224988861861,33.05224988861861,TIME,2025-09-05
SOL,2025-09-09 15:00:00+00:00,2025-09-10 07:00:00+00:00,-1,215.48,219.7896,-200.00000000000017,-211.50000000000017,SL,2025-09-09
SOL,2025-09-15 00:00:00+00:00,2025-09-15 08:00:00+00:00,-1,239.66,234.86679999999998,200.00000000000017,188.50000000000017,TP,2025-09-15
SOL,2025-09-15 09:00:00+00:00,2025-09-15 10:00:00+00:00,-1,231.96,236.59920000000002,-200.00000000000017,-211.50000000000017,SL,2025-09-15
SOL,2025-09-22 01:00:00+00:00,2025-09-22 05:00:00+00:00,-1,232.16,227.5168,200.00000000000017,188.50000000000017,TP,2025-09-22
SOL,2025-09-22 06:00:00+00:00,2025-09-22 06:00:00+00:00,-1,224.78,220.2844,200.00000000000017,188.50000000000017,TP,2025-09-22
SOL,2025-09-22 07:00:00+00:00,2025-09-22 09:00:00+00:00,-1,224.32,219.8336,200.00000000000017,188.50000000000017,TP,2025-09-22
SOL,2025-09-23 18:00:00+00:00,2025-09-24 03:00:00+00:00,-1,216.63,212.29739999999998,200.00000000000017,188.50000000000017,TP,2025-09-23
SOL,2025-09-25 05:00:00+00:00,2025-09-25 12:00:00+00:00,-1,204.24,200.1552,200.00000000000017,188.50000000000017,TP,2025-09-25
SOL,2025-09-25 18:00:00+00:00,2025-09-25 18:00:00+00:00,-1,194.72,198.6144,-200.00000000000017,-211.50000000000017,SL,2025-09-25
SOL,2025-09-26 15:00:00+00:00,2025-09-26 16:00:00+00:00,-1,194.34,198.2268,-200.00000000000017,-211.50000000000017,SL,2025-09-26
SOL,2025-10-05 10:00:00+00:00,2025-10-05 14:00:00+00:00,-1,233.41,228.74179999999998,200.00000000000017,188.50000000000017,TP,2025-10-05
SOL,2025-10-07 15:00:00+00:00,2025-10-07 19:00:00+00:00,-1,225.3,220.794,200.00000000000017,188.50000000000017,TP,2025-10-07
SOL,2025-10-09 14:00:00+00:00,2025-10-09 16:00:00+00:00,-1,222.14,217.69719999999998,200.00000000000017,188.50000000000017,TP,2025-10-09
SOL,2025-10-09 17:00:00+00:00,2025-10-09 22:00:00+00:00,-1,217.1,221.442,-200.00000000000017,-211.50000000000017,SL,2025-10-09
SOL,2025-10-10 15:00:00+00:00,2025-10-10 15:00:00+00:00,-1,219.65,215.257,200.00000000000017,188.50000000000017,TP,2025-10-10
SOL,2025-10-10 16:00:00+00:00,2025-10-10 19:00:00+00:00,-1,210.53,206.3194,200.00000000000017,188.50000000000017,TP,2025-10-10
SOL,2025-10-10 21:00:00+00:00,2025-10-10 21:00:00+00:00,-1,196.46,192.5308,200.00000000000017,188.50000000000017,TP,2025-10-10
SOL,2025-10-11 02:00:00+00:00,2025-10-11 02:00:00+00:00,-1,182.84,186.4968,-200.00000000000017,-211.50000000000017,SL,2025-10-11
SOL,2025-10-11 08:00:00+00:00,2025-10-11 08:00:00+00:00,-1,182.62,186.2724,-200.00000000000017,-211.50000000000017,SL,2025-10-11
SOL,2025-10-16 16:00:00+00:00,2025-10-16 16:00:00+00:00,-1,187.5,191.25,-200.00000000000017,-211.50000000000017,SL,2025-10-16
SOL,2025-10-17 07:00:00+00:00,2025-10-17 08:00:00+00:00,-1,180.34,176.7332,199.99999999999906,188.49999999999906,TP,2025-10-17
SOL,2025-10-21 05:00:00+00:00,2025-10-21 12:00:00+00:00,-1,183.59,187.2618,-200.00000000000017,-211.50000000000017,SL,2025-10-21
SOL,2025-10-21 23:00:00+00:00,2025-10-22 00:00:00+00:00,-1,188.27,184.5046,200.00000000000017,188.50000000000017,TP,2025-10-21
SOL,2025-10-28 20:00:00+00:00,2025-10-28 21:00:00+00:00,-1,195.2,191.296,200.00000000000017,188.50000000000017,TP,2025-10-28
SOL,2025-10-29 16:00:00+00:00,2025-10-29 18:00:00+00:00,-1,196.69,192.7562,199.99999999999906,188.49999999999906,TP,2025-10-29
SOL,2025-10-29 19:00:00+00:00,2025-10-30 02:00:00+00:00,-1,193.53,197.4006,-200.00000000000017,-211.50000000000017,SL,2025-10-29
SOL,2025-10-30 05:00:00+00:00,2025-10-30 07:00:00+00:00,-1,191.76,195.5952,-200.00000000000017,-211.50000000000017,SL,2025-10-30
SOL,2025-10-30 13:00:00+00:00,2025-10-30 16:00:00+00:00,-1,187.74,183.9852,200.00000000000128,188.50000000000128,TP,2025-10-30
SOL,2025-10-31 17:00:00+00:00,2025-10-31 19:00:00+00:00,-1,184.91,188.6082,-200.00000000000017,-211.50000000000017,SL,2025-10-31
SOL,2025-11-03 16:00:00+00:00,2025-11-03 17:00:00+00:00,-1,166.72,170.05440000000002,-200.00000000000017,-211.50000000000017,SL,2025-11-03
SOL,2025-11-04 06:00:00+00:00,2025-11-04 06:00:00+00:00,-1,157.69,160.8438,-200.00000000000017,-211.50000000000017,SL,2025-11-04
SOL,2025-11-10 15:00:00+00:00,2025-11-11 01:00:00+00:00,-1,166.17,169.49339999999998,-200.00000000000017,-211.50000000000017,SL,2025-11-10
SOL,2025-11-12 16:00:00+00:00,2025-11-12 16:00:00+00:00,-1,155.68,152.56640000000002,199.99999999999906,188.49999999999906,TP,2025-11-12
SOL,2025-11-13 16:00:00+00:00,2025-11-13 17:00:00+00:00,-1,153.03,149.9694,199.99999999999906,188.49999999999906,TP,2025-11-13
SOL,2025-11-14 05:00:00+00:00,2025-11-14 12:00:00+00:00,-1,141.79,138.9542,200.00000000000017,188.50000000000017,TP,2025-11-14
SOL,2025-11-14 21:00:00+00:00,2025-11-15 02:00:00+00:00,-1,139.57,142.3614,-200.00000000000017,-211.50000000000017,SL,2025-11-14
SOL,2025-11-17 14:00:00+00:00,2025-11-17 14:00:00+00:00,-1,137.92,140.67839999999998,-200.00000000000017,-211.50000000000017,SL,2025-11-17
SOL,2025-11-17 18:00:00+00:00,2025-11-17 20:00:00+00:00,-1,131.89,129.2522,200.00000000000017,188.50000000000017,TP,2025-11-17
SOL,2025-11-19 16:00:00+00:00,2025-11-19 17:00:00+00:00,-1,134.54,131.8492,200.00000000000017,188.50000000000017,TP,2025-11-19
SOL,2025-11-20 17:00:00+00:00,2025-11-20 22:00:00+00:00,-1,132.57,135.2214,-200.00000000000017,-211.50000000000017,SL,2025-11-20
SOL,2025-11-21 00:00:00+00:00,2025-11-21 04:00:00+00:00,-1,133.55,130.87900000000002,199.99999999999906,188.49999999999906,TP,2025-11-21
SOL,2025-11-21 08:00:00+00:00,2025-11-21 10:00:00+00:00,-1,127.4,124.852,200.00000000000017,188.50000000000017,TP,2025-11-21
SOL,2025-11-21 16:00:00+00:00,2025-11-21 16:00:00+00:00,-1,125.41,127.9182,-200.00000000000017,-211.50000000000017,SL,2025-11-21
SOL,2025-11-28 17:00:00+00:00,2025-11-28 18:00:00+00:00,-1,138.74,135.9652,200.00000000000017,188.50000000000017,TP,2025-11-28
SOL,2025-12-01 01:00:00+00:00,2025-12-01 15:00:00+00:00,-1,127.61,125.0578,200.00000000000017,188.50000000000017,TP,2025-12-01
SOL,2025-12-01 16:00:00+00:00,2025-12-02 01:00:00+00:00,-1,125.08,127.5816,-200.00000000000017,-211.50000000000017,SL,2025-12-01
SOL,2025-12-05 17:00:00+00:00,2025-12-06 17:00:00+00:00,-1,132.12,132.94,-62.06478958522554,-73.56478958522554,TIME,2025-12-05
SOL,2025-12-12 16:00:00+00:00,2025-12-12 19:00:00+00:00,-1,133.43,130.7614,200.00000000000017,188.50000000000017,TP,2025-12-12
SOL,2025-12-15 15:00:00+00:00,2025-12-15 15:00:00+00:00,-1,130.41,127.8018,200.00000000000017,188.50000000000017,TP,2025-12-15
SOL,2025-12-17 16:00:00+00:00,2025-12-17 16:00:00+00:00,-1,126.66,124.12679999999999,200.00000000000017,188.50000000000017,TP,2025-12-17
SOL,2025-12-18 18:00:00+00:00,2025-12-18 19:00:00+00:00,-1,122.85,120.39299999999999,200.00000000000017,188.50000000000017,TP,2025-12-18
SOL,2025-12-18 20:00:00+00:00,2025-12-18 21:00:00+00:00,-1,117.5,119.85000000000001,-200.00000000000017,-211.50000000000017,SL,2025-12-18
SOL,2025-12-26 15:00:00+00:00,2025-12-27 15:00:00+00:00,-1,122.15,123.25,-90.05321326238214,-101.55321326238214,TIME,2025-12-26
SOL,2025-12-29 10:00:00+00:00,2025-12-29 12:00:00+00:00,-1,126.04,123.5192,200.00000000000017,188.50000000000017,TP,2025-12-29
SOL,2026-01-06 17:00:00+00:00,2026-01-06 21:00:00+00:00,-1,138.85,141.627,-200.00000000000017,-211.50000000000017,SL,2026-01-06
SOL,2026-01-07 01:00:00+00:00,2026-01-07 09:00:00+00:00,-1,139.8,137.00400000000002,199.99999999999906,188.49999999999906,TP,2026-01-07
SOL,2026-01-07 10:00:00+00:00,2026-01-08 07:00:00+00:00,-1,136.8,134.06400000000002,199.99999999999906,188.49999999999906,TP,2026-01-07
SOL,2026-01-19 00:00:00+00:00,2026-01-19 00:00:00+00:00,-1,137.77,135.0146,200.00000000000017,188.50000000000017,TP,2026-01-19
SOL,2026-01-19 01:00:00+00:00,2026-01-20 01:00:00+00:00,-1,133.64,133.84,-14.965579167915966,-26.465579167915966,TIME,2026-01-19
SOL,2026-01-20 23:00:00+00:00,2026-01-21 05:00:00+00:00,-1,126.1,128.62199999999999,-200.00000000000017,-211.50000000000017,SL,2026-01-20
SOL,2026-01-21 17:00:00+00:00,2026-01-21 19:00:00+00:00,-1,125.52,128.0304,-200.00000000000017,-211.50000000000017,SL,2026-01-21
SOL,2026-01-27 18:00:00+00:00,2026-01-27 20:00:00+00:00,-1,123.92,126.39840000000001,-200.00000000000017,-211.50000000000017,SL,2026-01-27
SOL,2026-01-29 15:00:00+00:00,2026-01-29 15:00:00+00:00,-1,120.35,117.943,200.00000000000017,188.50000000000017,TP,2026-01-29
SOL,2026-01-29 16:00:00+00:00,2026-01-30 01:00:00+00:00,-1,117.53,115.1794,200.00000000000017,188.50000000000017,TP,2026-01-29
SOL,2026-01-30 02:00:00+00:00,2026-01-30 02:00:00+00:00,-1,115.18,112.8764,200.00000000000017,188.50000000000017,TP,2026-01-30
SOL,2026-01-31 15:00:00+00:00,2026-01-31 16:00:00+00:00,-1,109.01,106.8298,200.00000000000017,188.50000000000017,TP,2026-01-31
SOL,2026-01-31 18:00:00+00:00,2026-01-31 18:00:00+00:00,-1,103.26,101.1948,200.00000000000017,188.50000000000017,TP,2026-01-31
SOL,2026-02-02 03:00:00+00:00,2026-02-02 03:00:00+00:00,-1,100.67,98.6566,200.00000000000017,188.50000000000017,TP,2026-02-02
SOL,2026-02-03 03:00:00+00:00,2026-02-03 04:00:00+00:00,-1,102.35,104.39699999999999,-200.00000000000017,-211.50000000000017,SL,2026-02-03
SOL,2026-02-03 17:00:00+00:00,2026-02-03 18:00:00+00:00,-1,100.72,98.7056,199.99999999999906,188.49999999999906,TP,2026-02-03
SOL,2026-02-03 19:00:00+00:00,2026-02-03 19:00:00+00:00,-1,96.75,98.685,-200.00000000000017,-211.50000000000017,SL,2026-02-03
SOL,2026-02-05 16:00:00+00:00,2026-02-05 17:00:00+00:00,-1,84.54,82.84920000000001,199.99999999999906,188.49999999999906,TP,2026-02-05
SOL,2026-02-05 18:00:00+00:00,2026-02-05 20:00:00+00:00,-1,82.68,81.02640000000001,200.00000000000017,188.50000000000017,TP,2026-02-05
SOL,2026-02-05 21:00:00+00:00,2026-02-05 21:00:00+00:00,-1,78.78,80.3556,-200.00000000000017,-211.50000000000017,SL,2026-02-05
SOL,2026-02-16 14:00:00+00:00,2026-02-16 21:00:00+00:00,-1,84.11,85.7922,-200.00000000000017,-211.50000000000017,SL,2026-02-16
SOL,2026-02-17 15:00:00+00:00,2026-02-17 16:00:00+00:00,-1,83.24,84.9048,-200.00000000000017,-211.50000000000017,SL,2026-02-17
SOL,2026-02-23 01:00:00+00:00,2026-02-23 01:00:00+00:00,-1,81.31,79.6838,200.00000000000017,188.50000000000017,TP,2026-02-23
SOL,2026-02-23 02:00:00+00:00,2026-02-23 07:00:00+00:00,-1,77.91,79.4682,-200.00000000000017,-211.50000000000017,SL,2026-02-23
SOL,2026-02-28 07:00:00+00:00,2026-02-28 07:00:00+00:00,-1,77.48,79.0296,-200.00000000000017,-211.50000000000017,SL,2026-02-28
SOL,2026-03-13 15:00:00+00:00,2026-03-13 16:00:00+00:00,-1,90.64,88.8272,199.99999999999906,188.49999999999906,TP,2026-03-13
SOL,2026-03-18 12:00:00+00:00,2026-03-18 13:00:00+00:00,-1,91.93,90.09140000000001,200.00000000000017,188.50000000000017,TP,2026-03-18
SOL,2026-03-18 15:00:00+00:00,2026-03-18 18:00:00+00:00,-1,88.97,90.7494,-200.00000000000017,-211.50000000000017,SL,2026-03-18
SOL,2026-03-22 00:00:00+00:00,2026-03-22 21:00:00+00:00,-1,87.5,85.75,200.00000000000017,188.50000000000017,TP,2026-03-22
SOL,2026-03-23 07:00:00+00:00,2026-03-23 11:00:00+00:00,-1,85.69,87.4038,-200.00000000000017,-211.50000000000017,SL,2026-03-23
SOL,2026-03-23 16:00:00+00:00,2026-03-23 19:00:00+00:00,-1,89.99,91.7898,-200.00000000000017,-211.50000000000017,SL,2026-03-23
SOL,2026-03-27 11:00:00+00:00,2026-03-28 11:00:00+00:00,-1,82.94,82.93,1.2056908608626404,-10.29430913913736,TIME,2026-03-27
SOL,2026-03-29 23:00:00+00:00,2026-03-30 00:00:00+00:00,-1,80.86,82.4772,-200.00000000000017,-211.50000000000017,SL,2026-03-29
SOL,2026-03-31 15:00:00+00:00,2026-03-31 16:00:00+00:00,-1,80.64,82.25280000000001,-200.00000000000017,-211.50000000000017,SL,2026-03-31
SOL,2026-04-02 02:00:00+00:00,2026-04-02 13:00:00+00:00,-1,79.25,77.66499999999999,200.00000000000128,188.50000000000128,TP,2026-04-02
SOL,2026-04-07 11:00:00+00:00,2026-04-07 19:00:00+00:00,-1,79.33,80.9166,-200.00000000000017,-211.50000000000017,SL,2026-04-07
SOL,2026-04-08 19:00:00+00:00,2026-04-09 17:00:00+00:00,-1,82.87,84.5274,-200.00000000000017,-211.50000000000017,SL,2026-04-08
SOL,2026-04-12 02:00:00+00:00,2026-04-13 02:00:00+00:00,-1,82.23,81.88,42.56354128663653,31.06354128663653,TIME,2026-04-12
SOL,2026-04-16 14:00:00+00:00,2026-04-16 15:00:00+00:00,-1,84.69,86.3838,-200.00000000000017,-211.50000000000017,SL,2026-04-16
SUI,2025-07-01 15:00:00+00:00,2025-07-02 10:00:00+00:00,-1,2.6927,2.7465539999999997,-200.00000000000017,-211.50000000000017,SL,2025-07-01
SUI,2025-07-04 14:00:00+00:00,2025-07-04 16:00:00+00:00,-1,2.8859,2.828182,200.00000000000017,188.50000000000017,TP,2025-07-04
SUI,2025-07-09 21:00:00+00:00,2025-07-09 22:00:00+00:00,-1,3.0232,3.083664,-200.00000000000017,-211.50000000000017,SL,2025-07-09
SUI,2025-07-14 16:00:00+00:00,2025-07-15 04:00:00+00:00,-1,3.8779,3.955458,-200.00000000000017,-211.50000000000017,SL,2025-07-14
SUI,2025-07-15 15:00:00+00:00,2025-07-15 16:00:00+00:00,-1,3.9117,3.9899340000000003,-200.00000000000017,-211.50000000000017,SL,2025-07-15
SUI,2025-07-22 14:00:00+00:00,2025-07-22 16:00:00+00:00,-1,3.8979,3.975858,-200.00000000000017,-211.50000000000017,SL,2025-07-22
SUI,2025-07-25 03:00:00+00:00,2025-07-25 09:00:00+00:00,-1,3.627,3.69954,-200.00000000000017,-211.50000000000017,SL,2025-07-25
SUI,2025-07-25 15:00:00+00:00,2025-07-25 16:00:00+00:00,-1,3.6499,3.7228980000000003,-200.00000000000017,-211.50000000000017,SL,2025-07-25
SUI,2025-07-30 19:00:00+00:00,2025-07-30 19:00:00+00:00,-1,3.7209,3.646482,200.00000000000017,188.50000000000017,TP,2025-07-30
SUI,2025-07-31 20:00:00+00:00,2025-07-31 22:00:00+00:00,-1,3.6964,3.622472,200.00000000000017,188.50000000000017,TP,2025-07-31
SUI,2025-08-01 14:00:00+00:00,2025-08-01 14:00:00+00:00,-1,3.4451,3.514002,-200.00000000000017,-211.50000000000017,SL,2025-08-01
SUI,2025-08-05 15:00:00+00:00,2025-08-05 22:00:00+00:00,-1,3.4125,3.34425,200.00000000000017,188.50000000000017,TP,2025-08-05
SUI,2025-08-14 13:00:00+00:00,2025-08-14 13:00:00+00:00,-1,3.7702,3.8456040000000002,-200.00000000000017,-211.50000000000017,SL,2025-08-14
SUI,2025-08-19 15:00:00+00:00,2025-08-19 18:00:00+00:00,-1,3.514,3.44372,200.00000000000017,188.50000000000017,TP,2025-08-19
SUI,2025-08-20 14:00:00+00:00,2025-08-20 14:00:00+00:00,-1,3.422,3.4904400000000004,-200.00000000000017,-211.50000000000017,SL,2025-08-20
SUI,2025-08-24 20:00:00+00:00,2025-08-24 20:00:00+00:00,-1,3.7022,3.6281559999999997,200.00000000000017,188.50000000000017,TP,2025-08-24
SUI,2025-08-25 20:00:00+00:00,2025-08-26 06:00:00+00:00,-1,3.3705,3.43791,-200.00000000000017,-211.50000000000017,SL,2025-08-25
SUI,2025-08-29 08:00:00+00:00,2025-08-29 09:00:00+00:00,-1,3.3546,3.287508,200.00000000000017,188.50000000000017,TP,2025-08-29
SUI,2025-08-29 14:00:00+00:00,2025-08-29 18:00:00+00:00,-1,3.3169,3.250562,200.00000000000017,188.50000000000017,TP,2025-08-29
SUI,2025-09-01 22:00:00+00:00,2025-09-01 23:00:00+00:00,-1,3.1248,3.187296,-200.00000000000017,-211.50000000000017,SL,2025-09-01
SUI,2025-09-05 15:00:00+00:00,2025-09-05 20:00:00+00:00,-1,3.3504,3.417408,-200.00000000000017,-211.50000000000017,SL,2025-09-05
SUI,2025-09-09 15:00:00+00:00,2025-09-10 02:00:00+00:00,-1,3.464,3.53328,-200.00000000000017,-211.50000000000017,SL,2025-09-09
SUI,2025-09-15 00:00:00+00:00,2025-09-15 07:00:00+00:00,-1,3.6846,3.6109080000000002,200.00000000000017,188.50000000000017,TP,2025-09-15
SUI,2025-09-15 09:00:00+00:00,2025-09-16 09:00:00+00:00,-1,3.5204,3.5669,-132.08726281104478,-143.58726281104478,TIME,2025-09-15
SUI,2025-09-22 01:00:00+00:00,2025-09-22 05:00:00+00:00,-1,3.5175,3.44715,200.00000000000017,188.50000000000017,TP,2025-09-22
SUI,2025-09-22 06:00:00+00:00,2025-09-22 06:00:00+00:00,-1,3.4021,3.3340579999999997,200.00000000000017,188.50000000000017,TP,2025-09-22
SUI,2025-09-22 07:00:00+00:00,2025-09-22 19:00:00+00:00,-1,3.3784,3.310832,200.00000000000017,188.50000000000017,TP,2025-09-22
SUI,2025-09-23 18:00:00+00:00,2025-09-24 03:00:00+00:00,-1,3.3546,3.287508,200.00000000000017,188.50000000000017,TP,2025-09-23
SUI,2025-09-25 05:00:00+00:00,2025-09-25 11:00:00+00:00,-1,3.2488,3.183824,200.00000000000017,188.50000000000017,TP,2025-09-25
SUI,2025-09-25 18:00:00+00:00,2025-09-25 18:00:00+00:00,-1,3.0862,3.1479239999999997,-200.00000000000017,-211.50000000000017,SL,2025-09-25
SUI,2025-09-26 15:00:00+00:00,2025-09-26 16:00:00+00:00,-1,3.1136,3.175872,-200.00000000000017,-211.50000000000017,SL,2025-09-26
SUI,2025-10-05 10:00:00+00:00,2025-10-05 19:00:00+00:00,-1,3.619,3.5466200000000003,200.00000000000017,188.50000000000017,TP,2025-10-05
SUI,2025-10-07 15:00:00+00:00,2025-10-07 18:00:00+00:00,-1,3.5223,3.451854,200.00000000000017,188.50000000000017,TP,2025-10-07
SUI,2025-10-09 14:00:00+00:00,2025-10-10 03:00:00+00:00,-1,3.3831,3.450762,-200.00000000000017,-211.50000000000017,SL,2025-10-09
SUI,2025-10-10 15:00:00+00:00,2025-10-10 15:00:00+00:00,-1,3.4391,3.3703179999999997,200.00000000000017,188.50000000000017,TP,2025-10-10
SUI,2025-10-10 16:00:00+00:00,2025-10-10 19:00:00+00:00,-1,3.3007,3.234686,200.00000000000017,188.50000000000017,TP,2025-10-10
SUI,2025-10-10 21:00:00+00:00,2025-10-10 21:00:00+00:00,-1,3.0715,3.01007,200.00000000000017,188.50000000000017,TP,2025-10-10
SUI,2025-10-11 02:00:00+00:00,2025-10-11 02:00:00+00:00,-1,2.5589,2.610078,-200.00000000000017,-211.50000000000017,SL,2025-10-11
SUI,2025-10-11 08:00:00+00:00,2025-10-11 08:00:00+00:00,-1,2.704,2.75808,-200.00000000000017,-211.50000000000017,SL,2025-10-11
SUI,2025-10-16 16:00:00+00:00,2025-10-16 16:00:00+00:00,-1,2.5887,2.6404739999999998,-200.00000000000017,-211.50000000000017,SL,2025-10-16
SUI,2025-10-17 07:00:00+00:00,2025-10-17 07:00:00+00:00,-1,2.4234,2.374932,200.00000000000128,188.50000000000128,TP,2025-10-17
SUI,2025-10-21 05:00:00+00:00,2025-10-21 14:00:00+00:00,-1,2.4825,2.53215,-200.00000000000017,-211.50000000000017,SL,2025-10-21
SUI,2025-10-21 23:00:00+00:00,2025-10-22 00:00:00+00:00,-1,2.5181,2.4677379999999998,200.00000000000128,188.50000000000128,TP,2025-10-21
SUI,2025-10-28 20:00:00+00:00,2025-10-28 20:00:00+00:00,-1,2.5403,2.4894939999999997,200.00000000000017,188.50000000000017,TP,2025-10-28
SUI,2025-10-29 16:00:00+00:00,2025-10-29 17:00:00+00:00,-1,2.4928,2.542656,-200.00000000000017,-211.50000000000017,SL,2025-10-29
SUI,2025-10-29 19:00:00+00:00,2025-10-29 20:00:00+00:00,-1,2.5291,2.579682,-200.00000000000017,-211.50000000000017,SL,2025-10-29
SUI,2025-10-30 00:00:00+00:00,2025-10-30 04:00:00+00:00,-1,2.5103,2.460094,200.00000000000128,188.50000000000128,TP,2025-10-30
SUI,2025-10-30 05:00:00+00:00,2025-10-30 05:00:00+00:00,-1,2.4319,2.480538,-200.00000000000017,-211.50000000000017,SL,2025-10-30
SUI,2025-10-30 13:00:00+00:00,2025-10-30 13:00:00+00:00,-1,2.3766,2.329068,200.00000000000017,188.50000000000017,TP,2025-10-30
SUI,2025-10-31 17:00:00+00:00,2025-10-31 19:00:00+00:00,-1,2.3109,2.3571180000000003,-200.00000000000017,-211.50000000000017,SL,2025-10-31
SUI,2025-11-03 16:00:00+00:00,2025-11-03 16:00:00+00:00,-1,2.0436,2.0844720000000003,-200.00000000000017,-211.50000000000017,SL,2025-11-03
SUI,2025-11-04 06:00:00+00:00,2025-11-04 06:00:00+00:00,-1,1.9823,2.021946,-200.00000000000017,-211.50000000000017,SL,2025-11-04
SUI,2025-11-10 15:00:00+00:00,2025-11-11 01:00:00+00:00,-1,2.1484,2.191368,-200.00000000000017,-211.50000000000017,SL,2025-11-10
SUI,2025-11-12 16:00:00+00:00,2025-11-12 17:00:00+00:00,-1,1.9959,1.9559819999999999,200.00000000000017,188.50000000000017,TP,2025-11-12
SUI,2025-11-13 16:00:00+00:00,2025-11-13 16:00:00+00:00,-1,1.9923,1.952454,200.00000000000017,188.50000000000017,TP,2025-11-13
SUI,2025-11-14 05:00:00+00:00,2025-11-14 06:00:00+00:00,-1,1.7991,1.8350819999999999,-200.00000000000017,-211.50000000000017,SL,2025-11-14
SUI,2025-11-14 21:00:00+00:00,2025-11-14 23:00:00+00:00,-1,1.7537,1.718626,200.00000000000017,188.50000000000017,TP,2025-11-14
SUI,2025-11-17 14:00:00+00:00,2025-11-17 14:00:00+00:00,-1,1.6385,1.67127,-200.00000000000017,-211.50000000000017,SL,2025-11-17
SUI,2025-11-17 18:00:00+00:00,2025-11-17 18:00:00+00:00,-1,1.6442,1.611316,200.00000000000128,188.50000000000128,TP,2025-11-17
SUI,2025-11-19 16:00:00+00:00,2025-11-19 16:00:00+00:00,-1,1.5828,1.5511439999999999,200.00000000000128,188.50000000000128,TP,2025-11-19
SUI,2025-11-20 17:00:00+00:00,2025-11-20 19:00:00+00:00,-1,1.5168,1.486464,199.99999999999906,188.49999999999906,TP,2025-11-20
SUI,2025-11-21 00:00:00+00:00,2025-11-21 04:00:00+00:00,-1,1.4955,1.46559,200.00000000000017,188.50000000000017,TP,2025-11-21
SUI,2025-11-21 08:00:00+00:00,2025-11-21 09:00:00+00:00,-1,1.3898,1.362004,199.99999999999906,188.49999999999906,TP,2025-11-21
SUI,2025-11-21 10:00:00+00:00,2025-11-21 11:00:00+00:00,-1,1.3588,1.331624,200.00000000000017,188.50000000000017,TP,2025-11-21
SUI,2025-11-21 16:00:00+00:00,2025-11-21 16:00:00+00:00,-1,1.3603,1.3875060000000001,-200.00000000000017,-211.50000000000017,SL,2025-11-21
SUI,2025-11-28 17:00:00+00:00,2025-11-28 18:00:00+00:00,-1,1.542,1.51116,200.00000000000017,188.50000000000017,TP,2025-11-28
SUI,2025-12-01 01:00:00+00:00,2025-12-01 01:00:00+00:00,-1,1.3853,1.413006,-200.00000000000017,-211.50000000000017,SL,2025-12-01
SUI,2025-12-01 16:00:00+00:00,2025-12-01 22:00:00+00:00,-1,1.3282,1.354764,-200.00000000000017,-211.50000000000017,SL,2025-12-01
SUI,2025-12-05 17:00:00+00:00,2025-12-05 19:00:00+00:00,-1,1.57,1.5386,200.00000000000017,188.50000000000017,TP,2025-12-05
SUI,2025-12-12 16:00:00+00:00,2025-12-13 08:00:00+00:00,-1,1.564,1.59528,-200.00000000000017,-211.50000000000017,SL,2025-12-12
SUI,2025-12-15 15:00:00+00:00,2025-12-15 15:00:00+00:00,-1,1.5252,1.4946959999999998,200.00000000000017,188.50000000000017,TP,2025-12-15
SUI,2025-12-17 16:00:00+00:00,2025-12-17 16:00:00+00:00,-1,1.4727,1.4432459999999998,200.00000000000017,188.50000000000017,TP,2025-12-17
SUI,2025-12-18 18:00:00+00:00,2025-12-18 19:00:00+00:00,-1,1.3778,1.350244,199.99999999999906,188.49999999999906,TP,2025-12-18
SUI,2025-12-18 20:00:00+00:00,2025-12-18 21:00:00+00:00,-1,1.33,1.3566,-200.00000000000017,-211.50000000000017,SL,2025-12-18
SUI,2025-12-26 15:00:00+00:00,2025-12-27 04:00:00+00:00,-1,1.3813,1.408926,-200.00000000000017,-211.50000000000017,SL,2025-12-26
SUI,2025-12-29 10:00:00+00:00,2025-12-29 19:00:00+00:00,-1,1.46,1.4307999999999998,200.00000000000128,188.50000000000128,TP,2025-12-29
SUI,2026-01-06 17:00:00+00:00,2026-01-06 17:00:00+00:00,-1,1.8571,1.819958,200.00000000000017,188.50000000000017,TP,2026-01-06
SUI,2026-01-06 18:00:00+00:00,2026-01-06 18:00:00+00:00,-1,1.8163,1.852626,-200.00000000000017,-211.50000000000017,SL,2026-01-06
SUI,2026-01-07 01:00:00+00:00,2026-01-07 07:00:00+00:00,-1,1.8717,1.9091339999999999,-200.00000000000017,-211.50000000000017,SL,2026-01-07
SUI,2026-01-07 10:00:00+00:00,2026-01-07 12:00:00+00:00,-1,1.9297,1.891106,200.00000000000017,188.50000000000017,TP,2026-01-07
SUI,2026-01-08 07:00:00+00:00,2026-01-08 07:00:00+00:00,-1,1.7708,1.806216,-200.00000000000017,-211.50000000000017,SL,2026-01-08
SUI,2026-01-19 00:00:00+00:00,2026-01-19 00:00:00+00:00,-1,1.694,1.6601199999999998,200.00000000000128,188.50000000000128,TP,2026-01-19
SUI,2026-01-19 01:00:00+00:00,2026-01-19 06:00:00+00:00,-1,1.5868,1.555064,200.00000000000017,188.50000000000017,TP,2026-01-19
SUI,2026-01-20 23:00:00+00:00,2026-01-21 00:00:00+00:00,-1,1.4792,1.5087840000000001,-200.00000000000017,-211.50000000000017,SL,2026-01-20
SUI,2026-01-21 17:00:00+00:00,2026-01-21 18:00:00+00:00,-1,1.4465,1.47543,-200.00000000000017,-211.50000000000017,SL,2026-01-21
SUI,2026-01-27 18:00:00+00:00,2026-01-27 20:00:00+00:00,-1,1.4271,1.455642,-200.00000000000017,-211.50000000000017,SL,2026-01-27
SUI,2026-01-29 15:00:00+00:00,2026-01-29 15:00:00+00:00,-1,1.3277,1.3011460000000001,200.00000000000017,188.50000000000017,TP,2026-01-29
SUI,2026-01-29 16:00:00+00:00,2026-01-29 17:00:00+00:00,-1,1.2955,1.3214100000000002,-200.00000000000017,-211.50000000000017,SL,2026-01-29
SUI,2026-01-29 18:00:00+00:00,2026-01-29 18:00:00+00:00,-1,1.3134,1.287132,200.00000000000017,188.50000000000017,TP,2026-01-29
SUI,2026-01-30 02:00:00+00:00,2026-01-30 02:00:00+00:00,-1,1.3014,1.275372,199.99999999999906,188.49999999999906,TP,2026-01-30
SUI,2026-01-31 15:00:00+00:00,2026-01-31 17:00:00+00:00,-1,1.1682,1.144836,199.99999999999906,188.49999999999906,TP,2026-01-31
SUI,2026-01-31 18:00:00+00:00,2026-01-31 18:00:00+00:00,-1,1.114,1.09172,200.00000000000017,188.50000000000017,TP,2026-01-31
SUI,2026-02-02 03:00:00+00:00,2026-02-02 03:00:00+00:00,-1,1.1099,1.0877020000000002,199.99999999999906,188.49999999999906,TP,2026-02-02
SUI,2026-02-03 03:00:00+00:00,2026-02-03 04:00:00+00:00,-1,1.1214,1.143828,-200.00000000000017,-211.50000000000017,SL,2026-02-03
SUI,2026-02-03 17:00:00+00:00,2026-02-03 17:00:00+00:00,-1,1.1286,1.106028,200.00000000000017,188.50000000000017,TP,2026-02-03
SUI,2026-02-03 18:00:00+00:00,2026-02-03 18:00:00+00:00,-1,1.0979,1.0759420000000002,199.99999999999906,188.49999999999906,TP,2026-02-03
SUI,2026-02-03 19:00:00+00:00,2026-02-03 19:00:00+00:00,-1,1.0744,1.095888,-200.00000000000017,-211.50000000000017,SL,2026-02-03
SUI,2026-02-05 16:00:00+00:00,2026-02-05 16:00:00+00:00,-1,0.9598,0.978996,-200.00000000000017,-211.50000000000017,SL,2026-02-05
SUI,2026-02-05 18:00:00+00:00,2026-02-05 19:00:00+00:00,-1,0.9397,0.920906,200.00000000000017,188.50000000000017,TP,2026-02-05
SUI,2026-02-05 21:00:00+00:00,2026-02-05 21:00:00+00:00,-1,0.893,0.91086,-200.00000000000017,-211.50000000000017,SL,2026-02-05
SUI,2026-02-16 14:00:00+00:00,2026-02-16 21:00:00+00:00,-1,0.9643,0.9835860000000001,-200.00000000000017,-211.50000000000017,SL,2026-02-16
SUI,2026-02-17 15:00:00+00:00,2026-02-17 16:00:00+00:00,-1,0.9568,0.975936,-200.00000000000017,-211.50000000000017,SL,2026-02-17
SUI,2026-02-23 01:00:00+00:00,2026-02-23 01:00:00+00:00,-1,0.9082,0.8900359999999999,200.00000000000128,188.50000000000128,TP,2026-02-23
SUI,2026-02-23 02:00:00+00:00,2026-02-23 06:00:00+00:00,-1,0.8624,0.8796480000000001,-200.00000000000017,-211.50000000000017,SL,2026-02-23
SUI,2026-02-28 07:00:00+00:00,2026-02-28 07:00:00+00:00,-1,0.841,0.85782,-200.00000000000017,-211.50000000000017,SL,2026-02-28
SUI,2026-03-13 15:00:00+00:00,2026-03-13 17:00:00+00:00,-1,1.0251,1.0045979999999999,200.00000000000017,188.50000000000017,TP,2026-03-13
SUI,2026-03-18 12:00:00+00:00,2026-03-18 14:00:00+00:00,-1,1.0021,0.982058,200.00000000000017,188.50000000000017,TP,2026-03-18
SUI,2026-03-18 15:00:00+00:00,2026-03-19 07:00:00+00:00,-1,0.9751,0.955598,200.00000000000017,188.50000000000017,TP,2026-03-18
SUI,2026-03-22 00:00:00+00:00,2026-03-22 18:00:00+00:00,-1,0.9323,0.913654,200.00000000000017,188.50000000000017,TP,2026-03-22
SUI,2026-03-23 07:00:00+00:00,2026-03-23 11:00:00+00:00,-1,0.9013,0.919326,-200.00000000000017,-211.50000000000017,SL,2026-03-23
SUI,2026-03-23 16:00:00+00:00,2026-03-24 14:00:00+00:00,-1,0.9516,0.932568,200.00000000000017,188.50000000000017,TP,2026-03-23
SUI,2026-03-27 11:00:00+00:00,2026-03-27 19:00:00+00:00,-1,0.89,0.8722,200.00000000000017,188.50000000000017,TP,2026-03-27
SUI,2026-03-29 23:00:00+00:00,2026-03-30 00:00:00+00:00,-1,0.8403,0.857106,-200.00000000000017,-211.50000000000017,SL,2026-03-29
SUI,2026-03-31 15:00:00+00:00,2026-03-31 17:00:00+00:00,-1,0.8599,0.877098,-200.00000000000017,-211.50000000000017,SL,2026-03-31
SUI,2026-04-02 02:00:00+00:00,2026-04-02 08:00:00+00:00,-1,0.8687,0.851326,200.00000000000017,188.50000000000017,TP,2026-04-02
SUI,2026-04-07 11:00:00+00:00,2026-04-07 19:00:00+00:00,-1,0.8696,0.886992,-200.00000000000017,-211.50000000000017,SL,2026-04-07
SUI,2026-04-08 19:00:00+00:00,2026-04-09 01:00:00+00:00,-1,0.9206,0.902188,200.00000000000017,188.50000000000017,TP,2026-04-08
SUI,2026-04-12 02:00:00+00:00,2026-04-13 02:00:00+00:00,-1,0.9105,0.9054,56.01317957166341,44.51317957166341,TIME,2026-04-12
SUI,2026-04-16 14:00:00+00:00,2026-04-16 16:00:00+00:00,-1,0.9679,0.987258,-200.00000000000017,-211.50000000000017,SL,2026-04-16
TAO,2025-07-01 15:00:00+00:00,2025-07-01 22:00:00+00:00,-1,323.96,317.4808,200.00000000000017,188.50000000000017,TP,2025-07-01
TAO,2025-07-04 14:00:00+00:00,2025-07-05 14:00:00+00:00,-1,320.39,322.97,-80.52685789194491,-92.02685789194491,TIME,2025-07-04
TAO,2025-07-09 21:00:00+00:00,2025-07-09 21:00:00+00:00,-1,340.87,347.6874,-200.00000000000017,-211.50000000000017,SL,2025-07-09
TAO,2025-07-14 16:00:00+00:00,2025-07-15 03:00:00+00:00,-1,408.6,400.428,200.00000000000017,188.50000000000017,TP,2025-07-14
TAO,2025-07-15 15:00:00+00:00,2025-07-15 15:00:00+00:00,-1,421.55,429.981,-200.00000000000017,-211.50000000000017,SL,2025-07-15
TAO,2025-07-22 14:00:00+00:00,2025-07-22 14:00:00+00:00,-1,428.6,437.172,-200.00000000000017,-211.50000000000017,SL,2025-07-22
TAO,2025-07-25 03:00:00+00:00,2025-07-25 09:00:00+00:00,-1,408.46,416.62919999999997,-200.00000000000017,-211.50000000000017,SL,2025-07-25
TAO,2025-07-25 15:00:00+00:00,2025-07-25 19:00:00+00:00,-1,405.67,413.78340000000003,-200.00000000000017,-211.50000000000017,SL,2025-07-25
TAO,2025-07-30 19:00:00+00:00,2025-07-30 19:00:00+00:00,-1,363.53,370.8006,-200.00000000000017,-211.50000000000017,SL,2025-07-30
TAO,2025-07-31 20:00:00+00:00,2025-07-31 21:00:00+00:00,-1,364.65,357.35699999999997,200.00000000000017,188.50000000000017,TP,2025-07-31
TAO,2025-08-01 14:00:00+00:00,2025-08-01 14:00:00+00:00,-1,343.71,350.5842,-200.00000000000017,-211.50000000000017,SL,2025-08-01
TAO,2025-08-05 15:00:00+00:00,2025-08-06 15:00:00+00:00,-1,339.82,346.6164,-200.00000000000017,-211.50000000000017,SL,2025-08-05
TAO,2025-08-14 13:00:00+00:00,2025-08-14 13:00:00+00:00,-1,365.58,372.8916,-200.00000000000017,-211.50000000000017,SL,2025-08-14
TAO,2025-08-19 15:00:00+00:00,2025-08-20 01:00:00+00:00,-1,347.24,340.2952,199.99999999999906,188.49999999999906,TP,2025-08-19
TAO,2025-08-20 14:00:00+00:00,2025-08-20 15:00:00+00:00,-1,339.76,346.5552,-200.00000000000017,-211.50000000000017,SL,2025-08-20
TAO,2025-08-24 20:00:00+00:00,2025-08-24 20:00:00+00:00,-1,363.8,356.524,200.00000000000017,188.50000000000017,TP,2025-08-24
TAO,2025-08-25 20:00:00+00:00,2025-08-25 20:00:00+00:00,-1,326.6,320.06800000000004,199.99999999999906,188.49999999999906,TP,2025-08-25
TAO,2025-08-29 08:00:00+00:00,2025-08-29 09:00:00+00:00,-1,322.16,315.71680000000003,200.00000000000017,188.50000000000017,TP,2025-08-29
TAO,2025-08-29 14:00:00+00:00,2025-08-30 14:00:00+00:00,-1,319.62,322.03,-75.40203992240757,-86.90203992240757,TIME,2025-08-29
TAO,2025-09-01 22:00:00+00:00,2025-09-02 01:00:00+00:00,-1,305.46,311.56919999999997,-200.00000000000017,-211.50000000000017,SL,2025-09-01
TAO,2025-09-05 15:00:00+00:00,2025-09-06 15:00:00+00:00,-1,316.78,314.7,65.6607109034657,54.1607109034657,TIME,2025-09-05
TAO,2025-09-09 15:00:00+00:00,2025-09-09 15:00:00+00:00,-1,339.95,333.151,199.99999999999906,188.49999999999906,TP,2025-09-09
TAO,2025-09-15 00:00:00+00:00,2025-09-15 08:00:00+00:00,-1,350.25,343.245,200.00000000000017,188.50000000000017,TP,2025-09-15
TAO,2025-09-15 09:00:00+00:00,2025-09-16 09:00:00+00:00,-1,339.5,342.87,-99.26362297496327,-110.76362297496327,TIME,2025-09-15
TAO,2025-09-22 01:00:00+00:00,2025-09-22 05:00:00+00:00,-1,326.25,319.72499999999997,200.00000000000128,188.50000000000128,TP,2025-09-22
TAO,2025-09-22 06:00:00+00:00,2025-09-22 06:00:00+00:00,-1,318.36,311.9928,200.00000000000128,188.50000000000128,TP,2025-09-22
TAO,2025-09-22 07:00:00+00:00,2025-09-22 08:00:00+00:00,-1,312.32,306.0736,200.00000000000017,188.50000000000017,TP,2025-09-22
TAO,2025-09-23 18:00:00+00:00,2025-09-24 14:00:00+00:00,-1,309.04,315.22080000000005,-200.00000000000017,-211.50000000000017,SL,2025-09-23
TAO,2025-09-25 05:00:00+00:00,2025-09-25 12:00:00+00:00,-1,301.29,295.2642,200.00000000000017,188.50000000000017,TP,2025-09-25
TAO,2025-09-25 18:00:00+00:00,2025-09-25 18:00:00+00:00,-1,291.51,297.3402,-200.00000000000017,-211.50000000000017,SL,2025-09-25
TAO,2025-09-26 15:00:00+00:00,2025-09-26 16:00:00+00:00,-1,292.4,298.248,-200.00000000000017,-211.50000000000017,SL,2025-09-26
TAO,2025-10-05 10:00:00+00:00,2025-10-05 17:00:00+00:00,-1,324.28,317.79439999999994,200.00000000000128,188.50000000000128,TP,2025-10-05
TAO,2025-10-07 15:00:00+00:00,2025-10-07 15:00:00+00:00,-1,337.06,330.3188,200.00000000000017,188.50000000000017,TP,2025-10-07
TAO,2025-10-09 14:00:00+00:00,2025-10-09 17:00:00+00:00,-1,324.92,331.4184,-200.00000000000017,-211.50000000000017,SL,2025-10-09
TAO,2025-10-10 15:00:00+00:00,2025-10-10 15:00:00+00:00,-1,388.24,380.47520000000003,199.99999999999906,188.49999999999906,TP,2025-10-10
TAO,2025-10-10 16:00:00+00:00,2025-10-10 19:00:00+00:00,-1,374.08,366.59839999999997,200.00000000000017,188.50000000000017,TP,2025-10-10
TAO,2025-10-10 21:00:00+00:00,2025-10-10 21:00:00+00:00,-1,343.53,350.4006,-200.00000000000017,-211.50000000000017,SL,2025-10-10
TAO,2025-10-11 02:00:00+00:00,2025-10-11 02:00:00+00:00,-1,278.23,283.7946,-200.00000000000017,-211.50000000000017,SL,2025-10-11
TAO,2025-10-16 16:00:00+00:00,2025-10-16 16:00:00+00:00,-1,393.94,401.8188,-200.00000000000017,-211.50000000000017,SL,2025-10-16
TAO,2025-10-17 07:00:00+00:00,2025-10-17 07:00:00+00:00,-1,358.91,351.7318,200.00000000000017,188.50000000000017,TP,2025-10-17
TAO,2025-10-21 05:00:00+00:00,2025-10-21 10:00:00+00:00,-1,407.61,399.4578,200.00000000000017,188.50000000000017,TP,2025-10-21
TAO,2025-10-21 23:00:00+00:00,2025-10-21 23:00:00+00:00,-1,388.16,380.39680000000004,199.99999999999906,188.49999999999906,TP,2025-10-21
TAO,2025-10-28 20:00:00+00:00,2025-10-28 20:00:00+00:00,-1,434.15,425.467,200.00000000000017,188.50000000000017,TP,2025-10-28
TAO,2025-10-29 16:00:00+00:00,2025-10-29 16:00:00+00:00,-1,424.9,433.39799999999997,-200.00000000000017,-211.50000000000017,SL,2025-10-29
TAO,2025-10-29 19:00:00+00:00,2025-10-29 20:00:00+00:00,-1,427.93,436.4886,-200.00000000000017,-211.50000000000017,SL,2025-10-29
TAO,2025-10-30 00:00:00+00:00,2025-10-30 00:00:00+00:00,-1,440.79,449.60580000000004,-200.00000000000017,-211.50000000000017,SL,2025-10-30
TAO,2025-10-30 05:00:00+00:00,2025-10-30 07:00:00+00:00,-1,439.43,448.21860000000004,-200.00000000000017,-211.50000000000017,SL,2025-10-30
TAO,2025-10-30 13:00:00+00:00,2025-10-30 13:00:00+00:00,-1,423.55,415.079,200.00000000000017,188.50000000000017,TP,2025-10-30
TAO,2025-10-31 17:00:00+00:00,2025-10-31 17:00:00+00:00,-1,475.59,485.10179999999997,-200.00000000000017,-211.50000000000017,SL,2025-10-31
TAO,2025-11-03 16:00:00+00:00,2025-11-03 16:00:00+00:00,-1,466.06,475.38120000000004,-200.00000000000017,-211.50000000000017,SL,2025-11-03
TAO,2025-11-04 06:00:00+00:00,2025-11-04 06:00:00+00:00,-1,427.04,435.5808,-200.00000000000017,-211.50000000000017,SL,2025-11-04
TAO,2025-11-10 15:00:00+00:00,2025-11-10 16:00:00+00:00,-1,376.78,369.2444,200.00000000000017,188.50000000000017,TP,2025-11-10
TAO,2025-11-12 16:00:00+00:00,2025-11-12 17:00:00+00:00,-1,358.09,350.92819999999995,200.00000000000128,188.50000000000128,TP,2025-11-12
TAO,2025-11-13 16:00:00+00:00,2025-11-13 16:00:00+00:00,-1,346.62,339.6876,200.00000000000128,188.50000000000128,TP,2025-11-13
TAO,2025-11-14 05:00:00+00:00,2025-11-14 10:00:00+00:00,-1,332.16,325.51680000000005,199.99999999999906,188.49999999999906,TP,2025-11-14
TAO,2025-11-14 21:00:00+00:00,2025-11-14 22:00:00+00:00,-1,334.01,340.6902,-200.00000000000017,-211.50000000000017,SL,2025-11-14
TAO,2025-11-17 14:00:00+00:00,2025-11-17 14:00:00+00:00,-1,314.6,320.89200000000005,-200.00000000000017,-211.50000000000017,SL,2025-11-17
TAO,2025-11-17 18:00:00+00:00,2025-11-17 19:00:00+00:00,-1,316.62,310.2876,200.00000000000017,188.50000000000017,TP,2025-11-17
TAO,2025-11-19 16:00:00+00:00,2025-11-19 16:00:00+00:00,-1,318.55,312.17900000000003,199.99999999999906,188.49999999999906,TP,2025-11-19
TAO,2025-11-20 17:00:00+00:00,2025-11-20 19:00:00+00:00,-1,306.8,300.664,200.00000000000128,188.50000000000128,TP,2025-11-20
TAO,2025-11-21 00:00:00+00:00,2025-11-21 01:00:00+00:00,-1,305.18,311.28360000000004,-200.00000000000017,-211.50000000000017,SL,2025-11-21
TAO,2025-11-21 03:00:00+00:00,2025-11-21 07:00:00+00:00,-1,302.49,296.4402,200.00000000000017,188.50000000000017,TP,2025-11-21
TAO,2025-11-21 08:00:00+00:00,2025-11-21 09:00:00+00:00,-1,283.71,278.0358,199.99999999999906,188.49999999999906,TP,2025-11-21
TAO,2025-11-21 10:00:00+00:00,2025-11-21 11:00:00+00:00,-1,275.63,270.1174,200.00000000000128,188.50000000000128,TP,2025-11-21
TAO,2025-11-21 16:00:00+00:00,2025-11-21 16:00:00+00:00,-1,273.2,278.664,-200.00000000000017,-211.50000000000017,SL,2025-11-21
TAO,2025-11-28 17:00:00+00:00,2025-11-28 17:00:00+00:00,-1,303.88,297.8024,200.00000000000017,188.50000000000017,TP,2025-11-28
TAO,2025-12-01 01:00:00+00:00,2025-12-01 11:00:00+00:00,-1,270.32,264.9136,200.00000000000017,188.50000000000017,TP,2025-12-01
TAO,2025-12-01 16:00:00+00:00,2025-12-01 21:00:00+00:00,-1,260.31,265.5162,-200.00000000000017,-211.50000000000017,SL,2025-12-01
TAO,2025-12-05 17:00:00+00:00,2025-12-06 16:00:00+00:00,-1,275.6,281.112,-200.00000000000017,-211.50000000000017,SL,2025-12-05
TAO,2025-12-12 16:00:00+00:00,2025-12-13 01:00:00+00:00,-1,288.63,294.4026,-200.00000000000017,-211.50000000000017,SL,2025-12-12
TAO,2025-12-15 15:00:00+00:00,2025-12-15 15:00:00+00:00,-1,276.23,270.7054,200.00000000000128,188.50000000000128,TP,2025-12-15
TAO,2025-12-17 16:00:00+00:00,2025-12-17 16:00:00+00:00,-1,243.73,238.85539999999997,200.00000000000017,188.50000000000017,TP,2025-12-17
TAO,2025-12-18 18:00:00+00:00,2025-12-18 18:00:00+00:00,-1,225.67,221.1566,199.99999999999906,188.49999999999906,TP,2025-12-18
TAO,2025-12-18 20:00:00+00:00,2025-12-19 03:00:00+00:00,-1,218.49,222.8598,-200.00000000000017,-211.50000000000017,SL,2025-12-18
TAO,2025-12-26 15:00:00+00:00,2025-12-27 15:00:00+00:00,-1,218.82,220.52,-77.68942509825516,-89.18942509825516,TIME,2025-12-26
TAO,2025-12-29 10:00:00+00:00,2025-12-29 20:00:00+00:00,-1,223.13,218.6674,200.00000000000017,188.50000000000017,TP,2025-12-29
TAO,2026-01-06 17:00:00+00:00,2026-01-06 17:00:00+00:00,-1,285.06,279.3588,200.00000000000128,188.50000000000128,TP,2026-01-06
TAO,2026-01-06 18:00:00+00:00,2026-01-06 19:00:00+00:00,-1,277.32,282.8664,-200.00000000000017,-211.50000000000017,SL,2026-01-06
TAO,2026-01-07 01:00:00+00:00,2026-01-07 04:00:00+00:00,-1,286.47,280.74060000000003,200.00000000000017,188.50000000000017,TP,2026-01-07
TAO,2026-01-07 10:00:00+00:00,2026-01-07 14:00:00+00:00,-1,276.8,271.264,200.00000000000017,188.50000000000017,TP,2026-01-07
TAO,2026-01-19 00:00:00+00:00,2026-01-19 00:00:00+00:00,-1,261.85,256.613,200.00000000000128,188.50000000000128,TP,2026-01-19
TAO,2026-01-19 01:00:00+00:00,2026-01-19 18:00:00+00:00,-1,250.03,255.0306,-200.00000000000017,-211.50000000000017,SL,2026-01-19
TAO,2026-01-20 23:00:00+00:00,2026-01-21 00:00:00+00:00,-1,234.82,239.5164,-200.00000000000017,-211.50000000000017,SL,2026-01-20
TAO,2026-01-21 17:00:00+00:00,2026-01-21 18:00:00+00:00,-1,230.04,234.64079999999998,-200.00000000000017,-211.50000000000017,SL,2026-01-21
TAO,2026-01-27 18:00:00+00:00,2026-01-27 18:00:00+00:00,-1,229.29,233.8758,-200.00000000000017,-211.50000000000017,SL,2026-01-27
TAO,2026-01-29 15:00:00+00:00,2026-01-29 15:00:00+00:00,-1,222.3,217.854,200.00000000000017,188.50000000000017,TP,2026-01-29
TAO,2026-01-29 16:00:00+00:00,2026-01-29 17:00:00+00:00,-1,219.22,223.6044,-200.00000000000017,-211.50000000000017,SL,2026-01-29
TAO,2026-01-29 18:00:00+00:00,2026-01-29 19:00:00+00:00,-1,219.68,215.28640000000001,200.00000000000017,188.50000000000017,TP,2026-01-29
TAO,2026-01-30 02:00:00+00:00,2026-01-30 02:00:00+00:00,-1,217.88,213.5224,199.99999999999906,188.49999999999906,TP,2026-01-30
TAO,2026-01-31 15:00:00+00:00,2026-01-31 16:00:00+00:00,-1,197.03,200.97060000000002,-200.00000000000017,-211.50000000000017,SL,2026-01-31
TAO,2026-01-31 18:00:00+00:00,2026-01-31 18:00:00+00:00,-1,189.16,185.3768,200.00000000000017,188.50000000000017,TP,2026-01-31
TAO,2026-02-02 03:00:00+00:00,2026-02-02 03:00:00+00:00,-1,190.48,186.6704,199.99999999999906,188.49999999999906,TP,2026-02-02
TAO,2026-02-03 03:00:00+00:00,2026-02-03 03:00:00+00:00,-1,193.94,197.8188,-200.00000000000017,-211.50000000000017,SL,2026-02-03
TAO,2026-02-03 17:00:00+00:00,2026-02-03 17:00:00+00:00,-1,192.74,188.8852,200.00000000000017,188.50000000000017,TP,2026-02-03
TAO,2026-02-03 18:00:00+00:00,2026-02-03 18:00:00+00:00,-1,188.89,185.11219999999997,200.00000000000017,188.50000000000017,TP,2026-02-03
TAO,2026-02-03 19:00:00+00:00,2026-02-03 19:00:00+00:00,-1,184.66,188.3532,-200.00000000000017,-211.50000000000017,SL,2026-02-03
TAO,2026-02-05 16:00:00+00:00,2026-02-05 17:00:00+00:00,-1,171.48,168.0504,200.00000000000017,188.50000000000017,TP,2026-02-05
TAO,2026-02-05 18:00:00+00:00,2026-02-05 18:00:00+00:00,-1,166.93,163.5914,200.00000000000128,188.50000000000128,TP,2026-02-05
TAO,2026-02-05 21:00:00+00:00,2026-02-05 21:00:00+00:00,-1,159.99,163.18980000000002,-200.00000000000017,-211.50000000000017,SL,2026-02-05
TAO,2026-02-16 14:00:00+00:00,2026-02-16 19:00:00+00:00,-1,189.75,193.54500000000002,-200.00000000000017,-211.50000000000017,SL,2026-02-16
TAO,2026-02-23 01:00:00+00:00,2026-02-23 01:00:00+00:00,-1,170.57,167.15859999999998,200.00000000000128,188.50000000000128,TP,2026-02-23
TAO,2026-02-23 02:00:00+00:00,2026-02-23 09:00:00+00:00,-1,166.75,170.085,-200.00000000000017,-211.50000000000017,SL,2026-02-23
TAO,2026-02-28 07:00:00+00:00,2026-02-28 07:00:00+00:00,-1,168.69,172.06380000000001,-200.00000000000017,-211.50000000000017,SL,2026-02-28
TAO,2026-03-13 15:00:00+00:00,2026-03-13 15:00:00+00:00,-1,245.48,240.57039999999998,200.00000000000017,188.50000000000017,TP,2026-03-13
TAO,2026-03-18 12:00:00+00:00,2026-03-18 12:00:00+00:00,-1,276.49,270.9602,200.00000000000128,188.50000000000128,TP,2026-03-18
TAO,2026-03-18 15:00:00+00:00,2026-03-18 18:00:00+00:00,-1,265.9,271.21799999999996,-200.00000000000017,-211.50000000000017,SL,2026-03-18
TAO,2026-03-22 00:00:00+00:00,2026-03-22 00:00:00+00:00,-1,267.99,273.3498,-200.00000000000017,-211.50000000000017,SL,2026-03-22
TAO,2026-03-23 07:00:00+00:00,2026-03-23 09:00:00+00:00,-1,269.78,264.38439999999997,200.00000000000017,188.50000000000017,TP,2026-03-23
TAO,2026-03-23 16:00:00+00:00,2026-03-23 17:00:00+00:00,-1,280.05,285.651,-200.00000000000017,-211.50000000000017,SL,2026-03-23
TAO,2026-03-27 11:00:00+00:00,2026-03-27 12:00:00+00:00,-1,322.47,316.0206,200.00000000000128,188.50000000000128,TP,2026-03-27
TAO,2026-03-29 23:00:00+00:00,2026-03-30 00:00:00+00:00,-1,312.97,319.22940000000006,-200.00000000000017,-211.50000000000017,SL,2026-03-29
TAO,2026-03-31 15:00:00+00:00,2026-03-31 19:00:00+00:00,-1,303.14,309.20279999999997,-200.00000000000017,-211.50000000000017,SL,2026-03-31
TAO,2026-04-02 02:00:00+00:00,2026-04-02 03:00:00+00:00,-1,309.31,303.1238,199.99999999999906,188.49999999999906,TP,2026-04-02
TAO,2026-04-07 11:00:00+00:00,2026-04-07 20:00:00+00:00,-1,312.76,319.0152,-200.00000000000017,-211.50000000000017,SL,2026-04-07
TAO,2026-04-08 19:00:00+00:00,2026-04-08 22:00:00+00:00,-1,330.46,323.8508,199.99999999999906,188.49999999999906,TP,2026-04-08
TAO,2026-04-12 02:00:00+00:00,2026-04-12 14:00:00+00:00,-1,264.18,258.8964,199.99999999999906,188.49999999999906,TP,2026-04-12
TAO,2026-04-16 14:00:00+00:00,2026-04-16 14:00:00+00:00,-1,237.98,233.22039999999998,200.00000000000017,188.50000000000017,TP,2026-04-16
UNI,2025-07-01 15:00:00+00:00,2025-07-01 23:00:00+00:00,-1,6.932,6.79336,200.00000000000128,188.50000000000128,TP,2025-07-01
UNI,2025-07-04 14:00:00+00:00,2025-07-04 14:00:00+00:00,-1,7.211,7.0667800000000005,200.00000000000017,188.50000000000017,TP,2025-07-04
UNI,2025-07-09 21:00:00+00:00,2025-07-10 04:00:00+00:00,-1,8.318,8.151639999999999,200.00000000000128,188.50000000000128,TP,2025-07-09
UNI,2025-07-14 16:00:00+00:00,2025-07-14 17:00:00+00:00,-1,9.268,9.082640000000001,199.99999999999906,188.49999999999906,TP,2025-07-14
UNI,2025-07-15 15:00:00+00:00,2025-07-15 16:00:00+00:00,-1,8.978,9.15756,-200.00000000000017,-211.50000000000017,SL,2025-07-15
UNI,2025-07-22 14:00:00+00:00,2025-07-22 14:00:00+00:00,-1,10.314,10.52028,-200.00000000000017,-211.50000000000017,SL,2025-07-22
UNI,2025-07-25 03:00:00+00:00,2025-07-25 06:00:00+00:00,-1,9.829,10.025580000000001,-200.00000000000017,-211.50000000000017,SL,2025-07-25
UNI,2025-07-25 15:00:00+00:00,2025-07-25 20:00:00+00:00,-1,10.007,10.207139999999999,-200.00000000000017,-211.50000000000017,SL,2025-07-25
UNI,2025-07-30 19:00:00+00:00,2025-07-30 19:00:00+00:00,-1,9.883,9.685339999999998,200.00000000000128,188.50000000000128,TP,2025-07-30
UNI,2025-07-31 20:00:00+00:00,2025-07-31 22:00:00+00:00,-1,9.539,9.34822,200.00000000000017,188.50000000000017,TP,2025-07-31
UNI,2025-08-01 14:00:00+00:00,2025-08-01 14:00:00+00:00,-1,8.973,9.152460000000001,-200.00000000000017,-211.50000000000017,SL,2025-08-01
UNI,2025-08-05 15:00:00+00:00,2025-08-05 22:00:00+00:00,-1,9.576,9.38448,200.00000000000017,188.50000000000017,TP,2025-08-05
UNI,2025-08-14 13:00:00+00:00,2025-08-14 14:00:00+00:00,-1,10.95,11.168999999999999,-200.00000000000017,-211.50000000000017,SL,2025-08-14
UNI,2025-08-19 15:00:00+00:00,2025-08-19 17:00:00+00:00,-1,10.225,10.0205,199.99999999999906,188.49999999999906,TP,2025-08-19
UNI,2025-08-20 14:00:00+00:00,2025-08-20 14:00:00+00:00,-1,10.079,10.28058,-200.00000000000017,-211.50000000000017,SL,2025-08-20
UNI,2025-08-24 20:00:00+00:00,2025-08-24 20:00:00+00:00,-1,11.07,10.8486,200.00000000000128,188.50000000000128,TP,2025-08-24
UNI,2025-08-25 20:00:00+00:00,2025-08-26 02:00:00+00:00,-1,9.739,9.93378,-200.00000000000017,-211.50000000000017,SL,2025-08-25
UNI,2025-08-29 08:00:00+00:00,2025-08-29 09:00:00+00:00,-1,9.673,9.47954,200.00000000000017,188.50000000000017,TP,2025-08-29
UNI,2025-08-29 14:00:00+00:00,2025-08-30 06:00:00+00:00,-1,9.558,9.74916,-200.00000000000017,-211.50000000000017,SL,2025-08-29
UNI,2025-09-01 22:00:00+00:00,2025-09-02 01:00:00+00:00,-1,9.191,9.374820000000001,-200.00000000000017,-211.50000000000017,SL,2025-09-01
UNI,2025-09-05 15:00:00+00:00,2025-09-06 15:00:00+00:00,-1,9.345,9.268,82.3970037453181,70.8970037453181,TIME,2025-09-05
UNI,2025-09-09 15:00:00+00:00,2025-09-09 15:00:00+00:00,-1,9.591,9.39918,200.00000000000017,188.50000000000017,TP,2025-09-09
UNI,2025-09-15 00:00:00+00:00,2025-09-15 08:00:00+00:00,-1,9.406,9.217880000000001,199.99999999999906,188.49999999999906,TP,2025-09-15
UNI,2025-09-15 09:00:00+00:00,2025-09-16 01:00:00+00:00,-1,9.026,9.20652,-200.00000000000017,-211.50000000000017,SL,2025-09-15
UNI,2025-09-22 01:00:00+00:00,2025-09-22 05:00:00+00:00,-1,8.783,8.607339999999999,200.00000000000017,188.50000000000017,TP,2025-09-22
UNI,2025-09-22 06:00:00+00:00,2025-09-22 06:00:00+00:00,-1,8.481,8.31138,200.00000000000017,188.50000000000017,TP,2025-09-22
UNI,2025-09-22 07:00:00+00:00,2025-09-22 09:00:00+00:00,-1,8.246,8.08108,200.00000000000017,188.50000000000017,TP,2025-09-22
UNI,2025-09-23 18:00:00+00:00,2025-09-24 04:00:00+00:00,-1,8.057,7.89586,200.00000000000017,188.50000000000017,TP,2025-09-23
UNI,2025-09-25 05:00:00+00:00,2025-09-25 16:00:00+00:00,-1,7.659,7.50582,200.00000000000017,188.50000000000017,TP,2025-09-25
UNI,2025-09-25 18:00:00+00:00,2025-09-25 18:00:00+00:00,-1,7.328,7.47456,-200.00000000000017,-211.50000000000017,SL,2025-09-25
UNI,2025-09-26 15:00:00+00:00,2025-09-26 16:00:00+00:00,-1,7.388,7.53576,-200.00000000000017,-211.50000000000017,SL,2025-09-26
UNI,2025-10-05 10:00:00+00:00,2025-10-05 14:00:00+00:00,-1,8.357,8.18986,200.00000000000017,188.50000000000017,TP,2025-10-05
UNI,2025-10-07 15:00:00+00:00,2025-10-07 16:00:00+00:00,-1,7.923,7.76454,200.00000000000017,188.50000000000017,TP,2025-10-07
UNI,2025-10-09 14:00:00+00:00,2025-10-09 22:00:00+00:00,-1,7.752,7.90704,-200.00000000000017,-211.50000000000017,SL,2025-10-09
UNI,2025-10-10 15:00:00+00:00,2025-10-10 15:00:00+00:00,-1,8.029,7.8684199999999995,200.00000000000017,188.50000000000017,TP,2025-10-10
UNI,2025-10-10 16:00:00+00:00,2025-10-10 19:00:00+00:00,-1,7.749,7.5940199999999995,200.00000000000017,188.50000000000017,TP,2025-10-10
UNI,2025-10-10 21:00:00+00:00,2025-10-10 21:00:00+00:00,-1,6.975,6.8355,200.00000000000017,188.50000000000017,TP,2025-10-10
UNI,2025-10-11 02:00:00+00:00,2025-10-11 02:00:00+00:00,-1,5.602,5.714040000000001,-200.00000000000017,-211.50000000000017,SL,2025-10-11
UNI,2025-10-16 16:00:00+00:00,2025-10-16 16:00:00+00:00,-1,6.324,6.45048,-200.00000000000017,-211.50000000000017,SL,2025-10-16
UNI,2025-10-17 07:00:00+00:00,2025-10-17 07:00:00+00:00,-1,6.108,5.98584,200.00000000000017,188.50000000000017,TP,2025-10-17
UNI,2025-10-21 05:00:00+00:00,2025-10-21 12:00:00+00:00,-1,6.138,6.26076,-200.00000000000017,-211.50000000000017,SL,2025-10-21
UNI,2025-10-21 23:00:00+00:00,2025-10-22 05:00:00+00:00,-1,6.332,6.20536,200.00000000000017,188.50000000000017,TP,2025-10-21
UNI,2025-10-28 20:00:00+00:00,2025-10-28 21:00:00+00:00,-1,6.428,6.29944,200.00000000000017,188.50000000000017,TP,2025-10-28
UNI,2025-10-29 16:00:00+00:00,2025-10-29 17:00:00+00:00,-1,6.223,6.34746,-200.00000000000017,-211.50000000000017,SL,2025-10-29
UNI,2025-10-29 19:00:00+00:00,2025-10-30 03:00:00+00:00,-1,6.351,6.22398,200.00000000000017,188.50000000000017,TP,2025-10-29
UNI,2025-10-30 05:00:00+00:00,2025-10-30 07:00:00+00:00,-1,5.989,6.10878,-200.00000000000017,-211.50000000000017,SL,2025-10-30
UNI,2025-10-30 13:00:00+00:00,2025-10-30 15:00:00+00:00,-1,5.933,5.81434,200.00000000000017,188.50000000000017,TP,2025-10-30
UNI,2025-10-31 17:00:00+00:00,2025-10-31 19:00:00+00:00,-1,5.63,5.7426,-200.00000000000017,-211.50000000000017,SL,2025-10-31
UNI,2025-11-03 16:00:00+00:00,2025-11-03 16:00:00+00:00,-1,5.132,5.23464,-200.00000000000017,-211.50000000000017,SL,2025-11-03
UNI,2025-11-04 06:00:00+00:00,2025-11-04 06:00:00+00:00,-1,5.047,5.14794,-200.00000000000017,-211.50000000000017,SL,2025-11-04
UNI,2025-11-10 15:00:00+00:00,2025-11-10 15:00:00+00:00,-1,6.837,6.97374,-200.00000000000017,-211.50000000000017,SL,2025-11-10
UNI,2025-11-12 16:00:00+00:00,2025-11-12 16:00:00+00:00,-1,7.808,7.96416,-200.00000000000017,-211.50000000000017,SL,2025-11-12
UNI,2025-11-13 16:00:00+00:00,2025-11-13 16:00:00+00:00,-1,7.947,7.78806,200.00000000000017,188.50000000000017,TP,2025-11-13
UNI,2025-11-14 05:00:00+00:00,2025-11-14 05:00:00+00:00,-1,7.372,7.51944,-200.00000000000017,-211.50000000000017,SL,2025-11-14
UNI,2025-11-14 21:00:00+00:00,2025-11-14 22:00:00+00:00,-1,7.01,7.1502,-200.00000000000017,-211.50000000000017,SL,2025-11-14
UNI,2025-11-17 14:00:00+00:00,2025-11-17 14:00:00+00:00,-1,7.763,7.91826,-200.00000000000017,-211.50000000000017,SL,2025-11-17
UNI,2025-11-17 18:00:00+00:00,2025-11-17 18:00:00+00:00,-1,7.387,7.23926,200.00000000000017,188.50000000000017,TP,2025-11-17
UNI,2025-11-19 16:00:00+00:00,2025-11-19 21:00:00+00:00,-1,6.891,7.0288200000000005,-200.00000000000017,-211.50000000000017,SL,2025-11-19
UNI,2025-11-20 17:00:00+00:00,2025-11-20 17:00:00+00:00,-1,6.732,6.59736,200.00000000000017,188.50000000000017,TP,2025-11-20
UNI,2025-11-21 00:00:00+00:00,2025-11-21 01:00:00+00:00,-1,6.574,6.70548,-200.00000000000017,-211.50000000000017,SL,2025-11-21
UNI,2025-11-21 03:00:00+00:00,2025-11-21 07:00:00+00:00,-1,6.575,6.4435,200.00000000000017,188.50000000000017,TP,2025-11-21
UNI,2025-11-21 08:00:00+00:00,2025-11-21 11:00:00+00:00,-1,6.282,6.15636,199.99999999999906,188.49999999999906,TP,2025-11-21
UNI,2025-11-21 16:00:00+00:00,2025-11-21 16:00:00+00:00,-1,6.234,6.35868,-200.00000000000017,-211.50000000000017,SL,2025-11-21
UNI,2025-11-28 17:00:00+00:00,2025-11-29 17:00:00+00:00,-1,6.116,6.022,153.69522563767111,142.19522563767111,TIME,2025-11-28
UNI,2025-12-01 01:00:00+00:00,2025-12-01 03:00:00+00:00,-1,5.642,5.52916,200.00000000000017,188.50000000000017,TP,2025-12-01
UNI,2025-12-01 16:00:00+00:00,2025-12-01 19:00:00+00:00,-1,5.57,5.458600000000001,199.99999999999906,188.49999999999906,TP,2025-12-01
UNI,2025-12-05 17:00:00+00:00,2025-12-05 19:00:00+00:00,-1,5.552,5.44096,200.00000000000017,188.50000000000017,TP,2025-12-05
UNI,2025-12-12 16:00:00+00:00,2025-12-12 21:00:00+00:00,-1,5.276,5.38152,-200.00000000000017,-211.50000000000017,SL,2025-12-12
UNI,2025-12-15 15:00:00+00:00,2025-12-15 15:00:00+00:00,-1,5.218,5.11364,199.99999999999906,188.49999999999906,TP,2025-12-15
UNI,2025-12-17 16:00:00+00:00,2025-12-17 16:00:00+00:00,-1,5.076,4.97448,200.00000000000017,188.50000000000017,TP,2025-12-17
UNI,2025-12-18 18:00:00+00:00,2025-12-18 19:00:00+00:00,-1,5.106,5.00388,200.00000000000017,188.50000000000017,TP,2025-12-18
UNI,2025-12-18 20:00:00+00:00,2025-12-18 22:00:00+00:00,-1,4.9,4.998,-200.00000000000017,-211.50000000000017,SL,2025-12-18
UNI,2025-12-26 15:00:00+00:00,2025-12-27 01:00:00+00:00,-1,5.776,5.89152,-200.00000000000017,-211.50000000000017,SL,2025-12-26
UNI,2025-12-29 10:00:00+00:00,2025-12-29 18:00:00+00:00,-1,6.091,5.96918,200.00000000000128,188.50000000000128,TP,2025-12-29
UNI,2026-01-06 17:00:00+00:00,2026-01-06 17:00:00+00:00,-1,5.994,5.87412,200.00000000000017,188.50000000000017,TP,2026-01-06
UNI,2026-01-06 18:00:00+00:00,2026-01-06 21:00:00+00:00,-1,5.858,5.97516,-200.00000000000017,-211.50000000000017,SL,2026-01-06
UNI,2026-01-07 01:00:00+00:00,2026-01-07 09:00:00+00:00,-1,6.009,5.88882,200.00000000000017,188.50000000000017,TP,2026-01-07
UNI,2026-01-07 10:00:00+00:00,2026-01-07 14:00:00+00:00,-1,5.893,5.7751399999999995,200.00000000000017,188.50000000000017,TP,2026-01-07
UNI,2026-01-08 07:00:00+00:00,2026-01-08 14:00:00+00:00,-1,5.539,5.42822,200.00000000000017,188.50000000000017,TP,2026-01-08
UNI,2026-01-19 00:00:00+00:00,2026-01-19 00:00:00+00:00,-1,5.089,4.987220000000001,199.99999999999906,188.49999999999906,TP,2026-01-19
UNI,2026-01-19 01:00:00+00:00,2026-01-19 02:00:00+00:00,-1,4.898,4.99596,-200.00000000000017,-211.50000000000017,SL,2026-01-19
UNI,2026-01-21 17:00:00+00:00,2026-01-21 19:00:00+00:00,-1,4.803,4.89906,-200.00000000000017,-211.50000000000017,SL,2026-01-21
UNI,2026-01-27 18:00:00+00:00,2026-01-27 19:00:00+00:00,-1,4.645,4.7379,-200.00000000000017,-211.50000000000017,SL,2026-01-27
UNI,2026-01-29 15:00:00+00:00,2026-01-29 15:00:00+00:00,-1,4.567,4.47566,199.99999999999906,188.49999999999906,TP,2026-01-29
UNI,2026-01-29 16:00:00+00:00,2026-01-29 18:00:00+00:00,-1,4.446,4.35708,200.00000000000017,188.50000000000017,TP,2026-01-29
UNI,2026-01-30 02:00:00+00:00,2026-01-30 02:00:00+00:00,-1,4.321,4.234579999999999,200.00000000000128,188.50000000000128,TP,2026-01-30
UNI,2026-01-31 15:00:00+00:00,2026-01-31 16:00:00+00:00,-1,3.976,4.0555200000000005,-200.00000000000017,-211.50000000000017,SL,2026-01-31
UNI,2026-01-31 18:00:00+00:00,2026-01-31 18:00:00+00:00,-1,3.824,3.7475199999999997,200.00000000000017,188.50000000000017,TP,2026-01-31
UNI,2026-02-02 03:00:00+00:00,2026-02-02 03:00:00+00:00,-1,3.882,3.80436,200.00000000000017,188.50000000000017,TP,2026-02-02
UNI,2026-02-03 03:00:00+00:00,2026-02-03 03:00:00+00:00,-1,3.844,3.92088,-200.00000000000017,-211.50000000000017,SL,2026-02-03
UNI,2026-02-03 17:00:00+00:00,2026-02-03 18:00:00+00:00,-1,3.875,3.7975,200.00000000000017,188.50000000000017,TP,2026-02-03
UNI,2026-02-03 19:00:00+00:00,2026-02-03 19:00:00+00:00,-1,3.72,3.7944000000000004,-200.00000000000017,-211.50000000000017,SL,2026-02-03
UNI,2026-02-05 16:00:00+00:00,2026-02-05 16:00:00+00:00,-1,3.355,3.4221,-200.00000000000017,-211.50000000000017,SL,2026-02-05
UNI,2026-02-05 18:00:00+00:00,2026-02-05 18:00:00+00:00,-1,3.326,3.25948,200.00000000000017,188.50000000000017,TP,2026-02-05
UNI,2026-02-05 21:00:00+00:00,2026-02-05 22:00:00+00:00,-1,3.224,3.15952,200.00000000000017,188.50000000000017,TP,2026-02-05
UNI,2026-02-16 14:00:00+00:00,2026-02-16 15:00:00+00:00,-1,3.499,3.42902,200.00000000000017,188.50000000000017,TP,2026-02-16
UNI,2026-02-17 15:00:00+00:00,2026-02-17 16:00:00+00:00,-1,3.473,3.5424599999999997,-200.00000000000017,-211.50000000000017,SL,2026-02-17
UNI,2026-02-23 01:00:00+00:00,2026-02-23 01:00:00+00:00,-1,3.428,3.3594399999999998,200.00000000000017,188.50000000000017,TP,2026-02-23
UNI,2026-02-23 02:00:00+00:00,2026-02-23 06:00:00+00:00,-1,3.293,3.3588600000000004,-200.00000000000017,-211.50000000000017,SL,2026-02-23
UNI,2026-02-28 07:00:00+00:00,2026-02-28 07:00:00+00:00,-1,3.56,3.6312,-200.00000000000017,-211.50000000000017,SL,2026-02-28
UNI,2026-03-13 15:00:00+00:00,2026-03-13 17:00:00+00:00,-1,4.103,4.0209399999999995,200.00000000000017,188.50000000000017,TP,2026-03-13
UNI,2026-03-18 12:00:00+00:00,2026-03-18 12:00:00+00:00,-1,3.858,3.78084,200.00000000000017,188.50000000000017,TP,2026-03-18
UNI,2026-03-18 15:00:00+00:00,2026-03-19 07:00:00+00:00,-1,3.658,3.58484,200.00000000000017,188.50000000000017,TP,2026-03-18
UNI,2026-03-22 00:00:00+00:00,2026-03-23 00:00:00+00:00,-1,3.474,3.472,5.757052389177009,-5.742947610822991,TIME,2026-03-22
UNI,2026-03-23 07:00:00+00:00,2026-03-23 11:00:00+00:00,-1,3.476,3.5455200000000002,-200.00000000000017,-211.50000000000017,SL,2026-03-23
UNI,2026-03-23 16:00:00+00:00,2026-03-23 19:00:00+00:00,-1,3.527,3.5975400000000004,-200.00000000000017,-211.50000000000017,SL,2026-03-23
UNI,2026-03-27 11:00:00+00:00,2026-03-28 11:00:00+00:00,-1,3.377,3.388,-32.573289902280145,-44.073289902280145,TIME,2026-03-27
UNI,2026-03-29 23:00:00+00:00,2026-03-30 00:00:00+00:00,-1,3.339,3.40578,-200.00000000000017,-211.50000000000017,SL,2026-03-29
UNI,2026-03-31 15:00:00+00:00,2026-03-31 17:00:00+00:00,-1,3.497,3.5669399999999998,-200.00000000000017,-211.50000000000017,SL,2026-03-31
UNI,2026-04-02 02:00:00+00:00,2026-04-02 03:00:00+00:00,-1,3.497,3.42706,200.00000000000017,188.50000000000017,TP,2026-04-02
UNI,2026-04-07 11:00:00+00:00,2026-04-07 20:00:00+00:00,-1,3.054,3.11508,-200.00000000000017,-211.50000000000017,SL,2026-04-07
UNI,2026-04-08 19:00:00+00:00,2026-04-09 03:00:00+00:00,-1,3.142,3.07916,200.00000000000017,188.50000000000017,TP,2026-04-08
UNI,2026-04-12 02:00:00+00:00,2026-04-13 02:00:00+00:00,-1,3.062,3.037,81.64598301763526,70.14598301763526,TIME,2026-04-12
XLM,2025-07-01 15:00:00+00:00,2025-07-01 16:00:00+00:00,-1,0.23298,0.22832039999999998,200.00000000000017,188.50000000000017,TP,2025-07-01
XLM,2025-07-04 14:00:00+00:00,2025-07-05 14:00:00+00:00,-1,0.23783,0.23753,12.614052053988578,1.114052053988578,TIME,2025-07-04
XLM,2025-07-09 21:00:00+00:00,2025-07-10 01:00:00+00:00,-1,0.28648,0.2922096,-200.00000000000017,-211.50000000000017,SL,2025-07-09
XLM,2025-07-14 16:00:00+00:00,2025-07-14 16:00:00+00:00,-1,0.45639,0.46551780000000004,-200.00000000000017,-211.50000000000017,SL,2025-07-14
XLM,2025-07-15 15:00:00+00:00,2025-07-15 16:00:00+00:00,-1,0.44244,0.4512888,-200.00000000000017,-211.50000000000017,SL,2025-07-15
XLM,2025-07-22 14:00:00+00:00,2025-07-22 15:00:00+00:00,-1,0.45584,0.46495680000000006,-200.00000000000017,-211.50000000000017,SL,2025-07-22
XLM,2025-07-25 03:00:00+00:00,2025-07-25 10:00:00+00:00,-1,0.41698,0.4253196,-200.00000000000017,-211.50000000000017,SL,2025-07-25
XLM,2025-07-25 15:00:00+00:00,2025-07-25 16:00:00+00:00,-1,0.4071,0.415242,-200.00000000000017,-211.50000000000017,SL,2025-07-25
XLM,2025-07-30 19:00:00+00:00,2025-07-30 19:00:00+00:00,-1,0.40301,0.39494979999999996,200.00000000000017,188.50000000000017,TP,2025-07-30
XLM,2025-07-31 20:00:00+00:00,2025-08-01 00:00:00+00:00,-1,0.40627,0.3981446,200.00000000000017,188.50000000000017,TP,2025-07-31
XLM,2025-08-01 14:00:00+00:00,2025-08-01 14:00:00+00:00,-1,0.38652,0.3942504,-200.00000000000017,-211.50000000000017,SL,2025-08-01
XLM,2025-08-05 15:00:00+00:00,2025-08-06 02:00:00+00:00,-1,0.39662,0.38868759999999997,200.00000000000017,188.50000000000017,TP,2025-08-05
XLM,2025-08-14 13:00:00+00:00,2025-08-14 14:00:00+00:00,-1,0.42286,0.4313172,-200.00000000000017,-211.50000000000017,SL,2025-08-14
XLM,2025-08-19 15:00:00+00:00,2025-08-19 23:00:00+00:00,-1,0.39929,0.3913042,200.00000000000017,188.50000000000017,TP,2025-08-19
XLM,2025-08-20 14:00:00+00:00,2025-08-20 15:00:00+00:00,-1,0.39053,0.3983406,-200.00000000000017,-211.50000000000017,SL,2025-08-20
XLM,2025-08-24 20:00:00+00:00,2025-08-25 00:00:00+00:00,-1,0.41203,0.4037894,200.00000000000017,188.50000000000017,TP,2025-08-24
XLM,2025-08-25 20:00:00+00:00,2025-08-25 21:00:00+00:00,-1,0.3855,0.37779,200.00000000000017,188.50000000000017,TP,2025-08-25
XLM,2025-08-29 08:00:00+00:00,2025-08-29 13:00:00+00:00,-1,0.36546,0.3581508,200.00000000000017,188.50000000000017,TP,2025-08-29
XLM,2025-08-29 14:00:00+00:00,2025-08-30 13:00:00+00:00,-1,0.35938,0.35219239999999996,200.00000000000017,188.50000000000017,TP,2025-08-29
XLM,2025-09-01 22:00:00+00:00,2025-09-01 23:00:00+00:00,-1,0.35016,0.3571632,-200.00000000000017,-211.50000000000017,SL,2025-09-01
XLM,2025-09-05 15:00:00+00:00,2025-09-06 15:00:00+00:00,-1,0.35866,0.35619,68.8674510678633,57.3674510678633,TIME,2025-09-05
XLM,2025-09-09 15:00:00+00:00,2025-09-10 13:00:00+00:00,-1,0.37483,0.3823266,-200.00000000000017,-211.50000000000017,SL,2025-09-09
XLM,2025-09-15 00:00:00+00:00,2025-09-15 08:00:00+00:00,-1,0.38925,0.381465,200.00000000000017,188.50000000000017,TP,2025-09-15
XLM,2025-09-15 09:00:00+00:00,2025-09-16 08:00:00+00:00,-1,0.37521,0.3827142,-200.00000000000017,-211.50000000000017,SL,2025-09-15
XLM,2025-09-22 01:00:00+00:00,2025-09-22 05:00:00+00:00,-1,0.37235,0.36490300000000003,199.99999999999906,188.49999999999906,TP,2025-09-22
XLM,2025-09-22 06:00:00+00:00,2025-09-22 06:00:00+00:00,-1,0.36172,0.35448559999999996,200.00000000000128,188.50000000000128,TP,2025-09-22
XLM,2025-09-22 07:00:00+00:00,2025-09-22 14:00:00+00:00,-1,0.35924,0.3664248,-200.00000000000017,-211.50000000000017,SL,2025-09-22
XLM,2025-09-23 18:00:00+00:00,2025-09-24 04:00:00+00:00,-1,0.36634,0.3590132,200.00000000000017,188.50000000000017,TP,2025-09-23
XLM,2025-09-25 05:00:00+00:00,2025-09-25 12:00:00+00:00,-1,0.36226,0.3550148,200.00000000000017,188.50000000000017,TP,2025-09-25
XLM,2025-09-25 18:00:00+00:00,2025-09-25 18:00:00+00:00,-1,0.34809,0.35505180000000003,-200.00000000000017,-211.50000000000017,SL,2025-09-25
XLM,2025-09-26 15:00:00+00:00,2025-09-26 16:00:00+00:00,-1,0.34938,0.3563676,-200.00000000000017,-211.50000000000017,SL,2025-09-26
XLM,2025-10-05 10:00:00+00:00,2025-10-05 17:00:00+00:00,-1,0.40368,0.39560639999999997,200.00000000000017,188.50000000000017,TP,2025-10-05
XLM,2025-10-07 15:00:00+00:00,2025-10-08 03:00:00+00:00,-1,0.39051,0.38269980000000003,200.00000000000017,188.50000000000017,TP,2025-10-07
XLM,2025-10-09 14:00:00+00:00,2025-10-10 06:00:00+00:00,-1,0.37632,0.3838464,-200.00000000000017,-211.50000000000017,SL,2025-10-09
XLM,2025-10-10 15:00:00+00:00,2025-10-10 15:00:00+00:00,-1,0.37899,0.37141019999999997,200.00000000000017,188.50000000000017,TP,2025-10-10
XLM,2025-10-10 16:00:00+00:00,2025-10-10 19:00:00+00:00,-1,0.3677,0.360346,200.00000000000017,188.50000000000017,TP,2025-10-10
XLM,2025-10-10 21:00:00+00:00,2025-10-10 21:00:00+00:00,-1,0.33834,0.33157319999999996,200.00000000000017,188.50000000000017,TP,2025-10-10
XLM,2025-10-11 02:00:00+00:00,2025-10-11 02:00:00+00:00,-1,0.31688,0.3232176,-200.00000000000017,-211.50000000000017,SL,2025-10-11
XLM,2025-10-16 16:00:00+00:00,2025-10-16 16:00:00+00:00,-1,0.31521,0.32151419999999997,-200.00000000000017,-211.50000000000017,SL,2025-10-16
XLM,2025-10-17 07:00:00+00:00,2025-10-17 07:00:00+00:00,-1,0.30262,0.2965676,200.00000000000017,188.50000000000017,TP,2025-10-17
XLM,2025-10-21 05:00:00+00:00,2025-10-21 14:00:00+00:00,-1,0.3145,0.32079,-200.00000000000017,-211.50000000000017,SL,2025-10-21
XLM,2025-10-21 23:00:00+00:00,2025-10-22 00:00:00+00:00,-1,0.31809,0.31172819999999996,200.00000000000128,188.50000000000128,TP,2025-10-21
XLM,2025-10-28 20:00:00+00:00,2025-10-28 20:00:00+00:00,-1,0.32236,0.3159128,199.99999999999906,188.49999999999906,TP,2025-10-28
XLM,2025-10-29 16:00:00+00:00,2025-10-29 18:00:00+00:00,-1,0.31716,0.3235032,-200.00000000000017,-211.50000000000017,SL,2025-10-29
XLM,2025-10-29 19:00:00+00:00,2025-10-30 04:00:00+00:00,-1,0.31927,0.3128846,199.99999999999906,188.49999999999906,TP,2025-10-29
XLM,2025-10-30 05:00:00+00:00,2025-10-30 06:00:00+00:00,-1,0.30996,0.31615920000000003,-200.00000000000017,-211.50000000000017,SL,2025-10-30
XLM,2025-10-30 13:00:00+00:00,2025-10-30 15:00:00+00:00,-1,0.30448,0.29839039999999994,200.00000000000128,188.50000000000128,TP,2025-10-30
XLM,2025-10-31 17:00:00+00:00,2025-10-31 19:00:00+00:00,-1,0.30063,0.3066426,-200.00000000000017,-211.50000000000017,SL,2025-10-31
XLM,2025-11-03 16:00:00+00:00,2025-11-03 20:00:00+00:00,-1,0.27984,0.27424319999999996,200.00000000000017,188.50000000000017,TP,2025-11-03
XLM,2025-11-04 06:00:00+00:00,2025-11-04 06:00:00+00:00,-1,0.27027,0.2756754,-200.00000000000017,-211.50000000000017,SL,2025-11-04
XLM,2025-11-10 15:00:00+00:00,2025-11-10 21:00:00+00:00,-1,0.30247,0.29642060000000003,199.99999999999906,188.49999999999906,TP,2025-11-10
XLM,2025-11-12 16:00:00+00:00,2025-11-12 16:00:00+00:00,-1,0.28404,0.27835920000000003,199.99999999999906,188.49999999999906,TP,2025-11-12
XLM,2025-11-13 16:00:00+00:00,2025-11-13 17:00:00+00:00,-1,0.2808,0.275184,200.00000000000017,188.50000000000017,TP,2025-11-13
XLM,2025-11-14 05:00:00+00:00,2025-11-14 05:00:00+00:00,-1,0.26412,0.26940240000000004,-200.00000000000017,-211.50000000000017,SL,2025-11-14
XLM,2025-11-14 21:00:00+00:00,2025-11-15 02:00:00+00:00,-1,0.2601,0.265302,-200.00000000000017,-211.50000000000017,SL,2025-11-14
XLM,2025-11-17 14:00:00+00:00,2025-11-17 14:00:00+00:00,-1,0.25335,0.258417,-200.00000000000017,-211.50000000000017,SL,2025-11-17
XLM,2025-11-17 18:00:00+00:00,2025-11-18 00:00:00+00:00,-1,0.24816,0.2431968,200.00000000000017,188.50000000000017,TP,2025-11-17
XLM,2025-11-19 16:00:00+00:00,2025-11-19 17:00:00+00:00,-1,0.24131,0.2364838,200.00000000000017,188.50000000000017,TP,2025-11-19
XLM,2025-11-20 17:00:00+00:00,2025-11-20 18:00:00+00:00,-1,0.23985,0.235053,200.00000000000017,188.50000000000017,TP,2025-11-20
XLM,2025-11-21 00:00:00+00:00,2025-11-21 07:00:00+00:00,-1,0.23683,0.2320934,200.00000000000017,188.50000000000017,TP,2025-11-21
XLM,2025-11-21 08:00:00+00:00,2025-11-21 09:00:00+00:00,-1,0.22814,0.2235772,200.00000000000017,188.50000000000017,TP,2025-11-21
XLM,2025-11-21 10:00:00+00:00,2025-11-21 12:00:00+00:00,-1,0.2228,0.227256,-200.00000000000017,-211.50000000000017,SL,2025-11-21
XLM,2025-11-21 16:00:00+00:00,2025-11-21 16:00:00+00:00,-1,0.22704,0.2315808,-200.00000000000017,-211.50000000000017,SL,2025-11-21
XLM,2025-11-28 17:00:00+00:00,2025-11-29 06:00:00+00:00,-1,0.25532,0.2502136,200.00000000000017,188.50000000000017,TP,2025-11-28
XLM,2025-12-01 01:00:00+00:00,2025-12-01 04:00:00+00:00,-1,0.23565,0.230937,200.00000000000017,188.50000000000017,TP,2025-12-01
XLM,2025-12-01 16:00:00+00:00,2025-12-01 16:00:00+00:00,-1,0.23232,0.2276736,200.00000000000017,188.50000000000017,TP,2025-12-01
XLM,2025-12-05 17:00:00+00:00,2025-12-06 00:00:00+00:00,-1,0.2434,0.238532,200.00000000000017,188.50000000000017,TP,2025-12-05
XLM,2025-12-12 16:00:00+00:00,2025-12-13 16:00:00+00:00,-1,0.23618,0.23939,-135.91328647641677,-147.41328647641677,TIME,2025-12-12
XLM,2025-12-15 15:00:00+00:00,2025-12-15 15:00:00+00:00,-1,0.22555,0.22103899999999999,200.00000000000017,188.50000000000017,TP,2025-12-15
XLM,2025-12-17 16:00:00+00:00,2025-12-17 16:00:00+00:00,-1,0.21601,0.2116898,200.00000000000017,188.50000000000017,TP,2025-12-17
XLM,2025-12-18 18:00:00+00:00,2025-12-18 19:00:00+00:00,-1,0.20942,0.2052316,200.00000000000017,188.50000000000017,TP,2025-12-18
XLM,2025-12-18 20:00:00+00:00,2025-12-18 22:00:00+00:00,-1,0.20307,0.2071314,-200.00000000000017,-211.50000000000017,SL,2025-12-18
XLM,2025-12-26 15:00:00+00:00,2025-12-27 12:00:00+00:00,-1,0.21179,0.21602580000000002,-200.00000000000017,-211.50000000000017,SL,2025-12-26
XLM,2025-12-29 10:00:00+00:00,2025-12-29 20:00:00+00:00,-1,0.22072,0.2163056,200.00000000000017,188.50000000000017,TP,2025-12-29
XLM,2026-01-06 17:00:00+00:00,2026-01-06 17:00:00+00:00,-1,0.23974,0.2349452,200.00000000000017,188.50000000000017,TP,2026-01-06
XLM,2026-01-06 18:00:00+00:00,2026-01-06 19:00:00+00:00,-1,0.23418,0.2388636,-200.00000000000017,-211.50000000000017,SL,2026-01-06
XLM,2026-01-07 01:00:00+00:00,2026-01-07 14:00:00+00:00,-1,0.23942,0.2346316,200.00000000000017,188.50000000000017,TP,2026-01-07
XLM,2026-01-08 07:00:00+00:00,2026-01-08 17:00:00+00:00,-1,0.22867,0.23324340000000002,-200.00000000000017,-211.50000000000017,SL,2026-01-08
XLM,2026-01-19 00:00:00+00:00,2026-01-19 00:00:00+00:00,-1,0.21752,0.2131696,200.00000000000017,188.50000000000017,TP,2026-01-19
XLM,2026-01-19 01:00:00+00:00,2026-01-19 04:00:00+00:00,-1,0.2113,0.215526,-200.00000000000017,-211.50000000000017,SL,2026-01-19
XLM,2026-01-20 23:00:00+00:00,2026-01-21 00:00:00+00:00,-1,0.20716,0.21130320000000002,-200.00000000000017,-211.50000000000017,SL,2026-01-20
XLM,2026-01-21 17:00:00+00:00,2026-01-21 19:00:00+00:00,-1,0.20638,0.21050760000000002,-200.00000000000017,-211.50000000000017,SL,2026-01-21
XLM,2026-01-27 18:00:00+00:00,2026-01-27 20:00:00+00:00,-1,0.20446,0.20854920000000002,-200.00000000000017,-211.50000000000017,SL,2026-01-27
XLM,2026-01-29 15:00:00+00:00,2026-01-29 15:00:00+00:00,-1,0.20035,0.196343,200.00000000000017,188.50000000000017,TP,2026-01-29
XLM,2026-01-29 16:00:00+00:00,2026-01-29 17:00:00+00:00,-1,0.19697,0.20090940000000002,-200.00000000000017,-211.50000000000017,SL,2026-01-29
XLM,2026-01-29 18:00:00+00:00,2026-01-30 01:00:00+00:00,-1,0.19848,0.1945104,199.99999999999906,188.49999999999906,TP,2026-01-29
XLM,2026-01-30 02:00:00+00:00,2026-01-30 02:00:00+00:00,-1,0.19535,0.191443,200.00000000000017,188.50000000000017,TP,2026-01-30
XLM,2026-01-31 15:00:00+00:00,2026-01-31 17:00:00+00:00,-1,0.17932,0.17573360000000002,199.99999999999906,188.49999999999906,TP,2026-01-31
XLM,2026-01-31 18:00:00+00:00,2026-01-31 18:00:00+00:00,-1,0.17208,0.1686384,200.00000000000128,188.50000000000128,TP,2026-01-31
XLM,2026-02-02 03:00:00+00:00,2026-02-02 03:00:00+00:00,-1,0.17526,0.17175479999999999,200.00000000000128,188.50000000000128,TP,2026-02-02
XLM,2026-02-03 03:00:00+00:00,2026-02-03 07:00:00+00:00,-1,0.17538,0.1788876,-200.00000000000017,-211.50000000000017,SL,2026-02-03
XLM,2026-02-03 17:00:00+00:00,2026-02-03 17:00:00+00:00,-1,0.17492,0.17142159999999998,200.00000000000017,188.50000000000017,TP,2026-02-03
XLM,2026-02-03 18:00:00+00:00,2026-02-03 18:00:00+00:00,-1,0.17135,0.167923,200.00000000000128,188.50000000000128,TP,2026-02-03
XLM,2026-02-03 19:00:00+00:00,2026-02-03 19:00:00+00:00,-1,0.16819,0.1715538,-200.00000000000017,-211.50000000000017,SL,2026-02-03
XLM,2026-02-05 16:00:00+00:00,2026-02-05 17:00:00+00:00,-1,0.15456,0.1514688,200.00000000000128,188.50000000000128,TP,2026-02-05
XLM,2026-02-05 18:00:00+00:00,2026-02-05 19:00:00+00:00,-1,0.15195,0.148911,200.00000000000128,188.50000000000128,TP,2026-02-05
XLM,2026-02-05 21:00:00+00:00,2026-02-05 21:00:00+00:00,-1,0.14662,0.1495524,-200.00000000000017,-211.50000000000017,SL,2026-02-05
XLM,2026-02-16 14:00:00+00:00,2026-02-17 10:00:00+00:00,-1,0.1684,0.16503199999999998,200.00000000000017,188.50000000000017,TP,2026-02-16
XLM,2026-02-17 15:00:00+00:00,2026-02-17 16:00:00+00:00,-1,0.16475,0.168045,-200.00000000000017,-211.50000000000017,SL,2026-02-17
XLM,2026-02-23 01:00:00+00:00,2026-02-23 01:00:00+00:00,-1,0.15298,0.1499204,200.00000000000017,188.50000000000017,TP,2026-02-23
XLM,2026-02-23 02:00:00+00:00,2026-02-23 06:00:00+00:00,-1,0.14983,0.1528266,-200.00000000000017,-211.50000000000017,SL,2026-02-23
XLM,2026-02-28 07:00:00+00:00,2026-02-28 07:00:00+00:00,-1,0.15006,0.1530612,-200.00000000000017,-211.50000000000017,SL,2026-02-28
XLM,2026-03-13 15:00:00+00:00,2026-03-14 15:00:00+00:00,-1,0.16418,0.16356,37.76343038128793,26.263430381287932,TIME,2026-03-13
XLM,2026-03-18 12:00:00+00:00,2026-03-18 14:00:00+00:00,-1,0.17071,0.1672958,200.00000000000017,188.50000000000017,TP,2026-03-18
XLM,2026-03-18 15:00:00+00:00,2026-03-18 18:00:00+00:00,-1,0.16629,0.16961579999999998,-200.00000000000017,-211.50000000000017,SL,2026-03-18
XLM,2026-03-22 00:00:00+00:00,2026-03-22 10:00:00+00:00,-1,0.16169,0.1584562,200.00000000000017,188.50000000000017,TP,2026-03-22
XLM,2026-03-23 07:00:00+00:00,2026-03-23 11:00:00+00:00,-1,0.15694,0.1600788,-200.00000000000017,-211.50000000000017,SL,2026-03-23
XLM,2026-03-23 16:00:00+00:00,2026-03-24 09:00:00+00:00,-1,0.16498,0.1682796,-200.00000000000017,-211.50000000000017,SL,2026-03-23
XLM,2026-03-27 11:00:00+00:00,2026-03-28 01:00:00+00:00,-1,0.16866,0.1652868,199.99999999999906,188.49999999999906,TP,2026-03-27
XLM,2026-03-29 23:00:00+00:00,2026-03-30 00:00:00+00:00,-1,0.16361,0.1668822,-200.00000000000017,-211.50000000000017,SL,2026-03-29
XLM,2026-03-31 15:00:00+00:00,2026-03-31 19:00:00+00:00,-1,0.16462,0.1679124,-200.00000000000017,-211.50000000000017,SL,2026-03-31
XLM,2026-04-02 02:00:00+00:00,2026-04-02 03:00:00+00:00,-1,0.16664,0.1633072,200.00000000000017,188.50000000000017,TP,2026-04-02
XLM,2026-04-07 11:00:00+00:00,2026-04-07 21:00:00+00:00,-1,0.15492,0.1580184,-200.00000000000017,-211.50000000000017,SL,2026-04-07
XLM,2026-04-08 19:00:00+00:00,2026-04-09 07:00:00+00:00,-1,0.1583,0.155134,200.00000000000017,188.50000000000017,TP,2026-04-08
XLM,2026-04-12 02:00:00+00:00,2026-04-13 02:00:00+00:00,-1,0.15127,0.1505,50.902360018509896,39.402360018509896,TIME,2026-04-12
XLM,2026-04-16 14:00:00+00:00,2026-04-16 15:00:00+00:00,-1,0.16064,0.16385280000000002,-200.00000000000017,-211.50000000000017,SL,2026-04-16
XRP,2025-07-01 15:00:00+00:00,2025-07-02 15:00:00+00:00,-1,2.1827,2.2114,-131.48852338846328,-142.98852338846328,TIME,2025-07-01
XRP,2025-07-04 14:00:00+00:00,2025-07-05 14:00:00+00:00,-1,2.2191,2.2269,-35.14938488576425,-46.64938488576425,TIME,2025-07-04
XRP,2025-07-09 21:00:00+00:00,2025-07-10 07:00:00+00:00,-1,2.3934,2.4412680000000004,-200.00000000000017,-211.50000000000017,SL,2025-07-09
XRP,2025-07-14 16:00:00+00:00,2025-07-14 20:00:00+00:00,-1,2.948,2.88904,200.00000000000017,188.50000000000017,TP,2025-07-14
XRP,2025-07-15 15:00:00+00:00,2025-07-15 16:00:00+00:00,-1,2.8548,2.911896,-200.00000000000017,-211.50000000000017,SL,2025-07-15
XRP,2025-07-22 14:00:00+00:00,2025-07-22 17:00:00+00:00,-1,3.4791,3.548682,-200.00000000000017,-211.50000000000017,SL,2025-07-22
XRP,2025-07-25 03:00:00+00:00,2025-07-25 09:00:00+00:00,-1,3.0755,3.13701,-200.00000000000017,-211.50000000000017,SL,2025-07-25
XRP,2025-07-25 15:00:00+00:00,2025-07-25 17:00:00+00:00,-1,3.0046,3.064692,-200.00000000000017,-211.50000000000017,SL,2025-07-25
XRP,2025-07-30 19:00:00+00:00,2025-07-30 19:00:00+00:00,-1,3.0471,3.108042,-200.00000000000017,-211.50000000000017,SL,2025-07-30
XRP,2025-07-31 20:00:00+00:00,2025-08-01 00:00:00+00:00,-1,3.0559,2.994782,200.00000000000017,188.50000000000017,TP,2025-07-31
XRP,2025-08-01 14:00:00+00:00,2025-08-01 14:00:00+00:00,-1,2.956,3.01512,-200.00000000000017,-211.50000000000017,SL,2025-08-01
XRP,2025-08-05 15:00:00+00:00,2025-08-05 22:00:00+00:00,-1,2.9742,2.9147160000000003,199.99999999999906,188.49999999999906,TP,2025-08-05
XRP,2025-08-14 13:00:00+00:00,2025-08-14 13:00:00+00:00,-1,3.0998,3.037804,200.00000000000017,188.50000000000017,TP,2025-08-14
XRP,2025-08-19 15:00:00+00:00,2025-08-19 19:00:00+00:00,-1,2.9416,2.882768,200.00000000000017,188.50000000000017,TP,2025-08-19
XRP,2025-08-20 14:00:00+00:00,2025-08-20 14:00:00+00:00,-1,2.837,2.89374,-200.00000000000017,-211.50000000000017,SL,2025-08-20
XRP,2025-08-24 20:00:00+00:00,2025-08-25 00:00:00+00:00,-1,3.0333,2.972634,199.99999999999906,188.49999999999906,TP,2025-08-24
XRP,2025-08-25 20:00:00+00:00,2025-08-26 07:00:00+00:00,-1,2.8746,2.932092,-200.00000000000017,-211.50000000000017,SL,2025-08-25
XRP,2025-08-29 08:00:00+00:00,2025-08-29 18:00:00+00:00,-1,2.8687,2.8113259999999998,200.00000000000128,188.50000000000128,TP,2025-08-29
XRP,2025-09-01 22:00:00+00:00,2025-09-02 02:00:00+00:00,-1,2.7258,2.780316,-200.00000000000017,-211.50000000000017,SL,2025-09-01
XRP,2025-09-05 15:00:00+00:00,2025-09-06 15:00:00+00:00,-1,2.808,2.8003,27.421652421651956,15.921652421651956,TIME,2025-09-05
XRP,2025-09-09 15:00:00+00:00,2025-09-10 15:00:00+00:00,-1,2.9665,3.0013,-117.30996123377801,-128.809961233778,TIME,2025-09-09
XRP,2025-09-15 00:00:00+00:00,2025-09-15 08:00:00+00:00,-1,3.0266,2.966068,200.00000000000128,188.50000000000128,TP,2025-09-15
XRP,2025-09-15 09:00:00+00:00,2025-09-15 13:00:00+00:00,-1,2.9584,3.0175680000000003,-200.00000000000017,-211.50000000000017,SL,2025-09-15
XRP,2025-09-22 01:00:00+00:00,2025-09-22 05:00:00+00:00,-1,2.915,2.8567,200.00000000000017,188.50000000000017,TP,2025-09-22
XRP,2025-09-22 06:00:00+00:00,2025-09-22 06:00:00+00:00,-1,2.8463,2.7893739999999996,200.00000000000128,188.50000000000128,TP,2025-09-22
XRP,2025-09-22 07:00:00+00:00,2025-09-23 06:00:00+00:00,-1,2.8221,2.878542,-200.00000000000017,-211.50000000000017,SL,2025-09-22
XRP,2025-09-23 18:00:00+00:00,2025-09-24 04:00:00+00:00,-1,2.8476,2.790648,200.00000000000017,188.50000000000017,TP,2025-09-23
XRP,2025-09-25 05:00:00+00:00,2025-09-25 12:00:00+00:00,-1,2.8439,2.787022,200.00000000000017,188.50000000000017,TP,2025-09-25
XRP,2025-09-25 18:00:00+00:00,2025-09-25 18:00:00+00:00,-1,2.7357,2.790414,-200.00000000000017,-211.50000000000017,SL,2025-09-25
XRP,2025-09-26 15:00:00+00:00,2025-09-26 16:00:00+00:00,-1,2.7068,2.760936,-200.00000000000017,-211.50000000000017,SL,2025-09-26
XRP,2025-10-05 10:00:00+00:00,2025-10-05 19:00:00+00:00,-1,3.0241,2.963618,200.00000000000017,188.50000000000017,TP,2025-10-05
XRP,2025-10-07 15:00:00+00:00,2025-10-07 19:00:00+00:00,-1,2.9081,2.849938,200.00000000000128,188.50000000000128,TP,2025-10-07
XRP,2025-10-09 14:00:00+00:00,2025-10-10 14:00:00+00:00,-1,2.8141,2.7983,56.145837034931034,44.645837034931034,TIME,2025-10-09
XRP,2025-10-10 15:00:00+00:00,2025-10-10 15:00:00+00:00,-1,2.7986,2.742628,200.00000000000017,188.50000000000017,TP,2025-10-10
XRP,2025-10-10 16:00:00+00:00,2025-10-10 19:00:00+00:00,-1,2.7407,2.685886,200.00000000000017,188.50000000000017,TP,2025-10-10
XRP,2025-10-10 21:00:00+00:00,2025-10-10 21:00:00+00:00,-1,2.4922,2.542044,-200.00000000000017,-211.50000000000017,SL,2025-10-10
XRP,2025-10-11 02:00:00+00:00,2025-10-11 02:00:00+00:00,-1,2.3328,2.3794560000000002,-200.00000000000017,-211.50000000000017,SL,2025-10-11
XRP,2025-10-11 08:00:00+00:00,2025-10-11 08:00:00+00:00,-1,2.4109,2.4591179999999997,-200.00000000000017,-211.50000000000017,SL,2025-10-11
XRP,2025-10-16 16:00:00+00:00,2025-10-16 19:00:00+00:00,-1,2.3536,2.306528,200.00000000000017,188.50000000000017,TP,2025-10-16
XRP,2025-10-17 07:00:00+00:00,2025-10-17 07:00:00+00:00,-1,2.2924,2.2465520000000003,199.99999999999906,188.49999999999906,TP,2025-10-17
XRP,2025-10-21 05:00:00+00:00,2025-10-21 14:00:00+00:00,-1,2.4231,2.471562,-200.00000000000017,-211.50000000000017,SL,2025-10-21
XRP,2025-10-21 23:00:00+00:00,2025-10-22 05:00:00+00:00,-1,2.4402,2.391396,200.00000000000017,188.50000000000017,TP,2025-10-21
XRP,2025-10-28 20:00:00+00:00,2025-10-28 20:00:00+00:00,-1,2.6409,2.5880819999999995,200.00000000000128,188.50000000000128,TP,2025-10-28
XRP,2025-10-29 16:00:00+00:00,2025-10-29 18:00:00+00:00,-1,2.6255,2.5729900000000003,199.99999999999906,188.49999999999906,TP,2025-10-29
XRP,2025-10-29 19:00:00+00:00,2025-10-29 23:00:00+00:00,-1,2.6079,2.555742,200.00000000000017,188.50000000000017,TP,2025-10-29
XRP,2025-10-30 00:00:00+00:00,2025-10-30 04:00:00+00:00,-1,2.5481,2.4971379999999996,200.00000000000017,188.50000000000017,TP,2025-10-30
XRP,2025-10-30 05:00:00+00:00,2025-10-30 05:00:00+00:00,-1,2.5072,2.557344,-200.00000000000017,-211.50000000000017,SL,2025-10-30
XRP,2025-10-30 13:00:00+00:00,2025-10-30 15:00:00+00:00,-1,2.4994,2.449412,200.00000000000017,188.50000000000017,TP,2025-10-30
XRP,2025-10-31 17:00:00+00:00,2025-10-31 19:00:00+00:00,-1,2.4939,2.543778,-200.00000000000017,-211.50000000000017,SL,2025-10-31
XRP,2025-11-03 16:00:00+00:00,2025-11-03 16:00:00+00:00,-1,2.3272,2.373744,-200.00000000000017,-211.50000000000017,SL,2025-11-03
XRP,2025-11-04 06:00:00+00:00,2025-11-04 06:00:00+00:00,-1,2.249,2.2939800000000004,-200.00000000000017,-211.50000000000017,SL,2025-11-04
XRP,2025-11-10 15:00:00+00:00,2025-11-10 17:00:00+00:00,-1,2.5103,2.560506,-200.00000000000017,-211.50000000000017,SL,2025-11-10
XRP,2025-11-12 16:00:00+00:00,2025-11-12 19:00:00+00:00,-1,2.3671,2.319758,200.00000000000017,188.50000000000017,TP,2025-11-12
XRP,2025-11-13 16:00:00+00:00,2025-11-13 17:00:00+00:00,-1,2.4334,2.3847319999999996,200.00000000000017,188.50000000000017,TP,2025-11-13
XRP,2025-11-14 05:00:00+00:00,2025-11-14 12:00:00+00:00,-1,2.2886,2.2428280000000003,200.00000000000017,188.50000000000017,TP,2025-11-14
XRP,2025-11-14 21:00:00+00:00,2025-11-15 21:00:00+00:00,-1,2.2618,2.216564,200.00000000000017,188.50000000000017,TP,2025-11-14
XRP,2025-11-17 14:00:00+00:00,2025-11-17 14:00:00+00:00,-1,2.2103,2.254506,-200.00000000000017,-211.50000000000017,SL,2025-11-17
XRP,2025-11-17 18:00:00+00:00,2025-11-17 20:00:00+00:00,-1,2.1627,2.119446,200.00000000000017,188.50000000000017,TP,2025-11-17
XRP,2025-11-19 16:00:00+00:00,2025-11-19 17:00:00+00:00,-1,2.085,2.0433,200.00000000000017,188.50000000000017,TP,2025-11-19
XRP,2025-11-20 17:00:00+00:00,2025-11-20 22:00:00+00:00,-1,2.0094,2.049588,-200.00000000000017,-211.50000000000017,SL,2025-11-20
XRP,2025-11-21 00:00:00+00:00,2025-11-21 04:00:00+00:00,-1,1.9987,1.958726,200.00000000000017,188.50000000000017,TP,2025-11-21
XRP,2025-11-21 08:00:00+00:00,2025-11-21 11:00:00+00:00,-1,1.9188,1.880424,200.00000000000017,188.50000000000017,TP,2025-11-21
XRP,2025-11-21 16:00:00+00:00,2025-11-21 16:00:00+00:00,-1,1.9106,1.9488120000000002,-200.00000000000017,-211.50000000000017,SL,2025-11-21
XRP,2025-11-28 17:00:00+00:00,2025-11-29 17:00:00+00:00,-1,2.1901,2.1973,-32.87521117756987,-44.37521117756987,TIME,2025-11-28
XRP,2025-12-01 01:00:00+00:00,2025-12-01 05:00:00+00:00,-1,2.0592,2.0180160000000003,199.99999999999906,188.49999999999906,TP,2025-12-01
XRP,2025-12-01 16:00:00+00:00,2025-12-02 14:00:00+00:00,-1,2.0069,2.047038,-200.00000000000017,-211.50000000000017,SL,2025-12-01
XRP,2025-12-05 17:00:00+00:00,2025-12-06 17:00:00+00:00,-1,2.0328,2.0319,4.427390791027497,-7.072609208972503,TIME,2025-12-05
XRP,2025-12-12 16:00:00+00:00,2025-12-12 18:00:00+00:00,-1,1.9767,2.016234,-200.00000000000017,-211.50000000000017,SL,2025-12-12
XRP,2025-12-15 15:00:00+00:00,2025-12-15 17:00:00+00:00,-1,1.9391,1.900318,200.00000000000017,188.50000000000017,TP,2025-12-15
XRP,2025-12-17 16:00:00+00:00,2025-12-17 17:00:00+00:00,-1,1.9102,1.8719959999999998,200.00000000000017,188.50000000000017,TP,2025-12-17
XRP,2025-12-18 18:00:00+00:00,2025-12-18 19:00:00+00:00,-1,1.8653,1.827994,200.00000000000017,188.50000000000017,TP,2025-12-18
XRP,2025-12-18 20:00:00+00:00,2025-12-19 03:00:00+00:00,-1,1.8055,1.8416100000000002,-200.00000000000017,-211.50000000000017,SL,2025-12-18
XRP,2025-12-26 15:00:00+00:00,2025-12-27 15:00:00+00:00,-1,1.8436,1.8486,-27.120850509871897,-38.6208505098719,TIME,2025-12-26
XRP,2025-12-29 10:00:00+00:00,2025-12-30 10:00:00+00:00,-1,1.8748,1.8611,73.07446127586937,61.57446127586937,TIME,2025-12-29
XRP,2026-01-06 17:00:00+00:00,2026-01-06 17:00:00+00:00,-1,2.2811,2.235478,199.99999999999906,188.49999999999906,TP,2026-01-06
XRP,2026-01-06 18:00:00+00:00,2026-01-06 18:00:00+00:00,-1,2.2085,2.2526699999999997,-200.00000000000017,-211.50000000000017,SL,2026-01-06
XRP,2026-01-07 01:00:00+00:00,2026-01-07 09:00:00+00:00,-1,2.282,2.23636,200.00000000000017,188.50000000000017,TP,2026-01-07
XRP,2026-01-07 10:00:00+00:00,2026-01-07 15:00:00+00:00,-1,2.2392,2.194416,200.00000000000017,188.50000000000017,TP,2026-01-07
XRP,2026-01-08 07:00:00+00:00,2026-01-08 17:00:00+00:00,-1,2.1066,2.148732,-200.00000000000017,-211.50000000000017,SL,2026-01-08
XRP,2026-01-19 00:00:00+00:00,2026-01-19 00:00:00+00:00,-1,1.9903,1.950494,200.00000000000017,188.50000000000017,TP,2026-01-19
XRP,2026-01-19 01:00:00+00:00,2026-01-19 10:00:00+00:00,-1,1.9431,1.981962,-200.00000000000017,-211.50000000000017,SL,2026-01-19
XRP,2026-01-21 17:00:00+00:00,2026-01-21 19:00:00+00:00,-1,1.8795,1.91709,-200.00000000000017,-211.50000000000017,SL,2026-01-21
XRP,2026-01-27 18:00:00+00:00,2026-01-27 20:00:00+00:00,-1,1.8794,1.916988,-200.00000000000017,-211.50000000000017,SL,2026-01-27
XRP,2026-01-29 15:00:00+00:00,2026-01-29 15:00:00+00:00,-1,1.8258,1.789284,200.00000000000017,188.50000000000017,TP,2026-01-29
XRP,2026-01-29 16:00:00+00:00,2026-01-29 17:00:00+00:00,-1,1.7997,1.8356940000000002,-200.00000000000017,-211.50000000000017,SL,2026-01-29
XRP,2026-01-29 18:00:00+00:00,2026-01-30 01:00:00+00:00,-1,1.8125,1.7762499999999999,200.00000000000017,188.50000000000017,TP,2026-01-29
XRP,2026-01-30 02:00:00+00:00,2026-01-30 18:00:00+00:00,-1,1.7556,1.720488,200.00000000000017,188.50000000000017,TP,2026-01-30
XRP,2026-01-31 15:00:00+00:00,2026-01-31 16:00:00+00:00,-1,1.6386,1.605828,200.00000000000017,188.50000000000017,TP,2026-01-31
XRP,2026-01-31 18:00:00+00:00,2026-01-31 18:00:00+00:00,-1,1.5668,1.598136,-200.00000000000017,-211.50000000000017,SL,2026-01-31
XRP,2026-02-02 03:00:00+00:00,2026-02-02 03:00:00+00:00,-1,1.5902,1.5583960000000001,200.00000000000017,188.50000000000017,TP,2026-02-02
XRP,2026-02-03 03:00:00+00:00,2026-02-03 04:00:00+00:00,-1,1.5912,1.623024,-200.00000000000017,-211.50000000000017,SL,2026-02-03
XRP,2026-02-03 17:00:00+00:00,2026-02-03 18:00:00+00:00,-1,1.5855,1.5537899999999998,200.00000000000128,188.50000000000128,TP,2026-02-03
XRP,2026-02-03 19:00:00+00:00,2026-02-03 19:00:00+00:00,-1,1.5305,1.56111,-200.00000000000017,-211.50000000000017,SL,2026-02-03
XRP,2026-02-05 16:00:00+00:00,2026-02-05 17:00:00+00:00,-1,1.2972,1.271256,200.00000000000017,188.50000000000017,TP,2026-02-05
XRP,2026-02-05 18:00:00+00:00,2026-02-05 18:00:00+00:00,-1,1.2495,1.22451,200.00000000000017,188.50000000000017,TP,2026-02-05
XRP,2026-02-05 21:00:00+00:00,2026-02-05 21:00:00+00:00,-1,1.1881,1.1643379999999999,200.00000000000017,188.50000000000017,TP,2026-02-05
XRP,2026-02-16 14:00:00+00:00,2026-02-17 09:00:00+00:00,-1,1.4894,1.4596120000000001,199.99999999999906,188.49999999999906,TP,2026-02-16
XRP,2026-02-17 15:00:00+00:00,2026-02-17 16:00:00+00:00,-1,1.4336,1.462272,-200.00000000000017,-211.50000000000017,SL,2026-02-17
XRP,2026-02-23 01:00:00+00:00,2026-02-23 01:00:00+00:00,-1,1.3635,1.3362299999999998,200.00000000000128,188.50000000000128,TP,2026-02-23
XRP,2026-02-23 02:00:00+00:00,2026-02-23 06:00:00+00:00,-1,1.332,1.35864,-200.00000000000017,-211.50000000000017,SL,2026-02-23
XRP,2026-02-28 07:00:00+00:00,2026-02-28 10:00:00+00:00,-1,1.2961,1.270178,200.00000000000017,188.50000000000017,TP,2026-02-28
XRP,2026-03-13 15:00:00+00:00,2026-03-13 17:00:00+00:00,-1,1.4223,1.393854,200.00000000000017,188.50000000000017,TP,2026-03-13
XRP,2026-03-18 12:00:00+00:00,2026-03-18 12:00:00+00:00,-1,1.4887,1.458926,200.00000000000017,188.50000000000017,TP,2026-03-18
XRP,2026-03-18 15:00:00+00:00,2026-03-19 03:00:00+00:00,-1,1.4449,1.4737980000000002,-200.00000000000017,-211.50000000000017,SL,2026-03-18
XRP,2026-03-22 00:00:00+00:00,2026-03-22 21:00:00+00:00,-1,1.4081,1.3799379999999999,200.00000000000017,188.50000000000017,TP,2026-03-22
XRP,2026-03-23 07:00:00+00:00,2026-03-23 11:00:00+00:00,-1,1.3707,1.398114,-200.00000000000017,-211.50000000000017,SL,2026-03-23
XRP,2026-03-23 16:00:00+00:00,2026-03-24 13:00:00+00:00,-1,1.4315,1.40287,199.99999999999906,188.49999999999906,TP,2026-03-23
XRP,2026-03-27 11:00:00+00:00,2026-03-28 11:00:00+00:00,-1,1.3329,1.3394,-48.76584890089353,-60.26584890089353,TIME,2026-03-27
XRP,2026-03-29 23:00:00+00:00,2026-03-30 00:00:00+00:00,-1,1.3181,1.344462,-200.00000000000017,-211.50000000000017,SL,2026-03-29
XRP,2026-03-31 15:00:00+00:00,2026-03-31 17:00:00+00:00,-1,1.3143,1.340586,-200.00000000000017,-211.50000000000017,SL,2026-03-31
XRP,2026-04-02 02:00:00+00:00,2026-04-02 11:00:00+00:00,-1,1.3273,1.300754,200.00000000000017,188.50000000000017,TP,2026-04-02
XRP,2026-04-07 11:00:00+00:00,2026-04-07 21:00:00+00:00,-1,1.3066,1.332732,-200.00000000000017,-211.50000000000017,SL,2026-04-07
XRP,2026-04-08 19:00:00+00:00,2026-04-09 19:00:00+00:00,-1,1.3469,1.3556,-64.59276857970097,-76.09276857970097,TIME,2026-04-08
XRP,2026-04-12 02:00:00+00:00,2026-04-13 02:00:00+00:00,-1,1.3284,1.3243,30.864197530864335,19.364197530864335,TIME,2026-04-12
XRP,2026-04-16 14:00:00+00:00,2026-04-16 16:00:00+00:00,-1,1.4063,1.4344260000000002,-200.00000000000017,-211.50000000000017,SL,2026-04-16
