symbol,entry_ts,exit_ts,side,entry,exit,gross_bps,net_bps,exit_reason,day
1000PEPE,2025-07-01 15:00:00+00:00,2025-07-02 15:00:00+00:00,-1,0.0094177,0.009700231,-300.0000000000003,-311.5000000000003,SL,2025-07-01
1000PEPE,2025-07-04 14:00:00+00:00,2025-07-06 02:00:00+00:00,-1,0.0096457,0.0096235,23.01543693044583,11.51543693044583,TIME,2025-07-04
1000PEPE,2025-07-14 16:00:00+00:00,2025-07-15 03:00:00+00:00,-1,0.0122293,0.011862421,300.0000000000003,288.5000000000003,TP,2025-07-14
1000PEPE,2025-07-15 15:00:00+00:00,2025-07-15 15:00:00+00:00,-1,0.0120113,0.012371639000000002,-300.0000000000003,-311.5000000000003,SL,2025-07-15
1000PEPE,2025-07-22 14:00:00+00:00,2025-07-22 23:00:00+00:00,-1,0.0136755,0.014085765,-300.0000000000003,-311.5000000000003,SL,2025-07-22
1000PEPE,2025-07-25 03:00:00+00:00,2025-07-25 09:00:00+00:00,-1,0.0118863,0.012242889000000002,-300.0000000000003,-311.5000000000003,SL,2025-07-25
1000PEPE,2025-07-25 15:00:00+00:00,2025-07-25 20:00:00+00:00,-1,0.0119406,0.012298818000000001,-300.0000000000003,-311.5000000000003,SL,2025-07-25
1000PEPE,2025-07-30 19:00:00+00:00,2025-07-30 19:00:00+00:00,-1,0.0111921,0.010856336999999999,300.00000000000136,288.50000000000136,TP,2025-07-30
1000PEPE,2025-07-31 20:00:00+00:00,2025-07-31 23:00:00+00:00,-1,0.0110331,0.010702107,300.0000000000003,288.5000000000003,TP,2025-07-31
1000PEPE,2025-08-01 14:00:00+00:00,2025-08-01 14:00:00+00:00,-1,0.0103365,0.010646595,-300.0000000000003,-311.5000000000003,SL,2025-08-01
1000PEPE,2025-08-05 15:00:00+00:00,2025-08-06 14:00:00+00:00,-1,0.010162,0.01046686,-300.0000000000003,-311.5000000000003,SL,2025-08-05
1000PEPE,2025-08-14 13:00:00+00:00,2025-08-14 18:00:00+00:00,-1,0.0112138,0.010877386,300.0000000000003,288.5000000000003,TP,2025-08-14
1000PEPE,2025-08-19 15:00:00+00:00,2025-08-20 13:00:00+00:00,-1,0.0104371,0.010123987,300.0000000000003,288.5000000000003,TP,2025-08-19
1000PEPE,2025-08-20 14:00:00+00:00,2025-08-20 15:00:00+00:00,-1,0.010123,0.01042669,-300.0000000000003,-311.5000000000003,SL,2025-08-20
1000PEPE,2025-08-24 20:00:00+00:00,2025-08-24 22:00:00+00:00,-1,0.0110118,0.010681446,300.0000000000003,288.5000000000003,TP,2025-08-24
1000PEPE,2025-08-25 20:00:00+00:00,2025-08-25 20:00:00+00:00,-1,0.0098907,0.009593979,300.0000000000003,288.5000000000003,TP,2025-08-25
1000PEPE,2025-08-29 08:00:00+00:00,2025-08-29 17:00:00+00:00,-1,0.0098397,0.009544509,300.0000000000003,288.5000000000003,TP,2025-08-29
1000PEPE,2025-09-01 22:00:00+00:00,2025-09-02 02:00:00+00:00,-1,0.0092269,0.009503707,-300.0000000000003,-311.5000000000003,SL,2025-09-01
1000PEPE,2025-09-05 15:00:00+00:00,2025-09-07 03:00:00+00:00,-1,0.0095507,0.0097123,-169.2022574261576,-180.7022574261576,TIME,2025-09-05
1000PEPE,2025-09-09 15:00:00+00:00,2025-09-11 03:00:00+00:00,-1,0.0103666,0.0106422,-265.8537997028909,-277.3537997028909,TIME,2025-09-09
1000PEPE,2025-09-15 00:00:00+00:00,2025-09-15 06:00:00+00:00,-1,0.011544,0.01119768,300.0000000000003,288.5000000000003,TP,2025-09-15
1000PEPE,2025-09-15 09:00:00+00:00,2025-09-16 21:00:00+00:00,-1,0.0107315,0.0110085,-258.11862274612184,-269.61862274612184,TIME,2025-09-15
1000PEPE,2025-09-22 01:00:00+00:00,2025-09-22 05:00:00+00:00,-1,0.0101375,0.009833375,300.0000000000003,288.5000000000003,TP,2025-09-22
1000PEPE,2025-09-22 06:00:00+00:00,2025-09-22 06:00:00+00:00,-1,0.00986,0.0095642,300.0000000000003,288.5000000000003,TP,2025-09-22
1000PEPE,2025-09-22 07:00:00+00:00,2025-09-23 03:00:00+00:00,-1,0.0097113,0.009419961000000001,300.0000000000003,288.5000000000003,TP,2025-09-22
1000PEPE,2025-09-23 18:00:00+00:00,2025-09-24 04:00:00+00:00,-1,0.0096183,0.009329750999999999,300.00000000000136,288.50000000000136,TP,2025-09-23
1000PEPE,2025-09-25 05:00:00+00:00,2025-09-25 12:00:00+00:00,-1,0.0094305,0.009147585,300.0000000000003,288.5000000000003,TP,2025-09-25
1000PEPE,2025-09-25 18:00:00+00:00,2025-09-25 19:00:00+00:00,-1,0.0089116,0.009178948000000001,-300.0000000000003,-311.5000000000003,SL,2025-09-25
1000PEPE,2025-09-26 15:00:00+00:00,2025-09-28 03:00:00+00:00,-1,0.0091887,0.0091506,41.46397205262886,29.96397205262886,TIME,2025-09-26
1000PEPE,2025-10-05 10:00:00+00:00,2025-10-05 19:00:00+00:00,-1,0.0100242,0.009723474000000001,299.99999999999915,288.49999999999915,TP,2025-10-05
1000PEPE,2025-10-07 15:00:00+00:00,2025-10-07 23:00:00+00:00,-1,0.0097145,0.009423065,299.99999999999915,288.49999999999915,TP,2025-10-07
1000PEPE,2025-10-09 14:00:00+00:00,2025-10-10 03:00:00+00:00,-1,0.0091099,0.009383197000000001,-300.0000000000003,-311.5000000000003,SL,2025-10-09
1000PEPE,2025-10-10 15:00:00+00:00,2025-10-10 15:00:00+00:00,-1,0.0091227,0.008849019,299.99999999999915,288.49999999999915,TP,2025-10-10
1000PEPE,2025-10-10 16:00:00+00:00,2025-10-10 17:00:00+00:00,-1,0.0087663,0.008503311,300.0000000000003,288.5000000000003,TP,2025-10-10
1000PEPE,2025-10-10 21:00:00+00:00,2025-10-10 21:00:00+00:00,-1,0.0080639,0.007821983000000001,299.99999999999915,288.49999999999915,TP,2025-10-10
1000PEPE,2025-10-11 02:00:00+00:00,2025-10-11 02:00:00+00:00,-1,0.0066169,0.006815407000000001,-300.0000000000003,-311.5000000000003,SL,2025-10-11
1000PEPE,2025-10-16 16:00:00+00:00,2025-10-16 20:00:00+00:00,-1,0.0069507,0.006742178999999999,300.00000000000136,288.50000000000136,TP,2025-10-16
1000PEPE,2025-10-17 07:00:00+00:00,2025-10-17 07:00:00+00:00,-1,0.0066053,0.006407141,300.0000000000003,288.5000000000003,TP,2025-10-17
1000PEPE,2025-10-21 05:00:00+00:00,2025-10-21 14:00:00+00:00,-1,0.0068656,0.007071568,-300.0000000000003,-311.5000000000003,SL,2025-10-21
1000PEPE,2025-10-21 23:00:00+00:00,2025-10-22 09:00:00+00:00,-1,0.0069919,0.006782142999999999,300.0000000000003,288.5000000000003,TP,2025-10-21
1000PEPE,2025-10-28 20:00:00+00:00,2025-10-28 21:00:00+00:00,-1,0.007061,0.006849169999999999,300.0000000000003,288.5000000000003,TP,2025-10-28
1000PEPE,2025-10-29 16:00:00+00:00,2025-10-29 17:00:00+00:00,-1,0.00695,0.0071585,-300.0000000000003,-311.5000000000003,SL,2025-10-29
1000PEPE,2025-10-29 19:00:00+00:00,2025-10-29 20:00:00+00:00,-1,0.007019,0.00722957,-300.0000000000003,-311.5000000000003,SL,2025-10-29
1000PEPE,2025-10-30 00:00:00+00:00,2025-10-30 04:00:00+00:00,-1,0.007023,0.006812309999999999,300.0000000000003,288.5000000000003,TP,2025-10-30
1000PEPE,2025-10-30 05:00:00+00:00,2025-10-30 07:00:00+00:00,-1,0.0067942,0.006998026,-300.0000000000003,-311.5000000000003,SL,2025-10-30
1000PEPE,2025-10-30 13:00:00+00:00,2025-10-30 15:00:00+00:00,-1,0.0066641,0.006464177,300.0000000000003,288.5000000000003,TP,2025-10-30
1000PEPE,2025-10-31 17:00:00+00:00,2025-11-01 08:00:00+00:00,-1,0.0064535,0.006647105,-300.0000000000003,-311.5000000000003,SL,2025-10-31
1000PEPE,2025-11-03 16:00:00+00:00,2025-11-03 17:00:00+00:00,-1,0.0057402,0.005912406,-300.0000000000003,-311.5000000000003,SL,2025-11-03
1000PEPE,2025-11-04 06:00:00+00:00,2025-11-04 06:00:00+00:00,-1,0.0055075,0.005672725,-300.0000000000003,-311.5000000000003,SL,2025-11-04
1000PEPE,2025-11-10 15:00:00+00:00,2025-11-10 22:00:00+00:00,-1,0.0061005,0.006283515,-300.0000000000003,-311.5000000000003,SL,2025-11-10
1000PEPE,2025-11-12 16:00:00+00:00,2025-11-12 17:00:00+00:00,-1,0.0058255,0.005650735,300.0000000000003,288.5000000000003,TP,2025-11-12
1000PEPE,2025-11-13 16:00:00+00:00,2025-11-13 17:00:00+00:00,-1,0.0058204,0.005645788,300.0000000000003,288.5000000000003,TP,2025-11-13
1000PEPE,2025-11-14 05:00:00+00:00,2025-11-14 12:00:00+00:00,-1,0.0052525,0.005094925,300.0000000000003,288.5000000000003,TP,2025-11-14
1000PEPE,2025-11-14 21:00:00+00:00,2025-11-14 23:00:00+00:00,-1,0.0050001,0.004850097,300.0000000000003,288.5000000000003,TP,2025-11-14
1000PEPE,2025-11-17 14:00:00+00:00,2025-11-17 14:00:00+00:00,-1,0.0048643,0.005010229000000001,-300.0000000000003,-311.5000000000003,SL,2025-11-17
1000PEPE,2025-11-17 18:00:00+00:00,2025-11-17 19:00:00+00:00,-1,0.0047923,0.004648531,300.0000000000003,288.5000000000003,TP,2025-11-17
1000PEPE,2025-11-19 16:00:00+00:00,2025-11-19 17:00:00+00:00,-1,0.0046829,0.004542413,300.0000000000003,288.5000000000003,TP,2025-11-19
1000PEPE,2025-11-20 17:00:00+00:00,2025-11-20 17:00:00+00:00,-1,0.0046751,0.004534847,300.0000000000003,288.5000000000003,TP,2025-11-20
1000PEPE,2025-11-21 00:00:00+00:00,2025-11-21 07:00:00+00:00,-1,0.0044483,0.004314851,300.0000000000003,288.5000000000003,TP,2025-11-21
1000PEPE,2025-11-21 08:00:00+00:00,2025-11-21 11:00:00+00:00,-1,0.0042497,0.004122209,300.00000000000136,288.50000000000136,TP,2025-11-21
1000PEPE,2025-11-21 16:00:00+00:00,2025-11-21 17:00:00+00:00,-1,0.0041646,0.004289538,-300.0000000000003,-311.5000000000003,SL,2025-11-21
1000PEPE,2025-11-28 17:00:00+00:00,2025-11-29 17:00:00+00:00,-1,0.0046704,0.0045302879999999995,300.00000000000136,288.50000000000136,TP,2025-11-28
1000PEPE,2025-12-01 01:00:00+00:00,2025-12-01 11:00:00+00:00,-1,0.0042475,0.004120075,300.00000000000136,288.50000000000136,TP,2025-12-01
1000PEPE,2025-12-01 16:00:00+00:00,2025-12-02 14:00:00+00:00,-1,0.0040162,0.0041366860000000005,-300.0000000000003,-311.5000000000003,SL,2025-12-01
1000PEPE,2025-12-05 17:00:00+00:00,2025-12-06 12:00:00+00:00,-1,0.0043365,0.004466595,-300.0000000000003,-311.5000000000003,SL,2025-12-05
1000PEPE,2025-12-12 16:00:00+00:00,2025-12-14 04:00:00+00:00,-1,0.0043148,0.0043369,-51.21905997960585,-62.71905997960585,TIME,2025-12-12
1000PEPE,2025-12-15 15:00:00+00:00,2025-12-15 15:00:00+00:00,-1,0.0041807,0.004055279,299.99999999999915,288.49999999999915,TP,2025-12-15
1000PEPE,2025-12-17 16:00:00+00:00,2025-12-17 16:00:00+00:00,-1,0.004026,0.00390522,300.0000000000003,288.5000000000003,TP,2025-12-17
1000PEPE,2025-12-18 18:00:00+00:00,2025-12-18 19:00:00+00:00,-1,0.0037775,0.003664175,300.0000000000003,288.5000000000003,TP,2025-12-18
1000PEPE,2025-12-18 20:00:00+00:00,2025-12-18 22:00:00+00:00,-1,0.0036484,0.003757852,-300.0000000000003,-311.5000000000003,SL,2025-12-18
1000PEPE,2025-12-26 15:00:00+00:00,2025-12-27 16:00:00+00:00,-1,0.0039714,0.004090542,-300.0000000000003,-311.5000000000003,SL,2025-12-26
1000PEPE,2025-12-29 10:00:00+00:00,2025-12-30 03:00:00+00:00,-1,0.0041416,0.004017351999999999,300.00000000000136,288.50000000000136,TP,2025-12-29
1000PEPE,2026-01-06 17:00:00+00:00,2026-01-06 18:00:00+00:00,-1,0.0064542,0.006647826000000001,-300.0000000000003,-311.5000000000003,SL,2026-01-06
1000PEPE,2026-01-07 01:00:00+00:00,2026-01-07 05:00:00+00:00,-1,0.0065466,0.006742998,-300.0000000000003,-311.5000000000003,SL,2026-01-07
1000PEPE,2026-01-07 10:00:00+00:00,2026-01-07 14:00:00+00:00,-1,0.0067376,0.006535472,300.0000000000003,288.5000000000003,TP,2026-01-07
1000PEPE,2026-01-08 07:00:00+00:00,2026-01-08 10:00:00+00:00,-1,0.006397,0.00620509,300.0000000000003,288.5000000000003,TP,2026-01-08
1000PEPE,2026-01-19 00:00:00+00:00,2026-01-19 00:00:00+00:00,-1,0.0054612,0.005297364,300.00000000000136,288.50000000000136,TP,2026-01-19
1000PEPE,2026-01-19 01:00:00+00:00,2026-01-20 13:00:00+00:00,-1,0.0051772,0.0050593,227.72927451131798,216.22927451131798,TIME,2026-01-19
1000PEPE,2026-01-20 23:00:00+00:00,2026-01-21 12:00:00+00:00,-1,0.0050208,0.0048701759999999995,300.0000000000003,288.5000000000003,TP,2026-01-20
1000PEPE,2026-01-21 17:00:00+00:00,2026-01-21 19:00:00+00:00,-1,0.0048865,0.0050330950000000005,-300.0000000000003,-311.5000000000003,SL,2026-01-21
1000PEPE,2026-01-27 18:00:00+00:00,2026-01-27 20:00:00+00:00,-1,0.0048559,0.005001577,-300.0000000000003,-311.5000000000003,SL,2026-01-27
1000PEPE,2026-01-29 15:00:00+00:00,2026-01-30 01:00:00+00:00,-1,0.0047318,0.004589846,300.00000000000136,288.50000000000136,TP,2026-01-29
1000PEPE,2026-01-30 02:00:00+00:00,2026-01-30 06:00:00+00:00,-1,0.0046839,0.004543383000000001,299.99999999999915,288.49999999999915,TP,2026-01-30
1000PEPE,2026-01-31 15:00:00+00:00,2026-01-31 17:00:00+00:00,-1,0.004233,0.004106009999999999,300.00000000000136,288.50000000000136,TP,2026-01-31
1000PEPE,2026-01-31 18:00:00+00:00,2026-01-31 18:00:00+00:00,-1,0.0040871,0.003964487,299.99999999999915,288.49999999999915,TP,2026-01-31
1000PEPE,2026-02-02 03:00:00+00:00,2026-02-02 03:00:00+00:00,-1,0.0041651,0.004040147,299.99999999999915,288.49999999999915,TP,2026-02-02
1000PEPE,2026-02-03 03:00:00+00:00,2026-02-03 14:00:00+00:00,-1,0.0041721,0.004297263,-300.0000000000003,-311.5000000000003,SL,2026-02-03
1000PEPE,2026-02-03 17:00:00+00:00,2026-02-03 17:00:00+00:00,-1,0.0042475,0.004120075,300.00000000000136,288.50000000000136,TP,2026-02-03
1000PEPE,2026-02-03 18:00:00+00:00,2026-02-03 19:00:00+00:00,-1,0.0040814,0.004203842,-300.0000000000003,-311.5000000000003,SL,2026-02-03
1000PEPE,2026-02-05 16:00:00+00:00,2026-02-05 20:00:00+00:00,-1,0.0037054,0.003594238,300.0000000000003,288.5000000000003,TP,2026-02-05
1000PEPE,2026-02-05 21:00:00+00:00,2026-02-05 23:00:00+00:00,-1,0.0035503,0.003443791,300.0000000000003,288.5000000000003,TP,2026-02-05
1000PEPE,2026-02-16 14:00:00+00:00,2026-02-16 20:00:00+00:00,-1,0.004379,0.0045103700000000005,-300.0000000000003,-311.5000000000003,SL,2026-02-16
1000PEPE,2026-02-17 15:00:00+00:00,2026-02-18 18:00:00+00:00,-1,0.0043884,0.0042567479999999994,300.0000000000003,288.5000000000003,TP,2026-02-17
1000PEPE,2026-02-23 01:00:00+00:00,2026-02-23 01:00:00+00:00,-1,0.0040045,0.0038843650000000003,300.0000000000003,288.5000000000003,TP,2026-02-23
1000PEPE,2026-02-23 02:00:00+00:00,2026-02-23 06:00:00+00:00,-1,0.0038798,0.003996194,-300.0000000000003,-311.5000000000003,SL,2026-02-23
1000PEPE,2026-02-28 07:00:00+00:00,2026-02-28 13:00:00+00:00,-1,0.0034535,0.003557105,-300.0000000000003,-311.5000000000003,SL,2026-02-28
1000PEPE,2026-03-13 15:00:00+00:00,2026-03-13 19:00:00+00:00,-1,0.0034883,0.003383651,300.0000000000003,288.5000000000003,TP,2026-03-13
1000PEPE,2026-03-18 12:00:00+00:00,2026-03-18 14:00:00+00:00,-1,0.0035777,0.003470369,300.0000000000003,288.5000000000003,TP,2026-03-18
1000PEPE,2026-03-18 15:00:00+00:00,2026-03-19 12:00:00+00:00,-1,0.0034682,0.003364154,300.0000000000003,288.5000000000003,TP,2026-03-18
1000PEPE,2026-03-22 00:00:00+00:00,2026-03-23 11:00:00+00:00,-1,0.0033078,0.003407034,-300.0000000000003,-311.5000000000003,SL,2026-03-22
1000PEPE,2026-03-23 16:00:00+00:00,2026-03-25 04:00:00+00:00,-1,0.0034516,0.0035459,-273.2066288098278,-284.7066288098278,TIME,2026-03-23
1000PEPE,2026-03-27 11:00:00+00:00,2026-03-28 10:00:00+00:00,-1,0.0032611,0.003358933,-300.0000000000003,-311.5000000000003,SL,2026-03-27
1000PEPE,2026-03-29 23:00:00+00:00,2026-03-30 00:00:00+00:00,-1,0.003245,0.00334235,-300.0000000000003,-311.5000000000003,SL,2026-03-29
1000PEPE,2026-03-31 15:00:00+00:00,2026-04-01 05:00:00+00:00,-1,0.0033321,0.0034320630000000004,-300.0000000000003,-311.5000000000003,SL,2026-03-31
1000PEPE,2026-04-02 02:00:00+00:00,2026-04-03 05:00:00+00:00,-1,0.0033438,0.0034441140000000003,-300.0000000000003,-311.5000000000003,SL,2026-04-02
1000PEPE,2026-04-07 11:00:00+00:00,2026-04-07 19:00:00+00:00,-1,0.0033569,0.003457607,-300.0000000000003,-311.5000000000003,SL,2026-04-07
1000PEPE,2026-04-08 19:00:00+00:00,2026-04-09 22:00:00+00:00,-1,0.0035343,0.0036403290000000003,-300.0000000000003,-311.5000000000003,SL,2026-04-08
1000PEPE,2026-04-12 02:00:00+00:00,2026-04-13 14:00:00+00:00,-1,0.0035217,0.0035711,-140.27316352897668,-151.77316352897668,TIME,2026-04-12
1000PEPE,2026-04-16 14:00:00+00:00,2026-04-16 16:00:00+00:00,-1,0.0037739,0.0038871170000000003,-300.0000000000003,-311.5000000000003,SL,2026-04-16
1000SHIB,2025-07-01 15:00:00+00:00,2025-07-02 15:00:00+00:00,-1,0.011195,0.01153085,-300.0000000000003,-311.5000000000003,SL,2025-07-01
1000SHIB,2025-07-04 14:00:00+00:00,2025-07-06 02:00:00+00:00,-1,0.011511,0.011385,109.4605160281481,97.9605160281481,TIME,2025-07-04
1000SHIB,2025-07-09 21:00:00+00:00,2025-07-10 17:00:00+00:00,-1,0.012389,0.012760670000000002,-300.0000000000003,-311.5000000000003,SL,2025-07-09
1000SHIB,2025-07-14 16:00:00+00:00,2025-07-15 02:00:00+00:00,-1,0.01337,0.0129689,300.0000000000003,288.5000000000003,TP,2025-07-14
1000SHIB,2025-07-15 15:00:00+00:00,2025-07-15 16:00:00+00:00,-1,0.012955,0.01334365,-300.0000000000003,-311.5000000000003,SL,2025-07-15
1000SHIB,2025-07-22 14:00:00+00:00,2025-07-22 16:00:00+00:00,-1,0.014922,0.01536966,-300.0000000000003,-311.5000000000003,SL,2025-07-22
1000SHIB,2025-07-25 03:00:00+00:00,2025-07-25 11:00:00+00:00,-1,0.013293,0.013691789999999999,-300.0000000000003,-311.5000000000003,SL,2025-07-25
1000SHIB,2025-07-25 15:00:00+00:00,2025-07-25 20:00:00+00:00,-1,0.013346,0.01374638,-300.0000000000003,-311.5000000000003,SL,2025-07-25
1000SHIB,2025-07-30 19:00:00+00:00,2025-07-30 19:00:00+00:00,-1,0.012684,0.01230348,300.0000000000003,288.5000000000003,TP,2025-07-30
1000SHIB,2025-07-31 20:00:00+00:00,2025-08-01 00:00:00+00:00,-1,0.012689,0.012308330000000001,299.99999999999915,288.49999999999915,TP,2025-07-31
1000SHIB,2025-08-01 14:00:00+00:00,2025-08-01 16:00:00+00:00,-1,0.01206,0.0124218,-300.0000000000003,-311.5000000000003,SL,2025-08-01
1000SHIB,2025-08-05 15:00:00+00:00,2025-08-06 15:00:00+00:00,-1,0.011998,0.01235794,-300.0000000000003,-311.5000000000003,SL,2025-08-05
1000SHIB,2025-08-14 13:00:00+00:00,2025-08-15 15:00:00+00:00,-1,0.012994,0.01260418,300.0000000000003,288.5000000000003,TP,2025-08-14
1000SHIB,2025-08-19 15:00:00+00:00,2025-08-21 03:00:00+00:00,-1,0.012349,0.012575,-183.0107701028405,-194.5107701028405,TIME,2025-08-19
1000SHIB,2025-08-24 20:00:00+00:00,2025-08-25 06:00:00+00:00,-1,0.01307,0.012677899999999999,300.00000000000136,288.50000000000136,TP,2025-08-24
1000SHIB,2025-08-25 20:00:00+00:00,2025-08-26 19:00:00+00:00,-1,0.012119,0.01248257,-300.0000000000003,-311.5000000000003,SL,2025-08-25
1000SHIB,2025-08-29 08:00:00+00:00,2025-08-30 20:00:00+00:00,-1,0.012244,0.012322,-63.70467167592375,-75.20467167592375,TIME,2025-08-29
1000SHIB,2025-09-01 22:00:00+00:00,2025-09-02 03:00:00+00:00,-1,0.011895,0.01225185,-300.0000000000003,-311.5000000000003,SL,2025-09-01
1000SHIB,2025-09-05 15:00:00+00:00,2025-09-07 03:00:00+00:00,-1,0.012221,0.012339,-96.5551100564599,-108.0551100564599,TIME,2025-09-05
1000SHIB,2025-09-09 15:00:00+00:00,2025-09-11 03:00:00+00:00,-1,0.012866,0.013177,-241.7223690346648,-253.2223690346648,TIME,2025-09-09
1000SHIB,2025-09-15 00:00:00+00:00,2025-09-15 08:00:00+00:00,-1,0.01368,0.0132696,300.0000000000003,288.5000000000003,TP,2025-09-15
1000SHIB,2025-09-15 09:00:00+00:00,2025-09-16 21:00:00+00:00,-1,0.013001,0.013201,-153.83432043688748,-165.33432043688748,TIME,2025-09-15
1000SHIB,2025-09-22 01:00:00+00:00,2025-09-22 06:00:00+00:00,-1,0.012511,0.01213567,300.0000000000003,288.5000000000003,TP,2025-09-22
1000SHIB,2025-09-22 07:00:00+00:00,2025-09-23 19:00:00+00:00,-1,0.012114,0.012064,41.27455836222538,29.774558362225378,TIME,2025-09-22
1000SHIB,2025-09-25 05:00:00+00:00,2025-09-25 17:00:00+00:00,-1,0.011868,0.01151196,300.0000000000003,288.5000000000003,TP,2025-09-25
1000SHIB,2025-09-25 18:00:00+00:00,2025-09-25 19:00:00+00:00,-1,0.011539,0.01188517,-300.0000000000003,-311.5000000000003,SL,2025-09-25
1000SHIB,2025-09-26 15:00:00+00:00,2025-09-28 03:00:00+00:00,-1,0.011634,0.011715,-69.6235172769466,-81.1235172769466,TIME,2025-09-26
1000SHIB,2025-10-07 15:00:00+00:00,2025-10-08 04:00:00+00:00,-1,0.012398,0.012026059999999998,300.00000000000136,288.50000000000136,TP,2025-10-07
1000SHIB,2025-10-09 14:00:00+00:00,2025-10-10 15:00:00+00:00,-1,0.011949,0.01159053,299.99999999999915,288.49999999999915,TP,2025-10-09
1000SHIB,2025-10-10 16:00:00+00:00,2025-10-10 20:00:00+00:00,-1,0.011546,0.01119962,300.0000000000003,288.5000000000003,TP,2025-10-10
1000SHIB,2025-10-10 21:00:00+00:00,2025-10-10 21:00:00+00:00,-1,0.010744,0.01042168,300.00000000000136,288.50000000000136,TP,2025-10-10
1000SHIB,2025-10-11 02:00:00+00:00,2025-10-11 02:00:00+00:00,-1,0.009935,0.01023305,-300.0000000000003,-311.5000000000003,SL,2025-10-11
1000SHIB,2025-10-16 16:00:00+00:00,2025-10-17 06:00:00+00:00,-1,0.01008,0.009777600000000001,299.99999999999915,288.49999999999915,TP,2025-10-16
1000SHIB,2025-10-17 07:00:00+00:00,2025-10-17 08:00:00+00:00,-1,0.009666,0.009376019999999999,300.0000000000003,288.5000000000003,TP,2025-10-17
1000SHIB,2025-10-21 05:00:00+00:00,2025-10-21 14:00:00+00:00,-1,0.009881,0.01017743,-300.0000000000003,-311.5000000000003,SL,2025-10-21
1000SHIB,2025-10-21 23:00:00+00:00,2025-10-22 09:00:00+00:00,-1,0.010154,0.00984938,300.0000000000003,288.5000000000003,TP,2025-10-21
1000SHIB,2025-10-28 20:00:00+00:00,2025-10-30 08:00:00+00:00,-1,0.010161,0.010059,100.38382049010863,88.88382049010863,TIME,2025-10-28
1000SHIB,2025-10-30 13:00:00+00:00,2025-10-30 17:00:00+00:00,-1,0.009834,0.00953898,300.0000000000003,288.5000000000003,TP,2025-10-30
1000SHIB,2025-10-31 17:00:00+00:00,2025-11-01 12:00:00+00:00,-1,0.00987,0.0101661,-300.0000000000003,-311.5000000000003,SL,2025-10-31
1000SHIB,2025-11-03 16:00:00+00:00,2025-11-04 05:00:00+00:00,-1,0.009239,0.00896183,300.0000000000003,288.5000000000003,TP,2025-11-03
1000SHIB,2025-11-04 06:00:00+00:00,2025-11-04 11:00:00+00:00,-1,0.008904,0.009171120000000001,-300.0000000000003,-311.5000000000003,SL,2025-11-04
1000SHIB,2025-11-10 15:00:00+00:00,2025-11-11 20:00:00+00:00,-1,0.009977,0.00967769,300.0000000000003,288.5000000000003,TP,2025-11-10
1000SHIB,2025-11-12 16:00:00+00:00,2025-11-13 17:00:00+00:00,-1,0.009723,0.00943131,300.0000000000003,288.5000000000003,TP,2025-11-12
1000SHIB,2025-11-14 05:00:00+00:00,2025-11-15 17:00:00+00:00,-1,0.009107,0.009127,-21.96112880201939,-33.46112880201939,TIME,2025-11-14
1000SHIB,2025-11-17 14:00:00+00:00,2025-11-17 14:00:00+00:00,-1,0.0089,0.009167,-300.0000000000003,-311.5000000000003,SL,2025-11-17
1000SHIB,2025-11-17 18:00:00+00:00,2025-11-17 19:00:00+00:00,-1,0.008788,0.00852436,300.00000000000136,288.50000000000136,TP,2025-11-17
1000SHIB,2025-11-19 16:00:00+00:00,2025-11-19 18:00:00+00:00,-1,0.008528,0.00827216,300.0000000000003,288.5000000000003,TP,2025-11-19
1000SHIB,2025-11-20 17:00:00+00:00,2025-11-20 18:00:00+00:00,-1,0.008419,0.008166429999999999,300.0000000000003,288.5000000000003,TP,2025-11-20
1000SHIB,2025-11-21 00:00:00+00:00,2025-11-21 07:00:00+00:00,-1,0.008246,0.00799862,300.0000000000003,288.5000000000003,TP,2025-11-21
1000SHIB,2025-11-21 08:00:00+00:00,2025-11-21 12:00:00+00:00,-1,0.007885,0.007648449999999999,300.0000000000003,288.5000000000003,TP,2025-11-21
1000SHIB,2025-11-21 16:00:00+00:00,2025-11-22 13:00:00+00:00,-1,0.007799,0.00756503,300.0000000000003,288.5000000000003,TP,2025-11-21
1000SHIB,2025-11-28 17:00:00+00:00,2025-11-29 17:00:00+00:00,-1,0.008707,0.00844579,299.99999999999915,288.49999999999915,TP,2025-11-28
1000SHIB,2025-12-01 01:00:00+00:00,2025-12-02 13:00:00+00:00,-1,0.007964,0.008037,-91.66248116524444,-103.16248116524444,TIME,2025-12-01
1000SHIB,2025-12-05 17:00:00+00:00,2025-12-06 12:00:00+00:00,-1,0.008241,0.008488230000000001,-300.0000000000003,-311.5000000000003,SL,2025-12-05
1000SHIB,2025-12-12 16:00:00+00:00,2025-12-13 12:00:00+00:00,-1,0.008173,0.00841819,-300.0000000000003,-311.5000000000003,SL,2025-12-12
1000SHIB,2025-12-15 15:00:00+00:00,2025-12-15 17:00:00+00:00,-1,0.00802,0.007779399999999999,300.0000000000003,288.5000000000003,TP,2025-12-15
1000SHIB,2025-12-17 16:00:00+00:00,2025-12-17 19:00:00+00:00,-1,0.007723,0.007491309999999999,300.0000000000003,288.5000000000003,TP,2025-12-17
1000SHIB,2025-12-18 18:00:00+00:00,2025-12-18 19:00:00+00:00,-1,0.007245,0.00702765,300.0000000000003,288.5000000000003,TP,2025-12-18
1000SHIB,2025-12-18 20:00:00+00:00,2025-12-19 03:00:00+00:00,-1,0.007024,0.00723472,-300.0000000000003,-311.5000000000003,SL,2025-12-18
1000SHIB,2025-12-26 15:00:00+00:00,2025-12-27 22:00:00+00:00,-1,0.007109,0.00732227,-300.0000000000003,-311.5000000000003,SL,2025-12-26
1000SHIB,2025-12-29 10:00:00+00:00,2025-12-29 23:00:00+00:00,-1,0.007418,0.00719546,300.0000000000003,288.5000000000003,TP,2025-12-29
1000SHIB,2026-01-06 17:00:00+00:00,2026-01-07 22:00:00+00:00,-1,0.009024,0.00875328,300.0000000000003,288.5000000000003,TP,2026-01-06
1000SHIB,2026-01-08 07:00:00+00:00,2026-01-09 19:00:00+00:00,-1,0.008661,0.008561,115.46010853250354,103.96010853250354,TIME,2026-01-08
1000SHIB,2026-01-19 00:00:00+00:00,2026-01-19 00:00:00+00:00,-1,0.008083,0.00784051,299.99999999999915,288.49999999999915,TP,2026-01-19
1000SHIB,2026-01-19 01:00:00+00:00,2026-01-19 20:00:00+00:00,-1,0.007868,0.00810404,-300.0000000000003,-311.5000000000003,SL,2026-01-19
1000SHIB,2026-01-20 23:00:00+00:00,2026-01-21 02:00:00+00:00,-1,0.007735,0.00796705,-300.0000000000003,-311.5000000000003,SL,2026-01-20
1000SHIB,2026-01-21 17:00:00+00:00,2026-01-21 19:00:00+00:00,-1,0.007677,0.00790731,-300.0000000000003,-311.5000000000003,SL,2026-01-21
1000SHIB,2026-01-27 18:00:00+00:00,2026-01-27 20:00:00+00:00,-1,0.007658,0.00788774,-300.0000000000003,-311.5000000000003,SL,2026-01-27
1000SHIB,2026-01-29 15:00:00+00:00,2026-01-30 01:00:00+00:00,-1,0.007354,0.00713338,300.0000000000003,288.5000000000003,TP,2026-01-29
1000SHIB,2026-01-30 02:00:00+00:00,2026-01-31 07:00:00+00:00,-1,0.00727,0.0070519,300.0000000000003,288.5000000000003,TP,2026-01-30
1000SHIB,2026-01-31 15:00:00+00:00,2026-01-31 17:00:00+00:00,-1,0.0068,0.006595999999999999,300.0000000000003,288.5000000000003,TP,2026-01-31
1000SHIB,2026-01-31 18:00:00+00:00,2026-01-31 18:00:00+00:00,-1,0.006556,0.00635932,300.0000000000003,288.5000000000003,TP,2026-01-31
1000SHIB,2026-02-02 03:00:00+00:00,2026-02-02 03:00:00+00:00,-1,0.006711,0.0065096699999999995,300.0000000000003,288.5000000000003,TP,2026-02-02
1000SHIB,2026-02-03 03:00:00+00:00,2026-02-03 15:00:00+00:00,-1,0.006779,0.006982370000000001,-300.0000000000003,-311.5000000000003,SL,2026-02-03
1000SHIB,2026-02-03 17:00:00+00:00,2026-02-03 18:00:00+00:00,-1,0.00679,0.0065863,300.0000000000003,288.5000000000003,TP,2026-02-03
1000SHIB,2026-02-03 19:00:00+00:00,2026-02-03 19:00:00+00:00,-1,0.006493,0.00668779,-300.0000000000003,-311.5000000000003,SL,2026-02-03
1000SHIB,2026-02-05 16:00:00+00:00,2026-02-05 17:00:00+00:00,-1,0.006011,0.00583067,300.0000000000003,288.5000000000003,TP,2026-02-05
1000SHIB,2026-02-05 18:00:00+00:00,2026-02-05 20:00:00+00:00,-1,0.005867,0.00569099,300.0000000000003,288.5000000000003,TP,2026-02-05
1000SHIB,2026-02-05 21:00:00+00:00,2026-02-06 00:00:00+00:00,-1,0.005683,0.005512509999999999,300.00000000000136,288.50000000000136,TP,2026-02-05
1000SHIB,2026-02-16 14:00:00+00:00,2026-02-18 02:00:00+00:00,-1,0.006514,0.006503,16.886705557260797,5.386705557260797,TIME,2026-02-16
1000SHIB,2026-02-23 01:00:00+00:00,2026-02-23 01:00:00+00:00,-1,0.006111,0.00592767,299.99999999999915,288.49999999999915,TP,2026-02-23
1000SHIB,2026-02-23 02:00:00+00:00,2026-02-23 07:00:00+00:00,-1,0.005926,0.00610378,-300.0000000000003,-311.5000000000003,SL,2026-02-23
1000SHIB,2026-02-28 07:00:00+00:00,2026-02-28 19:00:00+00:00,-1,0.005512,0.00567736,-300.0000000000003,-311.5000000000003,SL,2026-02-28
1000SHIB,2026-03-13 15:00:00+00:00,2026-03-14 10:00:00+00:00,-1,0.006032,0.00585104,300.0000000000003,288.5000000000003,TP,2026-03-13
1000SHIB,2026-03-18 12:00:00+00:00,2026-03-18 14:00:00+00:00,-1,0.005938,0.0057598599999999995,300.0000000000003,288.5000000000003,TP,2026-03-18
1000SHIB,2026-03-18 15:00:00+00:00,2026-03-20 02:00:00+00:00,-1,0.005748,0.00592044,-300.0000000000003,-311.5000000000003,SL,2026-03-18
1000SHIB,2026-03-22 00:00:00+00:00,2026-03-22 21:00:00+00:00,-1,0.005849,0.0056735299999999995,300.00000000000136,288.50000000000136,TP,2026-03-22
1000SHIB,2026-03-23 07:00:00+00:00,2026-03-23 11:00:00+00:00,-1,0.005776,0.00594928,-300.0000000000003,-311.5000000000003,SL,2026-03-23
1000SHIB,2026-03-23 16:00:00+00:00,2026-03-25 04:00:00+00:00,-1,0.006071,0.006167,-158.12880909240602,-169.62880909240602,TIME,2026-03-23
1000SHIB,2026-03-27 11:00:00+00:00,2026-03-28 15:00:00+00:00,-1,0.005746,0.00591838,-300.0000000000003,-311.5000000000003,SL,2026-03-27
1000SHIB,2026-03-29 23:00:00+00:00,2026-03-30 02:00:00+00:00,-1,0.005747,0.005919410000000001,-300.0000000000003,-311.5000000000003,SL,2026-03-29
1000SHIB,2026-03-31 15:00:00+00:00,2026-04-01 15:00:00+00:00,-1,0.005893,0.00606979,-300.0000000000003,-311.5000000000003,SL,2026-03-31
1000SHIB,2026-04-02 02:00:00+00:00,2026-04-03 09:00:00+00:00,-1,0.005886,0.00606258,-300.0000000000003,-311.5000000000003,SL,2026-04-02
1000SHIB,2026-04-07 11:00:00+00:00,2026-04-07 21:00:00+00:00,-1,0.005836,0.00601108,-300.0000000000003,-311.5000000000003,SL,2026-04-07
1000SHIB,2026-04-08 19:00:00+00:00,2026-04-10 07:00:00+00:00,-1,0.005967,0.005883,140.77425842131674,129.27425842131674,TIME,2026-04-08
1000SHIB,2026-04-12 02:00:00+00:00,2026-04-13 14:00:00+00:00,-1,0.00581,0.00582,-17.21170395869054,-28.71170395869054,TIME,2026-04-12
1000SHIB,2026-04-16 14:00:00+00:00,2026-04-16 16:00:00+00:00,-1,0.006042,0.0062232599999999996,-300.0000000000003,-311.5000000000003,SL,2026-04-16
AAVE,2025-07-01 15:00:00+00:00,2025-07-02 15:00:00+00:00,-1,264.08,272.00239999999997,-300.0000000000003,-311.5000000000003,SL,2025-07-01
AAVE,2025-07-04 14:00:00+00:00,2025-07-05 11:00:00+00:00,-1,265.35,273.31050000000005,-300.0000000000003,-311.5000000000003,SL,2025-07-04
AAVE,2025-07-09 21:00:00+00:00,2025-07-09 22:00:00+00:00,-1,297.57,306.4971,-300.0000000000003,-311.5000000000003,SL,2025-07-09
AAVE,2025-07-14 16:00:00+00:00,2025-07-15 02:00:00+00:00,-1,319.88,310.2836,300.0000000000003,288.5000000000003,TP,2025-07-14
AAVE,2025-07-15 15:00:00+00:00,2025-07-15 15:00:00+00:00,-1,313.72,323.13160000000005,-300.0000000000003,-311.5000000000003,SL,2025-07-15
AAVE,2025-07-22 14:00:00+00:00,2025-07-23 12:00:00+00:00,-1,305.53,296.36409999999995,300.0000000000003,288.5000000000003,TP,2025-07-22
AAVE,2025-07-25 03:00:00+00:00,2025-07-25 09:00:00+00:00,-1,282.96,291.4488,-300.0000000000003,-311.5000000000003,SL,2025-07-25
AAVE,2025-07-25 15:00:00+00:00,2025-07-26 01:00:00+00:00,-1,287.28,295.8984,-300.0000000000003,-311.5000000000003,SL,2025-07-25
AAVE,2025-07-30 19:00:00+00:00,2025-07-31 02:00:00+00:00,-1,270.66,278.7798,-300.0000000000003,-311.5000000000003,SL,2025-07-30
AAVE,2025-07-31 20:00:00+00:00,2025-08-01 00:00:00+00:00,-1,266.57,258.5729,299.99999999999915,288.49999999999915,TP,2025-07-31
AAVE,2025-08-01 14:00:00+00:00,2025-08-02 18:00:00+00:00,-1,254.55,246.9135,300.0000000000003,288.5000000000003,TP,2025-08-01
AAVE,2025-08-05 15:00:00+00:00,2025-08-06 15:00:00+00:00,-1,254.54,262.1762,-300.0000000000003,-311.5000000000003,SL,2025-08-05
AAVE,2025-08-14 13:00:00+00:00,2025-08-14 14:00:00+00:00,-1,310.97,320.2991,-300.0000000000003,-311.5000000000003,SL,2025-08-14
AAVE,2025-08-19 15:00:00+00:00,2025-08-20 07:00:00+00:00,-1,280.13,288.5339,-300.0000000000003,-311.5000000000003,SL,2025-08-19
AAVE,2025-08-20 14:00:00+00:00,2025-08-20 15:00:00+00:00,-1,284.39,292.9217,-300.0000000000003,-311.5000000000003,SL,2025-08-20
AAVE,2025-08-24 20:00:00+00:00,2025-08-25 00:00:00+00:00,-1,353.54,342.9338,300.0000000000003,288.5000000000003,TP,2025-08-24
AAVE,2025-08-25 20:00:00+00:00,2025-08-26 02:00:00+00:00,-1,316.38,325.8714,-300.0000000000003,-311.5000000000003,SL,2025-08-25
AAVE,2025-08-29 08:00:00+00:00,2025-08-29 12:00:00+00:00,-1,306.32,315.5096,-300.0000000000003,-311.5000000000003,SL,2025-08-29
AAVE,2025-08-29 14:00:00+00:00,2025-08-29 21:00:00+00:00,-1,309.63,318.9189,-300.0000000000003,-311.5000000000003,SL,2025-08-29
AAVE,2025-09-01 22:00:00+00:00,2025-09-02 03:00:00+00:00,-1,301.16,310.19480000000004,-300.0000000000003,-311.5000000000003,SL,2025-09-01
AAVE,2025-09-05 15:00:00+00:00,2025-09-07 03:00:00+00:00,-1,299.45,301.08,-54.43312740023298,-65.93312740023299,TIME,2025-09-05
AAVE,2025-09-09 15:00:00+00:00,2025-09-11 03:00:00+00:00,-1,300.29,304.64,-144.8599686969243,-156.3599686969243,TIME,2025-09-09
AAVE,2025-09-15 00:00:00+00:00,2025-09-15 14:00:00+00:00,-1,306.2,297.01399999999995,300.00000000000136,288.50000000000136,TP,2025-09-15
AAVE,2025-09-22 01:00:00+00:00,2025-09-22 05:00:00+00:00,-1,286.83,278.2251,299.99999999999915,288.49999999999915,TP,2025-09-22
AAVE,2025-09-22 06:00:00+00:00,2025-09-22 06:00:00+00:00,-1,277.86,269.5242,300.0000000000003,288.5000000000003,TP,2025-09-22
AAVE,2025-09-22 07:00:00+00:00,2025-09-23 13:00:00+00:00,-1,268.04,276.0812,-300.0000000000003,-311.5000000000003,SL,2025-09-22
AAVE,2025-09-23 18:00:00+00:00,2025-09-25 04:00:00+00:00,-1,275.38,267.1186,299.99999999999915,288.49999999999915,TP,2025-09-23
AAVE,2025-09-25 05:00:00+00:00,2025-09-25 17:00:00+00:00,-1,266.42,258.42740000000003,299.99999999999915,288.49999999999915,TP,2025-09-25
AAVE,2025-09-25 18:00:00+00:00,2025-09-25 19:00:00+00:00,-1,257.11,264.8233,-300.0000000000003,-311.5000000000003,SL,2025-09-25
AAVE,2025-09-26 15:00:00+00:00,2025-09-26 17:00:00+00:00,-1,262.92,270.80760000000004,-300.0000000000003,-311.5000000000003,SL,2025-09-26
AAVE,2025-10-05 10:00:00+00:00,2025-10-06 00:00:00+00:00,-1,292.09,283.3273,300.0000000000003,288.5000000000003,TP,2025-10-05
AAVE,2025-10-07 15:00:00+00:00,2025-10-09 03:00:00+00:00,-1,281.77,282.06,-10.292082194698349,-21.79208219469835,TIME,2025-10-07
AAVE,2025-10-09 14:00:00+00:00,2025-10-10 15:00:00+00:00,-1,272.94,264.7518,300.0000000000003,288.5000000000003,TP,2025-10-09
AAVE,2025-10-10 16:00:00+00:00,2025-10-10 19:00:00+00:00,-1,264.22,256.2934,300.0000000000003,288.5000000000003,TP,2025-10-10
AAVE,2025-10-10 21:00:00+00:00,2025-10-10 21:00:00+00:00,-1,244.67,237.32989999999998,300.0000000000003,288.5000000000003,TP,2025-10-10
AAVE,2025-10-11 02:00:00+00:00,2025-10-11 02:00:00+00:00,-1,218.72,225.2816,-300.0000000000003,-311.5000000000003,SL,2025-10-11
AAVE,2025-10-11 08:00:00+00:00,2025-10-11 09:00:00+00:00,-1,231.66,238.6098,-300.0000000000003,-311.5000000000003,SL,2025-10-11
AAVE,2025-10-16 16:00:00+00:00,2025-10-16 20:00:00+00:00,-1,235.71,228.6387,300.0000000000003,288.5000000000003,TP,2025-10-16
AAVE,2025-10-17 07:00:00+00:00,2025-10-17 07:00:00+00:00,-1,215.66,209.1902,299.99999999999915,288.49999999999915,TP,2025-10-17
AAVE,2025-10-21 05:00:00+00:00,2025-10-21 14:00:00+00:00,-1,219.42,226.0026,-300.0000000000003,-311.5000000000003,SL,2025-10-21
AAVE,2025-10-21 23:00:00+00:00,2025-10-22 11:00:00+00:00,-1,221.52,214.8744,300.0000000000003,288.5000000000003,TP,2025-10-21
AAVE,2025-10-28 20:00:00+00:00,2025-10-29 18:00:00+00:00,-1,230.57,223.6529,300.0000000000003,288.5000000000003,TP,2025-10-28
AAVE,2025-10-29 19:00:00+00:00,2025-10-30 04:00:00+00:00,-1,229.27,222.3919,300.0000000000003,288.5000000000003,TP,2025-10-29
AAVE,2025-10-30 05:00:00+00:00,2025-10-30 06:00:00+00:00,-1,222.77,229.4531,-300.0000000000003,-311.5000000000003,SL,2025-10-30
AAVE,2025-10-30 13:00:00+00:00,2025-10-30 15:00:00+00:00,-1,219.23,212.6531,300.0000000000003,288.5000000000003,TP,2025-10-30
AAVE,2025-10-31 17:00:00+00:00,2025-10-31 19:00:00+00:00,-1,213.84,220.2552,-300.0000000000003,-311.5000000000003,SL,2025-10-31
AAVE,2025-11-03 16:00:00+00:00,2025-11-03 17:00:00+00:00,-1,200.27,206.27810000000002,-300.0000000000003,-311.5000000000003,SL,2025-11-03
AAVE,2025-11-04 06:00:00+00:00,2025-11-04 06:00:00+00:00,-1,194.21,200.0363,-300.0000000000003,-311.5000000000003,SL,2025-11-04
AAVE,2025-11-10 15:00:00+00:00,2025-11-10 22:00:00+00:00,-1,220.56,227.17680000000001,-300.0000000000003,-311.5000000000003,SL,2025-11-10
AAVE,2025-11-12 16:00:00+00:00,2025-11-13 05:00:00+00:00,-1,207.3,213.519,-300.0000000000003,-311.5000000000003,SL,2025-11-12
AAVE,2025-11-13 16:00:00+00:00,2025-11-13 17:00:00+00:00,-1,208.37,202.1189,300.0000000000003,288.5000000000003,TP,2025-11-13
AAVE,2025-11-14 05:00:00+00:00,2025-11-14 11:00:00+00:00,-1,187.07,181.4579,300.0000000000003,288.5000000000003,TP,2025-11-14
AAVE,2025-11-14 21:00:00+00:00,2025-11-15 17:00:00+00:00,-1,176.05,181.3315,-300.0000000000003,-311.5000000000003,SL,2025-11-14
AAVE,2025-11-17 14:00:00+00:00,2025-11-17 14:00:00+00:00,-1,173.75,178.9625,-300.0000000000003,-311.5000000000003,SL,2025-11-17
AAVE,2025-11-17 18:00:00+00:00,2025-11-17 19:00:00+00:00,-1,170.18,165.0746,300.0000000000003,288.5000000000003,TP,2025-11-17
AAVE,2025-11-19 16:00:00+00:00,2025-11-19 21:00:00+00:00,-1,168.23,173.27689999999998,-300.0000000000003,-311.5000000000003,SL,2025-11-19
AAVE,2025-11-20 17:00:00+00:00,2025-11-21 01:00:00+00:00,-1,163.03,167.92090000000002,-300.0000000000003,-311.5000000000003,SL,2025-11-20
AAVE,2025-11-21 03:00:00+00:00,2025-11-21 07:00:00+00:00,-1,162.85,157.9645,300.0000000000003,288.5000000000003,TP,2025-11-21
AAVE,2025-11-21 08:00:00+00:00,2025-11-21 12:00:00+00:00,-1,156.04,151.3588,299.99999999999915,288.49999999999915,TP,2025-11-21
AAVE,2025-11-21 16:00:00+00:00,2025-11-21 16:00:00+00:00,-1,152.54,157.1162,-300.0000000000003,-311.5000000000003,SL,2025-11-21
AAVE,2025-11-28 17:00:00+00:00,2025-11-30 03:00:00+00:00,-1,182.86,188.34580000000003,-300.0000000000003,-311.5000000000003,SL,2025-11-28
AAVE,2025-12-01 01:00:00+00:00,2025-12-01 15:00:00+00:00,-1,169.38,164.2986,300.0000000000003,288.5000000000003,TP,2025-12-01
AAVE,2025-12-01 16:00:00+00:00,2025-12-01 22:00:00+00:00,-1,164.6,169.538,-300.0000000000003,-311.5000000000003,SL,2025-12-01
AAVE,2025-12-05 17:00:00+00:00,2025-12-06 16:00:00+00:00,-1,183.83,189.34490000000002,-300.0000000000003,-311.5000000000003,SL,2025-12-05
AAVE,2025-12-12 16:00:00+00:00,2025-12-13 08:00:00+00:00,-1,192.55,198.3265,-300.0000000000003,-311.5000000000003,SL,2025-12-12
AAVE,2025-12-15 15:00:00+00:00,2025-12-15 15:00:00+00:00,-1,189.59,183.9023,300.0000000000003,288.5000000000003,TP,2025-12-15
AAVE,2025-12-17 16:00:00+00:00,2025-12-17 19:00:00+00:00,-1,182.88,177.3936,300.0000000000003,288.5000000000003,TP,2025-12-17
AAVE,2025-12-18 18:00:00+00:00,2025-12-19 03:00:00+00:00,-1,174.36,179.59080000000003,-300.0000000000003,-311.5000000000003,SL,2025-12-18
AAVE,2025-12-26 15:00:00+00:00,2025-12-28 03:00:00+00:00,-1,153.69,156.08,-155.50784045806677,-167.00784045806677,TIME,2025-12-26
AAVE,2025-12-29 10:00:00+00:00,2025-12-30 22:00:00+00:00,-1,151.78,149.22,168.66517327711162,157.16517327711162,TIME,2025-12-29
AAVE,2026-01-06 17:00:00+00:00,2026-01-06 22:00:00+00:00,-1,169.99,175.08970000000002,-300.0000000000003,-311.5000000000003,SL,2026-01-06
AAVE,2026-01-07 01:00:00+00:00,2026-01-07 14:00:00+00:00,-1,172.76,167.57719999999998,300.00000000000136,288.50000000000136,TP,2026-01-07
AAVE,2026-01-08 07:00:00+00:00,2026-01-09 15:00:00+00:00,-1,163.44,168.3432,-300.0000000000003,-311.5000000000003,SL,2026-01-08
AAVE,2026-01-19 00:00:00+00:00,2026-01-19 00:00:00+00:00,-1,168.63,163.5711,299.99999999999915,288.49999999999915,TP,2026-01-19
AAVE,2026-01-19 01:00:00+00:00,2026-01-20 13:00:00+00:00,-1,162.63,157.75109999999998,300.00000000000136,288.50000000000136,TP,2026-01-19
AAVE,2026-01-20 23:00:00+00:00,2026-01-21 14:00:00+00:00,-1,153.77,158.3831,-300.0000000000003,-311.5000000000003,SL,2026-01-20
AAVE,2026-01-21 17:00:00+00:00,2026-01-21 19:00:00+00:00,-1,153.51,158.1153,-300.0000000000003,-311.5000000000003,SL,2026-01-21
AAVE,2026-01-27 18:00:00+00:00,2026-01-27 20:00:00+00:00,-1,153.43,158.0329,-300.0000000000003,-311.5000000000003,SL,2026-01-27
AAVE,2026-01-29 15:00:00+00:00,2026-01-29 15:00:00+00:00,-1,150.11,145.60670000000002,299.99999999999915,288.49999999999915,TP,2026-01-29
AAVE,2026-01-29 16:00:00+00:00,2026-01-30 01:00:00+00:00,-1,147.09,142.6773,300.0000000000003,288.5000000000003,TP,2026-01-29
AAVE,2026-01-30 02:00:00+00:00,2026-01-30 15:00:00+00:00,-1,143.96,139.6412,300.0000000000003,288.5000000000003,TP,2026-01-30
AAVE,2026-01-31 15:00:00+00:00,2026-01-31 17:00:00+00:00,-1,132.51,128.5347,300.0000000000003,288.5000000000003,TP,2026-01-31
AAVE,2026-01-31 18:00:00+00:00,2026-01-31 18:00:00+00:00,-1,124.0,120.28,300.0000000000003,288.5000000000003,TP,2026-01-31
AAVE,2026-02-02 03:00:00+00:00,2026-02-02 03:00:00+00:00,-1,125.22,121.4634,300.0000000000003,288.5000000000003,TP,2026-02-02
AAVE,2026-02-03 03:00:00+00:00,2026-02-03 18:00:00+00:00,-1,125.9,122.123,300.0000000000003,288.5000000000003,TP,2026-02-03
AAVE,2026-02-03 19:00:00+00:00,2026-02-03 19:00:00+00:00,-1,121.08,124.7124,-300.0000000000003,-311.5000000000003,SL,2026-02-03
AAVE,2026-02-05 16:00:00+00:00,2026-02-05 20:00:00+00:00,-1,112.27,108.9019,300.0000000000003,288.5000000000003,TP,2026-02-05
AAVE,2026-02-05 21:00:00+00:00,2026-02-05 22:00:00+00:00,-1,104.54,101.4038,300.0000000000003,288.5000000000003,TP,2026-02-05
AAVE,2026-02-16 14:00:00+00:00,2026-02-17 16:00:00+00:00,-1,125.92,129.6976,-300.0000000000003,-311.5000000000003,SL,2026-02-16
AAVE,2026-02-23 01:00:00+00:00,2026-02-23 01:00:00+00:00,-1,116.19,112.70429999999999,300.0000000000003,288.5000000000003,TP,2026-02-23
AAVE,2026-02-23 02:00:00+00:00,2026-02-23 06:00:00+00:00,-1,111.8,115.154,-300.0000000000003,-311.5000000000003,SL,2026-02-23
AAVE,2026-02-28 07:00:00+00:00,2026-02-28 14:00:00+00:00,-1,106.03,109.21090000000001,-300.0000000000003,-311.5000000000003,SL,2026-02-28
AAVE,2026-03-13 15:00:00+00:00,2026-03-13 22:00:00+00:00,-1,114.97,111.5209,300.0000000000003,288.5000000000003,TP,2026-03-13
AAVE,2026-03-18 12:00:00+00:00,2026-03-18 14:00:00+00:00,-1,117.3,113.78099999999999,300.0000000000003,288.5000000000003,TP,2026-03-18
AAVE,2026-03-18 15:00:00+00:00,2026-03-19 02:00:00+00:00,-1,113.02,116.4106,-300.0000000000003,-311.5000000000003,SL,2026-03-18
AAVE,2026-03-22 00:00:00+00:00,2026-03-23 09:00:00+00:00,-1,107.95,104.7115,300.0000000000003,288.5000000000003,TP,2026-03-22
AAVE,2026-03-23 16:00:00+00:00,2026-03-25 00:00:00+00:00,-1,109.59,112.8777,-300.0000000000003,-311.5000000000003,SL,2026-03-23
AAVE,2026-03-27 11:00:00+00:00,2026-03-27 18:00:00+00:00,-1,101.58,98.5326,299.99999999999915,288.49999999999915,TP,2026-03-27
AAVE,2026-03-29 23:00:00+00:00,2026-03-30 01:00:00+00:00,-1,94.73,97.57190000000001,-300.0000000000003,-311.5000000000003,SL,2026-03-29
AAVE,2026-03-31 15:00:00+00:00,2026-04-01 06:00:00+00:00,-1,96.97,99.87910000000001,-300.0000000000003,-311.5000000000003,SL,2026-03-31
AAVE,2026-04-02 02:00:00+00:00,2026-04-02 12:00:00+00:00,-1,95.99,93.1103,300.0000000000003,288.5000000000003,TP,2026-04-02
AAVE,2026-04-07 11:00:00+00:00,2026-04-07 21:00:00+00:00,-1,87.79,90.42370000000001,-300.0000000000003,-311.5000000000003,SL,2026-04-07
AAVE,2026-04-08 19:00:00+00:00,2026-04-09 01:00:00+00:00,-1,93.23,90.4331,300.00000000000136,288.50000000000136,TP,2026-04-08
AAVE,2026-04-12 02:00:00+00:00,2026-04-13 02:00:00+00:00,-1,90.15,92.8545,-300.0000000000003,-311.5000000000003,SL,2026-04-12
AAVE,2026-04-16 14:00:00+00:00,2026-04-16 15:00:00+00:00,-1,104.8,107.944,-300.0000000000003,-311.5000000000003,SL,2026-04-16
ADA,2025-07-01 15:00:00+00:00,2025-07-02 11:00:00+00:00,-1,0.5465,0.562895,-300.0000000000003,-311.5000000000003,SL,2025-07-01
ADA,2025-07-04 14:00:00+00:00,2025-07-06 02:00:00+00:00,-1,0.5754,0.5714,69.51685783802563,58.01685783802563,TIME,2025-07-04
ADA,2025-07-09 21:00:00+00:00,2025-07-10 07:00:00+00:00,-1,0.6199,0.638497,-300.0000000000003,-311.5000000000003,SL,2025-07-09
ADA,2025-07-14 16:00:00+00:00,2025-07-15 03:00:00+00:00,-1,0.734,0.71198,300.0000000000003,288.5000000000003,TP,2025-07-14
ADA,2025-07-15 15:00:00+00:00,2025-07-15 17:00:00+00:00,-1,0.7151,0.736553,-300.0000000000003,-311.5000000000003,SL,2025-07-15
ADA,2025-07-22 14:00:00+00:00,2025-07-22 15:00:00+00:00,-1,0.8651,0.891053,-300.0000000000003,-311.5000000000003,SL,2025-07-22
ADA,2025-07-25 03:00:00+00:00,2025-07-26 02:00:00+00:00,-1,0.7971,0.8210130000000001,-300.0000000000003,-311.5000000000003,SL,2025-07-25
ADA,2025-07-30 19:00:00+00:00,2025-07-30 19:00:00+00:00,-1,0.7555,0.7328349999999999,300.0000000000003,288.5000000000003,TP,2025-07-30
ADA,2025-07-31 20:00:00+00:00,2025-08-01 00:00:00+00:00,-1,0.751,0.72847,300.0000000000003,288.5000000000003,TP,2025-07-31
ADA,2025-08-01 14:00:00+00:00,2025-08-01 14:00:00+00:00,-1,0.7135,0.734905,-300.0000000000003,-311.5000000000003,SL,2025-08-01
ADA,2025-08-05 15:00:00+00:00,2025-08-06 18:00:00+00:00,-1,0.726,0.74778,-300.0000000000003,-311.5000000000003,SL,2025-08-05
ADA,2025-08-14 13:00:00+00:00,2025-08-14 13:00:00+00:00,-1,0.9223,0.894631,300.0000000000003,288.5000000000003,TP,2025-08-14
ADA,2025-08-19 15:00:00+00:00,2025-08-19 15:00:00+00:00,-1,0.8968,0.869896,300.0000000000003,288.5000000000003,TP,2025-08-19
ADA,2025-08-20 14:00:00+00:00,2025-08-20 15:00:00+00:00,-1,0.8456,0.8709680000000001,-300.0000000000003,-311.5000000000003,SL,2025-08-20
ADA,2025-08-24 20:00:00+00:00,2025-08-24 20:00:00+00:00,-1,0.9227,0.8950189999999999,300.0000000000003,288.5000000000003,TP,2025-08-24
ADA,2025-08-25 20:00:00+00:00,2025-08-27 04:00:00+00:00,-1,0.8493,0.8747790000000001,-300.0000000000003,-311.5000000000003,SL,2025-08-25
ADA,2025-08-29 08:00:00+00:00,2025-08-30 20:00:00+00:00,-1,0.8271,0.8188,100.35062265747796,88.85062265747796,TIME,2025-08-29
ADA,2025-09-01 22:00:00+00:00,2025-09-02 02:00:00+00:00,-1,0.7874,0.811022,-300.0000000000003,-311.5000000000003,SL,2025-09-01
ADA,2025-09-05 15:00:00+00:00,2025-09-07 03:00:00+00:00,-1,0.822,0.828,-72.99270072992803,-84.49270072992803,TIME,2025-09-05
ADA,2025-09-09 15:00:00+00:00,2025-09-10 13:00:00+00:00,-1,0.8678,0.893834,-300.0000000000003,-311.5000000000003,SL,2025-09-09
ADA,2025-09-15 00:00:00+00:00,2025-09-15 08:00:00+00:00,-1,0.8874,0.8607779999999999,300.0000000000003,288.5000000000003,TP,2025-09-15
ADA,2025-09-15 09:00:00+00:00,2025-09-16 21:00:00+00:00,-1,0.8555,0.8811650000000001,-300.0000000000003,-311.5000000000003,SL,2025-09-15
ADA,2025-09-22 01:00:00+00:00,2025-09-22 05:00:00+00:00,-1,0.8639,0.837983,299.99999999999915,288.49999999999915,TP,2025-09-22
ADA,2025-09-22 06:00:00+00:00,2025-09-22 06:00:00+00:00,-1,0.8327,0.807719,300.0000000000003,288.5000000000003,TP,2025-09-22
ADA,2025-09-22 07:00:00+00:00,2025-09-23 19:00:00+00:00,-1,0.8234,0.808,187.0293903327658,175.5293903327658,TIME,2025-09-22
ADA,2025-09-25 05:00:00+00:00,2025-09-25 17:00:00+00:00,-1,0.7893,0.765621,300.0000000000003,288.5000000000003,TP,2025-09-25
ADA,2025-09-25 18:00:00+00:00,2025-09-25 19:00:00+00:00,-1,0.758,0.78074,-300.0000000000003,-311.5000000000003,SL,2025-09-25
ADA,2025-09-26 15:00:00+00:00,2025-09-26 17:00:00+00:00,-1,0.7665,0.789495,-300.0000000000003,-311.5000000000003,SL,2025-09-26
ADA,2025-10-05 10:00:00+00:00,2025-10-05 18:00:00+00:00,-1,0.8664,0.8404079999999999,300.0000000000003,288.5000000000003,TP,2025-10-05
ADA,2025-10-07 15:00:00+00:00,2025-10-08 03:00:00+00:00,-1,0.8388,0.8136359999999999,300.00000000000136,288.50000000000136,TP,2025-10-07
ADA,2025-10-09 14:00:00+00:00,2025-10-10 15:00:00+00:00,-1,0.8069,0.782693,300.0000000000003,288.5000000000003,TP,2025-10-09
ADA,2025-10-10 16:00:00+00:00,2025-10-10 20:00:00+00:00,-1,0.7821,0.758637,300.0000000000003,288.5000000000003,TP,2025-10-10
ADA,2025-10-10 21:00:00+00:00,2025-10-10 21:00:00+00:00,-1,0.7163,0.6948110000000001,299.99999999999915,288.49999999999915,TP,2025-10-10
ADA,2025-10-11 02:00:00+00:00,2025-10-11 02:00:00+00:00,-1,0.631,0.64993,-300.0000000000003,-311.5000000000003,SL,2025-10-11
ADA,2025-10-16 16:00:00+00:00,2025-10-17 06:00:00+00:00,-1,0.6514,0.6318579999999999,300.00000000000136,288.50000000000136,TP,2025-10-16
ADA,2025-10-17 07:00:00+00:00,2025-10-17 08:00:00+00:00,-1,0.6236,0.604892,300.00000000000136,288.50000000000136,TP,2025-10-17
ADA,2025-10-21 05:00:00+00:00,2025-10-21 14:00:00+00:00,-1,0.6396,0.6587879999999999,-300.0000000000003,-311.5000000000003,SL,2025-10-21
ADA,2025-10-21 23:00:00+00:00,2025-10-22 09:00:00+00:00,-1,0.6487,0.629239,300.00000000000136,288.50000000000136,TP,2025-10-21
ADA,2025-10-28 20:00:00+00:00,2025-10-29 18:00:00+00:00,-1,0.6542,0.634574,300.0000000000003,288.5000000000003,TP,2025-10-28
ADA,2025-10-29 19:00:00+00:00,2025-10-30 04:00:00+00:00,-1,0.6466,0.6272019999999999,300.0000000000003,288.5000000000003,TP,2025-10-29
ADA,2025-10-30 05:00:00+00:00,2025-10-30 07:00:00+00:00,-1,0.6286,0.6474580000000001,-300.0000000000003,-311.5000000000003,SL,2025-10-30
ADA,2025-10-30 13:00:00+00:00,2025-10-30 16:00:00+00:00,-1,0.6184,0.5998479999999999,300.0000000000003,288.5000000000003,TP,2025-10-30
ADA,2025-10-31 17:00:00+00:00,2025-11-02 05:00:00+00:00,-1,0.6014,0.6152,-229.46458264050395,-240.96458264050395,TIME,2025-10-31
ADA,2025-11-03 16:00:00+00:00,2025-11-03 17:00:00+00:00,-1,0.5501,0.5666030000000001,-300.0000000000003,-311.5000000000003,SL,2025-11-03
ADA,2025-11-04 06:00:00+00:00,2025-11-04 06:00:00+00:00,-1,0.5336,0.549608,-300.0000000000003,-311.5000000000003,SL,2025-11-04
ADA,2025-11-10 15:00:00+00:00,2025-11-11 01:00:00+00:00,-1,0.5845,0.602035,-300.0000000000003,-311.5000000000003,SL,2025-11-10
ADA,2025-11-12 16:00:00+00:00,2025-11-12 19:00:00+00:00,-1,0.5575,0.540775,300.0000000000003,288.5000000000003,TP,2025-11-12
ADA,2025-11-13 16:00:00+00:00,2025-11-13 17:00:00+00:00,-1,0.5538,0.5371859999999999,300.0000000000003,288.5000000000003,TP,2025-11-13
ADA,2025-11-14 05:00:00+00:00,2025-11-14 12:00:00+00:00,-1,0.5165,0.5010049999999999,300.0000000000003,288.5000000000003,TP,2025-11-14
ADA,2025-11-14 21:00:00+00:00,2025-11-16 09:00:00+00:00,-1,0.5015,0.5088,-145.56331006979173,-157.06331006979173,TIME,2025-11-14
ADA,2025-11-17 14:00:00+00:00,2025-11-17 14:00:00+00:00,-1,0.477,0.49130999999999997,-300.0000000000003,-311.5000000000003,SL,2025-11-17
ADA,2025-11-17 18:00:00+00:00,2025-11-18 00:00:00+00:00,-1,0.4699,0.45580299999999996,300.0000000000003,288.5000000000003,TP,2025-11-17
ADA,2025-11-19 16:00:00+00:00,2025-11-19 17:00:00+00:00,-1,0.4561,0.442417,300.0000000000003,288.5000000000003,TP,2025-11-19
ADA,2025-11-20 17:00:00+00:00,2025-11-21 02:00:00+00:00,-1,0.4387,0.42553899999999995,300.0000000000003,288.5000000000003,TP,2025-11-20
ADA,2025-11-21 03:00:00+00:00,2025-11-21 07:00:00+00:00,-1,0.4254,0.412638,300.0000000000003,288.5000000000003,TP,2025-11-21
ADA,2025-11-21 08:00:00+00:00,2025-11-21 12:00:00+00:00,-1,0.4089,0.39663299999999996,300.0000000000003,288.5000000000003,TP,2025-11-21
ADA,2025-11-21 16:00:00+00:00,2025-11-21 17:00:00+00:00,-1,0.4008,0.412824,-300.0000000000003,-311.5000000000003,SL,2025-11-21
ADA,2025-11-28 17:00:00+00:00,2025-11-30 05:00:00+00:00,-1,0.4232,0.4163,163.0434782608703,151.5434782608703,TIME,2025-11-28
ADA,2025-12-01 01:00:00+00:00,2025-12-01 12:00:00+00:00,-1,0.3878,0.37616599999999994,300.00000000000136,288.50000000000136,TP,2025-12-01
ADA,2025-12-01 16:00:00+00:00,2025-12-01 23:00:00+00:00,-1,0.3758,0.38707400000000003,-300.0000000000003,-311.5000000000003,SL,2025-12-01
ADA,2025-12-05 17:00:00+00:00,2025-12-07 05:00:00+00:00,-1,0.4134,0.4157,-55.63618771166068,-67.13618771166068,TIME,2025-12-05
ADA,2025-12-12 16:00:00+00:00,2025-12-14 04:00:00+00:00,-1,0.408,0.4073,17.15686274509798,5.656862745097978,TIME,2025-12-12
ADA,2025-12-15 15:00:00+00:00,2025-12-15 17:00:00+00:00,-1,0.3918,0.380046,299.99999999999915,288.49999999999915,TP,2025-12-15
ADA,2025-12-17 16:00:00+00:00,2025-12-17 16:00:00+00:00,-1,0.3816,0.370152,300.0000000000003,288.5000000000003,TP,2025-12-17
ADA,2025-12-18 18:00:00+00:00,2025-12-18 19:00:00+00:00,-1,0.3582,0.347454,300.00000000000136,288.50000000000136,TP,2025-12-18
ADA,2025-12-18 20:00:00+00:00,2025-12-19 03:00:00+00:00,-1,0.3474,0.357822,-300.0000000000003,-311.5000000000003,SL,2025-12-18
ADA,2025-12-26 15:00:00+00:00,2025-12-27 20:00:00+00:00,-1,0.3489,0.359367,-300.0000000000003,-311.5000000000003,SL,2025-12-26
ADA,2025-12-29 10:00:00+00:00,2025-12-29 17:00:00+00:00,-1,0.3694,0.35831799999999997,300.00000000000136,288.50000000000136,TP,2025-12-29
ADA,2026-01-06 17:00:00+00:00,2026-01-07 08:00:00+00:00,-1,0.4097,0.421991,-300.0000000000003,-311.5000000000003,SL,2026-01-06
ADA,2026-01-07 10:00:00+00:00,2026-01-07 23:00:00+00:00,-1,0.4101,0.397797,300.0000000000003,288.5000000000003,TP,2026-01-07
ADA,2026-01-08 07:00:00+00:00,2026-01-09 15:00:00+00:00,-1,0.3913,0.403039,-300.0000000000003,-311.5000000000003,SL,2026-01-08
ADA,2026-01-19 00:00:00+00:00,2026-01-19 00:00:00+00:00,-1,0.3751,0.363847,300.0000000000003,288.5000000000003,TP,2026-01-19
ADA,2026-01-19 01:00:00+00:00,2026-01-20 13:00:00+00:00,-1,0.3625,0.357,151.7241379310341,140.2241379310341,TIME,2026-01-19
ADA,2026-01-20 23:00:00+00:00,2026-01-21 05:00:00+00:00,-1,0.3506,0.36111800000000005,-300.0000000000003,-311.5000000000003,SL,2026-01-20
ADA,2026-01-21 17:00:00+00:00,2026-01-21 19:00:00+00:00,-1,0.3474,0.357822,-300.0000000000003,-311.5000000000003,SL,2026-01-21
ADA,2026-01-27 18:00:00+00:00,2026-01-27 20:00:00+00:00,-1,0.3501,0.360603,-300.0000000000003,-311.5000000000003,SL,2026-01-27
ADA,2026-01-29 15:00:00+00:00,2026-01-29 18:00:00+00:00,-1,0.3384,0.328248,300.0000000000003,288.5000000000003,TP,2026-01-29
ADA,2026-01-30 02:00:00+00:00,2026-01-30 18:00:00+00:00,-1,0.3264,0.316608,300.0000000000003,288.5000000000003,TP,2026-01-30
ADA,2026-01-31 15:00:00+00:00,2026-01-31 17:00:00+00:00,-1,0.2981,0.28915699999999994,300.00000000000136,288.50000000000136,TP,2026-01-31
ADA,2026-01-31 18:00:00+00:00,2026-01-31 18:00:00+00:00,-1,0.2842,0.275674,300.00000000000136,288.50000000000136,TP,2026-01-31
ADA,2026-02-02 03:00:00+00:00,2026-02-02 03:00:00+00:00,-1,0.2874,0.27877799999999997,300.0000000000003,288.5000000000003,TP,2026-02-02
ADA,2026-02-03 03:00:00+00:00,2026-02-03 15:00:00+00:00,-1,0.2941,0.302923,-300.0000000000003,-311.5000000000003,SL,2026-02-03
ADA,2026-02-03 17:00:00+00:00,2026-02-03 17:00:00+00:00,-1,0.2956,0.286732,299.99999999999915,288.49999999999915,TP,2026-02-03
ADA,2026-02-03 18:00:00+00:00,2026-02-03 19:00:00+00:00,-1,0.2871,0.295713,-300.0000000000003,-311.5000000000003,SL,2026-02-03
ADA,2026-02-05 16:00:00+00:00,2026-02-05 18:00:00+00:00,-1,0.2628,0.254916,300.0000000000003,288.5000000000003,TP,2026-02-05
ADA,2026-02-05 21:00:00+00:00,2026-02-06 00:00:00+00:00,-1,0.2477,0.240269,300.0000000000003,288.5000000000003,TP,2026-02-05
ADA,2026-02-16 14:00:00+00:00,2026-02-17 07:00:00+00:00,-1,0.2809,0.289327,-300.0000000000003,-311.5000000000003,SL,2026-02-16
ADA,2026-02-17 15:00:00+00:00,2026-02-17 16:00:00+00:00,-1,0.2779,0.28623699999999996,-300.0000000000003,-311.5000000000003,SL,2026-02-17
ADA,2026-02-23 01:00:00+00:00,2026-02-23 01:00:00+00:00,-1,0.2683,0.26025099999999995,300.00000000000136,288.50000000000136,TP,2026-02-23
ADA,2026-02-23 02:00:00+00:00,2026-02-23 06:00:00+00:00,-1,0.2584,0.266152,-300.0000000000003,-311.5000000000003,SL,2026-02-23
ADA,2026-02-28 07:00:00+00:00,2026-02-28 07:00:00+00:00,-1,0.2618,0.269654,-300.0000000000003,-311.5000000000003,SL,2026-02-28
ADA,2026-03-13 15:00:00+00:00,2026-03-13 22:00:00+00:00,-1,0.2732,0.265004,299.99999999999915,288.49999999999915,TP,2026-03-13
ADA,2026-03-18 12:00:00+00:00,2026-03-18 14:00:00+00:00,-1,0.2793,0.27092099999999997,300.00000000000136,288.50000000000136,TP,2026-03-18
ADA,2026-03-18 15:00:00+00:00,2026-03-19 17:00:00+00:00,-1,0.271,0.26287,300.00000000000136,288.50000000000136,TP,2026-03-18
ADA,2026-03-22 00:00:00+00:00,2026-03-22 21:00:00+00:00,-1,0.2566,0.24890199999999998,300.0000000000003,288.5000000000003,TP,2026-03-22
ADA,2026-03-23 07:00:00+00:00,2026-03-23 11:00:00+00:00,-1,0.2493,0.256779,-300.0000000000003,-311.5000000000003,SL,2026-03-23
ADA,2026-03-23 16:00:00+00:00,2026-03-25 01:00:00+00:00,-1,0.261,0.26883,-300.0000000000003,-311.5000000000003,SL,2026-03-23
ADA,2026-03-27 11:00:00+00:00,2026-03-28 23:00:00+00:00,-1,0.246,0.2456,16.26016260162566,4.760162601625659,TIME,2026-03-27
ADA,2026-03-29 23:00:00+00:00,2026-03-30 02:00:00+00:00,-1,0.2383,0.24544900000000003,-300.0000000000003,-311.5000000000003,SL,2026-03-29
ADA,2026-03-31 15:00:00+00:00,2026-04-01 05:00:00+00:00,-1,0.2398,0.24699400000000002,-300.0000000000003,-311.5000000000003,SL,2026-03-31
ADA,2026-04-02 02:00:00+00:00,2026-04-02 13:00:00+00:00,-1,0.2429,0.235613,300.0000000000003,288.5000000000003,TP,2026-04-02
ADA,2026-04-07 11:00:00+00:00,2026-04-07 21:00:00+00:00,-1,0.242,0.24926,-300.0000000000003,-311.5000000000003,SL,2026-04-07
ADA,2026-04-08 19:00:00+00:00,2026-04-09 22:00:00+00:00,-1,0.2528,0.26038400000000006,-300.0000000000003,-311.5000000000003,SL,2026-04-08
ADA,2026-04-12 02:00:00+00:00,2026-04-12 22:00:00+00:00,-1,0.2437,0.236389,300.0000000000003,288.5000000000003,TP,2026-04-12
ADA,2026-04-16 14:00:00+00:00,2026-04-16 18:00:00+00:00,-1,0.249,0.25647000000000003,-300.0000000000003,-311.5000000000003,SL,2026-04-16
BNB,2025-07-01 15:00:00+00:00,2025-07-03 03:00:00+00:00,-1,646.92,659.47,-193.99616645025876,-205.49616645025876,TIME,2025-07-01
BNB,2025-07-04 14:00:00+00:00,2025-07-06 02:00:00+00:00,-1,655.82,654.62,18.297703638193717,6.797703638193717,TIME,2025-07-04
BNB,2025-07-09 21:00:00+00:00,2025-07-10 21:00:00+00:00,-1,666.5,686.495,-300.0000000000003,-311.5000000000003,SL,2025-07-09
BNB,2025-07-14 16:00:00+00:00,2025-07-16 04:00:00+00:00,-1,692.9,687.49,78.07764468177214,66.57764468177214,TIME,2025-07-14
BNB,2025-07-22 14:00:00+00:00,2025-07-22 23:00:00+00:00,-1,759.88,782.6764000000001,-300.0000000000003,-311.5000000000003,SL,2025-07-22
BNB,2025-07-25 03:00:00+00:00,2025-07-25 22:00:00+00:00,-1,758.7,781.461,-300.0000000000003,-311.5000000000003,SL,2025-07-25
BNB,2025-07-30 19:00:00+00:00,2025-07-31 04:00:00+00:00,-1,780.44,803.8532000000001,-300.0000000000003,-311.5000000000003,SL,2025-07-30
BNB,2025-07-31 20:00:00+00:00,2025-08-01 06:00:00+00:00,-1,796.12,772.2364,300.0000000000003,288.5000000000003,TP,2025-07-31
BNB,2025-08-01 14:00:00+00:00,2025-08-02 17:00:00+00:00,-1,762.63,739.7511,300.0000000000003,288.5000000000003,TP,2025-08-01
BNB,2025-08-05 15:00:00+00:00,2025-08-06 17:00:00+00:00,-1,748.23,770.6769,-300.0000000000003,-311.5000000000003,SL,2025-08-05
BNB,2025-08-14 13:00:00+00:00,2025-08-16 01:00:00+00:00,-1,834.95,836.43,-17.725612312113892,-29.225612312113892,TIME,2025-08-14
BNB,2025-08-19 15:00:00+00:00,2025-08-20 19:00:00+00:00,-1,831.43,856.3729,-300.0000000000003,-311.5000000000003,SL,2025-08-19
BNB,2025-08-24 20:00:00+00:00,2025-08-25 20:00:00+00:00,-1,869.51,843.4246999999999,300.00000000000136,288.50000000000136,TP,2025-08-24
BNB,2025-08-29 08:00:00+00:00,2025-08-30 20:00:00+00:00,-1,857.68,859.44,-20.520473836396214,-32.020473836396214,TIME,2025-08-29
BNB,2025-09-01 22:00:00+00:00,2025-09-03 10:00:00+00:00,-1,843.58,854.01,-123.63972592996487,-135.13972592996487,TIME,2025-09-01
BNB,2025-09-05 15:00:00+00:00,2025-09-07 03:00:00+00:00,-1,848.16,866.63,-217.76551594038907,-229.26551594038907,TIME,2025-09-05
BNB,2025-09-09 15:00:00+00:00,2025-09-10 13:00:00+00:00,-1,875.77,902.0431,-300.0000000000003,-311.5000000000003,SL,2025-09-09
BNB,2025-09-15 00:00:00+00:00,2025-09-16 12:00:00+00:00,-1,926.78,928.98,-23.738103972896774,-35.23810397289677,TIME,2025-09-15
BNB,2025-09-22 01:00:00+00:00,2025-09-22 06:00:00+00:00,-1,1029.82,998.9253999999999,300.0000000000003,288.5000000000003,TP,2025-09-22
BNB,2025-09-23 18:00:00+00:00,2025-09-25 06:00:00+00:00,-1,1014.99,989.03,255.76606666075529,244.26606666075529,TIME,2025-09-23
BNB,2025-09-25 18:00:00+00:00,2025-09-27 06:00:00+00:00,-1,957.33,968.91,-120.96142396038844,-132.46142396038846,TIME,2025-09-25
BNB,2025-10-05 10:00:00+00:00,2025-10-06 06:00:00+00:00,-1,1162.39,1197.2617000000002,-300.0000000000003,-311.5000000000003,SL,2025-10-05
BNB,2025-10-07 15:00:00+00:00,2025-10-08 00:00:00+00:00,-1,1294.95,1333.7985,-300.0000000000003,-311.5000000000003,SL,2025-10-07
BNB,2025-10-09 14:00:00+00:00,2025-10-10 15:00:00+00:00,-1,1256.27,1218.5819,300.0000000000003,288.5000000000003,TP,2025-10-09
BNB,2025-10-10 16:00:00+00:00,2025-10-10 21:00:00+00:00,-1,1215.55,1179.0835,300.0000000000003,288.5000000000003,TP,2025-10-10
BNB,2025-10-11 02:00:00+00:00,2025-10-11 02:00:00+00:00,-1,1086.3,1118.889,-300.0000000000003,-311.5000000000003,SL,2025-10-11
BNB,2025-10-11 08:00:00+00:00,2025-10-11 09:00:00+00:00,-1,1096.0,1128.88,-300.0000000000003,-311.5000000000003,SL,2025-10-11
BNB,2025-10-16 16:00:00+00:00,2025-10-17 06:00:00+00:00,-1,1134.95,1100.9015,300.00000000000136,288.50000000000136,TP,2025-10-16
BNB,2025-10-17 07:00:00+00:00,2025-10-17 07:00:00+00:00,-1,1095.35,1062.4895,300.0000000000003,288.5000000000003,TP,2025-10-17
BNB,2025-10-21 05:00:00+00:00,2025-10-21 14:00:00+00:00,-1,1063.82,1095.7346,-300.0000000000003,-311.5000000000003,SL,2025-10-21
BNB,2025-10-21 23:00:00+00:00,2025-10-23 06:00:00+00:00,-1,1065.22,1097.1766,-300.0000000000003,-311.5000000000003,SL,2025-10-21
BNB,2025-10-28 20:00:00+00:00,2025-10-28 20:00:00+00:00,-1,1128.24,1094.3928,299.99999999999915,288.49999999999915,TP,2025-10-28
BNB,2025-10-29 16:00:00+00:00,2025-10-30 17:00:00+00:00,-1,1098.65,1065.6905000000002,299.99999999999915,288.49999999999915,TP,2025-10-29
BNB,2025-10-31 17:00:00+00:00,2025-11-02 05:00:00+00:00,-1,1073.89,1091.17,-160.91033532298349,-172.41033532298349,TIME,2025-10-31
BNB,2025-11-03 16:00:00+00:00,2025-11-04 05:00:00+00:00,-1,980.28,950.8716,300.0000000000003,288.5000000000003,TP,2025-11-03
BNB,2025-11-04 06:00:00+00:00,2025-11-04 17:00:00+00:00,-1,947.38,918.9585999999999,300.0000000000003,288.5000000000003,TP,2025-11-04
BNB,2025-11-10 15:00:00+00:00,2025-11-12 03:00:00+00:00,-1,983.89,960.99,232.74959599142164,221.24959599142164,TIME,2025-11-10
BNB,2025-11-12 16:00:00+00:00,2025-11-13 18:00:00+00:00,-1,948.85,920.3845,300.0000000000003,288.5000000000003,TP,2025-11-12
BNB,2025-11-14 05:00:00+00:00,2025-11-15 17:00:00+00:00,-1,913.33,940.7299,-300.0000000000003,-311.5000000000003,SL,2025-11-14
BNB,2025-11-17 14:00:00+00:00,2025-11-18 16:00:00+00:00,-1,906.35,933.5405000000001,-300.0000000000003,-311.5000000000003,SL,2025-11-17
BNB,2025-11-19 16:00:00+00:00,2025-11-20 23:00:00+00:00,-1,894.57,867.7329,300.00000000000136,288.50000000000136,TP,2025-11-19
BNB,2025-11-21 00:00:00+00:00,2025-11-21 07:00:00+00:00,-1,866.66,840.6601999999999,300.0000000000003,288.5000000000003,TP,2025-11-21
BNB,2025-11-21 08:00:00+00:00,2025-11-21 10:00:00+00:00,-1,832.21,807.2437,300.0000000000003,288.5000000000003,TP,2025-11-21
BNB,2025-11-21 16:00:00+00:00,2025-11-22 00:00:00+00:00,-1,814.35,838.7805000000001,-300.0000000000003,-311.5000000000003,SL,2025-11-21
BNB,2025-11-28 17:00:00+00:00,2025-11-30 05:00:00+00:00,-1,884.61,871.72,145.71393043261938,134.21393043261938,TIME,2025-11-28
BNB,2025-12-01 01:00:00+00:00,2025-12-01 15:00:00+00:00,-1,835.83,810.7551,300.00000000000136,288.50000000000136,TP,2025-12-01
BNB,2025-12-01 16:00:00+00:00,2025-12-02 09:00:00+00:00,-1,812.15,836.5145,-300.0000000000003,-311.5000000000003,SL,2025-12-01
BNB,2025-12-05 17:00:00+00:00,2025-12-07 05:00:00+00:00,-1,879.36,894.54,-172.62554585152802,-184.12554585152802,TIME,2025-12-05
BNB,2025-12-12 16:00:00+00:00,2025-12-13 16:00:00+00:00,-1,874.48,900.7144000000001,-300.0000000000003,-311.5000000000003,SL,2025-12-12
BNB,2025-12-15 15:00:00+00:00,2025-12-15 17:00:00+00:00,-1,871.51,845.3647,300.0000000000003,288.5000000000003,TP,2025-12-15
BNB,2025-12-17 16:00:00+00:00,2025-12-18 17:00:00+00:00,-1,854.12,828.4964,300.0000000000003,288.5000000000003,TP,2025-12-17
BNB,2025-12-18 18:00:00+00:00,2025-12-19 19:00:00+00:00,-1,831.51,856.4553,-300.0000000000003,-311.5000000000003,SL,2025-12-18
BNB,2025-12-26 15:00:00+00:00,2025-12-28 03:00:00+00:00,-1,830.42,842.16,-141.3742443582766,-152.8742443582766,TIME,2025-12-26
BNB,2025-12-29 10:00:00+00:00,2025-12-30 22:00:00+00:00,-1,851.11,861.7,-124.42574990306765,-135.92574990306764,TIME,2025-12-29
BNB,2026-01-06 17:00:00+00:00,2026-01-08 05:00:00+00:00,-1,908.31,894.8,148.7377657407707,137.2377657407707,TIME,2026-01-06
BNB,2026-01-08 07:00:00+00:00,2026-01-09 19:00:00+00:00,-1,880.74,894.05,-151.12291936326238,-162.62291936326238,TIME,2026-01-08
BNB,2026-01-19 00:00:00+00:00,2026-01-19 00:00:00+00:00,-1,932.24,904.2728,300.0000000000003,288.5000000000003,TP,2026-01-19
BNB,2026-01-19 01:00:00+00:00,2026-01-20 13:00:00+00:00,-1,919.28,906.73,136.51988512749068,125.01988512749068,TIME,2026-01-19
BNB,2026-01-20 23:00:00+00:00,2026-01-22 11:00:00+00:00,-1,891.13,893.17,-22.892282831910027,-34.39228283191002,TIME,2026-01-20
BNB,2026-01-27 18:00:00+00:00,2026-01-29 06:00:00+00:00,-1,887.27,901.86,-164.4369808513768,-175.9369808513768,TIME,2026-01-27
BNB,2026-01-29 15:00:00+00:00,2026-01-30 01:00:00+00:00,-1,878.45,852.0965,300.0000000000003,288.5000000000003,TP,2026-01-29
BNB,2026-01-30 02:00:00+00:00,2026-01-31 14:00:00+00:00,-1,847.59,822.1623,300.00000000000136,288.50000000000136,TP,2026-01-30
BNB,2026-01-31 15:00:00+00:00,2026-01-31 17:00:00+00:00,-1,812.47,788.0959,300.0000000000003,288.5000000000003,TP,2026-01-31
BNB,2026-01-31 18:00:00+00:00,2026-01-31 18:00:00+00:00,-1,781.11,757.6767,300.0000000000003,288.5000000000003,TP,2026-01-31
BNB,2026-02-02 03:00:00+00:00,2026-02-02 03:00:00+00:00,-1,758.17,735.4249,300.0000000000003,288.5000000000003,TP,2026-02-02
BNB,2026-02-03 03:00:00+00:00,2026-02-03 18:00:00+00:00,-1,764.16,741.2352,300.0000000000003,288.5000000000003,TP,2026-02-03
BNB,2026-02-03 19:00:00+00:00,2026-02-03 20:00:00+00:00,-1,737.85,759.9855,-300.0000000000003,-311.5000000000003,SL,2026-02-03
BNB,2026-02-05 16:00:00+00:00,2026-02-05 18:00:00+00:00,-1,658.81,639.0456999999999,300.0000000000003,288.5000000000003,TP,2026-02-05
BNB,2026-02-05 21:00:00+00:00,2026-02-06 00:00:00+00:00,-1,617.52,598.9943999999999,300.00000000000136,288.50000000000136,TP,2026-02-05
BNB,2026-02-16 14:00:00+00:00,2026-02-18 02:00:00+00:00,-1,616.07,616.99,-14.933367961431632,-26.43336796143163,TIME,2026-02-16
BNB,2026-02-23 01:00:00+00:00,2026-02-23 01:00:00+00:00,-1,606.01,587.8297,300.0000000000003,288.5000000000003,TP,2026-02-23
BNB,2026-02-23 02:00:00+00:00,2026-02-23 09:00:00+00:00,-1,586.0,603.58,-300.0000000000003,-311.5000000000003,SL,2026-02-23
BNB,2026-02-28 07:00:00+00:00,2026-02-28 18:00:00+00:00,-1,591.53,609.2759,-300.0000000000003,-311.5000000000003,SL,2026-02-28
BNB,2026-03-13 15:00:00+00:00,2026-03-15 03:00:00+00:00,-1,668.44,658.83,143.7675782418768,132.2675782418768,TIME,2026-03-13
BNB,2026-03-18 12:00:00+00:00,2026-03-19 07:00:00+00:00,-1,661.8,641.9459999999999,300.0000000000003,288.5000000000003,TP,2026-03-18
BNB,2026-03-22 00:00:00+00:00,2026-03-23 11:00:00+00:00,-1,630.34,649.2502000000001,-300.0000000000003,-311.5000000000003,SL,2026-03-22
BNB,2026-03-23 16:00:00+00:00,2026-03-25 04:00:00+00:00,-1,637.34,642.77,-85.19785357893772,-96.69785357893772,TIME,2026-03-23
BNB,2026-03-27 11:00:00+00:00,2026-03-28 23:00:00+00:00,-1,608.95,610.99,-33.500287379915065,-45.000287379915065,TIME,2026-03-27
BNB,2026-03-29 23:00:00+00:00,2026-03-31 11:00:00+00:00,-1,604.48,605.14,-10.918475383800974,-22.418475383800974,TIME,2026-03-29
BNB,2026-03-31 15:00:00+00:00,2026-04-02 03:00:00+00:00,-1,608.97,592.34,273.0840599701134,261.5840599701134,TIME,2026-03-31
BNB,2026-04-07 11:00:00+00:00,2026-04-07 22:00:00+00:00,-1,597.88,615.8164,-300.0000000000003,-311.5000000000003,SL,2026-04-07
BNB,2026-04-08 19:00:00+00:00,2026-04-10 07:00:00+00:00,-1,603.31,599.53,62.65435679832842,51.15435679832842,TIME,2026-04-08
BNB,2026-04-12 02:00:00+00:00,2026-04-13 14:00:00+00:00,-1,593.38,603.79,-175.43563989349087,-186.93563989349087,TIME,2026-04-12
BNB,2026-04-16 14:00:00+00:00,2026-04-16 18:00:00+00:00,-1,617.72,636.2516,-300.0000000000003,-311.5000000000003,SL,2026-04-16
DOGE,2025-07-01 15:00:00+00:00,2025-07-02 15:00:00+00:00,-1,0.15922,0.1639966,-300.0000000000003,-311.5000000000003,SL,2025-07-01
DOGE,2025-07-04 14:00:00+00:00,2025-07-06 02:00:00+00:00,-1,0.1643,0.16338,55.9951308581863,44.4951308581863,TIME,2025-07-04
DOGE,2025-07-14 16:00:00+00:00,2025-07-15 01:00:00+00:00,-1,0.19913,0.1931561,300.0000000000003,288.5000000000003,TP,2025-07-14
DOGE,2025-07-15 15:00:00+00:00,2025-07-15 17:00:00+00:00,-1,0.18999,0.1956897,-300.0000000000003,-311.5000000000003,SL,2025-07-15
DOGE,2025-07-22 14:00:00+00:00,2025-07-22 23:00:00+00:00,-1,0.26258,0.27045739999999996,-300.0000000000003,-311.5000000000003,SL,2025-07-22
DOGE,2025-07-25 03:00:00+00:00,2025-07-25 10:00:00+00:00,-1,0.22543,0.2321929,-300.0000000000003,-311.5000000000003,SL,2025-07-25
DOGE,2025-07-25 15:00:00+00:00,2025-07-25 20:00:00+00:00,-1,0.22355,0.2302565,-300.0000000000003,-311.5000000000003,SL,2025-07-25
DOGE,2025-07-30 19:00:00+00:00,2025-07-30 19:00:00+00:00,-1,0.2162,0.20971399999999998,300.00000000000136,288.50000000000136,TP,2025-07-30
DOGE,2025-07-31 20:00:00+00:00,2025-08-01 00:00:00+00:00,-1,0.21361,0.2072017,300.0000000000003,288.5000000000003,TP,2025-07-31
DOGE,2025-08-01 14:00:00+00:00,2025-08-01 14:00:00+00:00,-1,0.20393,0.2100479,-300.0000000000003,-311.5000000000003,SL,2025-08-01
DOGE,2025-08-05 15:00:00+00:00,2025-08-06 15:00:00+00:00,-1,0.19908,0.20505240000000002,-300.0000000000003,-311.5000000000003,SL,2025-08-05
DOGE,2025-08-14 13:00:00+00:00,2025-08-14 21:00:00+00:00,-1,0.22607,0.21928789999999998,300.0000000000003,288.5000000000003,TP,2025-08-14
DOGE,2025-08-19 15:00:00+00:00,2025-08-20 01:00:00+00:00,-1,0.21499,0.20854029999999998,300.0000000000003,288.5000000000003,TP,2025-08-19
DOGE,2025-08-20 14:00:00+00:00,2025-08-20 15:00:00+00:00,-1,0.21,0.2163,-300.0000000000003,-311.5000000000003,SL,2025-08-20
DOGE,2025-08-24 20:00:00+00:00,2025-08-25 00:00:00+00:00,-1,0.23406,0.2270382,300.0000000000003,288.5000000000003,TP,2025-08-24
DOGE,2025-08-25 20:00:00+00:00,2025-08-25 20:00:00+00:00,-1,0.21378,0.20736659999999998,300.0000000000003,288.5000000000003,TP,2025-08-25
DOGE,2025-08-29 08:00:00+00:00,2025-08-30 20:00:00+00:00,-1,0.21459,0.21505,-21.43622722400762,-32.936227224007624,TIME,2025-08-29
DOGE,2025-09-01 22:00:00+00:00,2025-09-02 02:00:00+00:00,-1,0.2064,0.212592,-300.0000000000003,-311.5000000000003,SL,2025-09-01
DOGE,2025-09-05 15:00:00+00:00,2025-09-05 20:00:00+00:00,-1,0.21302,0.21941059999999998,-300.0000000000003,-311.5000000000003,SL,2025-09-05
DOGE,2025-09-09 15:00:00+00:00,2025-09-10 16:00:00+00:00,-1,0.24037,0.2475811,-300.0000000000003,-311.5000000000003,SL,2025-09-09
DOGE,2025-09-15 00:00:00+00:00,2025-09-15 07:00:00+00:00,-1,0.27782,0.2694854,300.00000000000136,288.50000000000136,TP,2025-09-15
DOGE,2025-09-15 09:00:00+00:00,2025-09-15 21:00:00+00:00,-1,0.25967,0.26746010000000003,-300.0000000000003,-311.5000000000003,SL,2025-09-15
DOGE,2025-09-22 01:00:00+00:00,2025-09-22 06:00:00+00:00,-1,0.24983,0.2423351,300.0000000000003,288.5000000000003,TP,2025-09-22
DOGE,2025-09-22 07:00:00+00:00,2025-09-23 19:00:00+00:00,-1,0.2402,0.23775,101.99833472106623,90.49833472106623,TIME,2025-09-22
DOGE,2025-09-25 05:00:00+00:00,2025-09-25 12:00:00+00:00,-1,0.23327,0.2262719,300.0000000000003,288.5000000000003,TP,2025-09-25
DOGE,2025-09-25 18:00:00+00:00,2025-09-25 19:00:00+00:00,-1,0.22132,0.22795959999999998,-300.0000000000003,-311.5000000000003,SL,2025-09-25
DOGE,2025-09-26 15:00:00+00:00,2025-09-26 18:00:00+00:00,-1,0.22528,0.2320384,-300.0000000000003,-311.5000000000003,SL,2025-09-26
DOGE,2025-10-05 10:00:00+00:00,2025-10-05 19:00:00+00:00,-1,0.26094,0.2531118,300.0000000000003,288.5000000000003,TP,2025-10-05
DOGE,2025-10-07 15:00:00+00:00,2025-10-07 23:00:00+00:00,-1,0.25475,0.24710749999999998,300.0000000000003,288.5000000000003,TP,2025-10-07
DOGE,2025-10-09 14:00:00+00:00,2025-10-10 03:00:00+00:00,-1,0.2452,0.252556,-300.0000000000003,-311.5000000000003,SL,2025-10-09
DOGE,2025-10-10 15:00:00+00:00,2025-10-10 15:00:00+00:00,-1,0.24683,0.23942509999999997,300.0000000000003,288.5000000000003,TP,2025-10-10
DOGE,2025-10-10 16:00:00+00:00,2025-10-10 19:00:00+00:00,-1,0.23765,0.2305205,300.0000000000003,288.5000000000003,TP,2025-10-10
DOGE,2025-10-10 21:00:00+00:00,2025-10-10 21:00:00+00:00,-1,0.21857,0.21201289999999998,300.0000000000003,288.5000000000003,TP,2025-10-10
DOGE,2025-10-11 02:00:00+00:00,2025-10-11 02:00:00+00:00,-1,0.18913,0.1948039,-300.0000000000003,-311.5000000000003,SL,2025-10-11
DOGE,2025-10-11 08:00:00+00:00,2025-10-11 09:00:00+00:00,-1,0.19119,0.1969257,-300.0000000000003,-311.5000000000003,SL,2025-10-11
DOGE,2025-10-16 16:00:00+00:00,2025-10-17 06:00:00+00:00,-1,0.18924,0.1835628,299.99999999999915,288.49999999999915,TP,2025-10-16
DOGE,2025-10-17 07:00:00+00:00,2025-10-17 08:00:00+00:00,-1,0.1825,0.177025,300.0000000000003,288.5000000000003,TP,2025-10-17
DOGE,2025-10-21 05:00:00+00:00,2025-10-21 14:00:00+00:00,-1,0.19327,0.1990681,-300.0000000000003,-311.5000000000003,SL,2025-10-21
DOGE,2025-10-21 23:00:00+00:00,2025-10-22 05:00:00+00:00,-1,0.19588,0.1900036,300.0000000000003,288.5000000000003,TP,2025-10-21
DOGE,2025-10-28 20:00:00+00:00,2025-10-28 21:00:00+00:00,-1,0.19648,0.1905856,300.0000000000003,288.5000000000003,TP,2025-10-28
DOGE,2025-10-29 16:00:00+00:00,2025-10-29 18:00:00+00:00,-1,0.191,0.19673000000000002,-300.0000000000003,-311.5000000000003,SL,2025-10-29
DOGE,2025-10-29 19:00:00+00:00,2025-10-30 04:00:00+00:00,-1,0.19281,0.18702570000000002,299.99999999999915,288.49999999999915,TP,2025-10-29
DOGE,2025-10-30 05:00:00+00:00,2025-10-30 07:00:00+00:00,-1,0.18742,0.1930426,-300.0000000000003,-311.5000000000003,SL,2025-10-30
DOGE,2025-10-30 13:00:00+00:00,2025-10-30 17:00:00+00:00,-1,0.18406,0.1785382,299.99999999999915,288.49999999999915,TP,2025-10-30
DOGE,2025-10-31 17:00:00+00:00,2025-11-02 05:00:00+00:00,-1,0.18333,0.18757,-231.27693230786005,-242.77693230786005,TIME,2025-10-31
DOGE,2025-11-03 16:00:00+00:00,2025-11-04 05:00:00+00:00,-1,0.16683,0.1618251,300.0000000000003,288.5000000000003,TP,2025-11-03
DOGE,2025-11-04 06:00:00+00:00,2025-11-04 06:00:00+00:00,-1,0.16104,0.1658712,-300.0000000000003,-311.5000000000003,SL,2025-11-04
DOGE,2025-11-10 15:00:00+00:00,2025-11-11 01:00:00+00:00,-1,0.17936,0.18474079999999998,-300.0000000000003,-311.5000000000003,SL,2025-11-10
DOGE,2025-11-12 16:00:00+00:00,2025-11-13 05:00:00+00:00,-1,0.17124,0.1763772,-300.0000000000003,-311.5000000000003,SL,2025-11-12
DOGE,2025-11-13 16:00:00+00:00,2025-11-13 17:00:00+00:00,-1,0.17263,0.1674511,300.0000000000003,288.5000000000003,TP,2025-11-13
DOGE,2025-11-14 05:00:00+00:00,2025-11-14 23:00:00+00:00,-1,0.1625,0.157625,300.00000000000136,288.50000000000136,TP,2025-11-14
DOGE,2025-11-17 14:00:00+00:00,2025-11-17 14:00:00+00:00,-1,0.15873,0.16349190000000002,-300.0000000000003,-311.5000000000003,SL,2025-11-17
DOGE,2025-11-17 18:00:00+00:00,2025-11-17 20:00:00+00:00,-1,0.15608,0.1513976,300.0000000000003,288.5000000000003,TP,2025-11-17
DOGE,2025-11-19 16:00:00+00:00,2025-11-19 17:00:00+00:00,-1,0.15442,0.1497874,300.00000000000136,288.50000000000136,TP,2025-11-19
DOGE,2025-11-20 17:00:00+00:00,2025-11-21 02:00:00+00:00,-1,0.15056,0.14604319999999998,300.00000000000136,288.50000000000136,TP,2025-11-20
DOGE,2025-11-21 03:00:00+00:00,2025-11-21 07:00:00+00:00,-1,0.14543,0.1410671,300.0000000000003,288.5000000000003,TP,2025-11-21
DOGE,2025-11-21 08:00:00+00:00,2025-11-21 12:00:00+00:00,-1,0.14028,0.1360716,300.0000000000003,288.5000000000003,TP,2025-11-21
DOGE,2025-11-21 16:00:00+00:00,2025-11-21 17:00:00+00:00,-1,0.1379,0.142037,-300.0000000000003,-311.5000000000003,SL,2025-11-21
DOGE,2025-11-28 17:00:00+00:00,2025-11-30 05:00:00+00:00,-1,0.15042,0.14871,113.68169126445893,102.18169126445893,TIME,2025-11-28
DOGE,2025-12-01 01:00:00+00:00,2025-12-01 12:00:00+00:00,-1,0.13886,0.13469420000000001,300.0000000000003,288.5000000000003,TP,2025-12-01
DOGE,2025-12-01 16:00:00+00:00,2025-12-02 13:00:00+00:00,-1,0.1338,0.137814,-300.0000000000003,-311.5000000000003,SL,2025-12-01
DOGE,2025-12-05 17:00:00+00:00,2025-12-07 05:00:00+00:00,-1,0.13871,0.14004,-95.88349794535267,-107.38349794535267,TIME,2025-12-05
DOGE,2025-12-12 16:00:00+00:00,2025-12-13 12:00:00+00:00,-1,0.13552,0.1395856,-300.0000000000003,-311.5000000000003,SL,2025-12-12
DOGE,2025-12-15 15:00:00+00:00,2025-12-15 16:00:00+00:00,-1,0.13351,0.1295047,299.99999999999915,288.49999999999915,TP,2025-12-15
DOGE,2025-12-17 16:00:00+00:00,2025-12-17 16:00:00+00:00,-1,0.12987,0.1259739,300.00000000000136,288.50000000000136,TP,2025-12-17
DOGE,2025-12-18 18:00:00+00:00,2025-12-19 07:00:00+00:00,-1,0.12353,0.1272359,-300.0000000000003,-311.5000000000003,SL,2025-12-18
DOGE,2025-12-26 15:00:00+00:00,2025-12-28 03:00:00+00:00,-1,0.12246,0.12409,-133.10468724481606,-144.60468724481606,TIME,2025-12-26
DOGE,2025-12-29 10:00:00+00:00,2025-12-30 22:00:00+00:00,-1,0.12486,0.12319,133.74979977574975,122.24979977574975,TIME,2025-12-29
DOGE,2026-01-06 17:00:00+00:00,2026-01-06 21:00:00+00:00,-1,0.14548,0.1498444,-300.0000000000003,-311.5000000000003,SL,2026-01-06
DOGE,2026-01-07 01:00:00+00:00,2026-01-07 08:00:00+00:00,-1,0.14815,0.15259450000000002,-300.0000000000003,-311.5000000000003,SL,2026-01-07
DOGE,2026-01-07 10:00:00+00:00,2026-01-08 06:00:00+00:00,-1,0.14837,0.1439189,300.00000000000136,288.50000000000136,TP,2026-01-07
DOGE,2026-01-08 07:00:00+00:00,2026-01-08 11:00:00+00:00,-1,0.14245,0.13817649999999998,300.00000000000136,288.50000000000136,TP,2026-01-08
DOGE,2026-01-19 00:00:00+00:00,2026-01-19 00:00:00+00:00,-1,0.13154,0.12759379999999998,300.00000000000136,288.50000000000136,TP,2026-01-19
DOGE,2026-01-19 01:00:00+00:00,2026-01-19 20:00:00+00:00,-1,0.12645,0.1302435,-300.0000000000003,-311.5000000000003,SL,2026-01-19
DOGE,2026-01-20 23:00:00+00:00,2026-01-21 19:00:00+00:00,-1,0.12362,0.1273286,-300.0000000000003,-311.5000000000003,SL,2026-01-20
DOGE,2026-01-27 18:00:00+00:00,2026-01-27 20:00:00+00:00,-1,0.12215,0.1258145,-300.0000000000003,-311.5000000000003,SL,2026-01-27
DOGE,2026-01-29 15:00:00+00:00,2026-01-29 18:00:00+00:00,-1,0.11871,0.11514869999999999,300.0000000000003,288.5000000000003,TP,2026-01-29
DOGE,2026-01-30 02:00:00+00:00,2026-01-31 08:00:00+00:00,-1,0.11534,0.1118798,299.99999999999915,288.49999999999915,TP,2026-01-30
DOGE,2026-01-31 15:00:00+00:00,2026-01-31 17:00:00+00:00,-1,0.10682,0.1036154,300.0000000000003,288.5000000000003,TP,2026-01-31
DOGE,2026-01-31 18:00:00+00:00,2026-01-31 18:00:00+00:00,-1,0.10202,0.0989594,299.99999999999915,288.49999999999915,TP,2026-01-31
DOGE,2026-02-02 03:00:00+00:00,2026-02-02 03:00:00+00:00,-1,0.10372,0.1006084,300.0000000000003,288.5000000000003,TP,2026-02-02
DOGE,2026-02-03 03:00:00+00:00,2026-02-03 15:00:00+00:00,-1,0.10593,0.1091079,-300.0000000000003,-311.5000000000003,SL,2026-02-03
DOGE,2026-02-03 17:00:00+00:00,2026-02-03 18:00:00+00:00,-1,0.10647,0.10327589999999999,300.0000000000003,288.5000000000003,TP,2026-02-03
DOGE,2026-02-03 19:00:00+00:00,2026-02-03 19:00:00+00:00,-1,0.10241,0.1054823,-300.0000000000003,-311.5000000000003,SL,2026-02-03
DOGE,2026-02-05 16:00:00+00:00,2026-02-05 17:00:00+00:00,-1,0.09418,0.0913546,300.0000000000003,288.5000000000003,TP,2026-02-05
DOGE,2026-02-05 18:00:00+00:00,2026-02-05 20:00:00+00:00,-1,0.09202,0.0892594,300.0000000000003,288.5000000000003,TP,2026-02-05
DOGE,2026-02-05 21:00:00+00:00,2026-02-06 00:00:00+00:00,-1,0.08887,0.0862039,300.0000000000003,288.5000000000003,TP,2026-02-05
DOGE,2026-02-16 14:00:00+00:00,2026-02-17 16:00:00+00:00,-1,0.10001,0.1030103,-300.0000000000003,-311.5000000000003,SL,2026-02-16
DOGE,2026-02-23 01:00:00+00:00,2026-02-23 01:00:00+00:00,-1,0.0944,0.091568,300.0000000000003,288.5000000000003,TP,2026-02-23
DOGE,2026-02-23 02:00:00+00:00,2026-02-23 07:00:00+00:00,-1,0.09203,0.0947909,-300.0000000000003,-311.5000000000003,SL,2026-02-23
DOGE,2026-02-28 07:00:00+00:00,2026-02-28 13:00:00+00:00,-1,0.08853,0.0911859,-300.0000000000003,-311.5000000000003,SL,2026-02-28
DOGE,2026-03-13 15:00:00+00:00,2026-03-14 06:00:00+00:00,-1,0.09778,0.0948466,300.0000000000003,288.5000000000003,TP,2026-03-13
DOGE,2026-03-18 12:00:00+00:00,2026-03-18 15:00:00+00:00,-1,0.09706,0.09414819999999999,300.0000000000003,288.5000000000003,TP,2026-03-18
DOGE,2026-03-22 00:00:00+00:00,2026-03-23 11:00:00+00:00,-1,0.09126,0.09399779999999999,-300.0000000000003,-311.5000000000003,SL,2026-03-22
DOGE,2026-03-23 16:00:00+00:00,2026-03-25 04:00:00+00:00,-1,0.09374,0.0955,-187.75336035843804,-199.25336035843804,TIME,2026-03-23
DOGE,2026-03-27 11:00:00+00:00,2026-03-28 13:00:00+00:00,-1,0.0896,0.092288,-300.0000000000003,-311.5000000000003,SL,2026-03-27
DOGE,2026-03-29 23:00:00+00:00,2026-03-30 02:00:00+00:00,-1,0.08989,0.0925867,-300.0000000000003,-311.5000000000003,SL,2026-03-29
DOGE,2026-03-31 15:00:00+00:00,2026-04-01 05:00:00+00:00,-1,0.0904,0.093112,-300.0000000000003,-311.5000000000003,SL,2026-03-31
DOGE,2026-04-02 02:00:00+00:00,2026-04-03 14:00:00+00:00,-1,0.09048,0.09147,-109.41644562334041,-120.91644562334041,TIME,2026-04-02
DOGE,2026-04-07 11:00:00+00:00,2026-04-07 22:00:00+00:00,-1,0.09052,0.0932356,-300.0000000000003,-311.5000000000003,SL,2026-04-07
DOGE,2026-04-08 19:00:00+00:00,2026-04-10 07:00:00+00:00,-1,0.09306,0.09224,88.11519449817284,76.61519449817284,TIME,2026-04-08
DOGE,2026-04-12 02:00:00+00:00,2026-04-13 14:00:00+00:00,-1,0.09102,0.09249,-161.50296638101526,-173.00296638101526,TIME,2026-04-12
DOGE,2026-04-16 14:00:00+00:00,2026-04-16 18:00:00+00:00,-1,0.0957,0.09857099999999999,-300.0000000000003,-311.5000000000003,SL,2026-04-16
ETH,2025-07-01 15:00:00+00:00,2025-07-02 15:00:00+00:00,-1,2418.42,2490.9726,-300.0000000000003,-311.5000000000003,SL,2025-07-01
ETH,2025-07-04 14:00:00+00:00,2025-07-06 02:00:00+00:00,-1,2524.38,2512.03,48.92290384173492,37.42290384173492,TIME,2025-07-04
ETH,2025-07-09 21:00:00+00:00,2025-07-10 07:00:00+00:00,-1,2737.08,2819.1924,-300.0000000000003,-311.5000000000003,SL,2025-07-09
ETH,2025-07-14 16:00:00+00:00,2025-07-15 23:00:00+00:00,-1,3012.2,3102.566,-300.0000000000003,-311.5000000000003,SL,2025-07-14
ETH,2025-07-22 14:00:00+00:00,2025-07-23 00:00:00+00:00,-1,3648.05,3757.4915,-300.0000000000003,-311.5000000000003,SL,2025-07-22
ETH,2025-07-25 03:00:00+00:00,2025-07-25 09:00:00+00:00,-1,3614.01,3722.4303000000004,-300.0000000000003,-311.5000000000003,SL,2025-07-25
ETH,2025-07-25 15:00:00+00:00,2025-07-26 02:00:00+00:00,-1,3627.72,3736.5516,-300.0000000000003,-311.5000000000003,SL,2025-07-25
ETH,2025-07-30 19:00:00+00:00,2025-07-31 00:00:00+00:00,-1,3735.66,3847.7298,-300.0000000000003,-311.5000000000003,SL,2025-07-30
ETH,2025-07-31 20:00:00+00:00,2025-08-01 00:00:00+00:00,-1,3736.2,3624.1139999999996,300.0000000000003,288.5000000000003,TP,2025-07-31
ETH,2025-08-01 14:00:00+00:00,2025-08-01 22:00:00+00:00,-1,3597.74,3489.8077999999996,300.0000000000003,288.5000000000003,TP,2025-08-01
ETH,2025-08-05 15:00:00+00:00,2025-08-06 17:00:00+00:00,-1,3576.0,3683.28,-300.0000000000003,-311.5000000000003,SL,2025-08-05
ETH,2025-08-14 13:00:00+00:00,2025-08-15 15:00:00+00:00,-1,4569.06,4431.988200000001,299.99999999999915,288.49999999999915,TP,2025-08-14
ETH,2025-08-19 15:00:00+00:00,2025-08-20 01:00:00+00:00,-1,4190.14,4064.4358,300.0000000000003,288.5000000000003,TP,2025-08-19
ETH,2025-08-20 14:00:00+00:00,2025-08-20 15:00:00+00:00,-1,4133.2,4257.196,-300.0000000000003,-311.5000000000003,SL,2025-08-20
ETH,2025-08-24 20:00:00+00:00,2025-08-25 00:00:00+00:00,-1,4812.01,4667.6497,300.0000000000003,288.5000000000003,TP,2025-08-24
ETH,2025-08-25 20:00:00+00:00,2025-08-26 14:00:00+00:00,-1,4418.38,4550.9314,-300.0000000000003,-311.5000000000003,SL,2025-08-25
ETH,2025-08-29 08:00:00+00:00,2025-08-30 01:00:00+00:00,-1,4378.38,4247.0286,300.00000000000136,288.50000000000136,TP,2025-08-29
ETH,2025-09-01 22:00:00+00:00,2025-09-02 03:00:00+00:00,-1,4259.99,4387.7897,-300.0000000000003,-311.5000000000003,SL,2025-09-01
ETH,2025-09-05 15:00:00+00:00,2025-09-07 03:00:00+00:00,-1,4271.53,4295.07,-55.10905928320709,-66.60905928320709,TIME,2025-09-05
ETH,2025-09-09 15:00:00+00:00,2025-09-10 13:00:00+00:00,-1,4303.29,4432.3887,-300.0000000000003,-311.5000000000003,SL,2025-09-09
ETH,2025-09-15 00:00:00+00:00,2025-09-15 15:00:00+00:00,-1,4601.84,4463.7848,299.99999999999915,288.49999999999915,TP,2025-09-15
ETH,2025-09-22 01:00:00+00:00,2025-09-22 06:00:00+00:00,-1,4333.75,4203.7375,299.99999999999915,288.49999999999915,TP,2025-09-22
ETH,2025-09-22 07:00:00+00:00,2025-09-23 19:00:00+00:00,-1,4189.76,4150.99,92.53513327732499,81.03513327732499,TIME,2025-09-22
ETH,2025-09-25 05:00:00+00:00,2025-09-25 17:00:00+00:00,-1,4000.27,3880.2619,300.0000000000003,288.5000000000003,TP,2025-09-25
ETH,2025-09-25 18:00:00+00:00,2025-09-26 01:00:00+00:00,-1,3837.43,3952.5529,-300.0000000000003,-311.5000000000003,SL,2025-09-25
ETH,2025-09-26 15:00:00+00:00,2025-09-26 18:00:00+00:00,-1,3930.23,4048.1369,-300.0000000000003,-311.5000000000003,SL,2025-09-26
ETH,2025-10-05 10:00:00+00:00,2025-10-06 15:00:00+00:00,-1,4548.32,4684.7696,-300.0000000000003,-311.5000000000003,SL,2025-10-05
ETH,2025-10-07 15:00:00+00:00,2025-10-07 16:00:00+00:00,-1,4593.28,4455.4816,299.99999999999915,288.49999999999915,TP,2025-10-07
ETH,2025-10-09 14:00:00+00:00,2025-10-10 15:00:00+00:00,-1,4346.48,4216.085599999999,300.0000000000003,288.5000000000003,TP,2025-10-09
ETH,2025-10-10 16:00:00+00:00,2025-10-10 19:00:00+00:00,-1,4100.8,3977.776,300.0000000000003,288.5000000000003,TP,2025-10-10
ETH,2025-10-10 21:00:00+00:00,2025-10-10 21:00:00+00:00,-1,3864.45,3748.5164999999997,300.0000000000003,288.5000000000003,TP,2025-10-10
ETH,2025-10-11 02:00:00+00:00,2025-10-11 02:00:00+00:00,-1,3729.54,3841.4262,-300.0000000000003,-311.5000000000003,SL,2025-10-11
ETH,2025-10-11 08:00:00+00:00,2025-10-11 21:00:00+00:00,-1,3757.36,3644.6392,300.0000000000003,288.5000000000003,TP,2025-10-11
ETH,2025-10-16 16:00:00+00:00,2025-10-17 07:00:00+00:00,-1,3905.11,3787.9567,300.0000000000003,288.5000000000003,TP,2025-10-16
ETH,2025-10-21 05:00:00+00:00,2025-10-21 14:00:00+00:00,-1,3849.53,3965.0159000000003,-300.0000000000003,-311.5000000000003,SL,2025-10-21
ETH,2025-10-21 23:00:00+00:00,2025-10-22 11:00:00+00:00,-1,3898.63,3781.6711,300.0000000000003,288.5000000000003,TP,2025-10-21
ETH,2025-10-28 20:00:00+00:00,2025-10-29 18:00:00+00:00,-1,4036.45,3915.3565,300.0000000000003,288.5000000000003,TP,2025-10-28
ETH,2025-10-29 19:00:00+00:00,2025-10-30 12:00:00+00:00,-1,3918.57,3801.0129,300.0000000000003,288.5000000000003,TP,2025-10-29
ETH,2025-10-30 13:00:00+00:00,2025-10-30 19:00:00+00:00,-1,3816.01,3701.5297,300.0000000000003,288.5000000000003,TP,2025-10-30
ETH,2025-10-31 17:00:00+00:00,2025-11-02 05:00:00+00:00,-1,3819.35,3901.05,-213.91074397476117,-225.41074397476117,TIME,2025-10-31
ETH,2025-11-03 16:00:00+00:00,2025-11-04 06:00:00+00:00,-1,3587.29,3479.6713,300.0000000000003,288.5000000000003,TP,2025-11-03
ETH,2025-11-10 15:00:00+00:00,2025-11-11 01:00:00+00:00,-1,3539.43,3645.6129,-300.0000000000003,-311.5000000000003,SL,2025-11-10
ETH,2025-11-12 16:00:00+00:00,2025-11-13 05:00:00+00:00,-1,3426.33,3529.1199,-300.0000000000003,-311.5000000000003,SL,2025-11-12
ETH,2025-11-13 16:00:00+00:00,2025-11-13 17:00:00+00:00,-1,3386.04,3284.4588,300.0000000000003,288.5000000000003,TP,2025-11-13
ETH,2025-11-14 05:00:00+00:00,2025-11-15 17:00:00+00:00,-1,3161.53,3214.24,-166.72307395469767,-178.22307395469767,TIME,2025-11-14
ETH,2025-11-17 14:00:00+00:00,2025-11-17 18:00:00+00:00,-1,3120.01,3026.4097,300.0000000000003,288.5000000000003,TP,2025-11-17
ETH,2025-11-19 16:00:00+00:00,2025-11-19 18:00:00+00:00,-1,2970.73,2881.6081,300.0000000000003,288.5000000000003,TP,2025-11-19
ETH,2025-11-20 17:00:00+00:00,2025-11-21 02:00:00+00:00,-1,2860.58,2774.7626,299.99999999999915,288.49999999999915,TP,2025-11-20
ETH,2025-11-21 03:00:00+00:00,2025-11-21 07:00:00+00:00,-1,2781.52,2698.0744,300.0000000000003,288.5000000000003,TP,2025-11-21
ETH,2025-11-21 08:00:00+00:00,2025-11-21 12:00:00+00:00,-1,2719.14,2637.5658,300.0000000000003,288.5000000000003,TP,2025-11-21
ETH,2025-11-21 16:00:00+00:00,2025-11-21 17:00:00+00:00,-1,2704.61,2785.7483,-300.0000000000003,-311.5000000000003,SL,2025-11-21
ETH,2025-11-28 17:00:00+00:00,2025-11-30 05:00:00+00:00,-1,3023.59,2991.03,107.68655803200855,96.18655803200855,TIME,2025-11-28
ETH,2025-12-01 01:00:00+00:00,2025-12-01 15:00:00+00:00,-1,2834.15,2749.1255,300.0000000000003,288.5000000000003,TP,2025-12-01
ETH,2025-12-01 16:00:00+00:00,2025-12-02 10:00:00+00:00,-1,2745.08,2827.4324,-300.0000000000003,-311.5000000000003,SL,2025-12-01
ETH,2025-12-05 17:00:00+00:00,2025-12-07 05:00:00+00:00,-1,3031.6,3043.01,-37.63689141047743,-49.13689141047743,TIME,2025-12-05
ETH,2025-12-12 16:00:00+00:00,2025-12-14 04:00:00+00:00,-1,3069.53,3109.34,-129.69412255296353,-141.19412255296353,TIME,2025-12-12
ETH,2025-12-15 15:00:00+00:00,2025-12-15 17:00:00+00:00,-1,3046.05,2954.6685,300.0000000000003,288.5000000000003,TP,2025-12-15
ETH,2025-12-17 16:00:00+00:00,2025-12-17 18:00:00+00:00,-1,2902.83,2815.7450999999996,300.00000000000136,288.50000000000136,TP,2025-12-17
ETH,2025-12-18 18:00:00+00:00,2025-12-19 03:00:00+00:00,-1,2843.26,2928.5578000000005,-300.0000000000003,-311.5000000000003,SL,2025-12-18
ETH,2025-12-26 15:00:00+00:00,2025-12-28 03:00:00+00:00,-1,2916.01,2942.39,-90.46608207790685,-101.96608207790685,TIME,2025-12-26
ETH,2025-12-29 10:00:00+00:00,2025-12-30 22:00:00+00:00,-1,2974.43,2968.11,21.24776848001053,9.747768480010532,TIME,2025-12-29
ETH,2026-01-06 17:00:00+00:00,2026-01-07 15:00:00+00:00,-1,3250.24,3152.7327999999998,300.0000000000003,288.5000000000003,TP,2026-01-06
ETH,2026-01-08 07:00:00+00:00,2026-01-09 19:00:00+00:00,-1,3104.12,3079.46,79.44280504619594,67.94280504619594,TIME,2026-01-08
ETH,2026-01-19 00:00:00+00:00,2026-01-19 00:00:00+00:00,-1,3282.57,3184.0929,300.0000000000003,288.5000000000003,TP,2026-01-19
ETH,2026-01-19 01:00:00+00:00,2026-01-20 06:00:00+00:00,-1,3209.53,3113.2441,300.00000000000136,288.50000000000136,TP,2026-01-19
ETH,2026-01-20 23:00:00+00:00,2026-01-21 19:00:00+00:00,-1,2950.0,3038.5,-300.0000000000003,-311.5000000000003,SL,2026-01-20
ETH,2026-01-27 18:00:00+00:00,2026-01-27 20:00:00+00:00,-1,2928.6,3016.458,-300.0000000000003,-311.5000000000003,SL,2026-01-27
ETH,2026-01-29 15:00:00+00:00,2026-01-29 18:00:00+00:00,-1,2874.71,2788.4687,300.0000000000003,288.5000000000003,TP,2026-01-29
ETH,2026-01-30 02:00:00+00:00,2026-01-30 18:00:00+00:00,-1,2747.37,2664.9489,300.0000000000003,288.5000000000003,TP,2026-01-30
ETH,2026-01-31 15:00:00+00:00,2026-01-31 17:00:00+00:00,-1,2537.45,2461.3264999999997,300.0000000000003,288.5000000000003,TP,2026-01-31
ETH,2026-01-31 18:00:00+00:00,2026-01-31 18:00:00+00:00,-1,2401.69,2329.6393,300.00000000000136,288.50000000000136,TP,2026-01-31
ETH,2026-02-02 03:00:00+00:00,2026-02-02 03:00:00+00:00,-1,2260.71,2192.8887,300.0000000000003,288.5000000000003,TP,2026-02-02
ETH,2026-02-03 03:00:00+00:00,2026-02-03 17:00:00+00:00,-1,2296.94,2228.0318,299.99999999999915,288.49999999999915,TP,2026-02-03
ETH,2026-02-03 18:00:00+00:00,2026-02-03 18:00:00+00:00,-1,2193.92,2128.1024,299.99999999999915,288.49999999999915,TP,2026-02-03
ETH,2026-02-03 19:00:00+00:00,2026-02-03 19:00:00+00:00,-1,2118.92,2182.4876,-300.0000000000003,-311.5000000000003,SL,2026-02-03
ETH,2026-02-05 16:00:00+00:00,2026-02-05 20:00:00+00:00,-1,1959.92,1901.1224,300.0000000000003,288.5000000000003,TP,2026-02-05
ETH,2026-02-05 21:00:00+00:00,2026-02-06 00:00:00+00:00,-1,1867.02,1811.0094,300.0000000000003,288.5000000000003,TP,2026-02-05
ETH,2026-02-16 14:00:00+00:00,2026-02-18 02:00:00+00:00,-1,1966.56,1986.33,-100.53087625091494,-112.03087625091494,TIME,2026-02-16
ETH,2026-02-23 01:00:00+00:00,2026-02-23 01:00:00+00:00,-1,1927.6,1869.772,300.0000000000003,288.5000000000003,TP,2026-02-23
ETH,2026-02-23 02:00:00+00:00,2026-02-23 09:00:00+00:00,-1,1854.44,1910.0732,-300.0000000000003,-311.5000000000003,SL,2026-02-23
ETH,2026-02-28 07:00:00+00:00,2026-02-28 13:00:00+00:00,-1,1840.0,1895.2,-300.0000000000003,-311.5000000000003,SL,2026-02-28
ETH,2026-03-13 15:00:00+00:00,2026-03-13 22:00:00+00:00,-1,2151.39,2086.8482999999997,300.00000000000136,288.50000000000136,TP,2026-03-13
ETH,2026-03-18 12:00:00+00:00,2026-03-18 14:00:00+00:00,-1,2267.61,2199.5817,300.0000000000003,288.5000000000003,TP,2026-03-18
ETH,2026-03-18 15:00:00+00:00,2026-03-19 13:00:00+00:00,-1,2188.89,2123.2232999999997,300.00000000000136,288.50000000000136,TP,2026-03-18
ETH,2026-03-22 00:00:00+00:00,2026-03-23 11:00:00+00:00,-1,2083.08,2145.5724,-300.0000000000003,-311.5000000000003,SL,2026-03-22
ETH,2026-03-23 16:00:00+00:00,2026-03-25 04:00:00+00:00,-1,2128.09,2164.98,-173.34793171341457,-184.84793171341457,TIME,2026-03-23
ETH,2026-03-27 11:00:00+00:00,2026-03-28 23:00:00+00:00,-1,1990.64,1993.56,-14.668649278624102,-26.168649278624102,TIME,2026-03-27
ETH,2026-03-29 23:00:00+00:00,2026-03-30 02:00:00+00:00,-1,1973.57,2032.7771,-300.0000000000003,-311.5000000000003,SL,2026-03-29
ETH,2026-03-31 15:00:00+00:00,2026-03-31 16:00:00+00:00,-1,2044.84,2106.1852,-300.0000000000003,-311.5000000000003,SL,2026-03-31
ETH,2026-04-02 02:00:00+00:00,2026-04-02 10:00:00+00:00,-1,2098.41,2035.4576999999997,300.0000000000003,288.5000000000003,TP,2026-04-02
ETH,2026-04-07 11:00:00+00:00,2026-04-07 21:00:00+00:00,-1,2088.17,2150.8151000000003,-300.0000000000003,-311.5000000000003,SL,2026-04-07
ETH,2026-04-08 19:00:00+00:00,2026-04-10 07:00:00+00:00,-1,2200.5,2178.48,100.06816632583515,88.56816632583515,TIME,2026-04-08
ETH,2026-04-12 02:00:00+00:00,2026-04-13 14:00:00+00:00,-1,2217.52,2232.96,-69.6273314333129,-81.1273314333129,TIME,2026-04-12
ETH,2026-04-16 14:00:00+00:00,2026-04-17 12:00:00+00:00,-1,2307.15,2376.3645,-300.0000000000003,-311.5000000000003,SL,2026-04-16
LINK,2025-07-01 15:00:00+00:00,2025-07-02 15:00:00+00:00,-1,12.998,13.38794,-300.0000000000003,-311.5000000000003,SL,2025-07-01
LINK,2025-07-04 14:00:00+00:00,2025-07-06 02:00:00+00:00,-1,13.246,13.164,61.90548089989534,50.40548089989534,TIME,2025-07-04
LINK,2025-07-09 21:00:00+00:00,2025-07-10 17:00:00+00:00,-1,14.171,14.59613,-300.0000000000003,-311.5000000000003,SL,2025-07-09
LINK,2025-07-14 16:00:00+00:00,2025-07-15 01:00:00+00:00,-1,15.96,15.481200000000001,300.0000000000003,288.5000000000003,TP,2025-07-14
LINK,2025-07-15 15:00:00+00:00,2025-07-15 16:00:00+00:00,-1,15.216,15.67248,-300.0000000000003,-311.5000000000003,SL,2025-07-15
LINK,2025-07-22 14:00:00+00:00,2025-07-22 16:00:00+00:00,-1,18.943,19.511290000000002,-300.0000000000003,-311.5000000000003,SL,2025-07-22
LINK,2025-07-25 03:00:00+00:00,2025-07-25 09:00:00+00:00,-1,17.456,17.97968,-300.0000000000003,-311.5000000000003,SL,2025-07-25
LINK,2025-07-25 15:00:00+00:00,2025-07-25 20:00:00+00:00,-1,17.524,18.04972,-300.0000000000003,-311.5000000000003,SL,2025-07-25
LINK,2025-07-30 19:00:00+00:00,2025-07-30 19:00:00+00:00,-1,17.262,16.74414,299.99999999999915,288.49999999999915,TP,2025-07-30
LINK,2025-07-31 20:00:00+00:00,2025-08-01 00:00:00+00:00,-1,17.211,16.69467,300.0000000000003,288.5000000000003,TP,2025-07-31
LINK,2025-08-01 14:00:00+00:00,2025-08-01 22:00:00+00:00,-1,16.259,15.77123,300.0000000000003,288.5000000000003,TP,2025-08-01
LINK,2025-08-05 15:00:00+00:00,2025-08-06 18:00:00+00:00,-1,16.351,16.84153,-300.0000000000003,-311.5000000000003,SL,2025-08-05
LINK,2025-08-14 13:00:00+00:00,2025-08-14 14:00:00+00:00,-1,22.353,23.023590000000002,-300.0000000000003,-311.5000000000003,SL,2025-08-14
LINK,2025-08-19 15:00:00+00:00,2025-08-20 00:00:00+00:00,-1,24.163,23.438109999999998,300.00000000000136,288.50000000000136,TP,2025-08-19
LINK,2025-08-20 14:00:00+00:00,2025-08-20 14:00:00+00:00,-1,24.669,25.40907,-300.0000000000003,-311.5000000000003,SL,2025-08-20
LINK,2025-08-24 20:00:00+00:00,2025-08-25 07:00:00+00:00,-1,26.082,25.29954,300.0000000000003,288.5000000000003,TP,2025-08-24
LINK,2025-08-25 20:00:00+00:00,2025-08-26 07:00:00+00:00,-1,23.651,22.94147,300.0000000000003,288.5000000000003,TP,2025-08-25
LINK,2025-08-29 08:00:00+00:00,2025-08-30 01:00:00+00:00,-1,23.53,22.8241,300.0000000000003,288.5000000000003,TP,2025-08-29
LINK,2025-09-01 22:00:00+00:00,2025-09-02 02:00:00+00:00,-1,22.249,22.91647,-300.0000000000003,-311.5000000000003,SL,2025-09-01
LINK,2025-09-05 15:00:00+00:00,2025-09-07 03:00:00+00:00,-1,22.186,22.367,-81.58298025782162,-93.08298025782162,TIME,2025-09-05
LINK,2025-09-09 15:00:00+00:00,2025-09-10 13:00:00+00:00,-1,23.201,23.89703,-300.0000000000003,-311.5000000000003,SL,2025-09-09
LINK,2025-09-15 00:00:00+00:00,2025-09-15 08:00:00+00:00,-1,24.085,23.36245,300.0000000000003,288.5000000000003,TP,2025-09-15
LINK,2025-09-15 09:00:00+00:00,2025-09-16 21:00:00+00:00,-1,23.229,23.682,-195.01485212449987,-206.51485212449987,TIME,2025-09-15
LINK,2025-09-22 01:00:00+00:00,2025-09-22 06:00:00+00:00,-1,22.32,21.6504,299.99999999999915,288.49999999999915,TP,2025-09-22
LINK,2025-09-22 07:00:00+00:00,2025-09-23 14:00:00+00:00,-1,21.316,21.955479999999998,-300.0000000000003,-311.5000000000003,SL,2025-09-22
LINK,2025-09-23 18:00:00+00:00,2025-09-24 04:00:00+00:00,-1,21.692,21.04124,300.0000000000003,288.5000000000003,TP,2025-09-23
LINK,2025-09-25 05:00:00+00:00,2025-09-25 12:00:00+00:00,-1,21.022,20.39134,299.99999999999915,288.49999999999915,TP,2025-09-25
LINK,2025-09-25 18:00:00+00:00,2025-09-25 19:00:00+00:00,-1,19.961,20.559829999999998,-300.0000000000003,-311.5000000000003,SL,2025-09-25
LINK,2025-09-26 15:00:00+00:00,2025-09-26 17:00:00+00:00,-1,20.417,21.029510000000002,-300.0000000000003,-311.5000000000003,SL,2025-09-26
LINK,2025-10-05 10:00:00+00:00,2025-10-05 19:00:00+00:00,-1,22.667,21.986990000000002,299.99999999999915,288.49999999999915,TP,2025-10-05
LINK,2025-10-07 15:00:00+00:00,2025-10-09 03:00:00+00:00,-1,22.185,22.26,-33.80662609871577,-45.30662609871577,TIME,2025-10-07
LINK,2025-10-09 14:00:00+00:00,2025-10-10 01:00:00+00:00,-1,21.543,22.18929,-300.0000000000003,-311.5000000000003,SL,2025-10-09
LINK,2025-10-10 15:00:00+00:00,2025-10-10 15:00:00+00:00,-1,22.283,21.61451,300.00000000000136,288.50000000000136,TP,2025-10-10
LINK,2025-10-10 16:00:00+00:00,2025-10-10 19:00:00+00:00,-1,21.357,20.716289999999997,300.00000000000136,288.50000000000136,TP,2025-10-10
LINK,2025-10-10 21:00:00+00:00,2025-10-10 21:00:00+00:00,-1,19.5,18.915,300.0000000000003,288.5000000000003,TP,2025-10-10
LINK,2025-10-11 02:00:00+00:00,2025-10-11 02:00:00+00:00,-1,17.024,17.53472,-300.0000000000003,-311.5000000000003,SL,2025-10-11
LINK,2025-10-16 16:00:00+00:00,2025-10-16 20:00:00+00:00,-1,17.651,17.12147,300.0000000000003,288.5000000000003,TP,2025-10-16
LINK,2025-10-17 07:00:00+00:00,2025-10-17 07:00:00+00:00,-1,16.794,16.29018,300.0000000000003,288.5000000000003,TP,2025-10-17
LINK,2025-10-21 05:00:00+00:00,2025-10-21 12:00:00+00:00,-1,17.73,18.2619,-300.0000000000003,-311.5000000000003,SL,2025-10-21
LINK,2025-10-21 23:00:00+00:00,2025-10-22 11:00:00+00:00,-1,17.735,17.202949999999998,300.00000000000136,288.50000000000136,TP,2025-10-21
LINK,2025-10-28 20:00:00+00:00,2025-10-28 21:00:00+00:00,-1,17.981,17.441570000000002,299.99999999999915,288.49999999999915,TP,2025-10-28
LINK,2025-10-29 16:00:00+00:00,2025-10-29 21:00:00+00:00,-1,18.0,18.54,-300.0000000000003,-311.5000000000003,SL,2025-10-29
LINK,2025-10-30 00:00:00+00:00,2025-10-30 04:00:00+00:00,-1,18.128,17.58416,299.99999999999915,288.49999999999915,TP,2025-10-30
LINK,2025-10-30 05:00:00+00:00,2025-10-30 05:00:00+00:00,-1,17.66,18.1898,-300.0000000000003,-311.5000000000003,SL,2025-10-30
LINK,2025-10-30 13:00:00+00:00,2025-10-30 16:00:00+00:00,-1,17.36,16.839199999999998,300.0000000000003,288.5000000000003,TP,2025-10-30
LINK,2025-10-31 17:00:00+00:00,2025-11-01 08:00:00+00:00,-1,16.867,17.37301,-300.0000000000003,-311.5000000000003,SL,2025-10-31
LINK,2025-11-03 16:00:00+00:00,2025-11-03 17:00:00+00:00,-1,15.292,15.75076,-300.0000000000003,-311.5000000000003,SL,2025-11-03
LINK,2025-11-04 06:00:00+00:00,2025-11-04 06:00:00+00:00,-1,14.69,15.1307,-300.0000000000003,-311.5000000000003,SL,2025-11-04
LINK,2025-11-10 15:00:00+00:00,2025-11-11 01:00:00+00:00,-1,16.113,16.59639,-300.0000000000003,-311.5000000000003,SL,2025-11-10
LINK,2025-11-12 16:00:00+00:00,2025-11-13 05:00:00+00:00,-1,15.363,15.82389,-300.0000000000003,-311.5000000000003,SL,2025-11-12
LINK,2025-11-13 16:00:00+00:00,2025-11-13 17:00:00+00:00,-1,15.304,14.84488,300.0000000000003,288.5000000000003,TP,2025-11-13
LINK,2025-11-14 05:00:00+00:00,2025-11-14 23:00:00+00:00,-1,14.182,13.75654,300.0000000000003,288.5000000000003,TP,2025-11-14
LINK,2025-11-17 14:00:00+00:00,2025-11-17 14:00:00+00:00,-1,13.716,14.12748,-300.0000000000003,-311.5000000000003,SL,2025-11-17
LINK,2025-11-17 18:00:00+00:00,2025-11-18 15:00:00+00:00,-1,13.372,13.77316,-300.0000000000003,-311.5000000000003,SL,2025-11-17
LINK,2025-11-19 16:00:00+00:00,2025-11-19 21:00:00+00:00,-1,13.005,13.395150000000001,-300.0000000000003,-311.5000000000003,SL,2025-11-19
LINK,2025-11-20 17:00:00+00:00,2025-11-21 07:00:00+00:00,-1,12.956,12.567319999999999,300.0000000000003,288.5000000000003,TP,2025-11-20
LINK,2025-11-21 08:00:00+00:00,2025-11-21 11:00:00+00:00,-1,12.271,11.90287,300.0000000000003,288.5000000000003,TP,2025-11-21
LINK,2025-11-21 16:00:00+00:00,2025-11-21 17:00:00+00:00,-1,11.916,12.273480000000001,-300.0000000000003,-311.5000000000003,SL,2025-11-21
LINK,2025-11-28 17:00:00+00:00,2025-11-30 05:00:00+00:00,-1,13.173,12.985,142.7161618462014,131.2161618462014,TIME,2025-11-28
LINK,2025-12-01 01:00:00+00:00,2025-12-01 15:00:00+00:00,-1,12.258,11.89026,299.99999999999915,288.49999999999915,TP,2025-12-01
LINK,2025-12-01 16:00:00+00:00,2025-12-02 13:00:00+00:00,-1,11.991,12.35073,-300.0000000000003,-311.5000000000003,SL,2025-12-01
LINK,2025-12-05 17:00:00+00:00,2025-12-06 15:00:00+00:00,-1,13.52,13.9256,-300.0000000000003,-311.5000000000003,SL,2025-12-05
LINK,2025-12-12 16:00:00+00:00,2025-12-13 08:00:00+00:00,-1,13.516,13.92148,-300.0000000000003,-311.5000000000003,SL,2025-12-12
LINK,2025-12-15 15:00:00+00:00,2025-12-15 15:00:00+00:00,-1,13.254,12.85638,300.0000000000003,288.5000000000003,TP,2025-12-15
LINK,2025-12-17 16:00:00+00:00,2025-12-17 18:00:00+00:00,-1,12.557,12.18029,300.0000000000003,288.5000000000003,TP,2025-12-17
LINK,2025-12-18 18:00:00+00:00,2025-12-18 19:00:00+00:00,-1,12.12,11.7564,300.0000000000003,288.5000000000003,TP,2025-12-18
LINK,2025-12-18 20:00:00+00:00,2025-12-19 03:00:00+00:00,-1,11.75,12.102500000000001,-300.0000000000003,-311.5000000000003,SL,2025-12-18
LINK,2025-12-26 15:00:00+00:00,2025-12-27 23:00:00+00:00,-1,12.132,12.49596,-300.0000000000003,-311.5000000000003,SL,2025-12-26
LINK,2025-12-29 10:00:00+00:00,2025-12-30 22:00:00+00:00,-1,12.529,12.395,106.95187165775444,95.45187165775444,TIME,2025-12-29
LINK,2026-01-06 17:00:00+00:00,2026-01-07 15:00:00+00:00,-1,13.752,13.33944,300.0000000000003,288.5000000000003,TP,2026-01-06
LINK,2026-01-08 07:00:00+00:00,2026-01-09 19:00:00+00:00,-1,13.133,13.086,35.787710347977566,24.287710347977566,TIME,2026-01-08
LINK,2026-01-19 00:00:00+00:00,2026-01-19 00:00:00+00:00,-1,13.289,12.890329999999999,300.0000000000003,288.5000000000003,TP,2026-01-19
LINK,2026-01-19 01:00:00+00:00,2026-01-20 13:00:00+00:00,-1,12.833,12.44801,300.0000000000003,288.5000000000003,TP,2026-01-19
LINK,2026-01-20 23:00:00+00:00,2026-01-21 15:00:00+00:00,-1,12.146,12.510380000000001,-300.0000000000003,-311.5000000000003,SL,2026-01-20
LINK,2026-01-21 17:00:00+00:00,2026-01-21 19:00:00+00:00,-1,12.014,12.374419999999999,-300.0000000000003,-311.5000000000003,SL,2026-01-21
LINK,2026-01-27 18:00:00+00:00,2026-01-29 06:00:00+00:00,-1,11.885,11.629,215.39755994951614,203.89755994951614,TIME,2026-01-27
LINK,2026-01-29 15:00:00+00:00,2026-01-29 15:00:00+00:00,-1,11.212,10.875639999999999,300.0000000000003,288.5000000000003,TP,2026-01-29
LINK,2026-01-29 16:00:00+00:00,2026-01-30 01:00:00+00:00,-1,11.02,10.6894,300.0000000000003,288.5000000000003,TP,2026-01-29
LINK,2026-01-30 02:00:00+00:00,2026-01-30 13:00:00+00:00,-1,10.884,10.55748,300.0000000000003,288.5000000000003,TP,2026-01-30
LINK,2026-01-31 15:00:00+00:00,2026-01-31 17:00:00+00:00,-1,10.073,9.77081,299.99999999999915,288.49999999999915,TP,2026-01-31
LINK,2026-01-31 18:00:00+00:00,2026-01-31 18:00:00+00:00,-1,9.603,9.31491,300.0000000000003,288.5000000000003,TP,2026-01-31
LINK,2026-02-02 03:00:00+00:00,2026-02-02 03:00:00+00:00,-1,9.431,9.148069999999999,300.0000000000003,288.5000000000003,TP,2026-02-02
LINK,2026-02-03 03:00:00+00:00,2026-02-03 17:00:00+00:00,-1,9.612,9.32364,300.00000000000136,288.50000000000136,TP,2026-02-03
LINK,2026-02-03 18:00:00+00:00,2026-02-03 20:00:00+00:00,-1,9.314,9.59342,-300.0000000000003,-311.5000000000003,SL,2026-02-03
LINK,2026-02-05 16:00:00+00:00,2026-02-05 20:00:00+00:00,-1,8.46,8.2062,300.0000000000003,288.5000000000003,TP,2026-02-05
LINK,2026-02-05 21:00:00+00:00,2026-02-06 00:00:00+00:00,-1,7.973,7.73381,300.0000000000003,288.5000000000003,TP,2026-02-05
LINK,2026-02-16 14:00:00+00:00,2026-02-18 02:00:00+00:00,-1,8.757,8.847,-102.77492291880685,-114.27492291880685,TIME,2026-02-16
LINK,2026-02-23 01:00:00+00:00,2026-02-23 01:00:00+00:00,-1,8.547,8.29059,300.0000000000003,288.5000000000003,TP,2026-02-23
LINK,2026-02-23 02:00:00+00:00,2026-02-23 09:00:00+00:00,-1,8.201,8.447030000000002,-300.0000000000003,-311.5000000000003,SL,2026-02-23
LINK,2026-02-28 07:00:00+00:00,2026-02-28 18:00:00+00:00,-1,8.287,8.535610000000002,-300.0000000000003,-311.5000000000003,SL,2026-02-28
LINK,2026-03-13 15:00:00+00:00,2026-03-13 22:00:00+00:00,-1,9.363,9.08211,299.99999999999915,288.49999999999915,TP,2026-03-13
LINK,2026-03-18 12:00:00+00:00,2026-03-18 14:00:00+00:00,-1,9.548,9.26156,300.0000000000003,288.5000000000003,TP,2026-03-18
LINK,2026-03-18 15:00:00+00:00,2026-03-19 13:00:00+00:00,-1,9.205,8.92885,299.99999999999915,288.49999999999915,TP,2026-03-18
LINK,2026-03-22 00:00:00+00:00,2026-03-23 11:00:00+00:00,-1,8.817,9.08151,-300.0000000000003,-311.5000000000003,SL,2026-03-22
LINK,2026-03-23 16:00:00+00:00,2026-03-25 04:00:00+00:00,-1,9.047,9.266,-242.0691942080233,-253.5691942080233,TIME,2026-03-23
LINK,2026-03-27 11:00:00+00:00,2026-03-28 23:00:00+00:00,-1,8.589,8.427,188.61334264757335,177.11334264757335,TIME,2026-03-27
LINK,2026-03-29 23:00:00+00:00,2026-03-30 02:00:00+00:00,-1,8.368,8.61904,-300.0000000000003,-311.5000000000003,SL,2026-03-29
LINK,2026-03-31 15:00:00+00:00,2026-03-31 17:00:00+00:00,-1,8.626,8.88478,-300.0000000000003,-311.5000000000003,SL,2026-03-31
LINK,2026-04-02 02:00:00+00:00,2026-04-02 11:00:00+00:00,-1,8.721,8.45937,300.0000000000003,288.5000000000003,TP,2026-04-02
LINK,2026-04-07 11:00:00+00:00,2026-04-07 22:00:00+00:00,-1,8.7,8.961,-300.0000000000003,-311.5000000000003,SL,2026-04-07
LINK,2026-04-08 19:00:00+00:00,2026-04-10 07:00:00+00:00,-1,8.953,8.894,65.89969842510813,54.39969842510813,TIME,2026-04-08
LINK,2026-04-12 02:00:00+00:00,2026-04-13 14:00:00+00:00,-1,8.776,8.907,-149.2707383773939,-160.7707383773939,TIME,2026-04-12
LINK,2026-04-16 14:00:00+00:00,2026-04-16 18:00:00+00:00,-1,9.241,9.518229999999999,-300.0000000000003,-311.5000000000003,SL,2026-04-16
LTC,2025-07-01 15:00:00+00:00,2025-07-02 16:00:00+00:00,-1,84.37,86.90110000000001,-300.0000000000003,-311.5000000000003,SL,2025-07-01
LTC,2025-07-04 14:00:00+00:00,2025-07-06 02:00:00+00:00,-1,87.3,86.88,48.10996563573866,36.60996563573866,TIME,2025-07-04
LTC,2025-07-14 16:00:00+00:00,2025-07-15 02:00:00+00:00,-1,95.42,92.5574,300.0000000000003,288.5000000000003,TP,2025-07-14
LTC,2025-07-15 15:00:00+00:00,2025-07-15 17:00:00+00:00,-1,91.97,94.7291,-300.0000000000003,-311.5000000000003,SL,2025-07-15
LTC,2025-07-22 14:00:00+00:00,2025-07-22 16:00:00+00:00,-1,113.17,116.5651,-300.0000000000003,-311.5000000000003,SL,2025-07-22
LTC,2025-07-25 03:00:00+00:00,2025-07-25 07:00:00+00:00,-1,109.44,112.7232,-300.0000000000003,-311.5000000000003,SL,2025-07-25
LTC,2025-07-25 15:00:00+00:00,2025-07-26 18:00:00+00:00,-1,111.44,114.7832,-300.0000000000003,-311.5000000000003,SL,2025-07-25
LTC,2025-07-30 19:00:00+00:00,2025-07-30 19:00:00+00:00,-1,107.76,104.52720000000001,300.0000000000003,288.5000000000003,TP,2025-07-30
LTC,2025-07-31 20:00:00+00:00,2025-08-01 00:00:00+00:00,-1,108.15,104.9055,300.0000000000003,288.5000000000003,TP,2025-07-31
LTC,2025-08-01 14:00:00+00:00,2025-08-01 21:00:00+00:00,-1,104.56,107.69680000000001,-300.0000000000003,-311.5000000000003,SL,2025-08-01
LTC,2025-08-05 15:00:00+00:00,2025-08-06 00:00:00+00:00,-1,122.93,119.24210000000001,300.0000000000003,288.5000000000003,TP,2025-08-05
LTC,2025-08-14 13:00:00+00:00,2025-08-15 14:00:00+00:00,-1,122.66,118.9802,300.0000000000003,288.5000000000003,TP,2025-08-14
LTC,2025-08-19 15:00:00+00:00,2025-08-21 03:00:00+00:00,-1,113.89,116.01,-186.14452541926508,-197.64452541926508,TIME,2025-08-19
LTC,2025-08-24 20:00:00+00:00,2025-08-25 00:00:00+00:00,-1,120.64,117.0208,300.0000000000003,288.5000000000003,TP,2025-08-24
LTC,2025-08-25 20:00:00+00:00,2025-08-26 14:00:00+00:00,-1,109.26,112.5378,-300.0000000000003,-311.5000000000003,SL,2025-08-25
LTC,2025-08-29 08:00:00+00:00,2025-08-30 20:00:00+00:00,-1,110.32,109.93,35.35170413342836,23.851704133428363,TIME,2025-08-29
LTC,2025-09-01 22:00:00+00:00,2025-09-02 03:00:00+00:00,-1,106.95,110.1585,-300.0000000000003,-311.5000000000003,SL,2025-09-01
LTC,2025-09-05 15:00:00+00:00,2025-09-07 03:00:00+00:00,-1,111.96,112.78,-73.24044301536325,-84.74044301536325,TIME,2025-09-05
LTC,2025-09-09 15:00:00+00:00,2025-09-10 16:00:00+00:00,-1,112.31,115.67930000000001,-300.0000000000003,-311.5000000000003,SL,2025-09-09
LTC,2025-09-15 00:00:00+00:00,2025-09-16 12:00:00+00:00,-1,115.03,114.25,67.80839780926695,56.30839780926695,TIME,2025-09-15
LTC,2025-09-22 01:00:00+00:00,2025-09-22 06:00:00+00:00,-1,111.55,108.20349999999999,300.0000000000003,288.5000000000003,TP,2025-09-22
LTC,2025-09-22 07:00:00+00:00,2025-09-23 19:00:00+00:00,-1,106.84,105.91,87.04605016847667,75.54605016847667,TIME,2025-09-22
LTC,2025-09-25 05:00:00+00:00,2025-09-25 17:00:00+00:00,-1,103.71,100.5987,300.0000000000003,288.5000000000003,TP,2025-09-25
LTC,2025-09-25 18:00:00+00:00,2025-09-26 16:00:00+00:00,-1,100.85,103.8755,-300.0000000000003,-311.5000000000003,SL,2025-09-25
LTC,2025-10-05 10:00:00+00:00,2025-10-06 22:00:00+00:00,-1,120.77,118.39,197.06880847892626,185.56880847892626,TIME,2025-10-05
LTC,2025-10-07 15:00:00+00:00,2025-10-09 03:00:00+00:00,-1,116.67,118.38,-146.56724093597308,-158.06724093597308,TIME,2025-10-07
LTC,2025-10-09 14:00:00+00:00,2025-10-09 22:00:00+00:00,-1,117.71,121.2413,-300.0000000000003,-311.5000000000003,SL,2025-10-09
LTC,2025-10-10 15:00:00+00:00,2025-10-10 15:00:00+00:00,-1,131.74,127.7878,300.0000000000003,288.5000000000003,TP,2025-10-10
LTC,2025-10-10 16:00:00+00:00,2025-10-10 20:00:00+00:00,-1,126.96,123.15119999999999,300.0000000000003,288.5000000000003,TP,2025-10-10
LTC,2025-10-10 21:00:00+00:00,2025-10-10 21:00:00+00:00,-1,121.44,117.79679999999999,300.0000000000003,288.5000000000003,TP,2025-10-10
LTC,2025-10-11 02:00:00+00:00,2025-10-11 02:00:00+00:00,-1,96.15,99.03450000000001,-300.0000000000003,-311.5000000000003,SL,2025-10-11
LTC,2025-10-11 08:00:00+00:00,2025-10-11 19:00:00+00:00,-1,98.37,95.41890000000001,299.99999999999915,288.49999999999915,TP,2025-10-11
LTC,2025-10-16 16:00:00+00:00,2025-10-17 06:00:00+00:00,-1,91.65,88.90050000000001,300.0000000000003,288.5000000000003,TP,2025-10-16
LTC,2025-10-17 07:00:00+00:00,2025-10-17 07:00:00+00:00,-1,88.56,85.9032,300.0000000000003,288.5000000000003,TP,2025-10-17
LTC,2025-10-21 05:00:00+00:00,2025-10-21 14:00:00+00:00,-1,91.93,94.68790000000001,-300.0000000000003,-311.5000000000003,SL,2025-10-21
LTC,2025-10-21 23:00:00+00:00,2025-10-22 11:00:00+00:00,-1,94.38,91.5486,300.0000000000003,288.5000000000003,TP,2025-10-21
LTC,2025-10-28 20:00:00+00:00,2025-10-28 21:00:00+00:00,-1,98.24,95.29279999999999,300.00000000000136,288.50000000000136,TP,2025-10-28
LTC,2025-10-29 16:00:00+00:00,2025-10-30 12:00:00+00:00,-1,97.89,94.9533,300.0000000000003,288.5000000000003,TP,2025-10-29
LTC,2025-10-30 13:00:00+00:00,2025-10-30 15:00:00+00:00,-1,95.43,92.56710000000001,299.99999999999915,288.49999999999915,TP,2025-10-30
LTC,2025-10-31 17:00:00+00:00,2025-11-01 06:00:00+00:00,-1,94.56,97.3968,-300.0000000000003,-311.5000000000003,SL,2025-10-31
LTC,2025-11-03 16:00:00+00:00,2025-11-04 04:00:00+00:00,-1,87.69,90.3207,-300.0000000000003,-311.5000000000003,SL,2025-11-03
LTC,2025-11-04 06:00:00+00:00,2025-11-04 06:00:00+00:00,-1,85.22,87.7766,-300.0000000000003,-311.5000000000003,SL,2025-11-04
LTC,2025-11-10 15:00:00+00:00,2025-11-10 15:00:00+00:00,-1,106.36,109.5508,-300.0000000000003,-311.5000000000003,SL,2025-11-10
LTC,2025-11-12 16:00:00+00:00,2025-11-12 16:00:00+00:00,-1,100.01,97.00970000000001,299.99999999999915,288.49999999999915,TP,2025-11-12
LTC,2025-11-13 16:00:00+00:00,2025-11-13 17:00:00+00:00,-1,99.54,96.55380000000001,299.99999999999915,288.49999999999915,TP,2025-11-13
LTC,2025-11-14 05:00:00+00:00,2025-11-14 07:00:00+00:00,-1,95.27,98.1281,-300.0000000000003,-311.5000000000003,SL,2025-11-14
LTC,2025-11-14 21:00:00+00:00,2025-11-15 01:00:00+00:00,-1,98.24,101.1872,-300.0000000000003,-311.5000000000003,SL,2025-11-14
LTC,2025-11-17 14:00:00+00:00,2025-11-17 14:00:00+00:00,-1,94.0,96.82000000000001,-300.0000000000003,-311.5000000000003,SL,2025-11-17
LTC,2025-11-17 18:00:00+00:00,2025-11-17 23:00:00+00:00,-1,93.46,90.6562,299.99999999999915,288.49999999999915,TP,2025-11-17
LTC,2025-11-19 16:00:00+00:00,2025-11-19 18:00:00+00:00,-1,91.69,88.93929999999999,300.00000000000136,288.50000000000136,TP,2025-11-19
LTC,2025-11-20 17:00:00+00:00,2025-11-21 07:00:00+00:00,-1,87.11,84.4967,299.99999999999915,288.49999999999915,TP,2025-11-20
LTC,2025-11-21 08:00:00+00:00,2025-11-21 11:00:00+00:00,-1,84.56,82.0232,300.0000000000003,288.5000000000003,TP,2025-11-21
LTC,2025-11-21 16:00:00+00:00,2025-11-23 04:00:00+00:00,-1,82.03,83.92,-230.4035109106417,-241.9035109106417,TIME,2025-11-21
LTC,2025-11-28 17:00:00+00:00,2025-11-30 05:00:00+00:00,-1,84.61,83.7,107.55229878264939,96.05229878264939,TIME,2025-11-28
LTC,2025-12-01 01:00:00+00:00,2025-12-01 15:00:00+00:00,-1,77.91,75.5727,300.0000000000003,288.5000000000003,TP,2025-12-01
LTC,2025-12-01 16:00:00+00:00,2025-12-01 23:00:00+00:00,-1,75.57,77.83709999999999,-300.0000000000003,-311.5000000000003,SL,2025-12-01
LTC,2025-12-05 17:00:00+00:00,2025-12-07 05:00:00+00:00,-1,80.44,82.06,-201.39234211834943,-212.89234211834943,TIME,2025-12-05
LTC,2025-12-12 16:00:00+00:00,2025-12-14 04:00:00+00:00,-1,81.3,81.13,20.91020910209074,9.41020910209074,TIME,2025-12-12
LTC,2025-12-15 15:00:00+00:00,2025-12-15 16:00:00+00:00,-1,79.51,77.1247,300.0000000000003,288.5000000000003,TP,2025-12-15
LTC,2025-12-17 16:00:00+00:00,2025-12-17 18:00:00+00:00,-1,78.2,75.854,300.0000000000003,288.5000000000003,TP,2025-12-17
LTC,2025-12-18 18:00:00+00:00,2025-12-18 19:00:00+00:00,-1,75.06,72.8082,300.0000000000003,288.5000000000003,TP,2025-12-18
LTC,2025-12-18 20:00:00+00:00,2025-12-19 03:00:00+00:00,-1,72.67,74.8501,-300.0000000000003,-311.5000000000003,SL,2025-12-18
LTC,2025-12-26 15:00:00+00:00,2025-12-27 12:00:00+00:00,-1,75.76,78.03280000000001,-300.0000000000003,-311.5000000000003,SL,2025-12-26
LTC,2025-12-29 10:00:00+00:00,2025-12-30 22:00:00+00:00,-1,78.05,78.1,-6.406149903908087,-17.906149903908087,TIME,2025-12-29
LTC,2026-01-06 17:00:00+00:00,2026-01-08 05:00:00+00:00,-1,82.5,81.66,101.81818181818181,90.31818181818181,TIME,2026-01-06
LTC,2026-01-08 07:00:00+00:00,2026-01-09 19:00:00+00:00,-1,80.62,80.97,-43.41354502604755,-54.91354502604755,TIME,2026-01-08
LTC,2026-01-19 00:00:00+00:00,2026-01-19 00:00:00+00:00,-1,72.12,69.9564,300.0000000000003,288.5000000000003,TP,2026-01-19
LTC,2026-01-19 01:00:00+00:00,2026-01-19 17:00:00+00:00,-1,69.35,71.4305,-300.0000000000003,-311.5000000000003,SL,2026-01-19
LTC,2026-01-20 23:00:00+00:00,2026-01-21 05:00:00+00:00,-1,67.01,69.0203,-300.0000000000003,-311.5000000000003,SL,2026-01-20
LTC,2026-01-21 17:00:00+00:00,2026-01-21 19:00:00+00:00,-1,66.71,68.7113,-300.0000000000003,-311.5000000000003,SL,2026-01-21
LTC,2026-01-27 18:00:00+00:00,2026-01-29 06:00:00+00:00,-1,69.24,68.24,144.4251877527436,132.9251877527436,TIME,2026-01-27
LTC,2026-01-29 15:00:00+00:00,2026-01-29 18:00:00+00:00,-1,66.42,64.4274,299.99999999999915,288.49999999999915,TP,2026-01-29
LTC,2026-01-30 02:00:00+00:00,2026-01-31 08:00:00+00:00,-1,64.81,62.865700000000004,300.0000000000003,288.5000000000003,TP,2026-01-30
LTC,2026-01-31 15:00:00+00:00,2026-01-31 17:00:00+00:00,-1,60.27,58.4619,300.0000000000003,288.5000000000003,TP,2026-01-31
LTC,2026-01-31 18:00:00+00:00,2026-01-31 18:00:00+00:00,-1,58.2,56.454,300.0000000000003,288.5000000000003,TP,2026-01-31
LTC,2026-02-02 03:00:00+00:00,2026-02-02 03:00:00+00:00,-1,58.69,56.9293,300.0000000000003,288.5000000000003,TP,2026-02-02
LTC,2026-02-03 03:00:00+00:00,2026-02-03 18:00:00+00:00,-1,59.06,57.2882,300.0000000000003,288.5000000000003,TP,2026-02-03
LTC,2026-02-03 19:00:00+00:00,2026-02-03 19:00:00+00:00,-1,56.99,58.69970000000001,-300.0000000000003,-311.5000000000003,SL,2026-02-03
LTC,2026-02-05 16:00:00+00:00,2026-02-05 18:00:00+00:00,-1,53.91,52.292699999999996,300.0000000000003,288.5000000000003,TP,2026-02-05
LTC,2026-02-05 21:00:00+00:00,2026-02-05 23:00:00+00:00,-1,50.94,52.468199999999996,-300.0000000000003,-311.5000000000003,SL,2026-02-05
LTC,2026-02-16 14:00:00+00:00,2026-02-16 21:00:00+00:00,-1,53.82,55.4346,-300.0000000000003,-311.5000000000003,SL,2026-02-16
LTC,2026-02-17 15:00:00+00:00,2026-02-19 03:00:00+00:00,-1,53.96,53.53,79.68865826538219,68.18865826538219,TIME,2026-02-17
LTC,2026-02-23 01:00:00+00:00,2026-02-23 01:00:00+00:00,-1,52.98,51.39059999999999,300.00000000000136,288.50000000000136,TP,2026-02-23
LTC,2026-02-23 02:00:00+00:00,2026-02-23 09:00:00+00:00,-1,50.99,52.5197,-300.0000000000003,-311.5000000000003,SL,2026-02-23
LTC,2026-02-28 07:00:00+00:00,2026-02-28 18:00:00+00:00,-1,51.99,53.5497,-300.0000000000003,-311.5000000000003,SL,2026-02-28
LTC,2026-03-13 15:00:00+00:00,2026-03-15 03:00:00+00:00,-1,55.7,55.13,102.3339317773786,90.8339317773786,TIME,2026-03-13
LTC,2026-03-18 12:00:00+00:00,2026-03-19 13:00:00+00:00,-1,56.5,54.805,300.0000000000003,288.5000000000003,TP,2026-03-18
LTC,2026-03-22 00:00:00+00:00,2026-03-22 21:00:00+00:00,-1,54.75,53.1075,299.99999999999915,288.49999999999915,TP,2026-03-22
LTC,2026-03-23 07:00:00+00:00,2026-03-23 11:00:00+00:00,-1,53.56,55.1668,-300.0000000000003,-311.5000000000003,SL,2026-03-23
LTC,2026-03-23 16:00:00+00:00,2026-03-25 04:00:00+00:00,-1,55.06,56.36,-236.10606610969808,-247.60606610969808,TIME,2026-03-23
LTC,2026-03-27 11:00:00+00:00,2026-03-28 23:00:00+00:00,-1,53.55,53.83,-52.28758169934622,-63.78758169934622,TIME,2026-03-27
LTC,2026-03-29 23:00:00+00:00,2026-03-31 11:00:00+00:00,-1,53.12,53.48,-67.77108433734912,-79.27108433734912,TIME,2026-03-29
LTC,2026-03-31 15:00:00+00:00,2026-04-02 03:00:00+00:00,-1,53.48,52.42,198.2049364248306,186.7049364248306,TIME,2026-03-31
LTC,2026-04-07 11:00:00+00:00,2026-04-07 22:00:00+00:00,-1,53.06,54.6518,-300.0000000000003,-311.5000000000003,SL,2026-04-07
LTC,2026-04-08 19:00:00+00:00,2026-04-10 07:00:00+00:00,-1,54.14,54.32,-33.24713705208815,-44.74713705208815,TIME,2026-04-08
LTC,2026-04-12 02:00:00+00:00,2026-04-13 14:00:00+00:00,-1,53.94,53.37,105.67296996662922,94.17296996662922,TIME,2026-04-12
LTC,2026-04-16 14:00:00+00:00,2026-04-17 13:00:00+00:00,-1,55.08,56.7324,-300.0000000000003,-311.5000000000003,SL,2026-04-16
NEAR,2025-07-01 15:00:00+00:00,2025-07-01 20:00:00+00:00,-1,2.089,2.0263299999999997,300.00000000000136,288.50000000000136,TP,2025-07-01
NEAR,2025-07-04 14:00:00+00:00,2025-07-04 16:00:00+00:00,-1,2.167,2.10199,300.0000000000003,288.5000000000003,TP,2025-07-04
NEAR,2025-07-14 16:00:00+00:00,2025-07-15 02:00:00+00:00,-1,2.598,2.52006,299.99999999999915,288.49999999999915,TP,2025-07-14
NEAR,2025-07-15 15:00:00+00:00,2025-07-15 16:00:00+00:00,-1,2.492,2.56676,-300.0000000000003,-311.5000000000003,SL,2025-07-15
NEAR,2025-07-22 14:00:00+00:00,2025-07-22 15:00:00+00:00,-1,2.896,2.98288,-300.0000000000003,-311.5000000000003,SL,2025-07-22
NEAR,2025-07-25 03:00:00+00:00,2025-07-25 09:00:00+00:00,-1,2.647,2.72641,-300.0000000000003,-311.5000000000003,SL,2025-07-25
NEAR,2025-07-25 15:00:00+00:00,2025-07-25 20:00:00+00:00,-1,2.681,2.7614300000000003,-300.0000000000003,-311.5000000000003,SL,2025-07-25
NEAR,2025-07-30 19:00:00+00:00,2025-07-30 19:00:00+00:00,-1,2.59,2.5122999999999998,300.0000000000003,288.5000000000003,TP,2025-07-30
NEAR,2025-07-31 20:00:00+00:00,2025-08-01 00:00:00+00:00,-1,2.601,2.52297,300.0000000000003,288.5000000000003,TP,2025-07-31
NEAR,2025-08-01 14:00:00+00:00,2025-08-01 14:00:00+00:00,-1,2.423,2.49569,-300.0000000000003,-311.5000000000003,SL,2025-08-01
NEAR,2025-08-05 15:00:00+00:00,2025-08-05 21:00:00+00:00,-1,2.483,2.40851,300.0000000000003,288.5000000000003,TP,2025-08-05
NEAR,2025-08-14 13:00:00+00:00,2025-08-14 21:00:00+00:00,-1,2.785,2.70145,300.00000000000136,288.50000000000136,TP,2025-08-14
NEAR,2025-08-19 15:00:00+00:00,2025-08-20 20:00:00+00:00,-1,2.487,2.5616100000000004,-300.0000000000003,-311.5000000000003,SL,2025-08-19
NEAR,2025-08-24 20:00:00+00:00,2025-08-25 00:00:00+00:00,-1,2.689,2.60833,300.0000000000003,288.5000000000003,TP,2025-08-24
NEAR,2025-08-25 20:00:00+00:00,2025-08-25 21:00:00+00:00,-1,2.426,2.35322,300.00000000000136,288.50000000000136,TP,2025-08-25
NEAR,2025-08-29 08:00:00+00:00,2025-08-30 20:00:00+00:00,-1,2.439,2.419,82.00082000820008,70.50082000820008,TIME,2025-08-29
NEAR,2025-09-01 22:00:00+00:00,2025-09-02 02:00:00+00:00,-1,2.293,2.36179,-300.0000000000003,-311.5000000000003,SL,2025-09-01
NEAR,2025-09-05 15:00:00+00:00,2025-09-07 03:00:00+00:00,-1,2.395,2.432,-154.48851774530146,-165.98851774530146,TIME,2025-09-05
NEAR,2025-09-09 15:00:00+00:00,2025-09-11 00:00:00+00:00,-1,2.667,2.74701,-300.0000000000003,-311.5000000000003,SL,2025-09-09
NEAR,2025-09-15 00:00:00+00:00,2025-09-15 08:00:00+00:00,-1,2.704,2.6228800000000003,299.99999999999915,288.49999999999915,TP,2025-09-15
NEAR,2025-09-15 09:00:00+00:00,2025-09-16 08:00:00+00:00,-1,2.598,2.6759399999999998,-300.0000000000003,-311.5000000000003,SL,2025-09-15
NEAR,2025-09-22 01:00:00+00:00,2025-09-22 05:00:00+00:00,-1,3.038,2.9468599999999996,300.0000000000003,288.5000000000003,TP,2025-09-22
NEAR,2025-09-22 06:00:00+00:00,2025-09-22 06:00:00+00:00,-1,2.893,2.8062099999999996,300.0000000000003,288.5000000000003,TP,2025-09-22
NEAR,2025-09-22 07:00:00+00:00,2025-09-22 21:00:00+00:00,-1,2.875,2.96125,-300.0000000000003,-311.5000000000003,SL,2025-09-22
NEAR,2025-09-23 18:00:00+00:00,2025-09-23 23:00:00+00:00,-1,3.006,2.9158199999999996,300.0000000000003,288.5000000000003,TP,2025-09-23
NEAR,2025-09-25 05:00:00+00:00,2025-09-25 12:00:00+00:00,-1,2.879,2.79263,300.0000000000003,288.5000000000003,TP,2025-09-25
NEAR,2025-09-25 18:00:00+00:00,2025-09-25 19:00:00+00:00,-1,2.781,2.86443,-300.0000000000003,-311.5000000000003,SL,2025-09-25
NEAR,2025-09-26 15:00:00+00:00,2025-09-26 16:00:00+00:00,-1,2.677,2.75731,-300.0000000000003,-311.5000000000003,SL,2025-09-26
NEAR,2025-10-05 10:00:00+00:00,2025-10-05 14:00:00+00:00,-1,3.107,3.01379,300.0000000000003,288.5000000000003,TP,2025-10-05
NEAR,2025-10-07 15:00:00+00:00,2025-10-09 03:00:00+00:00,-1,2.938,2.923,51.05513955071528,39.55513955071528,TIME,2025-10-07
NEAR,2025-10-09 14:00:00+00:00,2025-10-10 03:00:00+00:00,-1,2.852,2.93756,-300.0000000000003,-311.5000000000003,SL,2025-10-09
NEAR,2025-10-10 15:00:00+00:00,2025-10-10 15:00:00+00:00,-1,3.135,3.0409499999999996,300.0000000000003,288.5000000000003,TP,2025-10-10
NEAR,2025-10-10 16:00:00+00:00,2025-10-10 19:00:00+00:00,-1,3.05,2.9585,300.0000000000003,288.5000000000003,TP,2025-10-10
NEAR,2025-10-10 21:00:00+00:00,2025-10-10 21:00:00+00:00,-1,2.782,2.69854,300.0000000000003,288.5000000000003,TP,2025-10-10
NEAR,2025-10-11 02:00:00+00:00,2025-10-11 02:00:00+00:00,-1,2.348,2.41844,-300.0000000000003,-311.5000000000003,SL,2025-10-11
NEAR,2025-10-16 16:00:00+00:00,2025-10-17 06:00:00+00:00,-1,2.239,2.17183,300.0000000000003,288.5000000000003,TP,2025-10-16
NEAR,2025-10-17 07:00:00+00:00,2025-10-17 08:00:00+00:00,-1,2.145,2.08065,300.0000000000003,288.5000000000003,TP,2025-10-17
NEAR,2025-10-21 05:00:00+00:00,2025-10-21 12:00:00+00:00,-1,2.173,2.23819,-300.0000000000003,-311.5000000000003,SL,2025-10-21
NEAR,2025-10-21 23:00:00+00:00,2025-10-22 11:00:00+00:00,-1,2.239,2.17183,300.0000000000003,288.5000000000003,TP,2025-10-21
NEAR,2025-10-28 20:00:00+00:00,2025-10-29 17:00:00+00:00,-1,2.265,2.3329500000000003,-300.0000000000003,-311.5000000000003,SL,2025-10-28
NEAR,2025-10-29 19:00:00+00:00,2025-10-30 04:00:00+00:00,-1,2.306,2.23682,300.00000000000136,288.50000000000136,TP,2025-10-29
NEAR,2025-10-30 05:00:00+00:00,2025-10-30 12:00:00+00:00,-1,2.213,2.14661,300.0000000000003,288.5000000000003,TP,2025-10-30
NEAR,2025-10-30 13:00:00+00:00,2025-10-30 15:00:00+00:00,-1,2.162,2.09714,299.99999999999915,288.49999999999915,TP,2025-10-30
NEAR,2025-10-31 17:00:00+00:00,2025-11-01 08:00:00+00:00,-1,2.083,2.14549,-300.0000000000003,-311.5000000000003,SL,2025-10-31
NEAR,2025-11-03 16:00:00+00:00,2025-11-03 17:00:00+00:00,-1,1.901,1.9580300000000002,-300.0000000000003,-311.5000000000003,SL,2025-11-03
NEAR,2025-11-04 06:00:00+00:00,2025-11-04 06:00:00+00:00,-1,1.83,1.8849,-300.0000000000003,-311.5000000000003,SL,2025-11-04
NEAR,2025-11-12 16:00:00+00:00,2025-11-13 17:00:00+00:00,-1,2.525,2.4492499999999997,300.00000000000136,288.50000000000136,TP,2025-11-12
NEAR,2025-11-14 05:00:00+00:00,2025-11-14 06:00:00+00:00,-1,2.355,2.42565,-300.0000000000003,-311.5000000000003,SL,2025-11-14
NEAR,2025-11-14 21:00:00+00:00,2025-11-15 02:00:00+00:00,-1,2.371,2.44213,-300.0000000000003,-311.5000000000003,SL,2025-11-14
NEAR,2025-11-17 14:00:00+00:00,2025-11-17 14:00:00+00:00,-1,2.234,2.30102,-300.0000000000003,-311.5000000000003,SL,2025-11-17
NEAR,2025-11-17 18:00:00+00:00,2025-11-17 19:00:00+00:00,-1,2.256,2.1883199999999996,300.00000000000136,288.50000000000136,TP,2025-11-17
NEAR,2025-11-19 16:00:00+00:00,2025-11-19 18:00:00+00:00,-1,2.23,2.1631,300.0000000000003,288.5000000000003,TP,2025-11-19
NEAR,2025-11-20 17:00:00+00:00,2025-11-20 23:00:00+00:00,-1,2.151,2.08647,300.0000000000003,288.5000000000003,TP,2025-11-20
NEAR,2025-11-21 00:00:00+00:00,2025-11-21 07:00:00+00:00,-1,2.072,2.00984,300.0000000000003,288.5000000000003,TP,2025-11-21
NEAR,2025-11-21 08:00:00+00:00,2025-11-21 11:00:00+00:00,-1,1.952,1.89344,300.0000000000003,288.5000000000003,TP,2025-11-21
NEAR,2025-11-21 16:00:00+00:00,2025-11-21 20:00:00+00:00,-1,1.893,1.83621,300.0000000000003,288.5000000000003,TP,2025-11-21
NEAR,2025-11-28 17:00:00+00:00,2025-11-29 18:00:00+00:00,-1,1.891,1.83427,300.0000000000003,288.5000000000003,TP,2025-11-28
NEAR,2025-12-01 01:00:00+00:00,2025-12-01 11:00:00+00:00,-1,1.698,1.64706,300.0000000000003,288.5000000000003,TP,2025-12-01
NEAR,2025-12-01 16:00:00+00:00,2025-12-02 04:00:00+00:00,-1,1.614,1.6624200000000002,-300.0000000000003,-311.5000000000003,SL,2025-12-01
NEAR,2025-12-05 17:00:00+00:00,2025-12-06 13:00:00+00:00,-1,1.672,1.72216,-300.0000000000003,-311.5000000000003,SL,2025-12-05
NEAR,2025-12-12 16:00:00+00:00,2025-12-13 04:00:00+00:00,-1,1.607,1.65521,-300.0000000000003,-311.5000000000003,SL,2025-12-12
NEAR,2025-12-15 15:00:00+00:00,2025-12-15 15:00:00+00:00,-1,1.58,1.5326,300.0000000000003,288.5000000000003,TP,2025-12-15
NEAR,2025-12-17 16:00:00+00:00,2025-12-17 16:00:00+00:00,-1,1.537,1.4908899999999998,300.0000000000003,288.5000000000003,TP,2025-12-17
NEAR,2025-12-18 18:00:00+00:00,2025-12-18 18:00:00+00:00,-1,1.523,1.47731,300.0000000000003,288.5000000000003,TP,2025-12-18
NEAR,2025-12-18 20:00:00+00:00,2025-12-19 03:00:00+00:00,-1,1.425,1.46775,-300.0000000000003,-311.5000000000003,SL,2025-12-18
NEAR,2025-12-26 15:00:00+00:00,2025-12-27 04:00:00+00:00,-1,1.498,1.54294,-300.0000000000003,-311.5000000000003,SL,2025-12-26
NEAR,2025-12-29 10:00:00+00:00,2025-12-30 22:00:00+00:00,-1,1.541,1.516,162.23231667748195,150.73231667748195,TIME,2025-12-29
NEAR,2026-01-06 17:00:00+00:00,2026-01-06 21:00:00+00:00,-1,1.766,1.81898,-300.0000000000003,-311.5000000000003,SL,2026-01-06
NEAR,2026-01-07 01:00:00+00:00,2026-01-07 15:00:00+00:00,-1,1.767,1.71399,300.0000000000003,288.5000000000003,TP,2026-01-07
NEAR,2026-01-08 07:00:00+00:00,2026-01-09 15:00:00+00:00,-1,1.678,1.72834,-300.0000000000003,-311.5000000000003,SL,2026-01-08
NEAR,2026-01-19 00:00:00+00:00,2026-01-19 00:00:00+00:00,-1,1.623,1.5743099999999999,300.0000000000003,288.5000000000003,TP,2026-01-19
NEAR,2026-01-19 01:00:00+00:00,2026-01-19 19:00:00+00:00,-1,1.568,1.61504,-300.0000000000003,-311.5000000000003,SL,2026-01-19
NEAR,2026-01-20 23:00:00+00:00,2026-01-21 15:00:00+00:00,-1,1.51,1.5553000000000001,-300.0000000000003,-311.5000000000003,SL,2026-01-20
NEAR,2026-01-21 17:00:00+00:00,2026-01-21 19:00:00+00:00,-1,1.495,1.5398500000000002,-300.0000000000003,-311.5000000000003,SL,2026-01-21
NEAR,2026-01-27 18:00:00+00:00,2026-01-27 20:00:00+00:00,-1,1.454,1.49762,-300.0000000000003,-311.5000000000003,SL,2026-01-27
NEAR,2026-01-29 15:00:00+00:00,2026-01-29 18:00:00+00:00,-1,1.395,1.35315,299.99999999999915,288.49999999999915,TP,2026-01-29
NEAR,2026-01-30 02:00:00+00:00,2026-01-30 06:00:00+00:00,-1,1.352,1.3114400000000002,299.99999999999915,288.49999999999915,TP,2026-01-30
NEAR,2026-01-31 15:00:00+00:00,2026-01-31 17:00:00+00:00,-1,1.233,1.19601,300.0000000000003,288.5000000000003,TP,2026-01-31
NEAR,2026-01-31 18:00:00+00:00,2026-01-31 18:00:00+00:00,-1,1.172,1.1368399999999999,300.0000000000003,288.5000000000003,TP,2026-01-31
NEAR,2026-02-02 03:00:00+00:00,2026-02-02 03:00:00+00:00,-1,1.182,1.14654,300.0000000000003,288.5000000000003,TP,2026-02-02
NEAR,2026-02-03 03:00:00+00:00,2026-02-03 08:00:00+00:00,-1,1.174,1.20922,-300.0000000000003,-311.5000000000003,SL,2026-02-03
NEAR,2026-02-03 17:00:00+00:00,2026-02-03 18:00:00+00:00,-1,1.174,1.13878,300.0000000000003,288.5000000000003,TP,2026-02-03
NEAR,2026-02-03 19:00:00+00:00,2026-02-03 19:00:00+00:00,-1,1.125,1.15875,-300.0000000000003,-311.5000000000003,SL,2026-02-03
NEAR,2026-02-05 16:00:00+00:00,2026-02-05 18:00:00+00:00,-1,1.061,1.02917,300.0000000000003,288.5000000000003,TP,2026-02-05
NEAR,2026-02-05 21:00:00+00:00,2026-02-06 00:00:00+00:00,-1,0.982,0.9525399999999999,300.0000000000003,288.5000000000003,TP,2026-02-05
NEAR,2026-02-16 14:00:00+00:00,2026-02-18 02:00:00+00:00,-1,1.042,1.046,-38.38771593090318,-49.88771593090318,TIME,2026-02-16
NEAR,2026-02-23 01:00:00+00:00,2026-02-23 01:00:00+00:00,-1,1.01,0.9797,300.0000000000003,288.5000000000003,TP,2026-02-23
NEAR,2026-02-23 02:00:00+00:00,2026-02-23 06:00:00+00:00,-1,0.975,1.00425,-300.0000000000003,-311.5000000000003,SL,2026-02-23
NEAR,2026-02-28 07:00:00+00:00,2026-02-28 07:00:00+00:00,-1,1.033,1.06399,-300.0000000000003,-311.5000000000003,SL,2026-02-28
NEAR,2026-03-13 15:00:00+00:00,2026-03-14 10:00:00+00:00,-1,1.347,1.30659,300.0000000000003,288.5000000000003,TP,2026-03-13
NEAR,2026-03-18 12:00:00+00:00,2026-03-18 14:00:00+00:00,-1,1.433,1.39001,300.0000000000003,288.5000000000003,TP,2026-03-18
NEAR,2026-03-18 15:00:00+00:00,2026-03-19 12:00:00+00:00,-1,1.384,1.34248,300.0000000000003,288.5000000000003,TP,2026-03-18
NEAR,2026-03-22 00:00:00+00:00,2026-03-23 11:00:00+00:00,-1,1.275,1.31325,-300.0000000000003,-311.5000000000003,SL,2026-03-22
NEAR,2026-03-23 16:00:00+00:00,2026-03-25 04:00:00+00:00,-1,1.293,1.294,-7.733952049497894,-19.233952049497894,TIME,2026-03-23
NEAR,2026-03-27 11:00:00+00:00,2026-03-28 23:00:00+00:00,-1,1.19,1.173,142.85714285714235,131.35714285714235,TIME,2026-03-27
NEAR,2026-03-29 23:00:00+00:00,2026-03-30 02:00:00+00:00,-1,1.157,1.19171,-300.0000000000003,-311.5000000000003,SL,2026-03-29
NEAR,2026-03-31 15:00:00+00:00,2026-04-01 06:00:00+00:00,-1,1.176,1.21128,-300.0000000000003,-311.5000000000003,SL,2026-03-31
NEAR,2026-04-02 02:00:00+00:00,2026-04-03 07:00:00+00:00,-1,1.169,1.20407,-300.0000000000003,-311.5000000000003,SL,2026-04-02
NEAR,2026-04-07 11:00:00+00:00,2026-04-07 21:00:00+00:00,-1,1.237,1.27411,-300.0000000000003,-311.5000000000003,SL,2026-04-07
NEAR,2026-04-08 19:00:00+00:00,2026-04-09 15:00:00+00:00,-1,1.339,1.37917,-300.0000000000003,-311.5000000000003,SL,2026-04-08
NEAR,2026-04-12 02:00:00+00:00,2026-04-13 01:00:00+00:00,-1,1.346,1.3863800000000002,-300.0000000000003,-311.5000000000003,SL,2026-04-12
NEAR,2026-04-16 14:00:00+00:00,2026-04-16 19:00:00+00:00,-1,1.381,1.42243,-300.0000000000003,-311.5000000000003,SL,2026-04-16
ONDO,2025-07-01 15:00:00+00:00,2025-07-02 11:00:00+00:00,-1,0.7447,0.7670410000000001,-300.0000000000003,-311.5000000000003,SL,2025-07-01
ONDO,2025-07-09 21:00:00+00:00,2025-07-10 07:00:00+00:00,-1,0.8272,0.8520160000000001,-300.0000000000003,-311.5000000000003,SL,2025-07-09
ONDO,2025-07-14 16:00:00+00:00,2025-07-14 21:00:00+00:00,-1,0.9107,0.938021,-300.0000000000003,-311.5000000000003,SL,2025-07-14
ONDO,2025-07-15 15:00:00+00:00,2025-07-15 16:00:00+00:00,-1,0.8997,0.926691,-300.0000000000003,-311.5000000000003,SL,2025-07-15
ONDO,2025-07-22 14:00:00+00:00,2025-07-22 21:00:00+00:00,-1,1.0408,1.0720239999999999,-300.0000000000003,-311.5000000000003,SL,2025-07-22
ONDO,2025-07-25 03:00:00+00:00,2025-07-25 09:00:00+00:00,-1,0.9947,1.0245410000000001,-300.0000000000003,-311.5000000000003,SL,2025-07-25
ONDO,2025-07-25 15:00:00+00:00,2025-07-25 20:00:00+00:00,-1,0.9969,1.026807,-300.0000000000003,-311.5000000000003,SL,2025-07-25
ONDO,2025-07-30 19:00:00+00:00,2025-07-30 19:00:00+00:00,-1,0.9332,0.905204,300.0000000000003,288.5000000000003,TP,2025-07-30
ONDO,2025-07-31 20:00:00+00:00,2025-07-31 23:00:00+00:00,-1,0.9473,0.9188810000000001,299.99999999999915,288.49999999999915,TP,2025-07-31
ONDO,2025-08-01 14:00:00+00:00,2025-08-01 14:00:00+00:00,-1,0.8963,0.923189,-300.0000000000003,-311.5000000000003,SL,2025-08-01
ONDO,2025-08-05 15:00:00+00:00,2025-08-05 19:00:00+00:00,-1,0.9152,0.942656,-300.0000000000003,-311.5000000000003,SL,2025-08-05
ONDO,2025-08-14 13:00:00+00:00,2025-08-15 15:00:00+00:00,-1,1.0051,0.9749470000000001,300.0000000000003,288.5000000000003,TP,2025-08-14
ONDO,2025-08-19 15:00:00+00:00,2025-08-21 03:00:00+00:00,-1,0.9293,0.941,-125.90121596900872,-137.40121596900872,TIME,2025-08-19
ONDO,2025-08-24 20:00:00+00:00,2025-08-25 00:00:00+00:00,-1,0.9929,0.963113,300.0000000000003,288.5000000000003,TP,2025-08-24
ONDO,2025-08-25 20:00:00+00:00,2025-08-26 14:00:00+00:00,-1,0.8974,0.924322,-300.0000000000003,-311.5000000000003,SL,2025-08-25
ONDO,2025-08-29 08:00:00+00:00,2025-08-30 20:00:00+00:00,-1,0.9124,0.9036,96.44892590968901,84.94892590968901,TIME,2025-08-29
ONDO,2025-09-01 22:00:00+00:00,2025-09-02 01:00:00+00:00,-1,0.8642,0.890126,-300.0000000000003,-311.5000000000003,SL,2025-09-01
ONDO,2025-09-05 15:00:00+00:00,2025-09-07 03:00:00+00:00,-1,0.909,0.9045,49.50495049505066,38.00495049505066,TIME,2025-09-05
ONDO,2025-09-09 15:00:00+00:00,2025-09-10 00:00:00+00:00,-1,0.9544,0.983032,-300.0000000000003,-311.5000000000003,SL,2025-09-09
ONDO,2025-09-15 00:00:00+00:00,2025-09-15 14:00:00+00:00,-1,1.0491,1.0176269999999998,300.00000000000136,288.50000000000136,TP,2025-09-15
ONDO,2025-09-22 01:00:00+00:00,2025-09-22 06:00:00+00:00,-1,0.9634,0.934498,300.0000000000003,288.5000000000003,TP,2025-09-22
ONDO,2025-09-22 07:00:00+00:00,2025-09-23 19:00:00+00:00,-1,0.9294,0.9179,123.73574349042293,112.23574349042293,TIME,2025-09-22
ONDO,2025-09-25 05:00:00+00:00,2025-09-25 17:00:00+00:00,-1,0.8972,0.870284,300.0000000000003,288.5000000000003,TP,2025-09-25
ONDO,2025-09-25 18:00:00+00:00,2025-09-25 19:00:00+00:00,-1,0.8618,0.887654,-300.0000000000003,-311.5000000000003,SL,2025-09-25
ONDO,2025-09-26 15:00:00+00:00,2025-09-26 18:00:00+00:00,-1,0.8781,0.904443,-300.0000000000003,-311.5000000000003,SL,2025-09-26
ONDO,2025-10-05 10:00:00+00:00,2025-10-05 19:00:00+00:00,-1,0.9443,0.915971,300.0000000000003,288.5000000000003,TP,2025-10-05
ONDO,2025-10-07 15:00:00+00:00,2025-10-09 03:00:00+00:00,-1,0.9166,0.9054,122.19070477852867,110.69070477852867,TIME,2025-10-07
ONDO,2025-10-09 14:00:00+00:00,2025-10-10 15:00:00+00:00,-1,0.8853,0.858741,300.0000000000003,288.5000000000003,TP,2025-10-09
ONDO,2025-10-10 16:00:00+00:00,2025-10-10 19:00:00+00:00,-1,0.849,0.82353,300.0000000000003,288.5000000000003,TP,2025-10-10
ONDO,2025-10-10 21:00:00+00:00,2025-10-10 21:00:00+00:00,-1,0.7677,0.744669,300.0000000000003,288.5000000000003,TP,2025-10-10
ONDO,2025-10-11 02:00:00+00:00,2025-10-11 02:00:00+00:00,-1,0.7049,0.726047,-300.0000000000003,-311.5000000000003,SL,2025-10-11
ONDO,2025-10-11 08:00:00+00:00,2025-10-11 08:00:00+00:00,-1,0.7365,0.758595,-300.0000000000003,-311.5000000000003,SL,2025-10-11
ONDO,2025-10-16 16:00:00+00:00,2025-10-17 06:00:00+00:00,-1,0.7326,0.710622,300.0000000000003,288.5000000000003,TP,2025-10-16
ONDO,2025-10-17 07:00:00+00:00,2025-10-17 08:00:00+00:00,-1,0.6973,0.676381,300.0000000000003,288.5000000000003,TP,2025-10-17
ONDO,2025-10-21 05:00:00+00:00,2025-10-21 14:00:00+00:00,-1,0.7231,0.744793,-300.0000000000003,-311.5000000000003,SL,2025-10-21
ONDO,2025-10-21 23:00:00+00:00,2025-10-22 11:00:00+00:00,-1,0.7309,0.708973,300.0000000000003,288.5000000000003,TP,2025-10-21
ONDO,2025-10-28 20:00:00+00:00,2025-10-28 21:00:00+00:00,-1,0.7334,0.7113980000000001,299.99999999999915,288.49999999999915,TP,2025-10-28
ONDO,2025-10-29 16:00:00+00:00,2025-10-29 17:00:00+00:00,-1,0.7255,0.7472650000000001,-300.0000000000003,-311.5000000000003,SL,2025-10-29
ONDO,2025-10-29 19:00:00+00:00,2025-10-30 04:00:00+00:00,-1,0.7363,0.7142109999999999,300.0000000000003,288.5000000000003,TP,2025-10-29
ONDO,2025-10-30 05:00:00+00:00,2025-10-30 07:00:00+00:00,-1,0.7124,0.7337720000000001,-300.0000000000003,-311.5000000000003,SL,2025-10-30
ONDO,2025-10-30 13:00:00+00:00,2025-10-30 15:00:00+00:00,-1,0.7024,0.681328,299.99999999999915,288.49999999999915,TP,2025-10-30
ONDO,2025-10-31 17:00:00+00:00,2025-11-01 08:00:00+00:00,-1,0.6759,0.6961769999999999,-300.0000000000003,-311.5000000000003,SL,2025-10-31
ONDO,2025-11-03 16:00:00+00:00,2025-11-03 17:00:00+00:00,-1,0.6095,0.627785,-300.0000000000003,-311.5000000000003,SL,2025-11-03
ONDO,2025-11-04 06:00:00+00:00,2025-11-04 06:00:00+00:00,-1,0.5948,0.612644,-300.0000000000003,-311.5000000000003,SL,2025-11-04
ONDO,2025-11-10 15:00:00+00:00,2025-11-10 22:00:00+00:00,-1,0.6763,0.696589,-300.0000000000003,-311.5000000000003,SL,2025-11-10
ONDO,2025-11-12 16:00:00+00:00,2025-11-13 17:00:00+00:00,-1,0.6442,0.6248739999999999,300.00000000000136,288.50000000000136,TP,2025-11-12
ONDO,2025-11-14 05:00:00+00:00,2025-11-14 12:00:00+00:00,-1,0.5933,0.575501,300.0000000000003,288.5000000000003,TP,2025-11-14
ONDO,2025-11-14 21:00:00+00:00,2025-11-16 09:00:00+00:00,-1,0.5825,0.5911,-147.63948497853897,-159.13948497853897,TIME,2025-11-14
ONDO,2025-11-17 14:00:00+00:00,2025-11-17 14:00:00+00:00,-1,0.5438,0.560114,-300.0000000000003,-311.5000000000003,SL,2025-11-17
ONDO,2025-11-17 18:00:00+00:00,2025-11-17 20:00:00+00:00,-1,0.5373,0.521181,300.0000000000003,288.5000000000003,TP,2025-11-17
ONDO,2025-11-19 16:00:00+00:00,2025-11-19 17:00:00+00:00,-1,0.5195,0.503915,299.99999999999915,288.49999999999915,TP,2025-11-19
ONDO,2025-11-20 17:00:00+00:00,2025-11-21 02:00:00+00:00,-1,0.507,0.49179,300.0000000000003,288.5000000000003,TP,2025-11-20
ONDO,2025-11-21 03:00:00+00:00,2025-11-21 07:00:00+00:00,-1,0.4892,0.474524,300.0000000000003,288.5000000000003,TP,2025-11-21
ONDO,2025-11-21 08:00:00+00:00,2025-11-21 10:00:00+00:00,-1,0.4692,0.455124,300.0000000000003,288.5000000000003,TP,2025-11-21
ONDO,2025-11-21 16:00:00+00:00,2025-11-21 17:00:00+00:00,-1,0.4637,0.477611,-300.0000000000003,-311.5000000000003,SL,2025-11-21
ONDO,2025-11-28 17:00:00+00:00,2025-11-30 05:00:00+00:00,-1,0.5188,0.5098,173.47725520431734,161.97725520431734,TIME,2025-11-28
ONDO,2025-12-01 01:00:00+00:00,2025-12-01 12:00:00+00:00,-1,0.4704,0.45628799999999997,300.0000000000003,288.5000000000003,TP,2025-12-01
ONDO,2025-12-01 16:00:00+00:00,2025-12-02 01:00:00+00:00,-1,0.4543,0.467929,-300.0000000000003,-311.5000000000003,SL,2025-12-01
ONDO,2025-12-05 17:00:00+00:00,2025-12-07 05:00:00+00:00,-1,0.4626,0.4663,-79.98270644185013,-91.48270644185013,TIME,2025-12-05
ONDO,2025-12-12 16:00:00+00:00,2025-12-14 04:00:00+00:00,-1,0.4558,0.461,-114.08512505485024,-125.58512505485024,TIME,2025-12-12
ONDO,2025-12-15 15:00:00+00:00,2025-12-15 15:00:00+00:00,-1,0.435,0.42195,300.0000000000003,288.5000000000003,TP,2025-12-15
ONDO,2025-12-17 16:00:00+00:00,2025-12-17 17:00:00+00:00,-1,0.4024,0.39032799999999995,300.0000000000003,288.5000000000003,TP,2025-12-17
ONDO,2025-12-18 18:00:00+00:00,2025-12-18 19:00:00+00:00,-1,0.3824,0.370928,300.00000000000136,288.50000000000136,TP,2025-12-18
ONDO,2025-12-18 20:00:00+00:00,2025-12-19 03:00:00+00:00,-1,0.3665,0.377495,-300.0000000000003,-311.5000000000003,SL,2025-12-18
ONDO,2025-12-26 15:00:00+00:00,2025-12-27 22:00:00+00:00,-1,0.3746,0.385838,-300.0000000000003,-311.5000000000003,SL,2025-12-26
ONDO,2025-12-29 10:00:00+00:00,2025-12-30 03:00:00+00:00,-1,0.3852,0.373644,300.0000000000003,288.5000000000003,TP,2025-12-29
ONDO,2026-01-06 17:00:00+00:00,2026-01-06 18:00:00+00:00,-1,0.4471,0.433687,300.0000000000003,288.5000000000003,TP,2026-01-06
ONDO,2026-01-07 01:00:00+00:00,2026-01-07 14:00:00+00:00,-1,0.4456,0.432232,300.0000000000003,288.5000000000003,TP,2026-01-07
ONDO,2026-01-08 07:00:00+00:00,2026-01-09 08:00:00+00:00,-1,0.4102,0.397894,299.99999999999915,288.49999999999915,TP,2026-01-08
ONDO,2026-01-19 00:00:00+00:00,2026-01-19 00:00:00+00:00,-1,0.3542,0.343574,300.0000000000003,288.5000000000003,TP,2026-01-19
ONDO,2026-01-19 01:00:00+00:00,2026-01-19 19:00:00+00:00,-1,0.3388,0.348964,-300.0000000000003,-311.5000000000003,SL,2026-01-19
ONDO,2026-01-20 23:00:00+00:00,2026-01-21 05:00:00+00:00,-1,0.3302,0.340106,-300.0000000000003,-311.5000000000003,SL,2026-01-20
ONDO,2026-01-21 17:00:00+00:00,2026-01-21 19:00:00+00:00,-1,0.328,0.33784000000000003,-300.0000000000003,-311.5000000000003,SL,2026-01-21
ONDO,2026-01-27 18:00:00+00:00,2026-01-27 20:00:00+00:00,-1,0.3244,0.33413200000000004,-300.0000000000003,-311.5000000000003,SL,2026-01-27
ONDO,2026-01-29 15:00:00+00:00,2026-01-29 15:00:00+00:00,-1,0.3229,0.313213,300.0000000000003,288.5000000000003,TP,2026-01-29
ONDO,2026-01-29 16:00:00+00:00,2026-01-29 19:00:00+00:00,-1,0.317,0.30749,300.0000000000003,288.5000000000003,TP,2026-01-29
ONDO,2026-01-30 02:00:00+00:00,2026-01-30 02:00:00+00:00,-1,0.3108,0.301476,300.0000000000003,288.5000000000003,TP,2026-01-30
ONDO,2026-01-31 15:00:00+00:00,2026-01-31 17:00:00+00:00,-1,0.2875,0.278875,300.0000000000003,288.5000000000003,TP,2026-01-31
ONDO,2026-01-31 18:00:00+00:00,2026-01-31 18:00:00+00:00,-1,0.2743,0.266071,299.99999999999915,288.49999999999915,TP,2026-01-31
ONDO,2026-02-02 03:00:00+00:00,2026-02-02 03:00:00+00:00,-1,0.2762,0.267914,300.0000000000003,288.5000000000003,TP,2026-02-02
ONDO,2026-02-03 03:00:00+00:00,2026-02-03 13:00:00+00:00,-1,0.2774,0.285722,-300.0000000000003,-311.5000000000003,SL,2026-02-03
ONDO,2026-02-03 17:00:00+00:00,2026-02-03 18:00:00+00:00,-1,0.2792,0.270824,300.0000000000003,288.5000000000003,TP,2026-02-03
ONDO,2026-02-03 19:00:00+00:00,2026-02-03 19:00:00+00:00,-1,0.2687,0.276761,-300.0000000000003,-311.5000000000003,SL,2026-02-03
ONDO,2026-02-05 16:00:00+00:00,2026-02-05 17:00:00+00:00,-1,0.2421,0.234837,300.0000000000003,288.5000000000003,TP,2026-02-05
ONDO,2026-02-05 18:00:00+00:00,2026-02-05 20:00:00+00:00,-1,0.2377,0.230569,300.0000000000003,288.5000000000003,TP,2026-02-05
ONDO,2026-02-05 21:00:00+00:00,2026-02-05 23:00:00+00:00,-1,0.2248,0.231544,-300.0000000000003,-311.5000000000003,SL,2026-02-05
ONDO,2026-02-16 14:00:00+00:00,2026-02-18 02:00:00+00:00,-1,0.2726,0.2743,-62.36243580337364,-73.86243580337364,TIME,2026-02-16
ONDO,2026-02-23 01:00:00+00:00,2026-02-23 01:00:00+00:00,-1,0.2575,0.249775,300.0000000000003,288.5000000000003,TP,2026-02-23
ONDO,2026-02-23 02:00:00+00:00,2026-02-23 09:00:00+00:00,-1,0.2474,0.254822,-300.0000000000003,-311.5000000000003,SL,2026-02-23
ONDO,2026-02-28 07:00:00+00:00,2026-02-28 07:00:00+00:00,-1,0.2414,0.248642,-300.0000000000003,-311.5000000000003,SL,2026-02-28
ONDO,2026-03-13 15:00:00+00:00,2026-03-13 22:00:00+00:00,-1,0.2698,0.261706,299.99999999999915,288.49999999999915,TP,2026-03-13
ONDO,2026-03-18 12:00:00+00:00,2026-03-18 14:00:00+00:00,-1,0.2726,0.264422,300.0000000000003,288.5000000000003,TP,2026-03-18
ONDO,2026-03-18 15:00:00+00:00,2026-03-19 12:00:00+00:00,-1,0.2639,0.255983,300.0000000000003,288.5000000000003,TP,2026-03-18
ONDO,2026-03-22 00:00:00+00:00,2026-03-22 21:00:00+00:00,-1,0.2521,0.24453699999999998,300.0000000000003,288.5000000000003,TP,2026-03-22
ONDO,2026-03-23 07:00:00+00:00,2026-03-23 11:00:00+00:00,-1,0.245,0.25235,-300.0000000000003,-311.5000000000003,SL,2026-03-23
ONDO,2026-03-23 16:00:00+00:00,2026-03-24 11:00:00+00:00,-1,0.2532,0.260796,-300.0000000000003,-311.5000000000003,SL,2026-03-23
ONDO,2026-03-27 11:00:00+00:00,2026-03-27 14:00:00+00:00,-1,0.268,0.25996,299.99999999999915,288.49999999999915,TP,2026-03-27
ONDO,2026-03-29 23:00:00+00:00,2026-03-30 00:00:00+00:00,-1,0.2564,0.26409200000000005,-300.0000000000003,-311.5000000000003,SL,2026-03-29
ONDO,2026-04-02 02:00:00+00:00,2026-04-02 13:00:00+00:00,-1,0.2633,0.255401,299.99999999999915,288.49999999999915,TP,2026-04-02
ONDO,2026-04-07 11:00:00+00:00,2026-04-07 21:00:00+00:00,-1,0.2501,0.25760299999999997,-300.0000000000003,-311.5000000000003,SL,2026-04-07
ONDO,2026-04-08 19:00:00+00:00,2026-04-09 03:00:00+00:00,-1,0.259,0.25123,300.0000000000003,288.5000000000003,TP,2026-04-08
ONDO,2026-04-12 02:00:00+00:00,2026-04-13 14:00:00+00:00,-1,0.248,0.2535,-221.77419354838744,-233.27419354838744,TIME,2026-04-12
ONDO,2026-04-16 14:00:00+00:00,2026-04-16 18:00:00+00:00,-1,0.2627,0.270581,-300.0000000000003,-311.5000000000003,SL,2026-04-16
SOL,2025-07-01 15:00:00+00:00,2025-07-02 16:00:00+00:00,-1,147.11,151.5233,-300.0000000000003,-311.5000000000003,SL,2025-07-01
SOL,2025-07-04 14:00:00+00:00,2025-07-06 02:00:00+00:00,-1,148.45,146.92,103.06500505220639,91.56500505220639,TIME,2025-07-04
SOL,2025-07-09 21:00:00+00:00,2025-07-10 17:00:00+00:00,-1,155.91,160.5873,-300.0000000000003,-311.5000000000003,SL,2025-07-09
SOL,2025-07-14 16:00:00+00:00,2025-07-15 03:00:00+00:00,-1,163.93,159.0121,300.0000000000003,288.5000000000003,TP,2025-07-14
SOL,2025-07-15 15:00:00+00:00,2025-07-15 17:00:00+00:00,-1,157.63,162.3589,-300.0000000000003,-311.5000000000003,SL,2025-07-15
SOL,2025-07-22 14:00:00+00:00,2025-07-22 15:00:00+00:00,-1,199.11,205.0833,-300.0000000000003,-311.5000000000003,SL,2025-07-22
SOL,2025-07-25 03:00:00+00:00,2025-07-25 20:00:00+00:00,-1,178.79,184.1537,-300.0000000000003,-311.5000000000003,SL,2025-07-25
SOL,2025-07-30 19:00:00+00:00,2025-07-30 19:00:00+00:00,-1,175.75,170.4775,300.0000000000003,288.5000000000003,TP,2025-07-30
SOL,2025-07-31 20:00:00+00:00,2025-08-01 00:00:00+00:00,-1,175.2,169.944,300.0000000000003,288.5000000000003,TP,2025-07-31
SOL,2025-08-01 14:00:00+00:00,2025-08-01 22:00:00+00:00,-1,165.58,160.61260000000001,300.0000000000003,288.5000000000003,TP,2025-08-01
SOL,2025-08-05 15:00:00+00:00,2025-08-06 15:00:00+00:00,-1,164.23,169.1569,-300.0000000000003,-311.5000000000003,SL,2025-08-05
SOL,2025-08-14 13:00:00+00:00,2025-08-14 13:00:00+00:00,-1,194.5,188.665,300.0000000000003,288.5000000000003,TP,2025-08-14
SOL,2025-08-19 15:00:00+00:00,2025-08-20 15:00:00+00:00,-1,178.5,183.85500000000002,-300.0000000000003,-311.5000000000003,SL,2025-08-19
SOL,2025-08-24 20:00:00+00:00,2025-08-25 02:00:00+00:00,-1,205.19,211.3457,-300.0000000000003,-311.5000000000003,SL,2025-08-24
SOL,2025-08-25 20:00:00+00:00,2025-08-25 22:00:00+00:00,-1,191.42,185.67739999999998,300.0000000000003,288.5000000000003,TP,2025-08-25
SOL,2025-08-29 08:00:00+00:00,2025-08-29 17:00:00+00:00,-1,208.76,202.4972,300.0000000000003,288.5000000000003,TP,2025-08-29
SOL,2025-09-01 22:00:00+00:00,2025-09-02 02:00:00+00:00,-1,194.91,200.75730000000001,-300.0000000000003,-311.5000000000003,SL,2025-09-01
SOL,2025-09-05 15:00:00+00:00,2025-09-07 03:00:00+00:00,-1,202.01,202.79,-38.61194990347094,-50.11194990347094,TIME,2025-09-05
SOL,2025-09-09 15:00:00+00:00,2025-09-10 07:00:00+00:00,-1,215.48,221.9444,-300.0000000000003,-311.5000000000003,SL,2025-09-09
SOL,2025-09-15 00:00:00+00:00,2025-09-15 08:00:00+00:00,-1,239.66,232.47019999999998,300.0000000000003,288.5000000000003,TP,2025-09-15
SOL,2025-09-15 09:00:00+00:00,2025-09-16 16:00:00+00:00,-1,231.96,238.9188,-300.0000000000003,-311.5000000000003,SL,2025-09-15
SOL,2025-09-22 01:00:00+00:00,2025-09-22 05:00:00+00:00,-1,232.16,225.1952,300.0000000000003,288.5000000000003,TP,2025-09-22
SOL,2025-09-22 06:00:00+00:00,2025-09-22 06:00:00+00:00,-1,224.78,218.0366,300.0000000000003,288.5000000000003,TP,2025-09-22
SOL,2025-09-22 07:00:00+00:00,2025-09-22 19:00:00+00:00,-1,224.32,217.5904,300.0000000000003,288.5000000000003,TP,2025-09-22
SOL,2025-09-23 18:00:00+00:00,2025-09-24 03:00:00+00:00,-1,216.63,210.1311,299.99999999999915,288.49999999999915,TP,2025-09-23
SOL,2025-09-25 05:00:00+00:00,2025-09-25 12:00:00+00:00,-1,204.24,198.1128,300.0000000000003,288.5000000000003,TP,2025-09-25
SOL,2025-09-25 18:00:00+00:00,2025-09-25 19:00:00+00:00,-1,194.72,200.5616,-300.0000000000003,-311.5000000000003,SL,2025-09-25
SOL,2025-09-26 15:00:00+00:00,2025-09-26 17:00:00+00:00,-1,194.34,200.17020000000002,-300.0000000000003,-311.5000000000003,SL,2025-09-26
SOL,2025-10-05 10:00:00+00:00,2025-10-06 22:00:00+00:00,-1,233.41,234.52,-47.55580309327101,-59.05580309327101,TIME,2025-10-05
SOL,2025-10-07 15:00:00+00:00,2025-10-08 00:00:00+00:00,-1,225.3,218.541,300.0000000000003,288.5000000000003,TP,2025-10-07
SOL,2025-10-09 14:00:00+00:00,2025-10-10 15:00:00+00:00,-1,222.14,215.4758,300.0000000000003,288.5000000000003,TP,2025-10-09
SOL,2025-10-10 16:00:00+00:00,2025-10-10 19:00:00+00:00,-1,210.53,204.2141,300.0000000000003,288.5000000000003,TP,2025-10-10
SOL,2025-10-10 21:00:00+00:00,2025-10-10 21:00:00+00:00,-1,196.46,190.5662,300.0000000000003,288.5000000000003,TP,2025-10-10
SOL,2025-10-11 02:00:00+00:00,2025-10-11 02:00:00+00:00,-1,182.84,188.3252,-300.0000000000003,-311.5000000000003,SL,2025-10-11
SOL,2025-10-11 08:00:00+00:00,2025-10-11 19:00:00+00:00,-1,182.62,177.1414,300.0000000000003,288.5000000000003,TP,2025-10-11
SOL,2025-10-16 16:00:00+00:00,2025-10-17 06:00:00+00:00,-1,187.5,181.875,300.0000000000003,288.5000000000003,TP,2025-10-16
SOL,2025-10-17 07:00:00+00:00,2025-10-17 10:00:00+00:00,-1,180.34,174.9298,300.0000000000003,288.5000000000003,TP,2025-10-17
SOL,2025-10-21 05:00:00+00:00,2025-10-21 14:00:00+00:00,-1,183.59,189.0977,-300.0000000000003,-311.5000000000003,SL,2025-10-21
SOL,2025-10-21 23:00:00+00:00,2025-10-22 11:00:00+00:00,-1,188.27,182.6219,300.0000000000003,288.5000000000003,TP,2025-10-21
SOL,2025-10-28 20:00:00+00:00,2025-10-29 13:00:00+00:00,-1,195.2,201.05599999999998,-300.0000000000003,-311.5000000000003,SL,2025-10-28
SOL,2025-10-29 16:00:00+00:00,2025-10-29 18:00:00+00:00,-1,196.69,190.7893,300.0000000000003,288.5000000000003,TP,2025-10-29
SOL,2025-10-29 19:00:00+00:00,2025-10-30 12:00:00+00:00,-1,193.53,187.7241,300.0000000000003,288.5000000000003,TP,2025-10-29
SOL,2025-10-30 13:00:00+00:00,2025-10-30 17:00:00+00:00,-1,187.74,182.1078,300.0000000000003,288.5000000000003,TP,2025-10-30
SOL,2025-10-31 17:00:00+00:00,2025-11-02 05:00:00+00:00,-1,184.91,186.97,-111.40554864528696,-122.90554864528696,TIME,2025-10-31
SOL,2025-11-03 16:00:00+00:00,2025-11-04 05:00:00+00:00,-1,166.72,161.7184,300.0000000000003,288.5000000000003,TP,2025-11-03
SOL,2025-11-04 06:00:00+00:00,2025-11-04 13:00:00+00:00,-1,157.69,162.4207,-300.0000000000003,-311.5000000000003,SL,2025-11-04
SOL,2025-11-10 15:00:00+00:00,2025-11-11 03:00:00+00:00,-1,166.17,171.1551,-300.0000000000003,-311.5000000000003,SL,2025-11-10
SOL,2025-11-12 16:00:00+00:00,2025-11-13 03:00:00+00:00,-1,155.68,151.0096,300.0000000000003,288.5000000000003,TP,2025-11-12
SOL,2025-11-13 16:00:00+00:00,2025-11-13 17:00:00+00:00,-1,153.03,148.4391,300.0000000000003,288.5000000000003,TP,2025-11-13
SOL,2025-11-14 05:00:00+00:00,2025-11-14 12:00:00+00:00,-1,141.79,137.53629999999998,300.0000000000003,288.5000000000003,TP,2025-11-14
SOL,2025-11-14 21:00:00+00:00,2025-11-15 17:00:00+00:00,-1,139.57,143.7571,-300.0000000000003,-311.5000000000003,SL,2025-11-14
SOL,2025-11-17 14:00:00+00:00,2025-11-17 14:00:00+00:00,-1,137.92,142.05759999999998,-300.0000000000003,-311.5000000000003,SL,2025-11-17
SOL,2025-11-17 18:00:00+00:00,2025-11-18 04:00:00+00:00,-1,131.89,135.8467,-300.0000000000003,-311.5000000000003,SL,2025-11-17
SOL,2025-11-19 16:00:00+00:00,2025-11-19 18:00:00+00:00,-1,134.54,130.50379999999998,300.0000000000003,288.5000000000003,TP,2025-11-19
SOL,2025-11-20 17:00:00+00:00,2025-11-20 22:00:00+00:00,-1,132.57,136.5471,-300.0000000000003,-311.5000000000003,SL,2025-11-20
SOL,2025-11-21 00:00:00+00:00,2025-11-21 07:00:00+00:00,-1,133.55,129.5435,300.00000000000136,288.50000000000136,TP,2025-11-21
SOL,2025-11-21 08:00:00+00:00,2025-11-21 12:00:00+00:00,-1,127.4,123.578,300.0000000000003,288.5000000000003,TP,2025-11-21
SOL,2025-11-21 16:00:00+00:00,2025-11-21 17:00:00+00:00,-1,125.41,129.1723,-300.0000000000003,-311.5000000000003,SL,2025-11-21
SOL,2025-11-28 17:00:00+00:00,2025-11-30 05:00:00+00:00,-1,138.74,135.71,218.39411849502665,206.89411849502665,TIME,2025-11-28
SOL,2025-12-01 01:00:00+00:00,2025-12-01 15:00:00+00:00,-1,127.61,123.7817,300.0000000000003,288.5000000000003,TP,2025-12-01
SOL,2025-12-01 16:00:00+00:00,2025-12-02 12:00:00+00:00,-1,125.08,128.8324,-300.0000000000003,-311.5000000000003,SL,2025-12-01
SOL,2025-12-05 17:00:00+00:00,2025-12-07 05:00:00+00:00,-1,132.12,132.72,-45.41326067211582,-56.91326067211582,TIME,2025-12-05
SOL,2025-12-12 16:00:00+00:00,2025-12-14 04:00:00+00:00,-1,133.43,132.41,76.44457768118174,64.94457768118174,TIME,2025-12-12
SOL,2025-12-15 15:00:00+00:00,2025-12-15 15:00:00+00:00,-1,130.41,126.4977,300.0000000000003,288.5000000000003,TP,2025-12-15
SOL,2025-12-17 16:00:00+00:00,2025-12-17 17:00:00+00:00,-1,126.66,122.86019999999999,300.0000000000003,288.5000000000003,TP,2025-12-17
SOL,2025-12-18 18:00:00+00:00,2025-12-18 19:00:00+00:00,-1,122.85,119.16449999999999,300.0000000000003,288.5000000000003,TP,2025-12-18
SOL,2025-12-18 20:00:00+00:00,2025-12-19 03:00:00+00:00,-1,117.5,121.025,-300.0000000000003,-311.5000000000003,SL,2025-12-18
SOL,2025-12-26 15:00:00+00:00,2025-12-28 03:00:00+00:00,-1,122.15,124.1,-159.63978714695014,-171.13978714695014,TIME,2025-12-26
SOL,2025-12-29 10:00:00+00:00,2025-12-29 14:00:00+00:00,-1,126.04,122.25880000000001,300.0000000000003,288.5000000000003,TP,2025-12-29
SOL,2026-01-06 17:00:00+00:00,2026-01-07 19:00:00+00:00,-1,138.85,134.68449999999999,300.0000000000003,288.5000000000003,TP,2026-01-06
SOL,2026-01-08 07:00:00+00:00,2026-01-08 18:00:00+00:00,-1,134.75,138.7925,-300.0000000000003,-311.5000000000003,SL,2026-01-08
SOL,2026-01-19 00:00:00+00:00,2026-01-19 00:00:00+00:00,-1,137.77,133.6369,300.00000000000136,288.50000000000136,TP,2026-01-19
SOL,2026-01-19 01:00:00+00:00,2026-01-20 08:00:00+00:00,-1,133.64,129.6308,299.99999999999915,288.49999999999915,TP,2026-01-19
SOL,2026-01-20 23:00:00+00:00,2026-01-21 15:00:00+00:00,-1,126.1,129.883,-300.0000000000003,-311.5000000000003,SL,2026-01-20
SOL,2026-01-21 17:00:00+00:00,2026-01-21 19:00:00+00:00,-1,125.52,129.2856,-300.0000000000003,-311.5000000000003,SL,2026-01-21
SOL,2026-01-27 18:00:00+00:00,2026-01-27 21:00:00+00:00,-1,123.92,127.6376,-300.0000000000003,-311.5000000000003,SL,2026-01-27
SOL,2026-01-29 15:00:00+00:00,2026-01-29 15:00:00+00:00,-1,120.35,116.73949999999999,300.0000000000003,288.5000000000003,TP,2026-01-29
SOL,2026-01-29 16:00:00+00:00,2026-01-30 01:00:00+00:00,-1,117.53,114.0041,300.0000000000003,288.5000000000003,TP,2026-01-29
SOL,2026-01-30 02:00:00+00:00,2026-01-30 19:00:00+00:00,-1,115.18,118.6354,-300.0000000000003,-311.5000000000003,SL,2026-01-30
SOL,2026-01-31 15:00:00+00:00,2026-01-31 16:00:00+00:00,-1,109.01,105.7397,300.0000000000003,288.5000000000003,TP,2026-01-31
SOL,2026-01-31 18:00:00+00:00,2026-01-31 18:00:00+00:00,-1,103.26,100.1622,300.0000000000003,288.5000000000003,TP,2026-01-31
SOL,2026-02-02 03:00:00+00:00,2026-02-02 03:00:00+00:00,-1,100.67,97.6499,300.0000000000003,288.5000000000003,TP,2026-02-02
SOL,2026-02-03 03:00:00+00:00,2026-02-03 17:00:00+00:00,-1,102.35,99.2795,299.99999999999915,288.49999999999915,TP,2026-02-03
SOL,2026-02-03 18:00:00+00:00,2026-02-04 11:00:00+00:00,-1,99.11,96.13669999999999,300.00000000000136,288.50000000000136,TP,2026-02-03
SOL,2026-02-05 16:00:00+00:00,2026-02-05 18:00:00+00:00,-1,84.54,82.0038,300.00000000000136,288.50000000000136,TP,2026-02-05
SOL,2026-02-05 21:00:00+00:00,2026-02-05 23:00:00+00:00,-1,78.78,81.1434,-300.0000000000003,-311.5000000000003,SL,2026-02-05
SOL,2026-02-16 14:00:00+00:00,2026-02-17 00:00:00+00:00,-1,84.11,86.6333,-300.0000000000003,-311.5000000000003,SL,2026-02-16
SOL,2026-02-17 15:00:00+00:00,2026-02-18 08:00:00+00:00,-1,83.24,85.7372,-300.0000000000003,-311.5000000000003,SL,2026-02-17
SOL,2026-02-23 01:00:00+00:00,2026-02-23 01:00:00+00:00,-1,81.31,78.8707,300.0000000000003,288.5000000000003,TP,2026-02-23
SOL,2026-02-23 02:00:00+00:00,2026-02-23 09:00:00+00:00,-1,77.91,80.2473,-300.0000000000003,-311.5000000000003,SL,2026-02-23
SOL,2026-02-28 07:00:00+00:00,2026-02-28 13:00:00+00:00,-1,77.48,79.8044,-300.0000000000003,-311.5000000000003,SL,2026-02-28
SOL,2026-03-13 15:00:00+00:00,2026-03-13 22:00:00+00:00,-1,90.64,87.9208,300.0000000000003,288.5000000000003,TP,2026-03-13
SOL,2026-03-18 12:00:00+00:00,2026-03-18 14:00:00+00:00,-1,91.93,89.1721,300.0000000000003,288.5000000000003,TP,2026-03-18
SOL,2026-03-18 15:00:00+00:00,2026-03-20 03:00:00+00:00,-1,88.97,89.53,-62.94256490952055,-74.44256490952054,TIME,2026-03-18
SOL,2026-03-22 00:00:00+00:00,2026-03-23 11:00:00+00:00,-1,87.5,90.125,-300.0000000000003,-311.5000000000003,SL,2026-03-22
SOL,2026-03-23 16:00:00+00:00,2026-03-25 04:00:00+00:00,-1,89.99,92.01,-224.46938548727812,-235.96938548727812,TIME,2026-03-23
SOL,2026-03-27 11:00:00+00:00,2026-03-28 23:00:00+00:00,-1,82.94,82.0,113.33494092114704,101.83494092114704,TIME,2026-03-27
SOL,2026-03-29 23:00:00+00:00,2026-03-30 02:00:00+00:00,-1,80.86,83.2858,-300.0000000000003,-311.5000000000003,SL,2026-03-29
SOL,2026-03-31 15:00:00+00:00,2026-03-31 17:00:00+00:00,-1,80.64,83.0592,-300.0000000000003,-311.5000000000003,SL,2026-03-31
SOL,2026-04-02 02:00:00+00:00,2026-04-02 13:00:00+00:00,-1,79.25,76.8725,300.0000000000003,288.5000000000003,TP,2026-04-02
SOL,2026-04-07 11:00:00+00:00,2026-04-07 19:00:00+00:00,-1,79.33,81.7099,-300.0000000000003,-311.5000000000003,SL,2026-04-07
SOL,2026-04-08 19:00:00+00:00,2026-04-09 22:00:00+00:00,-1,82.87,85.35610000000001,-300.0000000000003,-311.5000000000003,SL,2026-04-08
SOL,2026-04-12 02:00:00+00:00,2026-04-13 14:00:00+00:00,-1,82.23,83.74,-183.63127812233816,-195.13127812233816,TIME,2026-04-12
SOL,2026-04-16 14:00:00+00:00,2026-04-16 18:00:00+00:00,-1,84.69,87.2307,-300.0000000000003,-311.5000000000003,SL,2026-04-16
SUI,2025-07-01 15:00:00+00:00,2025-07-02 13:00:00+00:00,-1,2.6927,2.773481,-300.0000000000003,-311.5000000000003,SL,2025-07-01
SUI,2025-07-04 14:00:00+00:00,2025-07-06 02:00:00+00:00,-1,2.8859,2.8911,-18.018642364598936,-29.518642364598936,TIME,2025-07-04
SUI,2025-07-09 21:00:00+00:00,2025-07-10 02:00:00+00:00,-1,3.0232,3.113896,-300.0000000000003,-311.5000000000003,SL,2025-07-09
SUI,2025-07-14 16:00:00+00:00,2025-07-15 05:00:00+00:00,-1,3.8779,3.994237,-300.0000000000003,-311.5000000000003,SL,2025-07-14
SUI,2025-07-15 15:00:00+00:00,2025-07-15 16:00:00+00:00,-1,3.9117,4.029051,-300.0000000000003,-311.5000000000003,SL,2025-07-15
SUI,2025-07-22 14:00:00+00:00,2025-07-22 23:00:00+00:00,-1,3.8979,4.014837,-300.0000000000003,-311.5000000000003,SL,2025-07-22
SUI,2025-07-25 03:00:00+00:00,2025-07-25 10:00:00+00:00,-1,3.627,3.73581,-300.0000000000003,-311.5000000000003,SL,2025-07-25
SUI,2025-07-25 15:00:00+00:00,2025-07-25 17:00:00+00:00,-1,3.6499,3.7593970000000003,-300.0000000000003,-311.5000000000003,SL,2025-07-25
SUI,2025-07-30 19:00:00+00:00,2025-07-30 19:00:00+00:00,-1,3.7209,3.609273,300.0000000000003,288.5000000000003,TP,2025-07-30
SUI,2025-07-31 20:00:00+00:00,2025-07-31 23:00:00+00:00,-1,3.6964,3.585508,300.0000000000003,288.5000000000003,TP,2025-07-31
SUI,2025-08-01 14:00:00+00:00,2025-08-01 14:00:00+00:00,-1,3.4451,3.5484530000000003,-300.0000000000003,-311.5000000000003,SL,2025-08-01
SUI,2025-08-05 15:00:00+00:00,2025-08-06 18:00:00+00:00,-1,3.4125,3.514875,-300.0000000000003,-311.5000000000003,SL,2025-08-05
SUI,2025-08-14 13:00:00+00:00,2025-08-14 21:00:00+00:00,-1,3.7702,3.657094,300.0000000000003,288.5000000000003,TP,2025-08-14
SUI,2025-08-19 15:00:00+00:00,2025-08-20 13:00:00+00:00,-1,3.514,3.4085799999999997,300.0000000000003,288.5000000000003,TP,2025-08-19
SUI,2025-08-20 14:00:00+00:00,2025-08-20 15:00:00+00:00,-1,3.422,3.5246600000000003,-300.0000000000003,-311.5000000000003,SL,2025-08-20
SUI,2025-08-24 20:00:00+00:00,2025-08-25 00:00:00+00:00,-1,3.7022,3.591134,300.0000000000003,288.5000000000003,TP,2025-08-24
SUI,2025-08-25 20:00:00+00:00,2025-08-26 19:00:00+00:00,-1,3.3705,3.471615,-300.0000000000003,-311.5000000000003,SL,2025-08-25
SUI,2025-08-29 08:00:00+00:00,2025-08-29 18:00:00+00:00,-1,3.3546,3.253962,300.0000000000003,288.5000000000003,TP,2025-08-29
SUI,2025-09-01 22:00:00+00:00,2025-09-02 00:00:00+00:00,-1,3.1248,3.218544,-300.0000000000003,-311.5000000000003,SL,2025-09-01
SUI,2025-09-05 15:00:00+00:00,2025-09-07 03:00:00+00:00,-1,3.3504,3.3697,-57.60506208214,-69.10506208214,TIME,2025-09-05
SUI,2025-09-09 15:00:00+00:00,2025-09-10 12:00:00+00:00,-1,3.464,3.56792,-300.0000000000003,-311.5000000000003,SL,2025-09-09
SUI,2025-09-15 00:00:00+00:00,2025-09-15 08:00:00+00:00,-1,3.6846,3.574062,300.0000000000003,288.5000000000003,TP,2025-09-15
SUI,2025-09-15 09:00:00+00:00,2025-09-16 13:00:00+00:00,-1,3.5204,3.6260120000000002,-300.0000000000003,-311.5000000000003,SL,2025-09-15
SUI,2025-09-22 01:00:00+00:00,2025-09-22 05:00:00+00:00,-1,3.5175,3.411975,300.0000000000003,288.5000000000003,TP,2025-09-22
SUI,2025-09-22 06:00:00+00:00,2025-09-22 06:00:00+00:00,-1,3.4021,3.3000369999999997,300.0000000000003,288.5000000000003,TP,2025-09-22
SUI,2025-09-22 07:00:00+00:00,2025-09-23 03:00:00+00:00,-1,3.3784,3.277048,299.99999999999915,288.49999999999915,TP,2025-09-22
SUI,2025-09-23 18:00:00+00:00,2025-09-24 04:00:00+00:00,-1,3.3546,3.253962,300.0000000000003,288.5000000000003,TP,2025-09-23
SUI,2025-09-25 05:00:00+00:00,2025-09-25 11:00:00+00:00,-1,3.2488,3.151336,300.0000000000003,288.5000000000003,TP,2025-09-25
SUI,2025-09-25 18:00:00+00:00,2025-09-25 18:00:00+00:00,-1,3.0862,3.178786,-300.0000000000003,-311.5000000000003,SL,2025-09-25
SUI,2025-09-26 15:00:00+00:00,2025-09-26 17:00:00+00:00,-1,3.1136,3.207008,-300.0000000000003,-311.5000000000003,SL,2025-09-26
SUI,2025-10-05 10:00:00+00:00,2025-10-06 22:00:00+00:00,-1,3.619,3.6486,-81.79054987565549,-93.29054987565549,TIME,2025-10-05
SUI,2025-10-07 15:00:00+00:00,2025-10-09 03:00:00+00:00,-1,3.5223,3.4818,114.98168810152532,103.48168810152532,TIME,2025-10-07
SUI,2025-10-09 14:00:00+00:00,2025-10-10 15:00:00+00:00,-1,3.3831,3.281607,300.0000000000003,288.5000000000003,TP,2025-10-09
SUI,2025-10-10 16:00:00+00:00,2025-10-10 19:00:00+00:00,-1,3.3007,3.201679,300.0000000000003,288.5000000000003,TP,2025-10-10
SUI,2025-10-10 21:00:00+00:00,2025-10-10 21:00:00+00:00,-1,3.0715,2.979355,300.0000000000003,288.5000000000003,TP,2025-10-10
SUI,2025-10-11 02:00:00+00:00,2025-10-11 02:00:00+00:00,-1,2.5589,2.635667,-300.0000000000003,-311.5000000000003,SL,2025-10-11
SUI,2025-10-11 08:00:00+00:00,2025-10-11 09:00:00+00:00,-1,2.704,2.78512,-300.0000000000003,-311.5000000000003,SL,2025-10-11
SUI,2025-10-16 16:00:00+00:00,2025-10-16 20:00:00+00:00,-1,2.5887,2.511039,300.0000000000003,288.5000000000003,TP,2025-10-16
SUI,2025-10-17 07:00:00+00:00,2025-10-17 08:00:00+00:00,-1,2.4234,2.350698,300.0000000000003,288.5000000000003,TP,2025-10-17
SUI,2025-10-21 05:00:00+00:00,2025-10-21 14:00:00+00:00,-1,2.4825,2.556975,-300.0000000000003,-311.5000000000003,SL,2025-10-21
SUI,2025-10-21 23:00:00+00:00,2025-10-22 05:00:00+00:00,-1,2.5181,2.442557,300.0000000000003,288.5000000000003,TP,2025-10-21
SUI,2025-10-28 20:00:00+00:00,2025-10-28 21:00:00+00:00,-1,2.5403,2.464091,300.0000000000003,288.5000000000003,TP,2025-10-28
SUI,2025-10-29 16:00:00+00:00,2025-10-29 17:00:00+00:00,-1,2.4928,2.567584,-300.0000000000003,-311.5000000000003,SL,2025-10-29
SUI,2025-10-29 19:00:00+00:00,2025-10-30 04:00:00+00:00,-1,2.5291,2.453227,300.0000000000003,288.5000000000003,TP,2025-10-29
SUI,2025-10-30 05:00:00+00:00,2025-10-30 07:00:00+00:00,-1,2.4319,2.5048570000000003,-300.0000000000003,-311.5000000000003,SL,2025-10-30
SUI,2025-10-30 13:00:00+00:00,2025-10-30 15:00:00+00:00,-1,2.3766,2.3053019999999997,300.0000000000003,288.5000000000003,TP,2025-10-30
SUI,2025-10-31 17:00:00+00:00,2025-10-31 19:00:00+00:00,-1,2.3109,2.380227,-300.0000000000003,-311.5000000000003,SL,2025-10-31
SUI,2025-11-03 16:00:00+00:00,2025-11-03 16:00:00+00:00,-1,2.0436,2.104908,-300.0000000000003,-311.5000000000003,SL,2025-11-03
SUI,2025-11-04 06:00:00+00:00,2025-11-04 06:00:00+00:00,-1,1.9823,2.041769,-300.0000000000003,-311.5000000000003,SL,2025-11-04
SUI,2025-11-10 15:00:00+00:00,2025-11-11 07:00:00+00:00,-1,2.1484,2.083948,300.0000000000003,288.5000000000003,TP,2025-11-10
SUI,2025-11-12 16:00:00+00:00,2025-11-13 17:00:00+00:00,-1,1.9959,1.936023,300.0000000000003,288.5000000000003,TP,2025-11-12
SUI,2025-11-14 05:00:00+00:00,2025-11-14 07:00:00+00:00,-1,1.7991,1.853073,-300.0000000000003,-311.5000000000003,SL,2025-11-14
SUI,2025-11-14 21:00:00+00:00,2025-11-16 09:00:00+00:00,-1,1.7537,1.7794,-146.5472999942974,-158.0472999942974,TIME,2025-11-14
SUI,2025-11-17 14:00:00+00:00,2025-11-17 14:00:00+00:00,-1,1.6385,1.6876550000000001,-300.0000000000003,-311.5000000000003,SL,2025-11-17
SUI,2025-11-17 18:00:00+00:00,2025-11-17 19:00:00+00:00,-1,1.6442,1.5948740000000001,300.0000000000003,288.5000000000003,TP,2025-11-17
SUI,2025-11-19 16:00:00+00:00,2025-11-19 17:00:00+00:00,-1,1.5828,1.535316,300.0000000000003,288.5000000000003,TP,2025-11-19
SUI,2025-11-20 17:00:00+00:00,2025-11-21 02:00:00+00:00,-1,1.5168,1.471296,300.0000000000003,288.5000000000003,TP,2025-11-20
SUI,2025-11-21 03:00:00+00:00,2025-11-21 07:00:00+00:00,-1,1.4748,1.4305560000000002,299.99999999999915,288.49999999999915,TP,2025-11-21
SUI,2025-11-21 08:00:00+00:00,2025-11-21 11:00:00+00:00,-1,1.3898,1.3481059999999998,300.00000000000136,288.50000000000136,TP,2025-11-21
SUI,2025-11-21 16:00:00+00:00,2025-11-21 17:00:00+00:00,-1,1.3603,1.4011090000000002,-300.0000000000003,-311.5000000000003,SL,2025-11-21
SUI,2025-11-28 17:00:00+00:00,2025-11-29 06:00:00+00:00,-1,1.542,1.49574,300.0000000000003,288.5000000000003,TP,2025-11-28
SUI,2025-12-01 01:00:00+00:00,2025-12-01 12:00:00+00:00,-1,1.3853,1.3437409999999999,300.00000000000136,288.50000000000136,TP,2025-12-01
SUI,2025-12-01 16:00:00+00:00,2025-12-02 10:00:00+00:00,-1,1.3282,1.368046,-300.0000000000003,-311.5000000000003,SL,2025-12-01
SUI,2025-12-05 17:00:00+00:00,2025-12-06 07:00:00+00:00,-1,1.57,1.5229,300.00000000000136,288.50000000000136,TP,2025-12-05
SUI,2025-12-12 16:00:00+00:00,2025-12-13 08:00:00+00:00,-1,1.564,1.6109200000000001,-300.0000000000003,-311.5000000000003,SL,2025-12-12
SUI,2025-12-15 15:00:00+00:00,2025-12-15 15:00:00+00:00,-1,1.5252,1.4794439999999998,300.00000000000136,288.50000000000136,TP,2025-12-15
SUI,2025-12-17 16:00:00+00:00,2025-12-17 17:00:00+00:00,-1,1.4727,1.4285189999999999,300.0000000000003,288.5000000000003,TP,2025-12-17
SUI,2025-12-18 18:00:00+00:00,2025-12-18 19:00:00+00:00,-1,1.3778,1.336466,300.0000000000003,288.5000000000003,TP,2025-12-18
SUI,2025-12-18 20:00:00+00:00,2025-12-19 03:00:00+00:00,-1,1.33,1.3699000000000001,-300.0000000000003,-311.5000000000003,SL,2025-12-18
SUI,2025-12-26 15:00:00+00:00,2025-12-27 14:00:00+00:00,-1,1.3813,1.422739,-300.0000000000003,-311.5000000000003,SL,2025-12-26
SUI,2025-12-29 10:00:00+00:00,2025-12-30 22:00:00+00:00,-1,1.46,1.4318,193.1506849315068,181.6506849315068,TIME,2025-12-29
SUI,2026-01-06 17:00:00+00:00,2026-01-07 07:00:00+00:00,-1,1.8571,1.912813,-300.0000000000003,-311.5000000000003,SL,2026-01-06
SUI,2026-01-07 10:00:00+00:00,2026-01-07 14:00:00+00:00,-1,1.9297,1.8718089999999998,300.0000000000003,288.5000000000003,TP,2026-01-07
SUI,2026-01-08 07:00:00+00:00,2026-01-08 08:00:00+00:00,-1,1.7708,1.8239239999999999,-300.0000000000003,-311.5000000000003,SL,2026-01-08
SUI,2026-01-19 00:00:00+00:00,2026-01-19 00:00:00+00:00,-1,1.694,1.6431799999999999,300.0000000000003,288.5000000000003,TP,2026-01-19
SUI,2026-01-19 01:00:00+00:00,2026-01-20 07:00:00+00:00,-1,1.5868,1.539196,300.0000000000003,288.5000000000003,TP,2026-01-19
SUI,2026-01-20 23:00:00+00:00,2026-01-21 05:00:00+00:00,-1,1.4792,1.523576,-300.0000000000003,-311.5000000000003,SL,2026-01-20
SUI,2026-01-21 17:00:00+00:00,2026-01-21 19:00:00+00:00,-1,1.4465,1.489895,-300.0000000000003,-311.5000000000003,SL,2026-01-21
SUI,2026-01-27 18:00:00+00:00,2026-01-29 01:00:00+00:00,-1,1.4271,1.384287,300.0000000000003,288.5000000000003,TP,2026-01-27
SUI,2026-01-29 15:00:00+00:00,2026-01-29 15:00:00+00:00,-1,1.3277,1.2878690000000002,299.99999999999915,288.49999999999915,TP,2026-01-29
SUI,2026-01-29 16:00:00+00:00,2026-01-29 17:00:00+00:00,-1,1.2955,1.334365,-300.0000000000003,-311.5000000000003,SL,2026-01-29
SUI,2026-01-29 18:00:00+00:00,2026-01-30 01:00:00+00:00,-1,1.3134,1.273998,299.99999999999915,288.49999999999915,TP,2026-01-29
SUI,2026-01-30 02:00:00+00:00,2026-01-30 02:00:00+00:00,-1,1.3014,1.2623579999999999,300.0000000000003,288.5000000000003,TP,2026-01-30
SUI,2026-01-31 15:00:00+00:00,2026-01-31 17:00:00+00:00,-1,1.1682,1.1331539999999998,300.00000000000136,288.50000000000136,TP,2026-01-31
SUI,2026-01-31 18:00:00+00:00,2026-01-31 18:00:00+00:00,-1,1.114,1.08058,300.0000000000003,288.5000000000003,TP,2026-01-31
SUI,2026-02-02 03:00:00+00:00,2026-02-02 03:00:00+00:00,-1,1.1099,1.076603,300.00000000000136,288.50000000000136,TP,2026-02-02
SUI,2026-02-03 03:00:00+00:00,2026-02-03 15:00:00+00:00,-1,1.1214,1.155042,-300.0000000000003,-311.5000000000003,SL,2026-02-03
SUI,2026-02-03 17:00:00+00:00,2026-02-03 18:00:00+00:00,-1,1.1286,1.094742,299.99999999999915,288.49999999999915,TP,2026-02-03
SUI,2026-02-03 19:00:00+00:00,2026-02-03 19:00:00+00:00,-1,1.0744,1.106632,-300.0000000000003,-311.5000000000003,SL,2026-02-03
SUI,2026-02-05 16:00:00+00:00,2026-02-05 17:00:00+00:00,-1,0.9598,0.931006,300.0000000000003,288.5000000000003,TP,2026-02-05
SUI,2026-02-05 18:00:00+00:00,2026-02-05 20:00:00+00:00,-1,0.9397,0.9115089999999999,300.00000000000136,288.50000000000136,TP,2026-02-05
SUI,2026-02-05 21:00:00+00:00,2026-02-05 21:00:00+00:00,-1,0.893,0.91979,-300.0000000000003,-311.5000000000003,SL,2026-02-05
SUI,2026-02-16 14:00:00+00:00,2026-02-16 21:00:00+00:00,-1,0.9643,0.993229,-300.0000000000003,-311.5000000000003,SL,2026-02-16
SUI,2026-02-17 15:00:00+00:00,2026-02-17 16:00:00+00:00,-1,0.9568,0.985504,-300.0000000000003,-311.5000000000003,SL,2026-02-17
SUI,2026-02-23 01:00:00+00:00,2026-02-23 01:00:00+00:00,-1,0.9082,0.880954,300.0000000000003,288.5000000000003,TP,2026-02-23
SUI,2026-02-23 02:00:00+00:00,2026-02-23 06:00:00+00:00,-1,0.8624,0.8882720000000001,-300.0000000000003,-311.5000000000003,SL,2026-02-23
SUI,2026-02-28 07:00:00+00:00,2026-02-28 14:00:00+00:00,-1,0.841,0.8662299999999999,-300.0000000000003,-311.5000000000003,SL,2026-02-28
SUI,2026-03-13 15:00:00+00:00,2026-03-13 17:00:00+00:00,-1,1.0251,0.9943469999999999,300.0000000000003,288.5000000000003,TP,2026-03-13
SUI,2026-03-18 12:00:00+00:00,2026-03-18 15:00:00+00:00,-1,1.0021,0.9720369999999999,300.0000000000003,288.5000000000003,TP,2026-03-18
SUI,2026-03-22 00:00:00+00:00,2026-03-22 21:00:00+00:00,-1,0.9323,0.904331,300.0000000000003,288.5000000000003,TP,2026-03-22
SUI,2026-03-23 07:00:00+00:00,2026-03-23 11:00:00+00:00,-1,0.9013,0.928339,-300.0000000000003,-311.5000000000003,SL,2026-03-23
SUI,2026-03-23 16:00:00+00:00,2026-03-25 04:00:00+00:00,-1,0.9516,0.9565,-51.49222362337058,-62.99222362337058,TIME,2026-03-23
SUI,2026-03-27 11:00:00+00:00,2026-03-28 23:00:00+00:00,-1,0.89,0.8633,300.0000000000003,288.5000000000003,TP,2026-03-27
SUI,2026-03-29 23:00:00+00:00,2026-03-30 02:00:00+00:00,-1,0.8403,0.8655090000000001,-300.0000000000003,-311.5000000000003,SL,2026-03-29
SUI,2026-03-31 15:00:00+00:00,2026-03-31 17:00:00+00:00,-1,0.8599,0.8856970000000001,-300.0000000000003,-311.5000000000003,SL,2026-03-31
SUI,2026-04-02 02:00:00+00:00,2026-04-02 13:00:00+00:00,-1,0.8687,0.842639,300.0000000000003,288.5000000000003,TP,2026-04-02
SUI,2026-04-07 11:00:00+00:00,2026-04-07 20:00:00+00:00,-1,0.8696,0.895688,-300.0000000000003,-311.5000000000003,SL,2026-04-07
SUI,2026-04-08 19:00:00+00:00,2026-04-09 22:00:00+00:00,-1,0.9206,0.948218,-300.0000000000003,-311.5000000000003,SL,2026-04-08
SUI,2026-04-12 02:00:00+00:00,2026-04-13 14:00:00+00:00,-1,0.9105,0.9219,-125.20593080725062,-136.70593080725064,TIME,2026-04-12
SUI,2026-04-16 14:00:00+00:00,2026-04-16 18:00:00+00:00,-1,0.9679,0.996937,-300.0000000000003,-311.5000000000003,SL,2026-04-16
TAO,2025-07-01 15:00:00+00:00,2025-07-02 16:00:00+00:00,-1,323.96,333.67879999999997,-300.0000000000003,-311.5000000000003,SL,2025-07-01
TAO,2025-07-04 14:00:00+00:00,2025-07-06 02:00:00+00:00,-1,320.39,319.7,21.53625269203152,10.036252692031521,TIME,2025-07-04
TAO,2025-07-09 21:00:00+00:00,2025-07-10 05:00:00+00:00,-1,340.87,351.09610000000004,-300.0000000000003,-311.5000000000003,SL,2025-07-09
TAO,2025-07-14 16:00:00+00:00,2025-07-15 07:00:00+00:00,-1,408.6,420.85800000000006,-300.0000000000003,-311.5000000000003,SL,2025-07-14
TAO,2025-07-15 15:00:00+00:00,2025-07-15 16:00:00+00:00,-1,421.55,434.1965,-300.0000000000003,-311.5000000000003,SL,2025-07-15
TAO,2025-07-22 14:00:00+00:00,2025-07-22 15:00:00+00:00,-1,428.6,441.458,-300.0000000000003,-311.5000000000003,SL,2025-07-22
TAO,2025-07-25 03:00:00+00:00,2025-07-25 11:00:00+00:00,-1,408.46,420.7138,-300.0000000000003,-311.5000000000003,SL,2025-07-25
TAO,2025-07-25 15:00:00+00:00,2025-07-25 20:00:00+00:00,-1,405.67,417.8401,-300.0000000000003,-311.5000000000003,SL,2025-07-25
TAO,2025-07-30 19:00:00+00:00,2025-07-30 20:00:00+00:00,-1,363.53,374.4359,-300.0000000000003,-311.5000000000003,SL,2025-07-30
TAO,2025-07-31 20:00:00+00:00,2025-07-31 22:00:00+00:00,-1,364.65,353.71049999999997,300.0000000000003,288.5000000000003,TP,2025-07-31
TAO,2025-08-01 14:00:00+00:00,2025-08-01 14:00:00+00:00,-1,343.71,354.0213,-300.0000000000003,-311.5000000000003,SL,2025-08-01
TAO,2025-08-05 15:00:00+00:00,2025-08-06 18:00:00+00:00,-1,339.82,350.01460000000003,-300.0000000000003,-311.5000000000003,SL,2025-08-05
TAO,2025-08-14 13:00:00+00:00,2025-08-15 03:00:00+00:00,-1,365.58,376.5474,-300.0000000000003,-311.5000000000003,SL,2025-08-14
TAO,2025-08-19 15:00:00+00:00,2025-08-21 03:00:00+00:00,-1,347.24,346.23,29.08651077064839,17.58651077064839,TIME,2025-08-19
TAO,2025-08-24 20:00:00+00:00,2025-08-25 00:00:00+00:00,-1,363.8,352.886,299.99999999999915,288.49999999999915,TP,2025-08-24
TAO,2025-08-25 20:00:00+00:00,2025-08-25 21:00:00+00:00,-1,326.6,316.802,300.0000000000003,288.5000000000003,TP,2025-08-25
TAO,2025-08-29 08:00:00+00:00,2025-08-30 20:00:00+00:00,-1,322.16,321.03,35.07573876334935,23.57573876334935,TIME,2025-08-29
TAO,2025-09-01 22:00:00+00:00,2025-09-02 02:00:00+00:00,-1,305.46,314.62379999999996,-300.0000000000003,-311.5000000000003,SL,2025-09-01
TAO,2025-09-05 15:00:00+00:00,2025-09-07 03:00:00+00:00,-1,316.78,320.66,-122.48247995454432,-133.98247995454432,TIME,2025-09-05
TAO,2025-09-09 15:00:00+00:00,2025-09-10 11:00:00+00:00,-1,339.95,329.75149999999996,300.0000000000003,288.5000000000003,TP,2025-09-09
TAO,2025-09-15 00:00:00+00:00,2025-09-15 08:00:00+00:00,-1,350.25,339.7425,300.0000000000003,288.5000000000003,TP,2025-09-15
TAO,2025-09-15 09:00:00+00:00,2025-09-16 21:00:00+00:00,-1,339.5,346.68,-211.48748159057538,-222.98748159057538,TIME,2025-09-15
TAO,2025-09-22 01:00:00+00:00,2025-09-22 05:00:00+00:00,-1,326.25,316.4625,300.0000000000003,288.5000000000003,TP,2025-09-22
TAO,2025-09-22 06:00:00+00:00,2025-09-22 06:00:00+00:00,-1,318.36,308.80920000000003,299.99999999999915,288.49999999999915,TP,2025-09-22
TAO,2025-09-22 07:00:00+00:00,2025-09-23 19:00:00+00:00,-1,312.32,308.1,135.1178278688514,123.6178278688514,TIME,2025-09-22
TAO,2025-09-25 05:00:00+00:00,2025-09-25 12:00:00+00:00,-1,301.29,292.2513,300.0000000000003,288.5000000000003,TP,2025-09-25
TAO,2025-09-25 18:00:00+00:00,2025-09-25 19:00:00+00:00,-1,291.51,300.2553,-300.0000000000003,-311.5000000000003,SL,2025-09-25
TAO,2025-09-26 15:00:00+00:00,2025-09-26 17:00:00+00:00,-1,292.4,301.17199999999997,-300.0000000000003,-311.5000000000003,SL,2025-09-26
TAO,2025-10-05 10:00:00+00:00,2025-10-05 17:00:00+00:00,-1,324.28,314.55159999999995,300.0000000000003,288.5000000000003,TP,2025-10-05
TAO,2025-10-07 15:00:00+00:00,2025-10-07 15:00:00+00:00,-1,337.06,326.9482,300.0000000000003,288.5000000000003,TP,2025-10-07
TAO,2025-10-09 14:00:00+00:00,2025-10-09 19:00:00+00:00,-1,324.92,334.66760000000005,-300.0000000000003,-311.5000000000003,SL,2025-10-09
TAO,2025-10-10 15:00:00+00:00,2025-10-10 15:00:00+00:00,-1,388.24,376.5928,300.0000000000003,288.5000000000003,TP,2025-10-10
TAO,2025-10-10 16:00:00+00:00,2025-10-10 20:00:00+00:00,-1,374.08,362.8576,300.0000000000003,288.5000000000003,TP,2025-10-10
TAO,2025-10-10 21:00:00+00:00,2025-10-10 21:00:00+00:00,-1,343.53,333.22409999999996,300.0000000000003,288.5000000000003,TP,2025-10-10
TAO,2025-10-11 02:00:00+00:00,2025-10-11 02:00:00+00:00,-1,278.23,286.5769,-300.0000000000003,-311.5000000000003,SL,2025-10-11
TAO,2025-10-16 16:00:00+00:00,2025-10-16 16:00:00+00:00,-1,393.94,405.7582,-300.0000000000003,-311.5000000000003,SL,2025-10-16
TAO,2025-10-17 07:00:00+00:00,2025-10-17 07:00:00+00:00,-1,358.91,348.1427,300.00000000000136,288.50000000000136,TP,2025-10-17
TAO,2025-10-21 05:00:00+00:00,2025-10-21 13:00:00+00:00,-1,407.61,395.3817,300.0000000000003,288.5000000000003,TP,2025-10-21
TAO,2025-10-21 23:00:00+00:00,2025-10-22 21:00:00+00:00,-1,388.16,376.5152,300.0000000000003,288.5000000000003,TP,2025-10-21
TAO,2025-10-28 20:00:00+00:00,2025-10-29 08:00:00+00:00,-1,434.15,421.1255,300.0000000000003,288.5000000000003,TP,2025-10-28
TAO,2025-10-29 16:00:00+00:00,2025-10-29 18:00:00+00:00,-1,424.9,412.15299999999996,300.0000000000003,288.5000000000003,TP,2025-10-29
TAO,2025-10-29 19:00:00+00:00,2025-10-29 20:00:00+00:00,-1,427.93,440.7679,-300.0000000000003,-311.5000000000003,SL,2025-10-29
TAO,2025-10-30 00:00:00+00:00,2025-10-30 01:00:00+00:00,-1,440.79,454.01370000000003,-300.0000000000003,-311.5000000000003,SL,2025-10-30
TAO,2025-10-30 05:00:00+00:00,2025-10-30 07:00:00+00:00,-1,439.43,452.6129,-300.0000000000003,-311.5000000000003,SL,2025-10-30
TAO,2025-10-30 13:00:00+00:00,2025-10-30 13:00:00+00:00,-1,423.55,410.8435,300.0000000000003,288.5000000000003,TP,2025-10-30
TAO,2025-10-31 17:00:00+00:00,2025-10-31 17:00:00+00:00,-1,475.59,489.85769999999997,-300.0000000000003,-311.5000000000003,SL,2025-10-31
TAO,2025-11-03 16:00:00+00:00,2025-11-03 16:00:00+00:00,-1,466.06,480.0418,-300.0000000000003,-311.5000000000003,SL,2025-11-03
TAO,2025-11-04 06:00:00+00:00,2025-11-04 13:00:00+00:00,-1,427.04,414.22880000000004,299.99999999999915,288.49999999999915,TP,2025-11-04
TAO,2025-11-10 15:00:00+00:00,2025-11-10 22:00:00+00:00,-1,376.78,388.0834,-300.0000000000003,-311.5000000000003,SL,2025-11-10
TAO,2025-11-12 16:00:00+00:00,2025-11-12 19:00:00+00:00,-1,358.09,347.34729999999996,300.0000000000003,288.5000000000003,TP,2025-11-12
TAO,2025-11-13 16:00:00+00:00,2025-11-13 17:00:00+00:00,-1,346.62,336.2214,299.99999999999915,288.49999999999915,TP,2025-11-13
TAO,2025-11-14 05:00:00+00:00,2025-11-14 11:00:00+00:00,-1,332.16,322.1952,300.0000000000003,288.5000000000003,TP,2025-11-14
TAO,2025-11-14 21:00:00+00:00,2025-11-15 02:00:00+00:00,-1,334.01,344.0303,-300.0000000000003,-311.5000000000003,SL,2025-11-14
TAO,2025-11-17 14:00:00+00:00,2025-11-17 14:00:00+00:00,-1,314.6,324.038,-300.0000000000003,-311.5000000000003,SL,2025-11-17
TAO,2025-11-17 18:00:00+00:00,2025-11-18 00:00:00+00:00,-1,316.62,307.1214,300.0000000000003,288.5000000000003,TP,2025-11-17
TAO,2025-11-19 16:00:00+00:00,2025-11-19 17:00:00+00:00,-1,318.55,308.9935,300.00000000000136,288.50000000000136,TP,2025-11-19
TAO,2025-11-20 17:00:00+00:00,2025-11-21 04:00:00+00:00,-1,306.8,297.596,300.0000000000003,288.5000000000003,TP,2025-11-20
TAO,2025-11-21 08:00:00+00:00,2025-11-21 09:00:00+00:00,-1,283.71,275.1987,300.0000000000003,288.5000000000003,TP,2025-11-21
TAO,2025-11-21 10:00:00+00:00,2025-11-21 11:00:00+00:00,-1,275.63,267.36109999999996,300.00000000000136,288.50000000000136,TP,2025-11-21
TAO,2025-11-21 16:00:00+00:00,2025-11-21 16:00:00+00:00,-1,273.2,281.396,-300.0000000000003,-311.5000000000003,SL,2025-11-21
TAO,2025-11-28 17:00:00+00:00,2025-11-28 17:00:00+00:00,-1,303.88,294.7636,300.0000000000003,288.5000000000003,TP,2025-11-28
TAO,2025-12-01 01:00:00+00:00,2025-12-01 12:00:00+00:00,-1,270.32,262.2104,300.0000000000003,288.5000000000003,TP,2025-12-01
TAO,2025-12-01 16:00:00+00:00,2025-12-02 01:00:00+00:00,-1,260.31,268.1193,-300.0000000000003,-311.5000000000003,SL,2025-12-01
TAO,2025-12-05 17:00:00+00:00,2025-12-06 17:00:00+00:00,-1,275.6,283.86800000000005,-300.0000000000003,-311.5000000000003,SL,2025-12-05
TAO,2025-12-12 16:00:00+00:00,2025-12-13 11:00:00+00:00,-1,288.63,297.2889,-300.0000000000003,-311.5000000000003,SL,2025-12-12
TAO,2025-12-15 15:00:00+00:00,2025-12-15 16:00:00+00:00,-1,276.23,267.9431,300.0000000000003,288.5000000000003,TP,2025-12-15
TAO,2025-12-17 16:00:00+00:00,2025-12-17 16:00:00+00:00,-1,243.73,236.41809999999998,300.0000000000003,288.5000000000003,TP,2025-12-17
TAO,2025-12-18 18:00:00+00:00,2025-12-18 19:00:00+00:00,-1,225.67,218.89989999999997,300.0000000000003,288.5000000000003,TP,2025-12-18
TAO,2025-12-18 20:00:00+00:00,2025-12-19 03:00:00+00:00,-1,218.49,225.0447,-300.0000000000003,-311.5000000000003,SL,2025-12-18
TAO,2025-12-26 15:00:00+00:00,2025-12-28 02:00:00+00:00,-1,218.82,225.3846,-300.0000000000003,-311.5000000000003,SL,2025-12-26
TAO,2025-12-29 10:00:00+00:00,2025-12-30 22:00:00+00:00,-1,223.13,220.92,99.0453995428675,87.5453995428675,TIME,2025-12-29
TAO,2026-01-06 17:00:00+00:00,2026-01-06 23:00:00+00:00,-1,285.06,293.6118,-300.0000000000003,-311.5000000000003,SL,2026-01-06
TAO,2026-01-07 01:00:00+00:00,2026-01-07 04:00:00+00:00,-1,286.47,277.8759,300.00000000000136,288.50000000000136,TP,2026-01-07
TAO,2026-01-07 10:00:00+00:00,2026-01-07 23:00:00+00:00,-1,276.8,268.496,300.00000000000136,288.50000000000136,TP,2026-01-07
TAO,2026-01-19 00:00:00+00:00,2026-01-19 00:00:00+00:00,-1,261.85,253.99450000000002,300.0000000000003,288.5000000000003,TP,2026-01-19
TAO,2026-01-19 01:00:00+00:00,2026-01-20 08:00:00+00:00,-1,250.03,242.5291,300.0000000000003,288.5000000000003,TP,2026-01-19
TAO,2026-01-20 23:00:00+00:00,2026-01-21 15:00:00+00:00,-1,234.82,241.8646,-300.0000000000003,-311.5000000000003,SL,2026-01-20
TAO,2026-01-21 17:00:00+00:00,2026-01-21 19:00:00+00:00,-1,230.04,236.9412,-300.0000000000003,-311.5000000000003,SL,2026-01-21
TAO,2026-01-27 18:00:00+00:00,2026-01-27 20:00:00+00:00,-1,229.29,236.1687,-300.0000000000003,-311.5000000000003,SL,2026-01-27
TAO,2026-01-29 15:00:00+00:00,2026-01-29 15:00:00+00:00,-1,222.3,215.631,300.0000000000003,288.5000000000003,TP,2026-01-29
TAO,2026-01-29 16:00:00+00:00,2026-01-30 01:00:00+00:00,-1,219.22,212.64339999999999,300.0000000000003,288.5000000000003,TP,2026-01-29
TAO,2026-01-30 02:00:00+00:00,2026-01-30 09:00:00+00:00,-1,217.88,211.34359999999998,300.0000000000003,288.5000000000003,TP,2026-01-30
TAO,2026-01-31 15:00:00+00:00,2026-01-31 17:00:00+00:00,-1,197.03,191.1191,300.0000000000003,288.5000000000003,TP,2026-01-31
TAO,2026-01-31 18:00:00+00:00,2026-01-31 18:00:00+00:00,-1,189.16,183.4852,300.0000000000003,288.5000000000003,TP,2026-01-31
TAO,2026-02-02 03:00:00+00:00,2026-02-02 03:00:00+00:00,-1,190.48,184.76559999999998,300.0000000000003,288.5000000000003,TP,2026-02-02
TAO,2026-02-03 03:00:00+00:00,2026-02-03 18:00:00+00:00,-1,193.94,188.12179999999998,300.00000000000136,288.50000000000136,TP,2026-02-03
TAO,2026-02-03 19:00:00+00:00,2026-02-03 19:00:00+00:00,-1,184.66,190.1998,-300.0000000000003,-311.5000000000003,SL,2026-02-03
TAO,2026-02-05 16:00:00+00:00,2026-02-05 17:00:00+00:00,-1,171.48,166.3356,299.99999999999915,288.49999999999915,TP,2026-02-05
TAO,2026-02-05 18:00:00+00:00,2026-02-05 20:00:00+00:00,-1,166.93,161.9221,300.0000000000003,288.5000000000003,TP,2026-02-05
TAO,2026-02-05 21:00:00+00:00,2026-02-05 22:00:00+00:00,-1,159.99,164.7897,-300.0000000000003,-311.5000000000003,SL,2026-02-05
TAO,2026-02-16 14:00:00+00:00,2026-02-16 20:00:00+00:00,-1,189.75,195.4425,-300.0000000000003,-311.5000000000003,SL,2026-02-16
TAO,2026-02-23 01:00:00+00:00,2026-02-23 01:00:00+00:00,-1,170.57,165.4529,299.99999999999915,288.49999999999915,TP,2026-02-23
TAO,2026-02-23 02:00:00+00:00,2026-02-23 09:00:00+00:00,-1,166.75,171.7525,-300.0000000000003,-311.5000000000003,SL,2026-02-23
TAO,2026-02-28 07:00:00+00:00,2026-02-28 13:00:00+00:00,-1,168.69,173.7507,-300.0000000000003,-311.5000000000003,SL,2026-02-28
TAO,2026-03-13 15:00:00+00:00,2026-03-13 15:00:00+00:00,-1,245.48,238.11559999999997,300.0000000000003,288.5000000000003,TP,2026-03-13
TAO,2026-03-18 12:00:00+00:00,2026-03-18 12:00:00+00:00,-1,276.49,268.1953,300.00000000000136,288.50000000000136,TP,2026-03-18
TAO,2026-03-18 15:00:00+00:00,2026-03-19 00:00:00+00:00,-1,265.9,273.877,-300.0000000000003,-311.5000000000003,SL,2026-03-18
TAO,2026-03-22 00:00:00+00:00,2026-03-22 01:00:00+00:00,-1,267.99,276.0297,-300.0000000000003,-311.5000000000003,SL,2026-03-22
TAO,2026-03-23 07:00:00+00:00,2026-03-23 11:00:00+00:00,-1,269.78,277.8734,-300.0000000000003,-311.5000000000003,SL,2026-03-23
TAO,2026-03-23 16:00:00+00:00,2026-03-23 17:00:00+00:00,-1,280.05,288.4515,-300.0000000000003,-311.5000000000003,SL,2026-03-23
TAO,2026-03-27 11:00:00+00:00,2026-03-27 15:00:00+00:00,-1,322.47,332.14410000000004,-300.0000000000003,-311.5000000000003,SL,2026-03-27
TAO,2026-03-29 23:00:00+00:00,2026-03-30 00:00:00+00:00,-1,312.97,322.3591,-300.0000000000003,-311.5000000000003,SL,2026-03-29
TAO,2026-03-31 15:00:00+00:00,2026-04-01 06:00:00+00:00,-1,303.14,312.2342,-300.0000000000003,-311.5000000000003,SL,2026-03-31
TAO,2026-04-02 02:00:00+00:00,2026-04-02 10:00:00+00:00,-1,309.31,300.03069999999997,300.00000000000136,288.50000000000136,TP,2026-04-02
TAO,2026-04-07 11:00:00+00:00,2026-04-07 21:00:00+00:00,-1,312.76,322.1428,-300.0000000000003,-311.5000000000003,SL,2026-04-07
TAO,2026-04-08 19:00:00+00:00,2026-04-09 00:00:00+00:00,-1,330.46,320.5462,299.99999999999915,288.49999999999915,TP,2026-04-08
TAO,2026-04-12 02:00:00+00:00,2026-04-13 14:00:00+00:00,-1,264.18,261.14,115.07305624952724,103.57305624952724,TIME,2026-04-12
TAO,2026-04-16 14:00:00+00:00,2026-04-16 21:00:00+00:00,-1,237.98,245.11939999999998,-300.0000000000003,-311.5000000000003,SL,2026-04-16
UNI,2025-07-01 15:00:00+00:00,2025-07-01 23:00:00+00:00,-1,6.932,6.7240400000000005,300.0000000000003,288.5000000000003,TP,2025-07-01
UNI,2025-07-04 14:00:00+00:00,2025-07-04 14:00:00+00:00,-1,7.211,6.99467,300.0000000000003,288.5000000000003,TP,2025-07-04
UNI,2025-07-09 21:00:00+00:00,2025-07-10 14:00:00+00:00,-1,8.318,8.06846,299.99999999999915,288.49999999999915,TP,2025-07-09
UNI,2025-07-14 16:00:00+00:00,2025-07-15 01:00:00+00:00,-1,9.268,8.98996,300.0000000000003,288.5000000000003,TP,2025-07-14
UNI,2025-07-15 15:00:00+00:00,2025-07-15 17:00:00+00:00,-1,8.978,9.24734,-300.0000000000003,-311.5000000000003,SL,2025-07-15
UNI,2025-07-22 14:00:00+00:00,2025-07-22 16:00:00+00:00,-1,10.314,10.623420000000001,-300.0000000000003,-311.5000000000003,SL,2025-07-22
UNI,2025-07-25 03:00:00+00:00,2025-07-25 08:00:00+00:00,-1,9.829,10.12387,-300.0000000000003,-311.5000000000003,SL,2025-07-25
UNI,2025-07-25 15:00:00+00:00,2025-07-25 20:00:00+00:00,-1,10.007,10.30721,-300.0000000000003,-311.5000000000003,SL,2025-07-25
UNI,2025-07-30 19:00:00+00:00,2025-07-30 19:00:00+00:00,-1,9.883,9.586509999999999,300.0000000000003,288.5000000000003,TP,2025-07-30
UNI,2025-07-31 20:00:00+00:00,2025-08-01 00:00:00+00:00,-1,9.539,9.25283,300.0000000000003,288.5000000000003,TP,2025-07-31
UNI,2025-08-01 14:00:00+00:00,2025-08-02 18:00:00+00:00,-1,8.973,8.70381,300.0000000000003,288.5000000000003,TP,2025-08-01
UNI,2025-08-05 15:00:00+00:00,2025-08-07 03:00:00+00:00,-1,9.576,9.662,-89.80785296574867,-101.30785296574867,TIME,2025-08-05
UNI,2025-08-14 13:00:00+00:00,2025-08-15 15:00:00+00:00,-1,10.95,10.6215,300.0000000000003,288.5000000000003,TP,2025-08-14
UNI,2025-08-19 15:00:00+00:00,2025-08-20 17:00:00+00:00,-1,10.225,10.53175,-300.0000000000003,-311.5000000000003,SL,2025-08-19
UNI,2025-08-24 20:00:00+00:00,2025-08-25 00:00:00+00:00,-1,11.07,10.7379,300.0000000000003,288.5000000000003,TP,2025-08-24
UNI,2025-08-25 20:00:00+00:00,2025-08-27 03:00:00+00:00,-1,9.739,10.031170000000001,-300.0000000000003,-311.5000000000003,SL,2025-08-25
UNI,2025-08-29 08:00:00+00:00,2025-08-30 20:00:00+00:00,-1,9.673,9.633,41.3522175126646,29.852217512664602,TIME,2025-08-29
UNI,2025-09-01 22:00:00+00:00,2025-09-02 02:00:00+00:00,-1,9.191,9.466730000000002,-300.0000000000003,-311.5000000000003,SL,2025-09-01
UNI,2025-09-05 15:00:00+00:00,2025-09-07 03:00:00+00:00,-1,9.345,9.409,-68.4858212948103,-79.9858212948103,TIME,2025-09-05
UNI,2025-09-09 15:00:00+00:00,2025-09-11 03:00:00+00:00,-1,9.591,9.87873,-300.0000000000003,-311.5000000000003,SL,2025-09-09
UNI,2025-09-15 00:00:00+00:00,2025-09-15 08:00:00+00:00,-1,9.406,9.12382,300.0000000000003,288.5000000000003,TP,2025-09-15
UNI,2025-09-15 09:00:00+00:00,2025-09-16 08:00:00+00:00,-1,9.026,9.29678,-300.0000000000003,-311.5000000000003,SL,2025-09-15
UNI,2025-09-22 01:00:00+00:00,2025-09-22 05:00:00+00:00,-1,8.783,8.519509999999999,300.00000000000136,288.50000000000136,TP,2025-09-22
UNI,2025-09-22 06:00:00+00:00,2025-09-22 06:00:00+00:00,-1,8.481,8.226569999999999,300.00000000000136,288.50000000000136,TP,2025-09-22
UNI,2025-09-22 07:00:00+00:00,2025-09-23 19:00:00+00:00,-1,8.246,8.035,255.88163958282783,244.38163958282783,TIME,2025-09-22
UNI,2025-09-25 05:00:00+00:00,2025-09-25 17:00:00+00:00,-1,7.659,7.42923,300.0000000000003,288.5000000000003,TP,2025-09-25
UNI,2025-09-25 18:00:00+00:00,2025-09-25 18:00:00+00:00,-1,7.328,7.547840000000001,-300.0000000000003,-311.5000000000003,SL,2025-09-25
UNI,2025-09-26 15:00:00+00:00,2025-09-26 17:00:00+00:00,-1,7.388,7.60964,-300.0000000000003,-311.5000000000003,SL,2025-09-26
UNI,2025-10-05 10:00:00+00:00,2025-10-05 17:00:00+00:00,-1,8.357,8.10629,300.0000000000003,288.5000000000003,TP,2025-10-05
UNI,2025-10-07 15:00:00+00:00,2025-10-09 03:00:00+00:00,-1,7.923,7.922,1.2621481761965203,-10.23785182380348,TIME,2025-10-07
UNI,2025-10-09 14:00:00+00:00,2025-10-10 01:00:00+00:00,-1,7.752,7.98456,-300.0000000000003,-311.5000000000003,SL,2025-10-09
UNI,2025-10-10 15:00:00+00:00,2025-10-10 15:00:00+00:00,-1,8.029,7.78813,300.0000000000003,288.5000000000003,TP,2025-10-10
UNI,2025-10-10 16:00:00+00:00,2025-10-10 19:00:00+00:00,-1,7.749,7.5165299999999995,300.0000000000003,288.5000000000003,TP,2025-10-10
UNI,2025-10-10 21:00:00+00:00,2025-10-10 21:00:00+00:00,-1,6.975,6.76575,300.0000000000003,288.5000000000003,TP,2025-10-10
UNI,2025-10-11 02:00:00+00:00,2025-10-11 02:00:00+00:00,-1,5.602,5.770060000000001,-300.0000000000003,-311.5000000000003,SL,2025-10-11
UNI,2025-10-16 16:00:00+00:00,2025-10-17 06:00:00+00:00,-1,6.324,6.1342799999999995,300.0000000000003,288.5000000000003,TP,2025-10-16
UNI,2025-10-17 07:00:00+00:00,2025-10-17 08:00:00+00:00,-1,6.108,5.924759999999999,300.00000000000136,288.50000000000136,TP,2025-10-17
UNI,2025-10-21 05:00:00+00:00,2025-10-21 14:00:00+00:00,-1,6.138,6.32214,-300.0000000000003,-311.5000000000003,SL,2025-10-21
UNI,2025-10-21 23:00:00+00:00,2025-10-22 07:00:00+00:00,-1,6.332,6.14204,300.0000000000003,288.5000000000003,TP,2025-10-21
UNI,2025-10-28 20:00:00+00:00,2025-10-29 15:00:00+00:00,-1,6.428,6.23516,300.0000000000003,288.5000000000003,TP,2025-10-28
UNI,2025-10-29 16:00:00+00:00,2025-10-29 17:00:00+00:00,-1,6.223,6.40969,-300.0000000000003,-311.5000000000003,SL,2025-10-29
UNI,2025-10-29 19:00:00+00:00,2025-10-30 03:00:00+00:00,-1,6.351,6.16047,300.0000000000003,288.5000000000003,TP,2025-10-29
UNI,2025-10-30 05:00:00+00:00,2025-10-30 15:00:00+00:00,-1,5.989,5.80933,299.99999999999915,288.49999999999915,TP,2025-10-30
UNI,2025-10-31 17:00:00+00:00,2025-10-31 19:00:00+00:00,-1,5.63,5.7989,-300.0000000000003,-311.5000000000003,SL,2025-10-31
UNI,2025-11-03 16:00:00+00:00,2025-11-03 17:00:00+00:00,-1,5.132,5.28596,-300.0000000000003,-311.5000000000003,SL,2025-11-03
UNI,2025-11-04 06:00:00+00:00,2025-11-04 06:00:00+00:00,-1,5.047,5.19841,-300.0000000000003,-311.5000000000003,SL,2025-11-04
UNI,2025-11-10 15:00:00+00:00,2025-11-10 19:00:00+00:00,-1,6.837,7.04211,-300.0000000000003,-311.5000000000003,SL,2025-11-10
UNI,2025-11-12 16:00:00+00:00,2025-11-12 17:00:00+00:00,-1,7.808,7.57376,300.0000000000003,288.5000000000003,TP,2025-11-12
UNI,2025-11-13 16:00:00+00:00,2025-11-13 17:00:00+00:00,-1,7.947,7.70859,300.0000000000003,288.5000000000003,TP,2025-11-13
UNI,2025-11-14 05:00:00+00:00,2025-11-14 06:00:00+00:00,-1,7.372,7.59316,-300.0000000000003,-311.5000000000003,SL,2025-11-14
UNI,2025-11-14 21:00:00+00:00,2025-11-15 00:00:00+00:00,-1,7.01,7.2203,-300.0000000000003,-311.5000000000003,SL,2025-11-14
UNI,2025-11-17 14:00:00+00:00,2025-11-17 14:00:00+00:00,-1,7.763,7.99589,-300.0000000000003,-311.5000000000003,SL,2025-11-17
UNI,2025-11-17 18:00:00+00:00,2025-11-17 19:00:00+00:00,-1,7.387,7.1653899999999995,300.0000000000003,288.5000000000003,TP,2025-11-17
UNI,2025-11-19 16:00:00+00:00,2025-11-19 21:00:00+00:00,-1,6.891,7.09773,-300.0000000000003,-311.5000000000003,SL,2025-11-19
UNI,2025-11-20 17:00:00+00:00,2025-11-20 19:00:00+00:00,-1,6.732,6.53004,300.00000000000136,288.50000000000136,TP,2025-11-20
UNI,2025-11-21 00:00:00+00:00,2025-11-21 07:00:00+00:00,-1,6.574,6.37678,299.99999999999915,288.49999999999915,TP,2025-11-21
UNI,2025-11-21 08:00:00+00:00,2025-11-21 12:00:00+00:00,-1,6.282,6.09354,300.0000000000003,288.5000000000003,TP,2025-11-21
UNI,2025-11-21 16:00:00+00:00,2025-11-21 17:00:00+00:00,-1,6.234,6.42102,-300.0000000000003,-311.5000000000003,SL,2025-11-21
UNI,2025-11-28 17:00:00+00:00,2025-11-30 05:00:00+00:00,-1,6.116,6.058,94.83322432962682,83.33322432962682,TIME,2025-11-28
UNI,2025-12-01 01:00:00+00:00,2025-12-01 04:00:00+00:00,-1,5.642,5.47274,300.0000000000003,288.5000000000003,TP,2025-12-01
UNI,2025-12-01 16:00:00+00:00,2025-12-02 08:00:00+00:00,-1,5.57,5.4029,300.00000000000136,288.50000000000136,TP,2025-12-01
UNI,2025-12-05 17:00:00+00:00,2025-12-07 05:00:00+00:00,-1,5.552,5.599,-84.65417867435265,-96.15417867435265,TIME,2025-12-05
UNI,2025-12-12 16:00:00+00:00,2025-12-13 00:00:00+00:00,-1,5.276,5.43428,-300.0000000000003,-311.5000000000003,SL,2025-12-12
UNI,2025-12-15 15:00:00+00:00,2025-12-15 16:00:00+00:00,-1,5.218,5.061459999999999,300.00000000000136,288.50000000000136,TP,2025-12-15
UNI,2025-12-17 16:00:00+00:00,2025-12-17 18:00:00+00:00,-1,5.076,4.923719999999999,300.0000000000003,288.5000000000003,TP,2025-12-17
UNI,2025-12-18 18:00:00+00:00,2025-12-18 19:00:00+00:00,-1,5.106,4.95282,300.0000000000003,288.5000000000003,TP,2025-12-18
UNI,2025-12-18 20:00:00+00:00,2025-12-19 03:00:00+00:00,-1,4.9,5.047000000000001,-300.0000000000003,-311.5000000000003,SL,2025-12-18
UNI,2025-12-26 15:00:00+00:00,2025-12-27 03:00:00+00:00,-1,5.776,5.94928,-300.0000000000003,-311.5000000000003,SL,2025-12-26
UNI,2025-12-29 10:00:00+00:00,2025-12-30 06:00:00+00:00,-1,6.091,5.90827,300.0000000000003,288.5000000000003,TP,2025-12-29
UNI,2026-01-06 17:00:00+00:00,2026-01-07 14:00:00+00:00,-1,5.994,5.8141799999999995,300.0000000000003,288.5000000000003,TP,2026-01-06
UNI,2026-01-08 07:00:00+00:00,2026-01-09 08:00:00+00:00,-1,5.539,5.3728299999999996,300.0000000000003,288.5000000000003,TP,2026-01-08
UNI,2026-01-19 00:00:00+00:00,2026-01-19 00:00:00+00:00,-1,5.089,4.93633,300.00000000000136,288.50000000000136,TP,2026-01-19
UNI,2026-01-19 01:00:00+00:00,2026-01-19 19:00:00+00:00,-1,4.898,5.0449399999999995,-300.0000000000003,-311.5000000000003,SL,2026-01-19
UNI,2026-01-21 17:00:00+00:00,2026-01-21 19:00:00+00:00,-1,4.803,4.94709,-300.0000000000003,-311.5000000000003,SL,2026-01-21
UNI,2026-01-27 18:00:00+00:00,2026-01-27 20:00:00+00:00,-1,4.645,4.78435,-300.0000000000003,-311.5000000000003,SL,2026-01-27
UNI,2026-01-29 15:00:00+00:00,2026-01-29 15:00:00+00:00,-1,4.567,4.42999,300.0000000000003,288.5000000000003,TP,2026-01-29
UNI,2026-01-29 16:00:00+00:00,2026-01-29 19:00:00+00:00,-1,4.446,4.31262,299.99999999999915,288.49999999999915,TP,2026-01-29
UNI,2026-01-30 02:00:00+00:00,2026-01-30 06:00:00+00:00,-1,4.321,4.19137,299.99999999999915,288.49999999999915,TP,2026-01-30
UNI,2026-01-31 15:00:00+00:00,2026-01-31 17:00:00+00:00,-1,3.976,3.8567199999999997,300.0000000000003,288.5000000000003,TP,2026-01-31
UNI,2026-01-31 18:00:00+00:00,2026-01-31 18:00:00+00:00,-1,3.824,3.7092799999999997,300.0000000000003,288.5000000000003,TP,2026-01-31
UNI,2026-02-02 03:00:00+00:00,2026-02-02 03:00:00+00:00,-1,3.882,3.76554,300.0000000000003,288.5000000000003,TP,2026-02-02
UNI,2026-02-03 03:00:00+00:00,2026-02-03 15:00:00+00:00,-1,3.844,3.95932,-300.0000000000003,-311.5000000000003,SL,2026-02-03
UNI,2026-02-03 17:00:00+00:00,2026-02-03 18:00:00+00:00,-1,3.875,3.75875,300.0000000000003,288.5000000000003,TP,2026-02-03
UNI,2026-02-03 19:00:00+00:00,2026-02-03 19:00:00+00:00,-1,3.72,3.8316000000000003,-300.0000000000003,-311.5000000000003,SL,2026-02-03
UNI,2026-02-05 16:00:00+00:00,2026-02-05 16:00:00+00:00,-1,3.355,3.45565,-300.0000000000003,-311.5000000000003,SL,2026-02-05
UNI,2026-02-05 18:00:00+00:00,2026-02-05 20:00:00+00:00,-1,3.326,3.22622,300.0000000000003,288.5000000000003,TP,2026-02-05
UNI,2026-02-05 21:00:00+00:00,2026-02-06 00:00:00+00:00,-1,3.224,3.1272800000000003,300.0000000000003,288.5000000000003,TP,2026-02-05
UNI,2026-02-16 14:00:00+00:00,2026-02-16 23:00:00+00:00,-1,3.499,3.6039700000000003,-300.0000000000003,-311.5000000000003,SL,2026-02-16
UNI,2026-02-17 15:00:00+00:00,2026-02-18 07:00:00+00:00,-1,3.473,3.57719,-300.0000000000003,-311.5000000000003,SL,2026-02-17
UNI,2026-02-23 01:00:00+00:00,2026-02-23 01:00:00+00:00,-1,3.428,3.32516,300.0000000000003,288.5000000000003,TP,2026-02-23
UNI,2026-02-23 02:00:00+00:00,2026-02-23 09:00:00+00:00,-1,3.293,3.3917900000000003,-300.0000000000003,-311.5000000000003,SL,2026-02-23
UNI,2026-02-28 07:00:00+00:00,2026-02-28 07:00:00+00:00,-1,3.56,3.6668000000000003,-300.0000000000003,-311.5000000000003,SL,2026-02-28
UNI,2026-03-13 15:00:00+00:00,2026-03-14 00:00:00+00:00,-1,4.103,3.97991,300.0000000000003,288.5000000000003,TP,2026-03-13
UNI,2026-03-18 12:00:00+00:00,2026-03-18 14:00:00+00:00,-1,3.858,3.74226,300.0000000000003,288.5000000000003,TP,2026-03-18
UNI,2026-03-18 15:00:00+00:00,2026-03-19 13:00:00+00:00,-1,3.658,3.54826,300.0000000000003,288.5000000000003,TP,2026-03-18
UNI,2026-03-22 00:00:00+00:00,2026-03-23 11:00:00+00:00,-1,3.474,3.5782200000000004,-300.0000000000003,-311.5000000000003,SL,2026-03-22
UNI,2026-03-23 16:00:00+00:00,2026-03-25 04:00:00+00:00,-1,3.527,3.622,-269.3507229940462,-280.8507229940462,TIME,2026-03-23
UNI,2026-03-27 11:00:00+00:00,2026-03-28 23:00:00+00:00,-1,3.377,3.381,-11.844832691738638,-23.344832691738638,TIME,2026-03-27
UNI,2026-03-29 23:00:00+00:00,2026-03-30 02:00:00+00:00,-1,3.339,3.43917,-300.0000000000003,-311.5000000000003,SL,2026-03-29
UNI,2026-03-31 15:00:00+00:00,2026-04-01 05:00:00+00:00,-1,3.497,3.60191,-300.0000000000003,-311.5000000000003,SL,2026-03-31
UNI,2026-04-02 02:00:00+00:00,2026-04-02 04:00:00+00:00,-1,3.497,3.3920899999999996,300.0000000000003,288.5000000000003,TP,2026-04-02
UNI,2026-04-07 11:00:00+00:00,2026-04-07 21:00:00+00:00,-1,3.054,3.14562,-300.0000000000003,-311.5000000000003,SL,2026-04-07
UNI,2026-04-08 19:00:00+00:00,2026-04-10 07:00:00+00:00,-1,3.142,3.11,101.84595798854224,90.34595798854224,TIME,2026-04-08
UNI,2026-04-12 02:00:00+00:00,2026-04-13 14:00:00+00:00,-1,3.062,3.096,-111.03853690398458,-122.53853690398458,TIME,2026-04-12
XLM,2025-07-01 15:00:00+00:00,2025-07-01 17:00:00+00:00,-1,0.23298,0.22599059999999999,300.0000000000003,288.5000000000003,TP,2025-07-01
XLM,2025-07-04 14:00:00+00:00,2025-07-06 02:00:00+00:00,-1,0.23783,0.23675,45.410587394358885,33.910587394358885,TIME,2025-07-04
XLM,2025-07-09 21:00:00+00:00,2025-07-10 02:00:00+00:00,-1,0.28648,0.2950744,-300.0000000000003,-311.5000000000003,SL,2025-07-09
XLM,2025-07-14 16:00:00+00:00,2025-07-14 20:00:00+00:00,-1,0.45639,0.4426983,300.0000000000003,288.5000000000003,TP,2025-07-14
XLM,2025-07-15 15:00:00+00:00,2025-07-15 17:00:00+00:00,-1,0.44244,0.4557132,-300.0000000000003,-311.5000000000003,SL,2025-07-15
XLM,2025-07-22 14:00:00+00:00,2025-07-22 17:00:00+00:00,-1,0.45584,0.4695152,-300.0000000000003,-311.5000000000003,SL,2025-07-22
XLM,2025-07-25 03:00:00+00:00,2025-07-25 12:00:00+00:00,-1,0.41698,0.4294894,-300.0000000000003,-311.5000000000003,SL,2025-07-25
XLM,2025-07-25 15:00:00+00:00,2025-07-25 19:00:00+00:00,-1,0.4071,0.41931300000000005,-300.0000000000003,-311.5000000000003,SL,2025-07-25
XLM,2025-07-30 19:00:00+00:00,2025-07-31 02:00:00+00:00,-1,0.40301,0.4151003,-300.0000000000003,-311.5000000000003,SL,2025-07-30
XLM,2025-07-31 20:00:00+00:00,2025-08-01 00:00:00+00:00,-1,0.40627,0.3940819,300.00000000000136,288.50000000000136,TP,2025-07-31
XLM,2025-08-01 14:00:00+00:00,2025-08-01 14:00:00+00:00,-1,0.38652,0.39811559999999996,-300.0000000000003,-311.5000000000003,SL,2025-08-01
XLM,2025-08-05 15:00:00+00:00,2025-08-07 03:00:00+00:00,-1,0.39662,0.39708,-11.598003126418455,-23.098003126418455,TIME,2025-08-05
XLM,2025-08-14 13:00:00+00:00,2025-08-16 01:00:00+00:00,-1,0.42286,0.429,-145.2017216099888,-156.7017216099888,TIME,2025-08-14
XLM,2025-08-19 15:00:00+00:00,2025-08-21 03:00:00+00:00,-1,0.39929,0.40143,-53.59513135816174,-65.09513135816174,TIME,2025-08-19
XLM,2025-08-24 20:00:00+00:00,2025-08-25 06:00:00+00:00,-1,0.41203,0.3996691,300.0000000000003,288.5000000000003,TP,2025-08-24
XLM,2025-08-25 20:00:00+00:00,2025-08-26 19:00:00+00:00,-1,0.3855,0.397065,-300.0000000000003,-311.5000000000003,SL,2025-08-25
XLM,2025-08-29 08:00:00+00:00,2025-08-30 01:00:00+00:00,-1,0.36546,0.3544962,300.0000000000003,288.5000000000003,TP,2025-08-29
XLM,2025-09-01 22:00:00+00:00,2025-09-02 03:00:00+00:00,-1,0.35016,0.36066480000000006,-300.0000000000003,-311.5000000000003,SL,2025-09-01
XLM,2025-09-05 15:00:00+00:00,2025-09-07 03:00:00+00:00,-1,0.35866,0.35878,-3.345787096413755,-14.845787096413755,TIME,2025-09-05
XLM,2025-09-09 15:00:00+00:00,2025-09-11 00:00:00+00:00,-1,0.37483,0.3860749,-300.0000000000003,-311.5000000000003,SL,2025-09-09
XLM,2025-09-15 00:00:00+00:00,2025-09-15 08:00:00+00:00,-1,0.38925,0.3775725,300.0000000000003,288.5000000000003,TP,2025-09-15
XLM,2025-09-15 09:00:00+00:00,2025-09-16 08:00:00+00:00,-1,0.37521,0.3864663,-300.0000000000003,-311.5000000000003,SL,2025-09-15
XLM,2025-09-22 01:00:00+00:00,2025-09-22 06:00:00+00:00,-1,0.37235,0.3611795,300.0000000000003,288.5000000000003,TP,2025-09-22
XLM,2025-09-22 07:00:00+00:00,2025-09-23 00:00:00+00:00,-1,0.35924,0.3700172,-300.0000000000003,-311.5000000000003,SL,2025-09-22
XLM,2025-09-23 18:00:00+00:00,2025-09-24 17:00:00+00:00,-1,0.36634,0.3773302,-300.0000000000003,-311.5000000000003,SL,2025-09-23
XLM,2025-09-25 05:00:00+00:00,2025-09-25 17:00:00+00:00,-1,0.36226,0.35139220000000004,299.99999999999915,288.49999999999915,TP,2025-09-25
XLM,2025-09-25 18:00:00+00:00,2025-09-26 17:00:00+00:00,-1,0.34809,0.35853270000000004,-300.0000000000003,-311.5000000000003,SL,2025-09-25
XLM,2025-10-05 10:00:00+00:00,2025-10-06 22:00:00+00:00,-1,0.40368,0.4109,-178.8545382481166,-190.3545382481166,TIME,2025-10-05
XLM,2025-10-07 15:00:00+00:00,2025-10-08 06:00:00+00:00,-1,0.39051,0.37879470000000004,299.99999999999915,288.49999999999915,TP,2025-10-07
XLM,2025-10-09 14:00:00+00:00,2025-10-10 18:00:00+00:00,-1,0.37632,0.3650304,300.0000000000003,288.5000000000003,TP,2025-10-09
XLM,2025-10-10 21:00:00+00:00,2025-10-10 21:00:00+00:00,-1,0.33834,0.3281898,300.0000000000003,288.5000000000003,TP,2025-10-10
XLM,2025-10-11 02:00:00+00:00,2025-10-11 02:00:00+00:00,-1,0.31688,0.3263864,-300.0000000000003,-311.5000000000003,SL,2025-10-11
XLM,2025-10-16 16:00:00+00:00,2025-10-17 06:00:00+00:00,-1,0.31521,0.30575369999999996,300.00000000000136,288.50000000000136,TP,2025-10-16
XLM,2025-10-17 07:00:00+00:00,2025-10-17 08:00:00+00:00,-1,0.30262,0.2935414,300.0000000000003,288.5000000000003,TP,2025-10-17
XLM,2025-10-21 05:00:00+00:00,2025-10-21 14:00:00+00:00,-1,0.3145,0.32393500000000003,-300.0000000000003,-311.5000000000003,SL,2025-10-21
XLM,2025-10-21 23:00:00+00:00,2025-10-22 09:00:00+00:00,-1,0.31809,0.30854729999999997,300.0000000000003,288.5000000000003,TP,2025-10-21
XLM,2025-10-28 20:00:00+00:00,2025-10-29 18:00:00+00:00,-1,0.32236,0.31268919999999994,300.00000000000136,288.50000000000136,TP,2025-10-28
XLM,2025-10-29 19:00:00+00:00,2025-10-30 04:00:00+00:00,-1,0.31927,0.30969189999999996,300.00000000000136,288.50000000000136,TP,2025-10-29
XLM,2025-10-30 05:00:00+00:00,2025-10-30 13:00:00+00:00,-1,0.30996,0.3006612,300.0000000000003,288.5000000000003,TP,2025-10-30
XLM,2025-10-31 17:00:00+00:00,2025-11-02 05:00:00+00:00,-1,0.30063,0.30608,-181.2859661377786,-192.7859661377786,TIME,2025-10-31
XLM,2025-11-03 16:00:00+00:00,2025-11-04 05:00:00+00:00,-1,0.27984,0.2714448,300.0000000000003,288.5000000000003,TP,2025-11-03
XLM,2025-11-04 06:00:00+00:00,2025-11-04 11:00:00+00:00,-1,0.27027,0.2783781,-300.0000000000003,-311.5000000000003,SL,2025-11-04
XLM,2025-11-10 15:00:00+00:00,2025-11-11 06:00:00+00:00,-1,0.30247,0.2933959,300.00000000000136,288.50000000000136,TP,2025-11-10
XLM,2025-11-12 16:00:00+00:00,2025-11-12 17:00:00+00:00,-1,0.28404,0.2755188,300.0000000000003,288.5000000000003,TP,2025-11-12
XLM,2025-11-13 16:00:00+00:00,2025-11-13 17:00:00+00:00,-1,0.2808,0.272376,299.99999999999915,288.49999999999915,TP,2025-11-13
XLM,2025-11-14 05:00:00+00:00,2025-11-15 17:00:00+00:00,-1,0.26412,0.26163,94.27532939573102,82.77532939573102,TIME,2025-11-14
XLM,2025-11-17 14:00:00+00:00,2025-11-17 14:00:00+00:00,-1,0.25335,0.26095050000000003,-300.0000000000003,-311.5000000000003,SL,2025-11-17
XLM,2025-11-17 18:00:00+00:00,2025-11-18 16:00:00+00:00,-1,0.24816,0.2556048,-300.0000000000003,-311.5000000000003,SL,2025-11-17
XLM,2025-11-19 16:00:00+00:00,2025-11-20 00:00:00+00:00,-1,0.24131,0.2485493,-300.0000000000003,-311.5000000000003,SL,2025-11-19
XLM,2025-11-20 17:00:00+00:00,2025-11-21 07:00:00+00:00,-1,0.23985,0.23265450000000001,300.0000000000003,288.5000000000003,TP,2025-11-20
XLM,2025-11-21 08:00:00+00:00,2025-11-21 10:00:00+00:00,-1,0.22814,0.22129580000000001,300.0000000000003,288.5000000000003,TP,2025-11-21
XLM,2025-11-21 16:00:00+00:00,2025-11-21 17:00:00+00:00,-1,0.22704,0.2338512,-300.0000000000003,-311.5000000000003,SL,2025-11-21
XLM,2025-11-28 17:00:00+00:00,2025-11-30 05:00:00+00:00,-1,0.25532,0.25275,100.65799780667462,89.15799780667462,TIME,2025-11-28
XLM,2025-12-01 01:00:00+00:00,2025-12-01 12:00:00+00:00,-1,0.23565,0.2285805,300.0000000000003,288.5000000000003,TP,2025-12-01
XLM,2025-12-01 16:00:00+00:00,2025-12-02 14:00:00+00:00,-1,0.23232,0.2392896,-300.0000000000003,-311.5000000000003,SL,2025-12-01
XLM,2025-12-05 17:00:00+00:00,2025-12-07 05:00:00+00:00,-1,0.2434,0.24091,102.30073952341768,90.80073952341768,TIME,2025-12-05
XLM,2025-12-12 16:00:00+00:00,2025-12-14 04:00:00+00:00,-1,0.23618,0.23615,1.2702176306211843,-10.229782369378816,TIME,2025-12-12
XLM,2025-12-15 15:00:00+00:00,2025-12-15 17:00:00+00:00,-1,0.22555,0.2187835,300.0000000000003,288.5000000000003,TP,2025-12-15
XLM,2025-12-17 16:00:00+00:00,2025-12-17 18:00:00+00:00,-1,0.21601,0.2095297,300.0000000000003,288.5000000000003,TP,2025-12-17
XLM,2025-12-18 18:00:00+00:00,2025-12-18 19:00:00+00:00,-1,0.20942,0.2031374,300.0000000000003,288.5000000000003,TP,2025-12-18
XLM,2025-12-18 20:00:00+00:00,2025-12-19 03:00:00+00:00,-1,0.20307,0.20916210000000002,-300.0000000000003,-311.5000000000003,SL,2025-12-18
XLM,2025-12-26 15:00:00+00:00,2025-12-27 21:00:00+00:00,-1,0.21179,0.21814370000000002,-300.0000000000003,-311.5000000000003,SL,2025-12-26
XLM,2025-12-29 10:00:00+00:00,2025-12-30 02:00:00+00:00,-1,0.22072,0.2140984,300.0000000000003,288.5000000000003,TP,2025-12-29
XLM,2026-01-06 17:00:00+00:00,2026-01-07 22:00:00+00:00,-1,0.23974,0.2325478,300.0000000000003,288.5000000000003,TP,2026-01-06
XLM,2026-01-08 07:00:00+00:00,2026-01-09 19:00:00+00:00,-1,0.22867,0.22645,97.08313289893744,85.58313289893744,TIME,2026-01-08
XLM,2026-01-19 00:00:00+00:00,2026-01-19 00:00:00+00:00,-1,0.21752,0.2109944,299.99999999999915,288.49999999999915,TP,2026-01-19
XLM,2026-01-19 01:00:00+00:00,2026-01-19 05:00:00+00:00,-1,0.2113,0.217639,-300.0000000000003,-311.5000000000003,SL,2026-01-19
XLM,2026-01-20 23:00:00+00:00,2026-01-21 05:00:00+00:00,-1,0.20716,0.2133748,-300.0000000000003,-311.5000000000003,SL,2026-01-20
XLM,2026-01-21 17:00:00+00:00,2026-01-21 19:00:00+00:00,-1,0.20638,0.21257140000000002,-300.0000000000003,-311.5000000000003,SL,2026-01-21
XLM,2026-01-27 18:00:00+00:00,2026-01-28 09:00:00+00:00,-1,0.20446,0.2105938,-300.0000000000003,-311.5000000000003,SL,2026-01-27
XLM,2026-01-29 15:00:00+00:00,2026-01-30 01:00:00+00:00,-1,0.20035,0.1943395,300.0000000000003,288.5000000000003,TP,2026-01-29
XLM,2026-01-30 02:00:00+00:00,2026-01-30 18:00:00+00:00,-1,0.19535,0.18948949999999998,300.00000000000136,288.50000000000136,TP,2026-01-30
XLM,2026-01-31 15:00:00+00:00,2026-01-31 17:00:00+00:00,-1,0.17932,0.1739404,300.0000000000003,288.5000000000003,TP,2026-01-31
XLM,2026-01-31 18:00:00+00:00,2026-01-31 18:00:00+00:00,-1,0.17208,0.1669176,300.0000000000003,288.5000000000003,TP,2026-01-31
XLM,2026-02-02 03:00:00+00:00,2026-02-02 03:00:00+00:00,-1,0.17526,0.1700022,300.0000000000003,288.5000000000003,TP,2026-02-02
XLM,2026-02-03 03:00:00+00:00,2026-02-03 18:00:00+00:00,-1,0.17538,0.1701186,300.0000000000003,288.5000000000003,TP,2026-02-03
XLM,2026-02-03 19:00:00+00:00,2026-02-03 19:00:00+00:00,-1,0.16819,0.17323570000000002,-300.0000000000003,-311.5000000000003,SL,2026-02-03
XLM,2026-02-05 16:00:00+00:00,2026-02-05 17:00:00+00:00,-1,0.15456,0.1499232,300.0000000000003,288.5000000000003,TP,2026-02-05
XLM,2026-02-05 18:00:00+00:00,2026-02-05 20:00:00+00:00,-1,0.15195,0.1473915,299.99999999999915,288.49999999999915,TP,2026-02-05
XLM,2026-02-05 21:00:00+00:00,2026-02-06 00:00:00+00:00,-1,0.14662,0.1510186,-300.0000000000003,-311.5000000000003,SL,2026-02-05
XLM,2026-02-16 14:00:00+00:00,2026-02-18 02:00:00+00:00,-1,0.1684,0.16599,143.11163895486922,131.61163895486922,TIME,2026-02-16
XLM,2026-02-23 01:00:00+00:00,2026-02-24 13:00:00+00:00,-1,0.15298,0.1483906,299.99999999999915,288.49999999999915,TP,2026-02-23
XLM,2026-02-28 07:00:00+00:00,2026-02-28 18:00:00+00:00,-1,0.15006,0.1545618,-300.0000000000003,-311.5000000000003,SL,2026-02-28
XLM,2026-03-13 15:00:00+00:00,2026-03-15 03:00:00+00:00,-1,0.16418,0.16755,-205.2625167499089,-216.7625167499089,TIME,2026-03-13
XLM,2026-03-18 12:00:00+00:00,2026-03-18 15:00:00+00:00,-1,0.17071,0.1655887,300.0000000000003,288.5000000000003,TP,2026-03-18
XLM,2026-03-22 00:00:00+00:00,2026-03-22 16:00:00+00:00,-1,0.16169,0.1568393,300.00000000000136,288.50000000000136,TP,2026-03-22
XLM,2026-03-23 07:00:00+00:00,2026-03-23 11:00:00+00:00,-1,0.15694,0.1616482,-300.0000000000003,-311.5000000000003,SL,2026-03-23
XLM,2026-03-23 16:00:00+00:00,2026-03-24 20:00:00+00:00,-1,0.16498,0.16992939999999998,-300.0000000000003,-311.5000000000003,SL,2026-03-23
XLM,2026-03-27 11:00:00+00:00,2026-03-28 23:00:00+00:00,-1,0.16866,0.16783,49.211431281869224,37.711431281869224,TIME,2026-03-27
XLM,2026-03-29 23:00:00+00:00,2026-03-30 02:00:00+00:00,-1,0.16361,0.1685183,-300.0000000000003,-311.5000000000003,SL,2026-03-29
XLM,2026-03-31 15:00:00+00:00,2026-04-01 03:00:00+00:00,-1,0.16462,0.1695586,-300.0000000000003,-311.5000000000003,SL,2026-03-31
XLM,2026-04-02 02:00:00+00:00,2026-04-02 11:00:00+00:00,-1,0.16664,0.1616408,300.0000000000003,288.5000000000003,TP,2026-04-02
XLM,2026-04-07 11:00:00+00:00,2026-04-07 22:00:00+00:00,-1,0.15492,0.1595676,-300.0000000000003,-311.5000000000003,SL,2026-04-07
XLM,2026-04-08 19:00:00+00:00,2026-04-09 08:00:00+00:00,-1,0.1583,0.153551,300.0000000000003,288.5000000000003,TP,2026-04-08
XLM,2026-04-12 02:00:00+00:00,2026-04-13 14:00:00+00:00,-1,0.15127,0.15334,-136.84140940041001,-148.34140940041001,TIME,2026-04-12
XLM,2026-04-16 14:00:00+00:00,2026-04-16 16:00:00+00:00,-1,0.16064,0.1654592,-300.0000000000003,-311.5000000000003,SL,2026-04-16
XRP,2025-07-01 15:00:00+00:00,2025-07-02 16:00:00+00:00,-1,2.1827,2.248181,-300.0000000000003,-311.5000000000003,SL,2025-07-01
XRP,2025-07-04 14:00:00+00:00,2025-07-06 02:00:00+00:00,-1,2.2191,2.2111,36.05065116488615,24.550651164886148,TIME,2025-07-04
XRP,2025-07-09 21:00:00+00:00,2025-07-10 16:00:00+00:00,-1,2.3934,2.465202,-300.0000000000003,-311.5000000000003,SL,2025-07-09
XRP,2025-07-14 16:00:00+00:00,2025-07-15 02:00:00+00:00,-1,2.948,2.8595599999999997,300.00000000000136,288.50000000000136,TP,2025-07-14
XRP,2025-07-15 15:00:00+00:00,2025-07-15 18:00:00+00:00,-1,2.8548,2.9404440000000003,-300.0000000000003,-311.5000000000003,SL,2025-07-15
XRP,2025-07-22 14:00:00+00:00,2025-07-23 12:00:00+00:00,-1,3.4791,3.3747269999999996,300.0000000000003,288.5000000000003,TP,2025-07-22
XRP,2025-07-25 03:00:00+00:00,2025-07-26 05:00:00+00:00,-1,3.0755,3.167765,-300.0000000000003,-311.5000000000003,SL,2025-07-25
XRP,2025-07-30 19:00:00+00:00,2025-07-31 03:00:00+00:00,-1,3.0471,3.138513,-300.0000000000003,-311.5000000000003,SL,2025-07-30
XRP,2025-07-31 20:00:00+00:00,2025-08-01 00:00:00+00:00,-1,3.0559,2.9642229999999996,300.0000000000003,288.5000000000003,TP,2025-07-31
XRP,2025-08-01 14:00:00+00:00,2025-08-01 14:00:00+00:00,-1,2.956,3.04468,-300.0000000000003,-311.5000000000003,SL,2025-08-01
XRP,2025-08-05 15:00:00+00:00,2025-08-07 03:00:00+00:00,-1,2.9742,2.9673,23.199515836191953,11.699515836191953,TIME,2025-08-05
XRP,2025-08-14 13:00:00+00:00,2025-08-15 16:00:00+00:00,-1,3.0998,3.006806,300.0000000000003,288.5000000000003,TP,2025-08-14
XRP,2025-08-19 15:00:00+00:00,2025-08-19 23:00:00+00:00,-1,2.9416,2.853352,300.0000000000003,288.5000000000003,TP,2025-08-19
XRP,2025-08-20 14:00:00+00:00,2025-08-20 15:00:00+00:00,-1,2.837,2.9221100000000004,-300.0000000000003,-311.5000000000003,SL,2025-08-20
XRP,2025-08-24 20:00:00+00:00,2025-08-25 07:00:00+00:00,-1,3.0333,2.942301,300.0000000000003,288.5000000000003,TP,2025-08-24
XRP,2025-08-25 20:00:00+00:00,2025-08-26 17:00:00+00:00,-1,2.8746,2.9608380000000003,-300.0000000000003,-311.5000000000003,SL,2025-08-25
XRP,2025-08-29 08:00:00+00:00,2025-08-29 20:00:00+00:00,-1,2.8687,2.782639,300.0000000000003,288.5000000000003,TP,2025-08-29
XRP,2025-09-01 22:00:00+00:00,2025-09-02 05:00:00+00:00,-1,2.7258,2.8075740000000002,-300.0000000000003,-311.5000000000003,SL,2025-09-01
XRP,2025-09-05 15:00:00+00:00,2025-09-07 03:00:00+00:00,-1,2.808,2.8212,-47.00854700854906,-58.50854700854906,TIME,2025-09-05
XRP,2025-09-09 15:00:00+00:00,2025-09-11 03:00:00+00:00,-1,2.9665,3.0079,-139.55840215742478,-151.05840215742478,TIME,2025-09-09
XRP,2025-09-15 00:00:00+00:00,2025-09-16 12:00:00+00:00,-1,3.0266,3.0367,-33.37077909205011,-44.87077909205011,TIME,2025-09-15
XRP,2025-09-22 01:00:00+00:00,2025-09-22 06:00:00+00:00,-1,2.915,2.82755,300.0000000000003,288.5000000000003,TP,2025-09-22
XRP,2025-09-22 07:00:00+00:00,2025-09-23 19:00:00+00:00,-1,2.8221,2.853,-109.4929307962178,-120.9929307962178,TIME,2025-09-22
XRP,2025-09-25 05:00:00+00:00,2025-09-25 17:00:00+00:00,-1,2.8439,2.7585830000000002,299.99999999999915,288.49999999999915,TP,2025-09-25
XRP,2025-09-25 18:00:00+00:00,2025-09-27 06:00:00+00:00,-1,2.7357,2.7951,-217.12907117008572,-228.62907117008572,TIME,2025-09-25
XRP,2025-10-05 10:00:00+00:00,2025-10-06 22:00:00+00:00,-1,3.0241,2.9996,81.01583942329849,69.51583942329849,TIME,2025-10-05
XRP,2025-10-07 15:00:00+00:00,2025-10-09 03:00:00+00:00,-1,2.9081,2.8435,222.1381658127297,210.6381658127297,TIME,2025-10-07
XRP,2025-10-09 14:00:00+00:00,2025-10-10 15:00:00+00:00,-1,2.8141,2.7296769999999997,300.0000000000003,288.5000000000003,TP,2025-10-09
XRP,2025-10-10 16:00:00+00:00,2025-10-10 19:00:00+00:00,-1,2.7407,2.658479,300.0000000000003,288.5000000000003,TP,2025-10-10
XRP,2025-10-10 21:00:00+00:00,2025-10-10 21:00:00+00:00,-1,2.4922,2.417434,299.99999999999915,288.49999999999915,TP,2025-10-10
XRP,2025-10-11 02:00:00+00:00,2025-10-11 02:00:00+00:00,-1,2.3328,2.4027840000000005,-300.0000000000003,-311.5000000000003,SL,2025-10-11
XRP,2025-10-11 08:00:00+00:00,2025-10-11 08:00:00+00:00,-1,2.4109,2.483227,-300.0000000000003,-311.5000000000003,SL,2025-10-11
XRP,2025-10-16 16:00:00+00:00,2025-10-17 06:00:00+00:00,-1,2.3536,2.282992,300.0000000000003,288.5000000000003,TP,2025-10-16
XRP,2025-10-17 07:00:00+00:00,2025-10-17 08:00:00+00:00,-1,2.2924,2.223628,300.0000000000003,288.5000000000003,TP,2025-10-17
XRP,2025-10-21 05:00:00+00:00,2025-10-21 15:00:00+00:00,-1,2.4231,2.495793,-300.0000000000003,-311.5000000000003,SL,2025-10-21
XRP,2025-10-21 23:00:00+00:00,2025-10-22 11:00:00+00:00,-1,2.4402,2.366994,299.99999999999915,288.49999999999915,TP,2025-10-21
XRP,2025-10-28 20:00:00+00:00,2025-10-29 18:00:00+00:00,-1,2.6409,2.561673,300.0000000000003,288.5000000000003,TP,2025-10-28
XRP,2025-10-29 19:00:00+00:00,2025-10-30 00:00:00+00:00,-1,2.6079,2.5296629999999998,300.0000000000003,288.5000000000003,TP,2025-10-29
XRP,2025-10-30 05:00:00+00:00,2025-10-30 07:00:00+00:00,-1,2.5072,2.5824160000000003,-300.0000000000003,-311.5000000000003,SL,2025-10-30
XRP,2025-10-30 13:00:00+00:00,2025-10-30 18:00:00+00:00,-1,2.4994,2.424418,299.99999999999915,288.49999999999915,TP,2025-10-30
XRP,2025-10-31 17:00:00+00:00,2025-11-02 05:00:00+00:00,-1,2.4939,2.5193,-101.84851036528997,-113.34851036528997,TIME,2025-10-31
XRP,2025-11-03 16:00:00+00:00,2025-11-04 05:00:00+00:00,-1,2.3272,2.257384,299.99999999999915,288.49999999999915,TP,2025-11-03
XRP,2025-11-04 06:00:00+00:00,2025-11-04 15:00:00+00:00,-1,2.249,2.3164700000000003,-300.0000000000003,-311.5000000000003,SL,2025-11-04
XRP,2025-11-10 15:00:00+00:00,2025-11-11 14:00:00+00:00,-1,2.5103,2.434991,299.99999999999915,288.49999999999915,TP,2025-11-10
XRP,2025-11-12 16:00:00+00:00,2025-11-13 03:00:00+00:00,-1,2.3671,2.4381130000000004,-300.0000000000003,-311.5000000000003,SL,2025-11-12
XRP,2025-11-13 16:00:00+00:00,2025-11-13 17:00:00+00:00,-1,2.4334,2.3603979999999996,300.00000000000136,288.50000000000136,TP,2025-11-13
XRP,2025-11-14 05:00:00+00:00,2025-11-15 17:00:00+00:00,-1,2.2886,2.2602,124.09333216813812,112.59333216813812,TIME,2025-11-14
XRP,2025-11-17 14:00:00+00:00,2025-11-17 14:00:00+00:00,-1,2.2103,2.276609,-300.0000000000003,-311.5000000000003,SL,2025-11-17
XRP,2025-11-17 18:00:00+00:00,2025-11-18 15:00:00+00:00,-1,2.1627,2.2275810000000003,-300.0000000000003,-311.5000000000003,SL,2025-11-17
XRP,2025-11-19 16:00:00+00:00,2025-11-20 05:00:00+00:00,-1,2.085,2.14755,-300.0000000000003,-311.5000000000003,SL,2025-11-19
XRP,2025-11-20 17:00:00+00:00,2025-11-21 07:00:00+00:00,-1,2.0094,1.949118,300.0000000000003,288.5000000000003,TP,2025-11-20
XRP,2025-11-21 08:00:00+00:00,2025-11-21 12:00:00+00:00,-1,1.9188,1.8612360000000001,300.0000000000003,288.5000000000003,TP,2025-11-21
XRP,2025-11-21 16:00:00+00:00,2025-11-21 17:00:00+00:00,-1,1.9106,1.967918,-300.0000000000003,-311.5000000000003,SL,2025-11-21
XRP,2025-11-28 17:00:00+00:00,2025-11-30 05:00:00+00:00,-1,2.1901,2.1942,-18.720606365005832,-30.220606365005832,TIME,2025-11-28
XRP,2025-12-01 01:00:00+00:00,2025-12-01 15:00:00+00:00,-1,2.0592,1.997424,300.0000000000003,288.5000000000003,TP,2025-12-01
XRP,2025-12-01 16:00:00+00:00,2025-12-02 14:00:00+00:00,-1,2.0069,2.067107,-300.0000000000003,-311.5000000000003,SL,2025-12-01
XRP,2025-12-05 17:00:00+00:00,2025-12-07 05:00:00+00:00,-1,2.0328,2.0473,-71.3301849665493,-82.8301849665493,TIME,2025-12-05
XRP,2025-12-12 16:00:00+00:00,2025-12-13 05:00:00+00:00,-1,1.9767,2.036001,-300.0000000000025,-311.5000000000025,SL,2025-12-12
XRP,2025-12-15 15:00:00+00:00,2025-12-15 18:00:00+00:00,-1,1.9391,1.880927,300.0000000000003,288.5000000000003,TP,2025-12-15
XRP,2025-12-17 16:00:00+00:00,2025-12-17 18:00:00+00:00,-1,1.9102,1.8528939999999998,300.0000000000003,288.5000000000003,TP,2025-12-17
XRP,2025-12-18 18:00:00+00:00,2025-12-18 19:00:00+00:00,-1,1.8653,1.8093409999999999,300.0000000000003,288.5000000000003,TP,2025-12-18
XRP,2025-12-18 20:00:00+00:00,2025-12-19 07:00:00+00:00,-1,1.8055,1.8596650000000001,-300.0000000000003,-311.5000000000003,SL,2025-12-18
XRP,2025-12-26 15:00:00+00:00,2025-12-28 03:00:00+00:00,-1,1.8436,1.8737,-163.26752006943002,-174.76752006943002,TIME,2025-12-26
XRP,2025-12-29 10:00:00+00:00,2025-12-30 22:00:00+00:00,-1,1.8748,1.8707,21.86899935993192,10.36899935993192,TIME,2025-12-29
XRP,2026-01-06 17:00:00+00:00,2026-01-06 17:00:00+00:00,-1,2.2811,2.2126669999999997,300.00000000000136,288.50000000000136,TP,2026-01-06
XRP,2026-01-06 18:00:00+00:00,2026-01-06 21:00:00+00:00,-1,2.2085,2.274755,-300.0000000000003,-311.5000000000003,SL,2026-01-06
XRP,2026-01-07 01:00:00+00:00,2026-01-07 14:00:00+00:00,-1,2.282,2.21354,300.0000000000003,288.5000000000003,TP,2026-01-07
XRP,2026-01-08 07:00:00+00:00,2026-01-09 19:00:00+00:00,-1,2.1066,2.0821,116.301148770529,104.801148770529,TIME,2026-01-08
XRP,2026-01-19 00:00:00+00:00,2026-01-19 00:00:00+00:00,-1,1.9903,1.930591,300.0000000000003,288.5000000000003,TP,2026-01-19
XRP,2026-01-19 01:00:00+00:00,2026-01-19 16:00:00+00:00,-1,1.9431,2.001393,-300.0000000000003,-311.5000000000003,SL,2026-01-19
XRP,2026-01-21 17:00:00+00:00,2026-01-21 19:00:00+00:00,-1,1.8795,1.935885,-300.0000000000003,-311.5000000000003,SL,2026-01-21
XRP,2026-01-27 18:00:00+00:00,2026-01-28 11:00:00+00:00,-1,1.8794,1.9357820000000001,-300.0000000000003,-311.5000000000003,SL,2026-01-27
XRP,2026-01-29 15:00:00+00:00,2026-01-30 01:00:00+00:00,-1,1.8258,1.771026,300.0000000000003,288.5000000000003,TP,2026-01-29
XRP,2026-01-30 02:00:00+00:00,2026-01-31 08:00:00+00:00,-1,1.7556,1.702932,300.00000000000136,288.50000000000136,TP,2026-01-30
XRP,2026-01-31 15:00:00+00:00,2026-01-31 17:00:00+00:00,-1,1.6386,1.589442,300.0000000000003,288.5000000000003,TP,2026-01-31
XRP,2026-01-31 18:00:00+00:00,2026-01-31 18:00:00+00:00,-1,1.5668,1.519796,300.0000000000003,288.5000000000003,TP,2026-01-31
XRP,2026-02-02 03:00:00+00:00,2026-02-02 03:00:00+00:00,-1,1.5902,1.542494,300.0000000000003,288.5000000000003,TP,2026-02-02
XRP,2026-02-03 03:00:00+00:00,2026-02-03 18:00:00+00:00,-1,1.5912,1.543464,300.0000000000003,288.5000000000003,TP,2026-02-03
XRP,2026-02-03 19:00:00+00:00,2026-02-03 19:00:00+00:00,-1,1.5305,1.5764150000000001,-300.0000000000003,-311.5000000000003,SL,2026-02-03
XRP,2026-02-05 16:00:00+00:00,2026-02-05 17:00:00+00:00,-1,1.2972,1.258284,299.99999999999915,288.49999999999915,TP,2026-02-05
XRP,2026-02-05 18:00:00+00:00,2026-02-05 19:00:00+00:00,-1,1.2495,1.212015,300.0000000000003,288.5000000000003,TP,2026-02-05
XRP,2026-02-05 21:00:00+00:00,2026-02-05 21:00:00+00:00,-1,1.1881,1.1524569999999998,300.0000000000003,288.5000000000003,TP,2026-02-05
XRP,2026-02-16 14:00:00+00:00,2026-02-17 14:00:00+00:00,-1,1.4894,1.444718,300.0000000000003,288.5000000000003,TP,2026-02-16
XRP,2026-02-17 15:00:00+00:00,2026-02-17 16:00:00+00:00,-1,1.4336,1.476608,-300.0000000000003,-311.5000000000003,SL,2026-02-17
XRP,2026-02-23 01:00:00+00:00,2026-02-23 11:00:00+00:00,-1,1.3635,1.404405,-300.0000000000003,-311.5000000000003,SL,2026-02-23
XRP,2026-02-28 07:00:00+00:00,2026-02-28 13:00:00+00:00,-1,1.2961,1.334983,-300.0000000000003,-311.5000000000003,SL,2026-02-28
XRP,2026-03-13 15:00:00+00:00,2026-03-15 03:00:00+00:00,-1,1.4223,1.4114,76.63643394501763,65.13643394501763,TIME,2026-03-13
XRP,2026-03-18 12:00:00+00:00,2026-03-18 14:00:00+00:00,-1,1.4887,1.4440389999999999,300.0000000000003,288.5000000000003,TP,2026-03-18
XRP,2026-03-18 15:00:00+00:00,2026-03-20 03:00:00+00:00,-1,1.4449,1.4523,-51.214616928505485,-62.714616928505485,TIME,2026-03-18
XRP,2026-03-22 00:00:00+00:00,2026-03-23 07:00:00+00:00,-1,1.4081,1.3658569999999999,300.0000000000003,288.5000000000003,TP,2026-03-22
XRP,2026-03-23 16:00:00+00:00,2026-03-24 17:00:00+00:00,-1,1.4315,1.388555,300.0000000000003,288.5000000000003,TP,2026-03-23
XRP,2026-03-27 11:00:00+00:00,2026-03-28 23:00:00+00:00,-1,1.3329,1.3328,0.7502438292439351,-10.749756170756065,TIME,2026-03-27
XRP,2026-03-29 23:00:00+00:00,2026-03-30 04:00:00+00:00,-1,1.3181,1.3576430000000002,-300.0000000000003,-311.5000000000003,SL,2026-03-29
XRP,2026-03-31 15:00:00+00:00,2026-04-01 06:00:00+00:00,-1,1.3143,1.353729,-300.0000000000003,-311.5000000000003,SL,2026-03-31
XRP,2026-04-02 02:00:00+00:00,2026-04-02 13:00:00+00:00,-1,1.3273,1.2874809999999999,300.0000000000003,288.5000000000003,TP,2026-04-02
XRP,2026-04-07 11:00:00+00:00,2026-04-07 22:00:00+00:00,-1,1.3066,1.345798,-300.0000000000003,-311.5000000000003,SL,2026-04-07
XRP,2026-04-08 19:00:00+00:00,2026-04-10 07:00:00+00:00,-1,1.3469,1.3364,77.95678966515673,66.45678966515673,TIME,2026-04-08
XRP,2026-04-12 02:00:00+00:00,2026-04-13 14:00:00+00:00,-1,1.3284,1.3453,-127.22071665161039,-138.7207166516104,TIME,2026-04-12
XRP,2026-04-16 14:00:00+00:00,2026-04-16 19:00:00+00:00,-1,1.4063,1.4484890000000001,-300.0000000000003,-311.5000000000003,SL,2026-04-16
