symbol,entry_ts,exit_ts,side,entry,exit,gross_bps,net_bps,exit_reason,day
1000PEPE,2025-07-01 15:00:00+00:00,2025-07-02 15:00:00+00:00,-1,0.0094177,0.009700231,-300.0000000000003,-311.5000000000003,SL,2025-07-01
1000PEPE,2025-07-04 14:00:00+00:00,2025-07-05 14:00:00+00:00,-1,0.0096457,0.0097145,-71.32711985651463,-82.82711985651463,TIME,2025-07-04
1000PEPE,2025-07-14 16:00:00+00:00,2025-07-15 03:00:00+00:00,-1,0.0122293,0.011862421,300.0000000000003,288.5000000000003,TP,2025-07-14
1000PEPE,2025-07-15 15:00:00+00:00,2025-07-15 15:00:00+00:00,-1,0.0120113,0.012371639000000002,-300.0000000000003,-311.5000000000003,SL,2025-07-15
1000PEPE,2025-07-22 14:00:00+00:00,2025-07-22 23:00:00+00:00,-1,0.0136755,0.014085765,-300.0000000000003,-311.5000000000003,SL,2025-07-22
1000PEPE,2025-07-25 03:00:00+00:00,2025-07-25 09:00:00+00:00,-1,0.0118863,0.012242889000000002,-300.0000000000003,-311.5000000000003,SL,2025-07-25
1000PEPE,2025-07-25 15:00:00+00:00,2025-07-25 20:00:00+00:00,-1,0.0119406,0.012298818000000001,-300.0000000000003,-311.5000000000003,SL,2025-07-25
1000PEPE,2025-07-30 19:00:00+00:00,2025-07-30 19:00:00+00:00,-1,0.0111921,0.010856336999999999,300.00000000000136,288.50000000000136,TP,2025-07-30
1000PEPE,2025-07-31 20:00:00+00:00,2025-07-31 23:00:00+00:00,-1,0.0110331,0.010702107,300.0000000000003,288.5000000000003,TP,2025-07-31
1000PEPE,2025-08-01 14:00:00+00:00,2025-08-01 14:00:00+00:00,-1,0.0103365,0.010646595,-300.0000000000003,-311.5000000000003,SL,2025-08-01
1000PEPE,2025-08-05 15:00:00+00:00,2025-08-06 14:00:00+00:00,-1,0.010162,0.01046686,-300.0000000000003,-311.5000000000003,SL,2025-08-05
1000PEPE,2025-08-14 13:00:00+00:00,2025-08-14 18:00:00+00:00,-1,0.0112138,0.010877386,300.0000000000003,288.5000000000003,TP,2025-08-14
1000PEPE,2025-08-19 15:00:00+00:00,2025-08-20 13:00:00+00:00,-1,0.0104371,0.010123987,300.0000000000003,288.5000000000003,TP,2025-08-19
1000PEPE,2025-08-20 14:00:00+00:00,2025-08-20 15:00:00+00:00,-1,0.010123,0.01042669,-300.0000000000003,-311.5000000000003,SL,2025-08-20
1000PEPE,2025-08-24 20:00:00+00:00,2025-08-24 22:00:00+00:00,-1,0.0110118,0.010681446,300.0000000000003,288.5000000000003,TP,2025-08-24
1000PEPE,2025-08-25 20:00:00+00:00,2025-08-25 20:00:00+00:00,-1,0.0098907,0.009593979,300.0000000000003,288.5000000000003,TP,2025-08-25
1000PEPE,2025-08-29 08:00:00+00:00,2025-08-29 17:00:00+00:00,-1,0.0098397,0.009544509,300.0000000000003,288.5000000000003,TP,2025-08-29
1000PEPE,2025-09-01 22:00:00+00:00,2025-09-02 02:00:00+00:00,-1,0.0092269,0.009503707,-300.0000000000003,-311.5000000000003,SL,2025-09-01
1000PEPE,2025-09-05 15:00:00+00:00,2025-09-06 15:00:00+00:00,-1,0.0095507,0.0095951,-46.48873904530504,-57.98873904530504,TIME,2025-09-05
1000PEPE,2025-09-09 15:00:00+00:00,2025-09-10 15:00:00+00:00,-1,0.0103666,0.0105455,-172.57345706403137,-184.07345706403137,TIME,2025-09-09
1000PEPE,2025-09-15 00:00:00+00:00,2025-09-15 06:00:00+00:00,-1,0.011544,0.01119768,300.0000000000003,288.5000000000003,TP,2025-09-15
1000PEPE,2025-09-15 09:00:00+00:00,2025-09-16 09:00:00+00:00,-1,0.0107315,0.0107901,-54.60560033546224,-66.10560033546224,TIME,2025-09-15
1000PEPE,2025-09-22 01:00:00+00:00,2025-09-22 05:00:00+00:00,-1,0.0101375,0.009833375,300.0000000000003,288.5000000000003,TP,2025-09-22
1000PEPE,2025-09-22 06:00:00+00:00,2025-09-22 06:00:00+00:00,-1,0.00986,0.0095642,300.0000000000003,288.5000000000003,TP,2025-09-22
1000PEPE,2025-09-22 07:00:00+00:00,2025-09-23 03:00:00+00:00,-1,0.0097113,0.009419961000000001,300.0000000000003,288.5000000000003,TP,2025-09-22
1000PEPE,2025-09-23 18:00:00+00:00,2025-09-24 04:00:00+00:00,-1,0.0096183,0.009329750999999999,300.00000000000136,288.50000000000136,TP,2025-09-23
1000PEPE,2025-09-25 05:00:00+00:00,2025-09-25 12:00:00+00:00,-1,0.0094305,0.009147585,300.0000000000003,288.5000000000003,TP,2025-09-25
1000PEPE,2025-09-25 18:00:00+00:00,2025-09-25 19:00:00+00:00,-1,0.0089116,0.009178948000000001,-300.0000000000003,-311.5000000000003,SL,2025-09-25
1000PEPE,2025-09-26 15:00:00+00:00,2025-09-27 15:00:00+00:00,-1,0.0091887,0.0093292,-152.90519877675823,-164.40519877675823,TIME,2025-09-26
1000PEPE,2025-10-05 10:00:00+00:00,2025-10-05 19:00:00+00:00,-1,0.0100242,0.009723474000000001,299.99999999999915,288.49999999999915,TP,2025-10-05
1000PEPE,2025-10-07 15:00:00+00:00,2025-10-07 23:00:00+00:00,-1,0.0097145,0.009423065,299.99999999999915,288.49999999999915,TP,2025-10-07
1000PEPE,2025-10-09 14:00:00+00:00,2025-10-10 03:00:00+00:00,-1,0.0091099,0.009383197000000001,-300.0000000000003,-311.5000000000003,SL,2025-10-09
1000PEPE,2025-10-10 15:00:00+00:00,2025-10-10 15:00:00+00:00,-1,0.0091227,0.008849019,299.99999999999915,288.49999999999915,TP,2025-10-10
1000PEPE,2025-10-10 16:00:00+00:00,2025-10-10 17:00:00+00:00,-1,0.0087663,0.008503311,300.0000000000003,288.5000000000003,TP,2025-10-10
1000PEPE,2025-10-10 21:00:00+00:00,2025-10-10 21:00:00+00:00,-1,0.0080639,0.007821983000000001,299.99999999999915,288.49999999999915,TP,2025-10-10
1000PEPE,2025-10-11 02:00:00+00:00,2025-10-11 02:00:00+00:00,-1,0.0066169,0.006815407000000001,-300.0000000000003,-311.5000000000003,SL,2025-10-11
1000PEPE,2025-10-16 16:00:00+00:00,2025-10-16 20:00:00+00:00,-1,0.0069507,0.006742178999999999,300.00000000000136,288.50000000000136,TP,2025-10-16
1000PEPE,2025-10-17 07:00:00+00:00,2025-10-17 07:00:00+00:00,-1,0.0066053,0.006407141,300.0000000000003,288.5000000000003,TP,2025-10-17
1000PEPE,2025-10-21 05:00:00+00:00,2025-10-21 14:00:00+00:00,-1,0.0068656,0.007071568,-300.0000000000003,-311.5000000000003,SL,2025-10-21
1000PEPE,2025-10-21 23:00:00+00:00,2025-10-22 09:00:00+00:00,-1,0.0069919,0.006782142999999999,300.0000000000003,288.5000000000003,TP,2025-10-21
1000PEPE,2025-10-28 20:00:00+00:00,2025-10-28 21:00:00+00:00,-1,0.007061,0.006849169999999999,300.0000000000003,288.5000000000003,TP,2025-10-28
1000PEPE,2025-10-29 16:00:00+00:00,2025-10-29 17:00:00+00:00,-1,0.00695,0.0071585,-300.0000000000003,-311.5000000000003,SL,2025-10-29
1000PEPE,2025-10-29 19:00:00+00:00,2025-10-29 20:00:00+00:00,-1,0.007019,0.00722957,-300.0000000000003,-311.5000000000003,SL,2025-10-29
1000PEPE,2025-10-30 00:00:00+00:00,2025-10-30 04:00:00+00:00,-1,0.007023,0.006812309999999999,300.0000000000003,288.5000000000003,TP,2025-10-30
1000PEPE,2025-10-30 05:00:00+00:00,2025-10-30 07:00:00+00:00,-1,0.0067942,0.006998026,-300.0000000000003,-311.5000000000003,SL,2025-10-30
1000PEPE,2025-10-30 13:00:00+00:00,2025-10-30 15:00:00+00:00,-1,0.0066641,0.006464177,300.0000000000003,288.5000000000003,TP,2025-10-30
1000PEPE,2025-10-31 17:00:00+00:00,2025-11-01 08:00:00+00:00,-1,0.0064535,0.006647105,-300.0000000000003,-311.5000000000003,SL,2025-10-31
1000PEPE,2025-11-03 16:00:00+00:00,2025-11-03 17:00:00+00:00,-1,0.0057402,0.005912406,-300.0000000000003,-311.5000000000003,SL,2025-11-03
1000PEPE,2025-11-04 06:00:00+00:00,2025-11-04 06:00:00+00:00,-1,0.0055075,0.005672725,-300.0000000000003,-311.5000000000003,SL,2025-11-04
1000PEPE,2025-11-10 15:00:00+00:00,2025-11-10 22:00:00+00:00,-1,0.0061005,0.006283515,-300.0000000000003,-311.5000000000003,SL,2025-11-10
1000PEPE,2025-11-12 16:00:00+00:00,2025-11-12 17:00:00+00:00,-1,0.0058255,0.005650735,300.0000000000003,288.5000000000003,TP,2025-11-12
1000PEPE,2025-11-13 16:00:00+00:00,2025-11-13 17:00:00+00:00,-1,0.0058204,0.005645788,300.0000000000003,288.5000000000003,TP,2025-11-13
1000PEPE,2025-11-14 05:00:00+00:00,2025-11-14 12:00:00+00:00,-1,0.0052525,0.005094925,300.0000000000003,288.5000000000003,TP,2025-11-14
1000PEPE,2025-11-14 21:00:00+00:00,2025-11-14 23:00:00+00:00,-1,0.0050001,0.004850097,300.0000000000003,288.5000000000003,TP,2025-11-14
1000PEPE,2025-11-17 14:00:00+00:00,2025-11-17 14:00:00+00:00,-1,0.0048643,0.005010229000000001,-300.0000000000003,-311.5000000000003,SL,2025-11-17
1000PEPE,2025-11-17 18:00:00+00:00,2025-11-17 19:00:00+00:00,-1,0.0047923,0.004648531,300.0000000000003,288.5000000000003,TP,2025-11-17
1000PEPE,2025-11-19 16:00:00+00:00,2025-11-19 17:00:00+00:00,-1,0.0046829,0.004542413,300.0000000000003,288.5000000000003,TP,2025-11-19
1000PEPE,2025-11-20 17:00:00+00:00,2025-11-20 17:00:00+00:00,-1,0.0046751,0.004534847,300.0000000000003,288.5000000000003,TP,2025-11-20
1000PEPE,2025-11-21 00:00:00+00:00,2025-11-21 07:00:00+00:00,-1,0.0044483,0.004314851,300.0000000000003,288.5000000000003,TP,2025-11-21
1000PEPE,2025-11-21 08:00:00+00:00,2025-11-21 11:00:00+00:00,-1,0.0042497,0.004122209,300.00000000000136,288.50000000000136,TP,2025-11-21
1000PEPE,2025-11-21 16:00:00+00:00,2025-11-21 17:00:00+00:00,-1,0.0041646,0.004289538,-300.0000000000003,-311.5000000000003,SL,2025-11-21
1000PEPE,2025-11-28 17:00:00+00:00,2025-11-29 17:00:00+00:00,-1,0.0046704,0.0045302879999999995,300.00000000000136,288.50000000000136,TP,2025-11-28
1000PEPE,2025-12-01 01:00:00+00:00,2025-12-01 11:00:00+00:00,-1,0.0042475,0.004120075,300.00000000000136,288.50000000000136,TP,2025-12-01
1000PEPE,2025-12-01 16:00:00+00:00,2025-12-02 14:00:00+00:00,-1,0.0040162,0.0041366860000000005,-300.0000000000003,-311.5000000000003,SL,2025-12-01
1000PEPE,2025-12-05 17:00:00+00:00,2025-12-06 12:00:00+00:00,-1,0.0043365,0.004466595,-300.0000000000003,-311.5000000000003,SL,2025-12-05
1000PEPE,2025-12-12 16:00:00+00:00,2025-12-13 16:00:00+00:00,-1,0.0043148,0.0044079,-215.7689811810526,-227.2689811810526,TIME,2025-12-12
1000PEPE,2025-12-15 15:00:00+00:00,2025-12-15 15:00:00+00:00,-1,0.0041807,0.004055279,299.99999999999915,288.49999999999915,TP,2025-12-15
1000PEPE,2025-12-17 16:00:00+00:00,2025-12-17 16:00:00+00:00,-1,0.004026,0.00390522,300.0000000000003,288.5000000000003,TP,2025-12-17
1000PEPE,2025-12-18 18:00:00+00:00,2025-12-18 19:00:00+00:00,-1,0.0037775,0.003664175,300.0000000000003,288.5000000000003,TP,2025-12-18
1000PEPE,2025-12-18 20:00:00+00:00,2025-12-18 22:00:00+00:00,-1,0.0036484,0.003757852,-300.0000000000003,-311.5000000000003,SL,2025-12-18
1000PEPE,2025-12-26 15:00:00+00:00,2025-12-27 15:00:00+00:00,-1,0.0039714,0.0040843,-284.2826207382787,-295.7826207382787,TIME,2025-12-26
1000PEPE,2025-12-29 10:00:00+00:00,2025-12-30 03:00:00+00:00,-1,0.0041416,0.004017351999999999,300.00000000000136,288.50000000000136,TP,2025-12-29
1000PEPE,2026-01-06 17:00:00+00:00,2026-01-06 18:00:00+00:00,-1,0.0064542,0.006647826000000001,-300.0000000000003,-311.5000000000003,SL,2026-01-06
1000PEPE,2026-01-07 01:00:00+00:00,2026-01-07 05:00:00+00:00,-1,0.0065466,0.006742998,-300.0000000000003,-311.5000000000003,SL,2026-01-07
1000PEPE,2026-01-07 10:00:00+00:00,2026-01-07 14:00:00+00:00,-1,0.0067376,0.006535472,300.0000000000003,288.5000000000003,TP,2026-01-07
1000PEPE,2026-01-08 07:00:00+00:00,2026-01-08 10:00:00+00:00,-1,0.006397,0.00620509,300.0000000000003,288.5000000000003,TP,2026-01-08
1000PEPE,2026-01-19 00:00:00+00:00,2026-01-19 00:00:00+00:00,-1,0.0054612,0.005297364,300.00000000000136,288.50000000000136,TP,2026-01-19
1000PEPE,2026-01-19 01:00:00+00:00,2026-01-20 01:00:00+00:00,-1,0.0051772,0.0052424,-125.93679981457217,-137.43679981457217,TIME,2026-01-19
1000PEPE,2026-01-20 23:00:00+00:00,2026-01-21 12:00:00+00:00,-1,0.0050208,0.0048701759999999995,300.0000000000003,288.5000000000003,TP,2026-01-20
1000PEPE,2026-01-21 17:00:00+00:00,2026-01-21 19:00:00+00:00,-1,0.0048865,0.0050330950000000005,-300.0000000000003,-311.5000000000003,SL,2026-01-21
1000PEPE,2026-01-27 18:00:00+00:00,2026-01-27 20:00:00+00:00,-1,0.0048559,0.005001577,-300.0000000000003,-311.5000000000003,SL,2026-01-27
1000PEPE,2026-01-29 15:00:00+00:00,2026-01-30 01:00:00+00:00,-1,0.0047318,0.004589846,300.00000000000136,288.50000000000136,TP,2026-01-29
1000PEPE,2026-01-30 02:00:00+00:00,2026-01-30 06:00:00+00:00,-1,0.0046839,0.004543383000000001,299.99999999999915,288.49999999999915,TP,2026-01-30
1000PEPE,2026-01-31 15:00:00+00:00,2026-01-31 17:00:00+00:00,-1,0.004233,0.004106009999999999,300.00000000000136,288.50000000000136,TP,2026-01-31
1000PEPE,2026-01-31 18:00:00+00:00,2026-01-31 18:00:00+00:00,-1,0.0040871,0.003964487,299.99999999999915,288.49999999999915,TP,2026-01-31
1000PEPE,2026-02-02 03:00:00+00:00,2026-02-02 03:00:00+00:00,-1,0.0041651,0.004040147,299.99999999999915,288.49999999999915,TP,2026-02-02
1000PEPE,2026-02-03 03:00:00+00:00,2026-02-03 14:00:00+00:00,-1,0.0041721,0.004297263,-300.0000000000003,-311.5000000000003,SL,2026-02-03
1000PEPE,2026-02-03 17:00:00+00:00,2026-02-03 17:00:00+00:00,-1,0.0042475,0.004120075,300.00000000000136,288.50000000000136,TP,2026-02-03
1000PEPE,2026-02-03 18:00:00+00:00,2026-02-03 19:00:00+00:00,-1,0.0040814,0.004203842,-300.0000000000003,-311.5000000000003,SL,2026-02-03
1000PEPE,2026-02-05 16:00:00+00:00,2026-02-05 20:00:00+00:00,-1,0.0037054,0.003594238,300.0000000000003,288.5000000000003,TP,2026-02-05
1000PEPE,2026-02-05 21:00:00+00:00,2026-02-05 23:00:00+00:00,-1,0.0035503,0.003443791,300.0000000000003,288.5000000000003,TP,2026-02-05
1000PEPE,2026-02-16 14:00:00+00:00,2026-02-16 20:00:00+00:00,-1,0.004379,0.0045103700000000005,-300.0000000000003,-311.5000000000003,SL,2026-02-16
1000PEPE,2026-02-17 15:00:00+00:00,2026-02-18 15:00:00+00:00,-1,0.0043884,0.0043763,27.572691641600812,16.072691641600812,TIME,2026-02-17
1000PEPE,2026-02-23 01:00:00+00:00,2026-02-23 01:00:00+00:00,-1,0.0040045,0.0038843650000000003,300.0000000000003,288.5000000000003,TP,2026-02-23
1000PEPE,2026-02-23 02:00:00+00:00,2026-02-23 06:00:00+00:00,-1,0.0038798,0.003996194,-300.0000000000003,-311.5000000000003,SL,2026-02-23
1000PEPE,2026-02-28 07:00:00+00:00,2026-02-28 13:00:00+00:00,-1,0.0034535,0.003557105,-300.0000000000003,-311.5000000000003,SL,2026-02-28
1000PEPE,2026-03-13 15:00:00+00:00,2026-03-13 19:00:00+00:00,-1,0.0034883,0.003383651,300.0000000000003,288.5000000000003,TP,2026-03-13
1000PEPE,2026-03-18 12:00:00+00:00,2026-03-18 14:00:00+00:00,-1,0.0035777,0.003470369,300.0000000000003,288.5000000000003,TP,2026-03-18
1000PEPE,2026-03-18 15:00:00+00:00,2026-03-19 12:00:00+00:00,-1,0.0034682,0.003364154,300.0000000000003,288.5000000000003,TP,2026-03-18
1000PEPE,2026-03-22 00:00:00+00:00,2026-03-23 00:00:00+00:00,-1,0.0033078,0.0032876,61.06777918858497,49.56777918858497,TIME,2026-03-22
1000PEPE,2026-03-23 07:00:00+00:00,2026-03-23 11:00:00+00:00,-1,0.0033023,0.0034013690000000004,-300.0000000000003,-311.5000000000003,SL,2026-03-23
1000PEPE,2026-03-23 16:00:00+00:00,2026-03-24 16:00:00+00:00,-1,0.0034516,0.0034122,114.14995943910044,102.64995943910044,TIME,2026-03-23
1000PEPE,2026-03-27 11:00:00+00:00,2026-03-28 10:00:00+00:00,-1,0.0032611,0.003358933,-300.0000000000003,-311.5000000000003,SL,2026-03-27
1000PEPE,2026-03-29 23:00:00+00:00,2026-03-30 00:00:00+00:00,-1,0.003245,0.00334235,-300.0000000000003,-311.5000000000003,SL,2026-03-29
1000PEPE,2026-03-31 15:00:00+00:00,2026-04-01 05:00:00+00:00,-1,0.0033321,0.0034320630000000004,-300.0000000000003,-311.5000000000003,SL,2026-03-31
1000PEPE,2026-04-02 02:00:00+00:00,2026-04-03 02:00:00+00:00,-1,0.0033438,0.0033436,0.5981218972428426,-10.901878102757157,TIME,2026-04-02
1000PEPE,2026-04-07 11:00:00+00:00,2026-04-07 19:00:00+00:00,-1,0.0033569,0.003457607,-300.0000000000003,-311.5000000000003,SL,2026-04-07
1000PEPE,2026-04-08 19:00:00+00:00,2026-04-09 19:00:00+00:00,-1,0.0035343,0.00354,-16.127663186487062,-27.627663186487062,TIME,2026-04-08
1000PEPE,2026-04-12 02:00:00+00:00,2026-04-13 02:00:00+00:00,-1,0.0035217,0.0034705,145.3843314308434,133.8843314308434,TIME,2026-04-12
1000PEPE,2026-04-16 14:00:00+00:00,2026-04-16 16:00:00+00:00,-1,0.0037739,0.0038871170000000003,-300.0000000000003,-311.5000000000003,SL,2026-04-16
1000SHIB,2025-07-01 15:00:00+00:00,2025-07-02 15:00:00+00:00,-1,0.011195,0.01153085,-300.0000000000003,-311.5000000000003,SL,2025-07-01
1000SHIB,2025-07-04 14:00:00+00:00,2025-07-05 14:00:00+00:00,-1,0.011511,0.011457,46.91164972634887,35.41164972634887,TIME,2025-07-04
1000SHIB,2025-07-09 21:00:00+00:00,2025-07-10 17:00:00+00:00,-1,0.012389,0.012760670000000002,-300.0000000000003,-311.5000000000003,SL,2025-07-09
1000SHIB,2025-07-14 16:00:00+00:00,2025-07-15 02:00:00+00:00,-1,0.01337,0.0129689,300.0000000000003,288.5000000000003,TP,2025-07-14
1000SHIB,2025-07-15 15:00:00+00:00,2025-07-15 16:00:00+00:00,-1,0.012955,0.01334365,-300.0000000000003,-311.5000000000003,SL,2025-07-15
1000SHIB,2025-07-22 14:00:00+00:00,2025-07-22 16:00:00+00:00,-1,0.014922,0.01536966,-300.0000000000003,-311.5000000000003,SL,2025-07-22
1000SHIB,2025-07-25 03:00:00+00:00,2025-07-25 11:00:00+00:00,-1,0.013293,0.013691789999999999,-300.0000000000003,-311.5000000000003,SL,2025-07-25
1000SHIB,2025-07-25 15:00:00+00:00,2025-07-25 20:00:00+00:00,-1,0.013346,0.01374638,-300.0000000000003,-311.5000000000003,SL,2025-07-25
1000SHIB,2025-07-30 19:00:00+00:00,2025-07-30 19:00:00+00:00,-1,0.012684,0.01230348,300.0000000000003,288.5000000000003,TP,2025-07-30
1000SHIB,2025-07-31 20:00:00+00:00,2025-08-01 00:00:00+00:00,-1,0.012689,0.012308330000000001,299.99999999999915,288.49999999999915,TP,2025-07-31
1000SHIB,2025-08-01 14:00:00+00:00,2025-08-01 16:00:00+00:00,-1,0.01206,0.0124218,-300.0000000000003,-311.5000000000003,SL,2025-08-01
1000SHIB,2025-08-05 15:00:00+00:00,2025-08-06 15:00:00+00:00,-1,0.011998,0.01235794,-300.0000000000003,-311.5000000000003,SL,2025-08-05
1000SHIB,2025-08-14 13:00:00+00:00,2025-08-15 13:00:00+00:00,-1,0.012994,0.01285,110.8203786362938,99.3203786362938,TIME,2025-08-14
1000SHIB,2025-08-19 15:00:00+00:00,2025-08-20 15:00:00+00:00,-1,0.012349,0.012354,-4.048910842981979,-15.548910842981979,TIME,2025-08-19
1000SHIB,2025-08-24 20:00:00+00:00,2025-08-25 06:00:00+00:00,-1,0.01307,0.012677899999999999,300.00000000000136,288.50000000000136,TP,2025-08-24
1000SHIB,2025-08-25 20:00:00+00:00,2025-08-26 19:00:00+00:00,-1,0.012119,0.01248257,-300.0000000000003,-311.5000000000003,SL,2025-08-25
1000SHIB,2025-08-29 08:00:00+00:00,2025-08-30 08:00:00+00:00,-1,0.012244,0.012399,-126.59261679189848,-138.09261679189848,TIME,2025-08-29
1000SHIB,2025-09-01 22:00:00+00:00,2025-09-02 03:00:00+00:00,-1,0.011895,0.01225185,-300.0000000000003,-311.5000000000003,SL,2025-09-01
1000SHIB,2025-09-05 15:00:00+00:00,2025-09-06 15:00:00+00:00,-1,0.012221,0.012206,12.27395466819381,0.7739546681938094,TIME,2025-09-05
1000SHIB,2025-09-09 15:00:00+00:00,2025-09-10 15:00:00+00:00,-1,0.012866,0.013044,-138.34913726099796,-149.84913726099796,TIME,2025-09-09
1000SHIB,2025-09-15 00:00:00+00:00,2025-09-15 08:00:00+00:00,-1,0.01368,0.0132696,300.0000000000003,288.5000000000003,TP,2025-09-15
1000SHIB,2025-09-15 09:00:00+00:00,2025-09-16 09:00:00+00:00,-1,0.013001,0.013078,-59.226213368201996,-70.726213368202,TIME,2025-09-15
1000SHIB,2025-09-22 01:00:00+00:00,2025-09-22 06:00:00+00:00,-1,0.012511,0.01213567,300.0000000000003,288.5000000000003,TP,2025-09-22
1000SHIB,2025-09-22 07:00:00+00:00,2025-09-23 07:00:00+00:00,-1,0.012114,0.012188,-61.08634637609356,-72.58634637609356,TIME,2025-09-22
1000SHIB,2025-09-23 18:00:00+00:00,2025-09-24 18:00:00+00:00,-1,0.012104,0.012244,-115.66424322537961,-127.16424322537961,TIME,2025-09-23
1000SHIB,2025-09-25 05:00:00+00:00,2025-09-25 17:00:00+00:00,-1,0.011868,0.01151196,300.0000000000003,288.5000000000003,TP,2025-09-25
1000SHIB,2025-09-25 18:00:00+00:00,2025-09-25 19:00:00+00:00,-1,0.011539,0.01188517,-300.0000000000003,-311.5000000000003,SL,2025-09-25
1000SHIB,2025-09-26 15:00:00+00:00,2025-09-27 15:00:00+00:00,-1,0.011634,0.011827,-165.8930720302565,-177.3930720302565,TIME,2025-09-26
1000SHIB,2025-10-07 15:00:00+00:00,2025-10-08 04:00:00+00:00,-1,0.012398,0.012026059999999998,300.00000000000136,288.50000000000136,TP,2025-10-07
1000SHIB,2025-10-09 14:00:00+00:00,2025-10-10 14:00:00+00:00,-1,0.011949,0.011893,46.86584651435122,35.36584651435122,TIME,2025-10-09
1000SHIB,2025-10-10 15:00:00+00:00,2025-10-10 15:00:00+00:00,-1,0.011892,0.011535239999999999,300.00000000000136,288.50000000000136,TP,2025-10-10
1000SHIB,2025-10-10 16:00:00+00:00,2025-10-10 20:00:00+00:00,-1,0.011546,0.01119962,300.0000000000003,288.5000000000003,TP,2025-10-10
1000SHIB,2025-10-10 21:00:00+00:00,2025-10-10 21:00:00+00:00,-1,0.010744,0.01042168,300.00000000000136,288.50000000000136,TP,2025-10-10
1000SHIB,2025-10-11 02:00:00+00:00,2025-10-11 02:00:00+00:00,-1,0.009935,0.01023305,-300.0000000000003,-311.5000000000003,SL,2025-10-11
1000SHIB,2025-10-16 16:00:00+00:00,2025-10-17 06:00:00+00:00,-1,0.01008,0.009777600000000001,299.99999999999915,288.49999999999915,TP,2025-10-16
1000SHIB,2025-10-17 07:00:00+00:00,2025-10-17 08:00:00+00:00,-1,0.009666,0.009376019999999999,300.0000000000003,288.5000000000003,TP,2025-10-17
1000SHIB,2025-10-21 05:00:00+00:00,2025-10-21 14:00:00+00:00,-1,0.009881,0.01017743,-300.0000000000003,-311.5000000000003,SL,2025-10-21
1000SHIB,2025-10-21 23:00:00+00:00,2025-10-22 09:00:00+00:00,-1,0.010154,0.00984938,300.0000000000003,288.5000000000003,TP,2025-10-21
1000SHIB,2025-10-28 20:00:00+00:00,2025-10-29 20:00:00+00:00,-1,0.010161,0.010373,-208.64088180297279,-220.14088180297279,TIME,2025-10-28
1000SHIB,2025-10-30 00:00:00+00:00,2025-10-30 12:00:00+00:00,-1,0.010152,0.009847439999999999,300.0000000000003,288.5000000000003,TP,2025-10-30
1000SHIB,2025-10-30 13:00:00+00:00,2025-10-30 17:00:00+00:00,-1,0.009834,0.00953898,300.0000000000003,288.5000000000003,TP,2025-10-30
1000SHIB,2025-10-31 17:00:00+00:00,2025-11-01 12:00:00+00:00,-1,0.00987,0.0101661,-300.0000000000003,-311.5000000000003,SL,2025-10-31
1000SHIB,2025-11-03 16:00:00+00:00,2025-11-04 05:00:00+00:00,-1,0.009239,0.00896183,300.0000000000003,288.5000000000003,TP,2025-11-03
1000SHIB,2025-11-04 06:00:00+00:00,2025-11-04 11:00:00+00:00,-1,0.008904,0.009171120000000001,-300.0000000000003,-311.5000000000003,SL,2025-11-04
1000SHIB,2025-11-10 15:00:00+00:00,2025-11-11 15:00:00+00:00,-1,0.009977,0.009787,190.43800741705863,178.93800741705863,TIME,2025-11-10
1000SHIB,2025-11-12 16:00:00+00:00,2025-11-13 16:00:00+00:00,-1,0.009723,0.009534,194.3844492440605,182.8844492440605,TIME,2025-11-12
1000SHIB,2025-11-14 05:00:00+00:00,2025-11-15 05:00:00+00:00,-1,0.009107,0.009221,-125.17843417151565,-136.67843417151565,TIME,2025-11-14
1000SHIB,2025-11-17 14:00:00+00:00,2025-11-17 14:00:00+00:00,-1,0.0089,0.009167,-300.0000000000003,-311.5000000000003,SL,2025-11-17
1000SHIB,2025-11-17 18:00:00+00:00,2025-11-17 19:00:00+00:00,-1,0.008788,0.00852436,300.00000000000136,288.50000000000136,TP,2025-11-17
1000SHIB,2025-11-19 16:00:00+00:00,2025-11-19 18:00:00+00:00,-1,0.008528,0.00827216,300.0000000000003,288.5000000000003,TP,2025-11-19
1000SHIB,2025-11-20 17:00:00+00:00,2025-11-20 18:00:00+00:00,-1,0.008419,0.008166429999999999,300.0000000000003,288.5000000000003,TP,2025-11-20
1000SHIB,2025-11-21 00:00:00+00:00,2025-11-21 07:00:00+00:00,-1,0.008246,0.00799862,300.0000000000003,288.5000000000003,TP,2025-11-21
1000SHIB,2025-11-21 08:00:00+00:00,2025-11-21 12:00:00+00:00,-1,0.007885,0.007648449999999999,300.0000000000003,288.5000000000003,TP,2025-11-21
1000SHIB,2025-11-21 16:00:00+00:00,2025-11-22 13:00:00+00:00,-1,0.007799,0.00756503,300.0000000000003,288.5000000000003,TP,2025-11-21
1000SHIB,2025-11-28 17:00:00+00:00,2025-11-29 17:00:00+00:00,-1,0.008707,0.00844579,299.99999999999915,288.49999999999915,TP,2025-11-28
1000SHIB,2025-12-01 01:00:00+00:00,2025-12-02 01:00:00+00:00,-1,0.007964,0.00796,5.022601707684871,-6.477398292315129,TIME,2025-12-01
1000SHIB,2025-12-05 17:00:00+00:00,2025-12-06 12:00:00+00:00,-1,0.008241,0.008488230000000001,-300.0000000000003,-311.5000000000003,SL,2025-12-05
1000SHIB,2025-12-12 16:00:00+00:00,2025-12-13 12:00:00+00:00,-1,0.008173,0.00841819,-300.0000000000003,-311.5000000000003,SL,2025-12-12
1000SHIB,2025-12-15 15:00:00+00:00,2025-12-15 17:00:00+00:00,-1,0.00802,0.007779399999999999,300.0000000000003,288.5000000000003,TP,2025-12-15
1000SHIB,2025-12-17 16:00:00+00:00,2025-12-17 19:00:00+00:00,-1,0.007723,0.007491309999999999,300.0000000000003,288.5000000000003,TP,2025-12-17
1000SHIB,2025-12-18 18:00:00+00:00,2025-12-18 19:00:00+00:00,-1,0.007245,0.00702765,300.0000000000003,288.5000000000003,TP,2025-12-18
1000SHIB,2025-12-18 20:00:00+00:00,2025-12-19 03:00:00+00:00,-1,0.007024,0.00723472,-300.0000000000003,-311.5000000000003,SL,2025-12-18
1000SHIB,2025-12-26 15:00:00+00:00,2025-12-27 15:00:00+00:00,-1,0.007109,0.007244,-189.90012660008438,-201.40012660008438,TIME,2025-12-26
1000SHIB,2025-12-29 10:00:00+00:00,2025-12-29 23:00:00+00:00,-1,0.007418,0.00719546,300.0000000000003,288.5000000000003,TP,2025-12-29
1000SHIB,2026-01-06 17:00:00+00:00,2026-01-07 17:00:00+00:00,-1,0.009024,0.008873,167.3315602836878,155.8315602836878,TIME,2026-01-06
1000SHIB,2026-01-08 07:00:00+00:00,2026-01-09 07:00:00+00:00,-1,0.008661,0.008755,-108.53250202055298,-120.03250202055298,TIME,2026-01-08
1000SHIB,2026-01-19 00:00:00+00:00,2026-01-19 00:00:00+00:00,-1,0.008083,0.00784051,299.99999999999915,288.49999999999915,TP,2026-01-19
1000SHIB,2026-01-19 01:00:00+00:00,2026-01-19 20:00:00+00:00,-1,0.007868,0.00810404,-300.0000000000003,-311.5000000000003,SL,2026-01-19
1000SHIB,2026-01-20 23:00:00+00:00,2026-01-21 02:00:00+00:00,-1,0.007735,0.00796705,-300.0000000000003,-311.5000000000003,SL,2026-01-20
1000SHIB,2026-01-21 17:00:00+00:00,2026-01-21 19:00:00+00:00,-1,0.007677,0.00790731,-300.0000000000003,-311.5000000000003,SL,2026-01-21
1000SHIB,2026-01-27 18:00:00+00:00,2026-01-27 20:00:00+00:00,-1,0.007658,0.00788774,-300.0000000000003,-311.5000000000003,SL,2026-01-27
1000SHIB,2026-01-29 15:00:00+00:00,2026-01-30 01:00:00+00:00,-1,0.007354,0.00713338,300.0000000000003,288.5000000000003,TP,2026-01-29
1000SHIB,2026-01-30 02:00:00+00:00,2026-01-31 02:00:00+00:00,-1,0.00727,0.007174,132.0495185694648,120.5495185694648,TIME,2026-01-30
1000SHIB,2026-01-31 15:00:00+00:00,2026-01-31 17:00:00+00:00,-1,0.0068,0.006595999999999999,300.0000000000003,288.5000000000003,TP,2026-01-31
1000SHIB,2026-01-31 18:00:00+00:00,2026-01-31 18:00:00+00:00,-1,0.006556,0.00635932,300.0000000000003,288.5000000000003,TP,2026-01-31
1000SHIB,2026-02-02 03:00:00+00:00,2026-02-02 03:00:00+00:00,-1,0.006711,0.0065096699999999995,300.0000000000003,288.5000000000003,TP,2026-02-02
1000SHIB,2026-02-03 03:00:00+00:00,2026-02-03 15:00:00+00:00,-1,0.006779,0.006982370000000001,-300.0000000000003,-311.5000000000003,SL,2026-02-03
1000SHIB,2026-02-03 17:00:00+00:00,2026-02-03 18:00:00+00:00,-1,0.00679,0.0065863,300.0000000000003,288.5000000000003,TP,2026-02-03
1000SHIB,2026-02-03 19:00:00+00:00,2026-02-03 19:00:00+00:00,-1,0.006493,0.00668779,-300.0000000000003,-311.5000000000003,SL,2026-02-03
1000SHIB,2026-02-05 16:00:00+00:00,2026-02-05 17:00:00+00:00,-1,0.006011,0.00583067,300.0000000000003,288.5000000000003,TP,2026-02-05
1000SHIB,2026-02-05 18:00:00+00:00,2026-02-05 20:00:00+00:00,-1,0.005867,0.00569099,300.0000000000003,288.5000000000003,TP,2026-02-05
1000SHIB,2026-02-05 21:00:00+00:00,2026-02-06 00:00:00+00:00,-1,0.005683,0.005512509999999999,300.00000000000136,288.50000000000136,TP,2026-02-05
1000SHIB,2026-02-16 14:00:00+00:00,2026-02-17 14:00:00+00:00,-1,0.006514,0.006459,84.4335277863062,72.9335277863062,TIME,2026-02-16
1000SHIB,2026-02-17 15:00:00+00:00,2026-02-18 15:00:00+00:00,-1,0.00646,0.006481,-32.507739938081315,-44.007739938081315,TIME,2026-02-17
1000SHIB,2026-02-23 01:00:00+00:00,2026-02-23 01:00:00+00:00,-1,0.006111,0.00592767,299.99999999999915,288.49999999999915,TP,2026-02-23
1000SHIB,2026-02-23 02:00:00+00:00,2026-02-23 07:00:00+00:00,-1,0.005926,0.00610378,-300.0000000000003,-311.5000000000003,SL,2026-02-23
1000SHIB,2026-02-28 07:00:00+00:00,2026-02-28 19:00:00+00:00,-1,0.005512,0.00567736,-300.0000000000003,-311.5000000000003,SL,2026-02-28
1000SHIB,2026-03-13 15:00:00+00:00,2026-03-14 10:00:00+00:00,-1,0.006032,0.00585104,300.0000000000003,288.5000000000003,TP,2026-03-13
1000SHIB,2026-03-18 12:00:00+00:00,2026-03-18 14:00:00+00:00,-1,0.005938,0.0057598599999999995,300.0000000000003,288.5000000000003,TP,2026-03-18
1000SHIB,2026-03-18 15:00:00+00:00,2026-03-19 15:00:00+00:00,-1,0.005748,0.005694,93.94572025052116,82.44572025052116,TIME,2026-03-18
1000SHIB,2026-03-22 00:00:00+00:00,2026-03-22 21:00:00+00:00,-1,0.005849,0.0056735299999999995,300.00000000000136,288.50000000000136,TP,2026-03-22
1000SHIB,2026-03-23 07:00:00+00:00,2026-03-23 11:00:00+00:00,-1,0.005776,0.00594928,-300.0000000000003,-311.5000000000003,SL,2026-03-23
1000SHIB,2026-03-23 16:00:00+00:00,2026-03-24 16:00:00+00:00,-1,0.006071,0.006085,-23.060451325975784,-34.560451325975784,TIME,2026-03-23
1000SHIB,2026-03-27 11:00:00+00:00,2026-03-28 11:00:00+00:00,-1,0.005746,0.005833,-151.40967629655222,-162.90967629655222,TIME,2026-03-27
1000SHIB,2026-03-29 23:00:00+00:00,2026-03-30 02:00:00+00:00,-1,0.005747,0.005919410000000001,-300.0000000000003,-311.5000000000003,SL,2026-03-29
1000SHIB,2026-03-31 15:00:00+00:00,2026-04-01 15:00:00+00:00,-1,0.005893,0.00606979,-300.0000000000003,-311.5000000000003,SL,2026-03-31
1000SHIB,2026-04-02 02:00:00+00:00,2026-04-03 02:00:00+00:00,-1,0.005886,0.005849,62.861026163777424,51.361026163777424,TIME,2026-04-02
1000SHIB,2026-04-07 11:00:00+00:00,2026-04-07 21:00:00+00:00,-1,0.005836,0.00601108,-300.0000000000003,-311.5000000000003,SL,2026-04-07
1000SHIB,2026-04-08 19:00:00+00:00,2026-04-09 19:00:00+00:00,-1,0.005967,0.005985,-30.165912518853588,-41.66591251885359,TIME,2026-04-08
1000SHIB,2026-04-12 02:00:00+00:00,2026-04-13 02:00:00+00:00,-1,0.00581,0.005776,58.519793459552716,47.019793459552716,TIME,2026-04-12
1000SHIB,2026-04-16 14:00:00+00:00,2026-04-16 16:00:00+00:00,-1,0.006042,0.0062232599999999996,-300.0000000000003,-311.5000000000003,SL,2026-04-16
AAVE,2025-07-01 15:00:00+00:00,2025-07-02 15:00:00+00:00,-1,264.08,272.00239999999997,-300.0000000000003,-311.5000000000003,SL,2025-07-01
AAVE,2025-07-04 14:00:00+00:00,2025-07-05 11:00:00+00:00,-1,265.35,273.31050000000005,-300.0000000000003,-311.5000000000003,SL,2025-07-04
AAVE,2025-07-09 21:00:00+00:00,2025-07-09 22:00:00+00:00,-1,297.57,306.4971,-300.0000000000003,-311.5000000000003,SL,2025-07-09
AAVE,2025-07-14 16:00:00+00:00,2025-07-15 02:00:00+00:00,-1,319.88,310.2836,300.0000000000003,288.5000000000003,TP,2025-07-14
AAVE,2025-07-15 15:00:00+00:00,2025-07-15 15:00:00+00:00,-1,313.72,323.13160000000005,-300.0000000000003,-311.5000000000003,SL,2025-07-15
AAVE,2025-07-22 14:00:00+00:00,2025-07-23 12:00:00+00:00,-1,305.53,296.36409999999995,300.0000000000003,288.5000000000003,TP,2025-07-22
AAVE,2025-07-25 03:00:00+00:00,2025-07-25 09:00:00+00:00,-1,282.96,291.4488,-300.0000000000003,-311.5000000000003,SL,2025-07-25
AAVE,2025-07-25 15:00:00+00:00,2025-07-26 01:00:00+00:00,-1,287.28,295.8984,-300.0000000000003,-311.5000000000003,SL,2025-07-25
AAVE,2025-07-30 19:00:00+00:00,2025-07-31 02:00:00+00:00,-1,270.66,278.7798,-300.0000000000003,-311.5000000000003,SL,2025-07-30
AAVE,2025-07-31 20:00:00+00:00,2025-08-01 00:00:00+00:00,-1,266.57,258.5729,299.99999999999915,288.49999999999915,TP,2025-07-31
AAVE,2025-08-01 14:00:00+00:00,2025-08-02 14:00:00+00:00,-1,254.55,252.54,78.96287566293569,67.46287566293569,TIME,2025-08-01
AAVE,2025-08-05 15:00:00+00:00,2025-08-06 15:00:00+00:00,-1,254.54,262.1762,-300.0000000000003,-311.5000000000003,SL,2025-08-05
AAVE,2025-08-14 13:00:00+00:00,2025-08-14 14:00:00+00:00,-1,310.97,320.2991,-300.0000000000003,-311.5000000000003,SL,2025-08-14
AAVE,2025-08-19 15:00:00+00:00,2025-08-20 07:00:00+00:00,-1,280.13,288.5339,-300.0000000000003,-311.5000000000003,SL,2025-08-19
AAVE,2025-08-20 14:00:00+00:00,2025-08-20 15:00:00+00:00,-1,284.39,292.9217,-300.0000000000003,-311.5000000000003,SL,2025-08-20
AAVE,2025-08-24 20:00:00+00:00,2025-08-25 00:00:00+00:00,-1,353.54,342.9338,300.0000000000003,288.5000000000003,TP,2025-08-24
AAVE,2025-08-25 20:00:00+00:00,2025-08-26 02:00:00+00:00,-1,316.38,325.8714,-300.0000000000003,-311.5000000000003,SL,2025-08-25
AAVE,2025-08-29 08:00:00+00:00,2025-08-29 12:00:00+00:00,-1,306.32,315.5096,-300.0000000000003,-311.5000000000003,SL,2025-08-29
AAVE,2025-08-29 14:00:00+00:00,2025-08-29 21:00:00+00:00,-1,309.63,318.9189,-300.0000000000003,-311.5000000000003,SL,2025-08-29
AAVE,2025-09-01 22:00:00+00:00,2025-09-02 03:00:00+00:00,-1,301.16,310.19480000000004,-300.0000000000003,-311.5000000000003,SL,2025-09-01
AAVE,2025-09-05 15:00:00+00:00,2025-09-06 15:00:00+00:00,-1,299.45,298.72,24.37802638169839,12.87802638169839,TIME,2025-09-05
AAVE,2025-09-09 15:00:00+00:00,2025-09-10 15:00:00+00:00,-1,300.29,303.41,-103.89956375503661,-115.39956375503661,TIME,2025-09-09
AAVE,2025-09-15 00:00:00+00:00,2025-09-15 14:00:00+00:00,-1,306.2,297.01399999999995,300.00000000000136,288.50000000000136,TP,2025-09-15
AAVE,2025-09-22 01:00:00+00:00,2025-09-22 05:00:00+00:00,-1,286.83,278.2251,299.99999999999915,288.49999999999915,TP,2025-09-22
AAVE,2025-09-22 06:00:00+00:00,2025-09-22 06:00:00+00:00,-1,277.86,269.5242,300.0000000000003,288.5000000000003,TP,2025-09-22
AAVE,2025-09-22 07:00:00+00:00,2025-09-23 07:00:00+00:00,-1,268.04,269.5,-54.469482166839,-65.969482166839,TIME,2025-09-22
AAVE,2025-09-23 18:00:00+00:00,2025-09-24 18:00:00+00:00,-1,275.38,279.46,-148.15890769118934,-159.65890769118934,TIME,2025-09-23
AAVE,2025-09-25 05:00:00+00:00,2025-09-25 17:00:00+00:00,-1,266.42,258.42740000000003,299.99999999999915,288.49999999999915,TP,2025-09-25
AAVE,2025-09-25 18:00:00+00:00,2025-09-25 19:00:00+00:00,-1,257.11,264.8233,-300.0000000000003,-311.5000000000003,SL,2025-09-25
AAVE,2025-09-26 15:00:00+00:00,2025-09-26 17:00:00+00:00,-1,262.92,270.80760000000004,-300.0000000000003,-311.5000000000003,SL,2025-09-26
AAVE,2025-10-05 10:00:00+00:00,2025-10-06 00:00:00+00:00,-1,292.09,283.3273,300.0000000000003,288.5000000000003,TP,2025-10-05
AAVE,2025-10-07 15:00:00+00:00,2025-10-08 15:00:00+00:00,-1,281.77,278.24,125.27948326649275,113.77948326649275,TIME,2025-10-07
AAVE,2025-10-09 14:00:00+00:00,2025-10-10 14:00:00+00:00,-1,272.94,273.4,-16.853520920347975,-28.353520920347975,TIME,2025-10-09
AAVE,2025-10-10 15:00:00+00:00,2025-10-10 15:00:00+00:00,-1,273.26,265.06219999999996,300.00000000000136,288.50000000000136,TP,2025-10-10
AAVE,2025-10-10 16:00:00+00:00,2025-10-10 19:00:00+00:00,-1,264.22,256.2934,300.0000000000003,288.5000000000003,TP,2025-10-10
AAVE,2025-10-10 21:00:00+00:00,2025-10-10 21:00:00+00:00,-1,244.67,237.32989999999998,300.0000000000003,288.5000000000003,TP,2025-10-10
AAVE,2025-10-11 02:00:00+00:00,2025-10-11 02:00:00+00:00,-1,218.72,225.2816,-300.0000000000003,-311.5000000000003,SL,2025-10-11
AAVE,2025-10-11 08:00:00+00:00,2025-10-11 09:00:00+00:00,-1,231.66,238.6098,-300.0000000000003,-311.5000000000003,SL,2025-10-11
AAVE,2025-10-16 16:00:00+00:00,2025-10-16 20:00:00+00:00,-1,235.71,228.6387,300.0000000000003,288.5000000000003,TP,2025-10-16
AAVE,2025-10-17 07:00:00+00:00,2025-10-17 07:00:00+00:00,-1,215.66,209.1902,299.99999999999915,288.49999999999915,TP,2025-10-17
AAVE,2025-10-21 05:00:00+00:00,2025-10-21 14:00:00+00:00,-1,219.42,226.0026,-300.0000000000003,-311.5000000000003,SL,2025-10-21
AAVE,2025-10-21 23:00:00+00:00,2025-10-22 11:00:00+00:00,-1,221.52,214.8744,300.0000000000003,288.5000000000003,TP,2025-10-21
AAVE,2025-10-28 20:00:00+00:00,2025-10-29 18:00:00+00:00,-1,230.57,223.6529,300.0000000000003,288.5000000000003,TP,2025-10-28
AAVE,2025-10-29 19:00:00+00:00,2025-10-30 04:00:00+00:00,-1,229.27,222.3919,300.0000000000003,288.5000000000003,TP,2025-10-29
AAVE,2025-10-30 05:00:00+00:00,2025-10-30 06:00:00+00:00,-1,222.77,229.4531,-300.0000000000003,-311.5000000000003,SL,2025-10-30
AAVE,2025-10-30 13:00:00+00:00,2025-10-30 15:00:00+00:00,-1,219.23,212.6531,300.0000000000003,288.5000000000003,TP,2025-10-30
AAVE,2025-10-31 17:00:00+00:00,2025-10-31 19:00:00+00:00,-1,213.84,220.2552,-300.0000000000003,-311.5000000000003,SL,2025-10-31
AAVE,2025-11-03 16:00:00+00:00,2025-11-03 17:00:00+00:00,-1,200.27,206.27810000000002,-300.0000000000003,-311.5000000000003,SL,2025-11-03
AAVE,2025-11-04 06:00:00+00:00,2025-11-04 06:00:00+00:00,-1,194.21,200.0363,-300.0000000000003,-311.5000000000003,SL,2025-11-04
AAVE,2025-11-10 15:00:00+00:00,2025-11-10 22:00:00+00:00,-1,220.56,227.17680000000001,-300.0000000000003,-311.5000000000003,SL,2025-11-10
AAVE,2025-11-12 16:00:00+00:00,2025-11-13 05:00:00+00:00,-1,207.3,213.519,-300.0000000000003,-311.5000000000003,SL,2025-11-12
AAVE,2025-11-13 16:00:00+00:00,2025-11-13 17:00:00+00:00,-1,208.37,202.1189,300.0000000000003,288.5000000000003,TP,2025-11-13
AAVE,2025-11-14 05:00:00+00:00,2025-11-14 11:00:00+00:00,-1,187.07,181.4579,300.0000000000003,288.5000000000003,TP,2025-11-14
AAVE,2025-11-14 21:00:00+00:00,2025-11-15 17:00:00+00:00,-1,176.05,181.3315,-300.0000000000003,-311.5000000000003,SL,2025-11-14
AAVE,2025-11-17 14:00:00+00:00,2025-11-17 14:00:00+00:00,-1,173.75,178.9625,-300.0000000000003,-311.5000000000003,SL,2025-11-17
AAVE,2025-11-17 18:00:00+00:00,2025-11-17 19:00:00+00:00,-1,170.18,165.0746,300.0000000000003,288.5000000000003,TP,2025-11-17
AAVE,2025-11-19 16:00:00+00:00,2025-11-19 21:00:00+00:00,-1,168.23,173.27689999999998,-300.0000000000003,-311.5000000000003,SL,2025-11-19
AAVE,2025-11-20 17:00:00+00:00,2025-11-21 01:00:00+00:00,-1,163.03,167.92090000000002,-300.0000000000003,-311.5000000000003,SL,2025-11-20
AAVE,2025-11-21 03:00:00+00:00,2025-11-21 07:00:00+00:00,-1,162.85,157.9645,300.0000000000003,288.5000000000003,TP,2025-11-21
AAVE,2025-11-21 08:00:00+00:00,2025-11-21 12:00:00+00:00,-1,156.04,151.3588,299.99999999999915,288.49999999999915,TP,2025-11-21
AAVE,2025-11-21 16:00:00+00:00,2025-11-21 16:00:00+00:00,-1,152.54,157.1162,-300.0000000000003,-311.5000000000003,SL,2025-11-21
AAVE,2025-11-28 17:00:00+00:00,2025-11-29 17:00:00+00:00,-1,182.86,181.85,55.23351197637694,43.73351197637694,TIME,2025-11-28
AAVE,2025-12-01 01:00:00+00:00,2025-12-01 15:00:00+00:00,-1,169.38,164.2986,300.0000000000003,288.5000000000003,TP,2025-12-01
AAVE,2025-12-01 16:00:00+00:00,2025-12-01 22:00:00+00:00,-1,164.6,169.538,-300.0000000000003,-311.5000000000003,SL,2025-12-01
AAVE,2025-12-05 17:00:00+00:00,2025-12-06 16:00:00+00:00,-1,183.83,189.34490000000002,-300.0000000000003,-311.5000000000003,SL,2025-12-05
AAVE,2025-12-12 16:00:00+00:00,2025-12-13 08:00:00+00:00,-1,192.55,198.3265,-300.0000000000003,-311.5000000000003,SL,2025-12-12
AAVE,2025-12-15 15:00:00+00:00,2025-12-15 15:00:00+00:00,-1,189.59,183.9023,300.0000000000003,288.5000000000003,TP,2025-12-15
AAVE,2025-12-17 16:00:00+00:00,2025-12-17 19:00:00+00:00,-1,182.88,177.3936,300.0000000000003,288.5000000000003,TP,2025-12-17
AAVE,2025-12-18 18:00:00+00:00,2025-12-19 03:00:00+00:00,-1,174.36,179.59080000000003,-300.0000000000003,-311.5000000000003,SL,2025-12-18
AAVE,2025-12-26 15:00:00+00:00,2025-12-27 15:00:00+00:00,-1,153.69,156.56,-186.73954063374464,-198.23954063374464,TIME,2025-12-26
AAVE,2025-12-29 10:00:00+00:00,2025-12-30 10:00:00+00:00,-1,151.78,150.31,96.85070496771586,85.35070496771586,TIME,2025-12-29
AAVE,2026-01-06 17:00:00+00:00,2026-01-06 22:00:00+00:00,-1,169.99,175.08970000000002,-300.0000000000003,-311.5000000000003,SL,2026-01-06
AAVE,2026-01-07 01:00:00+00:00,2026-01-07 14:00:00+00:00,-1,172.76,167.57719999999998,300.00000000000136,288.50000000000136,TP,2026-01-07
AAVE,2026-01-08 07:00:00+00:00,2026-01-09 07:00:00+00:00,-1,163.44,164.92,-90.55310817425388,-102.05310817425388,TIME,2026-01-08
AAVE,2026-01-19 00:00:00+00:00,2026-01-19 00:00:00+00:00,-1,168.63,163.5711,299.99999999999915,288.49999999999915,TP,2026-01-19
AAVE,2026-01-19 01:00:00+00:00,2026-01-20 01:00:00+00:00,-1,162.63,163.92,-79.32115845784793,-90.82115845784793,TIME,2026-01-19
AAVE,2026-01-20 23:00:00+00:00,2026-01-21 14:00:00+00:00,-1,153.77,158.3831,-300.0000000000003,-311.5000000000003,SL,2026-01-20
AAVE,2026-01-21 17:00:00+00:00,2026-01-21 19:00:00+00:00,-1,153.51,158.1153,-300.0000000000003,-311.5000000000003,SL,2026-01-21
AAVE,2026-01-27 18:00:00+00:00,2026-01-27 20:00:00+00:00,-1,153.43,158.0329,-300.0000000000003,-311.5000000000003,SL,2026-01-27
AAVE,2026-01-29 15:00:00+00:00,2026-01-29 15:00:00+00:00,-1,150.11,145.60670000000002,299.99999999999915,288.49999999999915,TP,2026-01-29
AAVE,2026-01-29 16:00:00+00:00,2026-01-30 01:00:00+00:00,-1,147.09,142.6773,300.0000000000003,288.5000000000003,TP,2026-01-29
AAVE,2026-01-30 02:00:00+00:00,2026-01-30 15:00:00+00:00,-1,143.96,139.6412,300.0000000000003,288.5000000000003,TP,2026-01-30
AAVE,2026-01-31 15:00:00+00:00,2026-01-31 17:00:00+00:00,-1,132.51,128.5347,300.0000000000003,288.5000000000003,TP,2026-01-31
AAVE,2026-01-31 18:00:00+00:00,2026-01-31 18:00:00+00:00,-1,124.0,120.28,300.0000000000003,288.5000000000003,TP,2026-01-31
AAVE,2026-02-02 03:00:00+00:00,2026-02-02 03:00:00+00:00,-1,125.22,121.4634,300.0000000000003,288.5000000000003,TP,2026-02-02
AAVE,2026-02-03 03:00:00+00:00,2026-02-03 18:00:00+00:00,-1,125.9,122.123,300.0000000000003,288.5000000000003,TP,2026-02-03
AAVE,2026-02-03 19:00:00+00:00,2026-02-03 19:00:00+00:00,-1,121.08,124.7124,-300.0000000000003,-311.5000000000003,SL,2026-02-03
AAVE,2026-02-05 16:00:00+00:00,2026-02-05 20:00:00+00:00,-1,112.27,108.9019,300.0000000000003,288.5000000000003,TP,2026-02-05
AAVE,2026-02-05 21:00:00+00:00,2026-02-05 22:00:00+00:00,-1,104.54,101.4038,300.0000000000003,288.5000000000003,TP,2026-02-05
AAVE,2026-02-16 14:00:00+00:00,2026-02-17 14:00:00+00:00,-1,125.92,125.41,40.501905972045726,29.001905972045726,TIME,2026-02-16
AAVE,2026-02-17 15:00:00+00:00,2026-02-17 16:00:00+00:00,-1,125.34,129.1002,-300.0000000000003,-311.5000000000003,SL,2026-02-17
AAVE,2026-02-23 01:00:00+00:00,2026-02-23 01:00:00+00:00,-1,116.19,112.70429999999999,300.0000000000003,288.5000000000003,TP,2026-02-23
AAVE,2026-02-23 02:00:00+00:00,2026-02-23 06:00:00+00:00,-1,111.8,115.154,-300.0000000000003,-311.5000000000003,SL,2026-02-23
AAVE,2026-02-28 07:00:00+00:00,2026-02-28 14:00:00+00:00,-1,106.03,109.21090000000001,-300.0000000000003,-311.5000000000003,SL,2026-02-28
AAVE,2026-03-13 15:00:00+00:00,2026-03-13 22:00:00+00:00,-1,114.97,111.5209,300.0000000000003,288.5000000000003,TP,2026-03-13
AAVE,2026-03-18 12:00:00+00:00,2026-03-18 14:00:00+00:00,-1,117.3,113.78099999999999,300.0000000000003,288.5000000000003,TP,2026-03-18
AAVE,2026-03-18 15:00:00+00:00,2026-03-19 02:00:00+00:00,-1,113.02,116.4106,-300.0000000000003,-311.5000000000003,SL,2026-03-18
AAVE,2026-03-22 00:00:00+00:00,2026-03-23 00:00:00+00:00,-1,107.95,106.32,150.99583140342875,139.49583140342875,TIME,2026-03-22
AAVE,2026-03-23 07:00:00+00:00,2026-03-23 11:00:00+00:00,-1,105.9,109.07700000000001,-300.0000000000003,-311.5000000000003,SL,2026-03-23
AAVE,2026-03-23 16:00:00+00:00,2026-03-24 16:00:00+00:00,-1,109.59,108.88,64.78693311433581,53.28693311433581,TIME,2026-03-23
AAVE,2026-03-27 11:00:00+00:00,2026-03-27 18:00:00+00:00,-1,101.58,98.5326,299.99999999999915,288.49999999999915,TP,2026-03-27
AAVE,2026-03-29 23:00:00+00:00,2026-03-30 01:00:00+00:00,-1,94.73,97.57190000000001,-300.0000000000003,-311.5000000000003,SL,2026-03-29
AAVE,2026-03-31 15:00:00+00:00,2026-04-01 06:00:00+00:00,-1,96.97,99.87910000000001,-300.0000000000003,-311.5000000000003,SL,2026-03-31
AAVE,2026-04-02 02:00:00+00:00,2026-04-02 12:00:00+00:00,-1,95.99,93.1103,300.0000000000003,288.5000000000003,TP,2026-04-02
AAVE,2026-04-07 11:00:00+00:00,2026-04-07 21:00:00+00:00,-1,87.79,90.42370000000001,-300.0000000000003,-311.5000000000003,SL,2026-04-07
AAVE,2026-04-08 19:00:00+00:00,2026-04-09 01:00:00+00:00,-1,93.23,90.4331,300.00000000000136,288.50000000000136,TP,2026-04-08
AAVE,2026-04-12 02:00:00+00:00,2026-04-13 02:00:00+00:00,-1,90.15,92.8545,-300.0000000000003,-311.5000000000003,SL,2026-04-12
AAVE,2026-04-16 14:00:00+00:00,2026-04-16 15:00:00+00:00,-1,104.8,107.944,-300.0000000000003,-311.5000000000003,SL,2026-04-16
ADA,2025-07-01 15:00:00+00:00,2025-07-02 11:00:00+00:00,-1,0.5465,0.562895,-300.0000000000003,-311.5000000000003,SL,2025-07-01
ADA,2025-07-04 14:00:00+00:00,2025-07-05 14:00:00+00:00,-1,0.5754,0.5752,3.475842891901282,-8.024157108098718,TIME,2025-07-04
ADA,2025-07-09 21:00:00+00:00,2025-07-10 07:00:00+00:00,-1,0.6199,0.638497,-300.0000000000003,-311.5000000000003,SL,2025-07-09
ADA,2025-07-14 16:00:00+00:00,2025-07-15 03:00:00+00:00,-1,0.734,0.71198,300.0000000000003,288.5000000000003,TP,2025-07-14
ADA,2025-07-15 15:00:00+00:00,2025-07-15 17:00:00+00:00,-1,0.7151,0.736553,-300.0000000000003,-311.5000000000003,SL,2025-07-15
ADA,2025-07-22 14:00:00+00:00,2025-07-22 15:00:00+00:00,-1,0.8651,0.891053,-300.0000000000003,-311.5000000000003,SL,2025-07-22
ADA,2025-07-25 03:00:00+00:00,2025-07-26 02:00:00+00:00,-1,0.7971,0.8210130000000001,-300.0000000000003,-311.5000000000003,SL,2025-07-25
ADA,2025-07-30 19:00:00+00:00,2025-07-30 19:00:00+00:00,-1,0.7555,0.7328349999999999,300.0000000000003,288.5000000000003,TP,2025-07-30
ADA,2025-07-31 20:00:00+00:00,2025-08-01 00:00:00+00:00,-1,0.751,0.72847,300.0000000000003,288.5000000000003,TP,2025-07-31
ADA,2025-08-01 14:00:00+00:00,2025-08-01 14:00:00+00:00,-1,0.7135,0.734905,-300.0000000000003,-311.5000000000003,SL,2025-08-01
ADA,2025-08-05 15:00:00+00:00,2025-08-06 15:00:00+00:00,-1,0.726,0.742,-220.38567493112947,-231.88567493112947,TIME,2025-08-05
ADA,2025-08-14 13:00:00+00:00,2025-08-14 13:00:00+00:00,-1,0.9223,0.894631,300.0000000000003,288.5000000000003,TP,2025-08-14
ADA,2025-08-19 15:00:00+00:00,2025-08-19 15:00:00+00:00,-1,0.8968,0.869896,300.0000000000003,288.5000000000003,TP,2025-08-19
ADA,2025-08-20 14:00:00+00:00,2025-08-20 15:00:00+00:00,-1,0.8456,0.8709680000000001,-300.0000000000003,-311.5000000000003,SL,2025-08-20
ADA,2025-08-24 20:00:00+00:00,2025-08-24 20:00:00+00:00,-1,0.9227,0.8950189999999999,300.0000000000003,288.5000000000003,TP,2025-08-24
ADA,2025-08-25 20:00:00+00:00,2025-08-26 20:00:00+00:00,-1,0.8493,0.8671,-209.5843635935468,-221.0843635935468,TIME,2025-08-25
ADA,2025-08-29 08:00:00+00:00,2025-08-30 08:00:00+00:00,-1,0.8271,0.8348,-93.09636077862393,-104.59636077862393,TIME,2025-08-29
ADA,2025-09-01 22:00:00+00:00,2025-09-02 02:00:00+00:00,-1,0.7874,0.811022,-300.0000000000003,-311.5000000000003,SL,2025-09-01
ADA,2025-09-05 15:00:00+00:00,2025-09-06 15:00:00+00:00,-1,0.822,0.8219,1.216545012164838,-10.283454987835162,TIME,2025-09-05
ADA,2025-09-09 15:00:00+00:00,2025-09-10 13:00:00+00:00,-1,0.8678,0.893834,-300.0000000000003,-311.5000000000003,SL,2025-09-09
ADA,2025-09-15 00:00:00+00:00,2025-09-15 08:00:00+00:00,-1,0.8874,0.8607779999999999,300.0000000000003,288.5000000000003,TP,2025-09-15
ADA,2025-09-15 09:00:00+00:00,2025-09-16 09:00:00+00:00,-1,0.8555,0.8693,-161.3091759205143,-172.8091759205143,TIME,2025-09-15
ADA,2025-09-22 01:00:00+00:00,2025-09-22 05:00:00+00:00,-1,0.8639,0.837983,299.99999999999915,288.49999999999915,TP,2025-09-22
ADA,2025-09-22 06:00:00+00:00,2025-09-22 06:00:00+00:00,-1,0.8327,0.807719,300.0000000000003,288.5000000000003,TP,2025-09-22
ADA,2025-09-22 07:00:00+00:00,2025-09-23 07:00:00+00:00,-1,0.8234,0.8235,-1.2144765606025842,-12.714476560602584,TIME,2025-09-22
ADA,2025-09-23 18:00:00+00:00,2025-09-24 18:00:00+00:00,-1,0.8135,0.8223,-108.17455439459111,-119.67455439459111,TIME,2025-09-23
ADA,2025-09-25 05:00:00+00:00,2025-09-25 17:00:00+00:00,-1,0.7893,0.765621,300.0000000000003,288.5000000000003,TP,2025-09-25
ADA,2025-09-25 18:00:00+00:00,2025-09-25 19:00:00+00:00,-1,0.758,0.78074,-300.0000000000003,-311.5000000000003,SL,2025-09-25
ADA,2025-09-26 15:00:00+00:00,2025-09-26 17:00:00+00:00,-1,0.7665,0.789495,-300.0000000000003,-311.5000000000003,SL,2025-09-26
ADA,2025-10-05 10:00:00+00:00,2025-10-05 18:00:00+00:00,-1,0.8664,0.8404079999999999,300.0000000000003,288.5000000000003,TP,2025-10-05
ADA,2025-10-07 15:00:00+00:00,2025-10-08 03:00:00+00:00,-1,0.8388,0.8136359999999999,300.00000000000136,288.50000000000136,TP,2025-10-07
ADA,2025-10-09 14:00:00+00:00,2025-10-10 14:00:00+00:00,-1,0.8069,0.806,11.153798488039435,-0.34620151196056526,TIME,2025-10-09
ADA,2025-10-10 15:00:00+00:00,2025-10-10 15:00:00+00:00,-1,0.8055,0.781335,300.0000000000003,288.5000000000003,TP,2025-10-10
ADA,2025-10-10 16:00:00+00:00,2025-10-10 20:00:00+00:00,-1,0.7821,0.758637,300.0000000000003,288.5000000000003,TP,2025-10-10
ADA,2025-10-10 21:00:00+00:00,2025-10-10 21:00:00+00:00,-1,0.7163,0.6948110000000001,299.99999999999915,288.49999999999915,TP,2025-10-10
ADA,2025-10-11 02:00:00+00:00,2025-10-11 02:00:00+00:00,-1,0.631,0.64993,-300.0000000000003,-311.5000000000003,SL,2025-10-11
ADA,2025-10-16 16:00:00+00:00,2025-10-17 06:00:00+00:00,-1,0.6514,0.6318579999999999,300.00000000000136,288.50000000000136,TP,2025-10-16
ADA,2025-10-17 07:00:00+00:00,2025-10-17 08:00:00+00:00,-1,0.6236,0.604892,300.00000000000136,288.50000000000136,TP,2025-10-17
ADA,2025-10-21 05:00:00+00:00,2025-10-21 14:00:00+00:00,-1,0.6396,0.6587879999999999,-300.0000000000003,-311.5000000000003,SL,2025-10-21
ADA,2025-10-21 23:00:00+00:00,2025-10-22 09:00:00+00:00,-1,0.6487,0.629239,300.00000000000136,288.50000000000136,TP,2025-10-21
ADA,2025-10-28 20:00:00+00:00,2025-10-29 18:00:00+00:00,-1,0.6542,0.634574,300.0000000000003,288.5000000000003,TP,2025-10-28
ADA,2025-10-29 19:00:00+00:00,2025-10-30 04:00:00+00:00,-1,0.6466,0.6272019999999999,300.0000000000003,288.5000000000003,TP,2025-10-29
ADA,2025-10-30 05:00:00+00:00,2025-10-30 07:00:00+00:00,-1,0.6286,0.6474580000000001,-300.0000000000003,-311.5000000000003,SL,2025-10-30
ADA,2025-10-30 13:00:00+00:00,2025-10-30 16:00:00+00:00,-1,0.6184,0.5998479999999999,300.0000000000003,288.5000000000003,TP,2025-10-30
ADA,2025-10-31 17:00:00+00:00,2025-11-01 17:00:00+00:00,-1,0.6014,0.6108,-156.3019620884587,-167.8019620884587,TIME,2025-10-31
ADA,2025-11-03 16:00:00+00:00,2025-11-03 17:00:00+00:00,-1,0.5501,0.5666030000000001,-300.0000000000003,-311.5000000000003,SL,2025-11-03
ADA,2025-11-04 06:00:00+00:00,2025-11-04 06:00:00+00:00,-1,0.5336,0.549608,-300.0000000000003,-311.5000000000003,SL,2025-11-04
ADA,2025-11-10 15:00:00+00:00,2025-11-11 01:00:00+00:00,-1,0.5845,0.602035,-300.0000000000003,-311.5000000000003,SL,2025-11-10
ADA,2025-11-12 16:00:00+00:00,2025-11-12 19:00:00+00:00,-1,0.5575,0.540775,300.0000000000003,288.5000000000003,TP,2025-11-12
ADA,2025-11-13 16:00:00+00:00,2025-11-13 17:00:00+00:00,-1,0.5538,0.5371859999999999,300.0000000000003,288.5000000000003,TP,2025-11-13
ADA,2025-11-14 05:00:00+00:00,2025-11-14 12:00:00+00:00,-1,0.5165,0.5010049999999999,300.0000000000003,288.5000000000003,TP,2025-11-14
ADA,2025-11-14 21:00:00+00:00,2025-11-15 21:00:00+00:00,-1,0.5015,0.5,29.910269192421346,18.410269192421346,TIME,2025-11-14
ADA,2025-11-17 14:00:00+00:00,2025-11-17 14:00:00+00:00,-1,0.477,0.49130999999999997,-300.0000000000003,-311.5000000000003,SL,2025-11-17
ADA,2025-11-17 18:00:00+00:00,2025-11-18 00:00:00+00:00,-1,0.4699,0.45580299999999996,300.0000000000003,288.5000000000003,TP,2025-11-17
ADA,2025-11-19 16:00:00+00:00,2025-11-19 17:00:00+00:00,-1,0.4561,0.442417,300.0000000000003,288.5000000000003,TP,2025-11-19
ADA,2025-11-20 17:00:00+00:00,2025-11-21 02:00:00+00:00,-1,0.4387,0.42553899999999995,300.0000000000003,288.5000000000003,TP,2025-11-20
ADA,2025-11-21 03:00:00+00:00,2025-11-21 07:00:00+00:00,-1,0.4254,0.412638,300.0000000000003,288.5000000000003,TP,2025-11-21
ADA,2025-11-21 08:00:00+00:00,2025-11-21 12:00:00+00:00,-1,0.4089,0.39663299999999996,300.0000000000003,288.5000000000003,TP,2025-11-21
ADA,2025-11-21 16:00:00+00:00,2025-11-21 17:00:00+00:00,-1,0.4008,0.412824,-300.0000000000003,-311.5000000000003,SL,2025-11-21
ADA,2025-11-28 17:00:00+00:00,2025-11-29 17:00:00+00:00,-1,0.4232,0.4142,212.66540642722154,201.16540642722154,TIME,2025-11-28
ADA,2025-12-01 01:00:00+00:00,2025-12-01 12:00:00+00:00,-1,0.3878,0.37616599999999994,300.00000000000136,288.50000000000136,TP,2025-12-01
ADA,2025-12-01 16:00:00+00:00,2025-12-01 23:00:00+00:00,-1,0.3758,0.38707400000000003,-300.0000000000003,-311.5000000000003,SL,2025-12-01
ADA,2025-12-05 17:00:00+00:00,2025-12-06 17:00:00+00:00,-1,0.4134,0.4189,-133.04305757136038,-144.54305757136038,TIME,2025-12-05
ADA,2025-12-12 16:00:00+00:00,2025-12-13 16:00:00+00:00,-1,0.408,0.4116,-88.23529411764896,-99.73529411764896,TIME,2025-12-12
ADA,2025-12-15 15:00:00+00:00,2025-12-15 17:00:00+00:00,-1,0.3918,0.380046,299.99999999999915,288.49999999999915,TP,2025-12-15
ADA,2025-12-17 16:00:00+00:00,2025-12-17 16:00:00+00:00,-1,0.3816,0.370152,300.0000000000003,288.5000000000003,TP,2025-12-17
ADA,2025-12-18 18:00:00+00:00,2025-12-18 19:00:00+00:00,-1,0.3582,0.347454,300.00000000000136,288.50000000000136,TP,2025-12-18
ADA,2025-12-18 20:00:00+00:00,2025-12-19 03:00:00+00:00,-1,0.3474,0.357822,-300.0000000000003,-311.5000000000003,SL,2025-12-18
ADA,2025-12-26 15:00:00+00:00,2025-12-27 15:00:00+00:00,-1,0.3489,0.357,-232.15821152192672,-243.65821152192672,TIME,2025-12-26
ADA,2025-12-29 10:00:00+00:00,2025-12-29 17:00:00+00:00,-1,0.3694,0.35831799999999997,300.00000000000136,288.50000000000136,TP,2025-12-29
ADA,2026-01-06 17:00:00+00:00,2026-01-07 08:00:00+00:00,-1,0.4097,0.421991,-300.0000000000003,-311.5000000000003,SL,2026-01-06
ADA,2026-01-07 10:00:00+00:00,2026-01-07 23:00:00+00:00,-1,0.4101,0.397797,300.0000000000003,288.5000000000003,TP,2026-01-07
ADA,2026-01-08 07:00:00+00:00,2026-01-09 07:00:00+00:00,-1,0.3913,0.397,-145.668285203171,-157.168285203171,TIME,2026-01-08
ADA,2026-01-19 00:00:00+00:00,2026-01-19 00:00:00+00:00,-1,0.3751,0.363847,300.0000000000003,288.5000000000003,TP,2026-01-19
ADA,2026-01-19 01:00:00+00:00,2026-01-20 01:00:00+00:00,-1,0.3625,0.3685,-165.51724137931157,-177.01724137931157,TIME,2026-01-19
ADA,2026-01-20 23:00:00+00:00,2026-01-21 05:00:00+00:00,-1,0.3506,0.36111800000000005,-300.0000000000003,-311.5000000000003,SL,2026-01-20
ADA,2026-01-21 17:00:00+00:00,2026-01-21 19:00:00+00:00,-1,0.3474,0.357822,-300.0000000000003,-311.5000000000003,SL,2026-01-21
ADA,2026-01-27 18:00:00+00:00,2026-01-27 20:00:00+00:00,-1,0.3501,0.360603,-300.0000000000003,-311.5000000000003,SL,2026-01-27
ADA,2026-01-29 15:00:00+00:00,2026-01-29 18:00:00+00:00,-1,0.3384,0.328248,300.0000000000003,288.5000000000003,TP,2026-01-29
ADA,2026-01-30 02:00:00+00:00,2026-01-30 18:00:00+00:00,-1,0.3264,0.316608,300.0000000000003,288.5000000000003,TP,2026-01-30
ADA,2026-01-31 15:00:00+00:00,2026-01-31 17:00:00+00:00,-1,0.2981,0.28915699999999994,300.00000000000136,288.50000000000136,TP,2026-01-31
ADA,2026-01-31 18:00:00+00:00,2026-01-31 18:00:00+00:00,-1,0.2842,0.275674,300.00000000000136,288.50000000000136,TP,2026-01-31
ADA,2026-02-02 03:00:00+00:00,2026-02-02 03:00:00+00:00,-1,0.2874,0.27877799999999997,300.0000000000003,288.5000000000003,TP,2026-02-02
ADA,2026-02-03 03:00:00+00:00,2026-02-03 15:00:00+00:00,-1,0.2941,0.302923,-300.0000000000003,-311.5000000000003,SL,2026-02-03
ADA,2026-02-03 17:00:00+00:00,2026-02-03 17:00:00+00:00,-1,0.2956,0.286732,299.99999999999915,288.49999999999915,TP,2026-02-03
ADA,2026-02-03 18:00:00+00:00,2026-02-03 19:00:00+00:00,-1,0.2871,0.295713,-300.0000000000003,-311.5000000000003,SL,2026-02-03
ADA,2026-02-05 16:00:00+00:00,2026-02-05 18:00:00+00:00,-1,0.2628,0.254916,300.0000000000003,288.5000000000003,TP,2026-02-05
ADA,2026-02-05 21:00:00+00:00,2026-02-06 00:00:00+00:00,-1,0.2477,0.240269,300.0000000000003,288.5000000000003,TP,2026-02-05
ADA,2026-02-16 14:00:00+00:00,2026-02-17 07:00:00+00:00,-1,0.2809,0.289327,-300.0000000000003,-311.5000000000003,SL,2026-02-16
ADA,2026-02-17 15:00:00+00:00,2026-02-17 16:00:00+00:00,-1,0.2779,0.28623699999999996,-300.0000000000003,-311.5000000000003,SL,2026-02-17
ADA,2026-02-23 01:00:00+00:00,2026-02-23 01:00:00+00:00,-1,0.2683,0.26025099999999995,300.00000000000136,288.50000000000136,TP,2026-02-23
ADA,2026-02-23 02:00:00+00:00,2026-02-23 06:00:00+00:00,-1,0.2584,0.266152,-300.0000000000003,-311.5000000000003,SL,2026-02-23
ADA,2026-02-28 07:00:00+00:00,2026-02-28 07:00:00+00:00,-1,0.2618,0.269654,-300.0000000000003,-311.5000000000003,SL,2026-02-28
ADA,2026-03-13 15:00:00+00:00,2026-03-13 22:00:00+00:00,-1,0.2732,0.265004,299.99999999999915,288.49999999999915,TP,2026-03-13
ADA,2026-03-18 12:00:00+00:00,2026-03-18 14:00:00+00:00,-1,0.2793,0.27092099999999997,300.00000000000136,288.50000000000136,TP,2026-03-18
ADA,2026-03-18 15:00:00+00:00,2026-03-19 15:00:00+00:00,-1,0.271,0.2655,202.95202952029578,191.45202952029578,TIME,2026-03-18
ADA,2026-03-22 00:00:00+00:00,2026-03-22 21:00:00+00:00,-1,0.2566,0.24890199999999998,300.0000000000003,288.5000000000003,TP,2026-03-22
ADA,2026-03-23 07:00:00+00:00,2026-03-23 11:00:00+00:00,-1,0.2493,0.256779,-300.0000000000003,-311.5000000000003,SL,2026-03-23
ADA,2026-03-23 16:00:00+00:00,2026-03-24 16:00:00+00:00,-1,0.261,0.2596,53.63984674329525,42.13984674329525,TIME,2026-03-23
ADA,2026-03-27 11:00:00+00:00,2026-03-28 11:00:00+00:00,-1,0.246,0.2483,-93.49593495934894,-104.99593495934894,TIME,2026-03-27
ADA,2026-03-29 23:00:00+00:00,2026-03-30 02:00:00+00:00,-1,0.2383,0.24544900000000003,-300.0000000000003,-311.5000000000003,SL,2026-03-29
ADA,2026-03-31 15:00:00+00:00,2026-04-01 05:00:00+00:00,-1,0.2398,0.24699400000000002,-300.0000000000003,-311.5000000000003,SL,2026-03-31
ADA,2026-04-02 02:00:00+00:00,2026-04-02 13:00:00+00:00,-1,0.2429,0.235613,300.0000000000003,288.5000000000003,TP,2026-04-02
ADA,2026-04-07 11:00:00+00:00,2026-04-07 21:00:00+00:00,-1,0.242,0.24926,-300.0000000000003,-311.5000000000003,SL,2026-04-07
ADA,2026-04-08 19:00:00+00:00,2026-04-09 19:00:00+00:00,-1,0.2528,0.2556,-110.75949367088444,-122.25949367088444,TIME,2026-04-08
ADA,2026-04-12 02:00:00+00:00,2026-04-12 22:00:00+00:00,-1,0.2437,0.236389,300.0000000000003,288.5000000000003,TP,2026-04-12
ADA,2026-04-16 14:00:00+00:00,2026-04-16 18:00:00+00:00,-1,0.249,0.25647000000000003,-300.0000000000003,-311.5000000000003,SL,2026-04-16
BNB,2025-07-01 15:00:00+00:00,2025-07-02 15:00:00+00:00,-1,646.92,661.74,-229.08551289185786,-240.58551289185786,TIME,2025-07-01
BNB,2025-07-04 14:00:00+00:00,2025-07-05 14:00:00+00:00,-1,655.82,654.95,13.265835137690196,1.7658351376901962,TIME,2025-07-04
BNB,2025-07-09 21:00:00+00:00,2025-07-10 21:00:00+00:00,-1,666.5,686.495,-300.0000000000003,-311.5000000000003,SL,2025-07-09
BNB,2025-07-14 16:00:00+00:00,2025-07-15 16:00:00+00:00,-1,692.9,684.71,118.19887429643461,106.69887429643461,TIME,2025-07-14
BNB,2025-07-22 14:00:00+00:00,2025-07-22 23:00:00+00:00,-1,759.88,782.6764000000001,-300.0000000000003,-311.5000000000003,SL,2025-07-22
BNB,2025-07-25 03:00:00+00:00,2025-07-25 22:00:00+00:00,-1,758.7,781.461,-300.0000000000003,-311.5000000000003,SL,2025-07-25
BNB,2025-07-30 19:00:00+00:00,2025-07-31 04:00:00+00:00,-1,780.44,803.8532000000001,-300.0000000000003,-311.5000000000003,SL,2025-07-30
BNB,2025-07-31 20:00:00+00:00,2025-08-01 06:00:00+00:00,-1,796.12,772.2364,300.0000000000003,288.5000000000003,TP,2025-07-31
BNB,2025-08-01 14:00:00+00:00,2025-08-02 14:00:00+00:00,-1,762.63,748.6,183.96863485569682,172.46863485569682,TIME,2025-08-01
BNB,2025-08-05 15:00:00+00:00,2025-08-06 15:00:00+00:00,-1,748.23,769.81,-288.41399035056,-299.91399035056,TIME,2025-08-05
BNB,2025-08-14 13:00:00+00:00,2025-08-15 13:00:00+00:00,-1,834.95,832.38,30.780286244685982,19.280286244685982,TIME,2025-08-14
BNB,2025-08-19 15:00:00+00:00,2025-08-20 15:00:00+00:00,-1,831.43,833.72,-27.54290800187631,-39.04290800187631,TIME,2025-08-19
BNB,2025-08-24 20:00:00+00:00,2025-08-25 20:00:00+00:00,-1,869.51,843.4246999999999,300.00000000000136,288.50000000000136,TP,2025-08-24
BNB,2025-08-29 08:00:00+00:00,2025-08-30 08:00:00+00:00,-1,857.68,859.85,-25.30081149146657,-36.80081149146657,TIME,2025-08-29
BNB,2025-09-01 22:00:00+00:00,2025-09-02 22:00:00+00:00,-1,843.58,853.0,-111.66694326560477,-123.16694326560477,TIME,2025-09-01
BNB,2025-09-05 15:00:00+00:00,2025-09-06 15:00:00+00:00,-1,848.16,860.13,-141.12903225806494,-152.62903225806494,TIME,2025-09-05
BNB,2025-09-09 15:00:00+00:00,2025-09-10 13:00:00+00:00,-1,875.77,902.0431,-300.0000000000003,-311.5000000000003,SL,2025-09-09
BNB,2025-09-15 00:00:00+00:00,2025-09-16 00:00:00+00:00,-1,926.78,919.38,79.84634972701188,68.34634972701188,TIME,2025-09-15
BNB,2025-09-22 01:00:00+00:00,2025-09-22 06:00:00+00:00,-1,1029.82,998.9253999999999,300.0000000000003,288.5000000000003,TP,2025-09-22
BNB,2025-09-23 18:00:00+00:00,2025-09-24 18:00:00+00:00,-1,1014.99,1016.5,-14.87699386200747,-26.37699386200747,TIME,2025-09-23
BNB,2025-09-25 05:00:00+00:00,2025-09-25 17:00:00+00:00,-1,991.0,961.27,300.0000000000003,288.5000000000003,TP,2025-09-25
BNB,2025-09-25 18:00:00+00:00,2025-09-26 18:00:00+00:00,-1,957.33,960.33,-31.33715646642221,-42.837156466422215,TIME,2025-09-25
BNB,2025-10-05 10:00:00+00:00,2025-10-06 06:00:00+00:00,-1,1162.39,1197.2617000000002,-300.0000000000003,-311.5000000000003,SL,2025-10-05
BNB,2025-10-07 15:00:00+00:00,2025-10-08 00:00:00+00:00,-1,1294.95,1333.7985,-300.0000000000003,-311.5000000000003,SL,2025-10-07
BNB,2025-10-09 14:00:00+00:00,2025-10-10 14:00:00+00:00,-1,1256.27,1240.22,127.75916005317245,116.25916005317245,TIME,2025-10-09
BNB,2025-10-10 15:00:00+00:00,2025-10-10 20:00:00+00:00,-1,1240.89,1203.6633000000002,299.99999999999915,288.49999999999915,TP,2025-10-10
BNB,2025-10-10 21:00:00+00:00,2025-10-10 21:00:00+00:00,-1,1196.0,1160.12,300.00000000000136,288.50000000000136,TP,2025-10-10
BNB,2025-10-11 02:00:00+00:00,2025-10-11 02:00:00+00:00,-1,1086.3,1118.889,-300.0000000000003,-311.5000000000003,SL,2025-10-11
BNB,2025-10-11 08:00:00+00:00,2025-10-11 09:00:00+00:00,-1,1096.0,1128.88,-300.0000000000003,-311.5000000000003,SL,2025-10-11
BNB,2025-10-16 16:00:00+00:00,2025-10-17 06:00:00+00:00,-1,1134.95,1100.9015,300.00000000000136,288.50000000000136,TP,2025-10-16
BNB,2025-10-17 07:00:00+00:00,2025-10-17 07:00:00+00:00,-1,1095.35,1062.4895,300.0000000000003,288.5000000000003,TP,2025-10-17
BNB,2025-10-21 05:00:00+00:00,2025-10-21 14:00:00+00:00,-1,1063.82,1095.7346,-300.0000000000003,-311.5000000000003,SL,2025-10-21
BNB,2025-10-21 23:00:00+00:00,2025-10-22 23:00:00+00:00,-1,1065.22,1071.39,-57.92230712904356,-69.42230712904356,TIME,2025-10-21
BNB,2025-10-28 20:00:00+00:00,2025-10-28 20:00:00+00:00,-1,1128.24,1094.3928,299.99999999999915,288.49999999999915,TP,2025-10-28
BNB,2025-10-29 16:00:00+00:00,2025-10-30 16:00:00+00:00,-1,1098.65,1081.2,158.83129295043986,147.33129295043986,TIME,2025-10-29
BNB,2025-10-31 17:00:00+00:00,2025-11-01 17:00:00+00:00,-1,1073.89,1091.88,-167.52181322109428,-179.02181322109428,TIME,2025-10-31
BNB,2025-11-03 16:00:00+00:00,2025-11-04 05:00:00+00:00,-1,980.28,950.8716,300.0000000000003,288.5000000000003,TP,2025-11-03
BNB,2025-11-04 06:00:00+00:00,2025-11-04 17:00:00+00:00,-1,947.38,918.9585999999999,300.0000000000003,288.5000000000003,TP,2025-11-04
BNB,2025-11-10 15:00:00+00:00,2025-11-11 15:00:00+00:00,-1,983.89,975.7,83.2410127148353,71.7410127148353,TIME,2025-11-10
BNB,2025-11-12 16:00:00+00:00,2025-11-13 16:00:00+00:00,-1,948.85,945.59,34.357379986299506,22.857379986299506,TIME,2025-11-12
BNB,2025-11-14 05:00:00+00:00,2025-11-15 05:00:00+00:00,-1,913.33,932.54,-210.32923477822817,-221.82923477822817,TIME,2025-11-14
BNB,2025-11-17 14:00:00+00:00,2025-11-18 14:00:00+00:00,-1,906.35,915.97,-106.14001213659296,-117.64001213659296,TIME,2025-11-17
BNB,2025-11-19 16:00:00+00:00,2025-11-20 16:00:00+00:00,-1,894.57,878.02,185.0050862425534,173.5050862425534,TIME,2025-11-19
BNB,2025-11-20 17:00:00+00:00,2025-11-21 06:00:00+00:00,-1,880.32,853.9104,300.0000000000003,288.5000000000003,TP,2025-11-20
BNB,2025-11-21 08:00:00+00:00,2025-11-21 10:00:00+00:00,-1,832.21,807.2437,300.0000000000003,288.5000000000003,TP,2025-11-21
BNB,2025-11-21 16:00:00+00:00,2025-11-22 00:00:00+00:00,-1,814.35,838.7805000000001,-300.0000000000003,-311.5000000000003,SL,2025-11-21
BNB,2025-11-28 17:00:00+00:00,2025-11-29 17:00:00+00:00,-1,884.61,873.21,128.87034964560672,117.37034964560672,TIME,2025-11-28
BNB,2025-12-01 01:00:00+00:00,2025-12-01 15:00:00+00:00,-1,835.83,810.7551,300.00000000000136,288.50000000000136,TP,2025-12-01
BNB,2025-12-01 16:00:00+00:00,2025-12-02 09:00:00+00:00,-1,812.15,836.5145,-300.0000000000003,-311.5000000000003,SL,2025-12-01
BNB,2025-12-05 17:00:00+00:00,2025-12-06 17:00:00+00:00,-1,879.36,893.89,-165.23380640465658,-176.73380640465658,TIME,2025-12-05
BNB,2025-12-12 16:00:00+00:00,2025-12-13 16:00:00+00:00,-1,874.48,900.7144000000001,-300.0000000000003,-311.5000000000003,SL,2025-12-12
BNB,2025-12-15 15:00:00+00:00,2025-12-15 17:00:00+00:00,-1,871.51,845.3647,300.0000000000003,288.5000000000003,TP,2025-12-15
BNB,2025-12-17 16:00:00+00:00,2025-12-18 16:00:00+00:00,-1,854.12,845.7,98.58099564463929,87.08099564463929,TIME,2025-12-17
BNB,2025-12-18 18:00:00+00:00,2025-12-19 18:00:00+00:00,-1,831.51,849.87,-220.8031172204783,-232.3031172204783,TIME,2025-12-18
BNB,2025-12-26 15:00:00+00:00,2025-12-27 15:00:00+00:00,-1,830.42,841.41,-132.34266997423026,-143.84266997423026,TIME,2025-12-26
BNB,2025-12-29 10:00:00+00:00,2025-12-30 10:00:00+00:00,-1,851.11,855.53,-51.93218267908861,-63.43218267908861,TIME,2025-12-29
BNB,2026-01-06 17:00:00+00:00,2026-01-07 17:00:00+00:00,-1,908.31,897.91,114.49835408615994,102.99835408615994,TIME,2026-01-06
BNB,2026-01-08 07:00:00+00:00,2026-01-09 07:00:00+00:00,-1,880.74,894.24,-153.28019619865074,-164.78019619865074,TIME,2026-01-08
BNB,2026-01-19 00:00:00+00:00,2026-01-19 00:00:00+00:00,-1,932.24,904.2728,300.0000000000003,288.5000000000003,TP,2026-01-19
BNB,2026-01-19 01:00:00+00:00,2026-01-20 01:00:00+00:00,-1,919.28,932.78,-146.8540596988954,-158.3540596988954,TIME,2026-01-19
BNB,2026-01-20 23:00:00+00:00,2026-01-21 23:00:00+00:00,-1,891.13,883.59,84.61167281990201,73.11167281990201,TIME,2026-01-20
BNB,2026-01-27 18:00:00+00:00,2026-01-28 18:00:00+00:00,-1,887.27,903.03,-177.62349679353528,-189.12349679353528,TIME,2026-01-27
BNB,2026-01-29 15:00:00+00:00,2026-01-30 01:00:00+00:00,-1,878.45,852.0965,300.0000000000003,288.5000000000003,TP,2026-01-29
BNB,2026-01-30 02:00:00+00:00,2026-01-31 02:00:00+00:00,-1,847.59,854.46,-81.05333946837546,-92.55333946837546,TIME,2026-01-30
BNB,2026-01-31 15:00:00+00:00,2026-01-31 17:00:00+00:00,-1,812.47,788.0959,300.0000000000003,288.5000000000003,TP,2026-01-31
BNB,2026-01-31 18:00:00+00:00,2026-01-31 18:00:00+00:00,-1,781.11,757.6767,300.0000000000003,288.5000000000003,TP,2026-01-31
BNB,2026-02-02 03:00:00+00:00,2026-02-02 03:00:00+00:00,-1,758.17,735.4249,300.0000000000003,288.5000000000003,TP,2026-02-02
BNB,2026-02-03 03:00:00+00:00,2026-02-03 18:00:00+00:00,-1,764.16,741.2352,300.0000000000003,288.5000000000003,TP,2026-02-03
BNB,2026-02-03 19:00:00+00:00,2026-02-03 20:00:00+00:00,-1,737.85,759.9855,-300.0000000000003,-311.5000000000003,SL,2026-02-03
BNB,2026-02-05 16:00:00+00:00,2026-02-05 18:00:00+00:00,-1,658.81,639.0456999999999,300.0000000000003,288.5000000000003,TP,2026-02-05
BNB,2026-02-05 21:00:00+00:00,2026-02-06 00:00:00+00:00,-1,617.52,598.9943999999999,300.00000000000136,288.50000000000136,TP,2026-02-05
BNB,2026-02-16 14:00:00+00:00,2026-02-17 14:00:00+00:00,-1,616.07,611.92,67.36247504342208,55.86247504342208,TIME,2026-02-16
BNB,2026-02-17 15:00:00+00:00,2026-02-18 15:00:00+00:00,-1,612.04,618.17,-100.15685249330053,-111.65685249330053,TIME,2026-02-17
BNB,2026-02-23 01:00:00+00:00,2026-02-23 01:00:00+00:00,-1,606.01,587.8297,300.0000000000003,288.5000000000003,TP,2026-02-23
BNB,2026-02-23 02:00:00+00:00,2026-02-23 09:00:00+00:00,-1,586.0,603.58,-300.0000000000003,-311.5000000000003,SL,2026-02-23
BNB,2026-02-28 07:00:00+00:00,2026-02-28 18:00:00+00:00,-1,591.53,609.2759,-300.0000000000003,-311.5000000000003,SL,2026-02-28
BNB,2026-03-13 15:00:00+00:00,2026-03-14 15:00:00+00:00,-1,668.44,653.43,224.55268984501342,213.05268984501342,TIME,2026-03-13
BNB,2026-03-18 12:00:00+00:00,2026-03-19 07:00:00+00:00,-1,661.8,641.9459999999999,300.0000000000003,288.5000000000003,TP,2026-03-18
BNB,2026-03-22 00:00:00+00:00,2026-03-23 00:00:00+00:00,-1,630.34,624.49,92.80705650918541,81.30705650918541,TIME,2026-03-22
BNB,2026-03-23 07:00:00+00:00,2026-03-23 11:00:00+00:00,-1,622.45,641.1235,-300.0000000000003,-311.5000000000003,SL,2026-03-23
BNB,2026-03-23 16:00:00+00:00,2026-03-24 16:00:00+00:00,-1,637.34,629.02,130.5425675463656,119.0425675463656,TIME,2026-03-23
BNB,2026-03-27 11:00:00+00:00,2026-03-28 11:00:00+00:00,-1,608.95,612.81,-63.38779866984056,-74.88779866984056,TIME,2026-03-27
BNB,2026-03-29 23:00:00+00:00,2026-03-30 23:00:00+00:00,-1,604.48,609.4,-81.39227104287939,-92.89227104287939,TIME,2026-03-29
BNB,2026-03-31 15:00:00+00:00,2026-04-01 15:00:00+00:00,-1,608.97,615.25,-103.1249486838437,-114.6249486838437,TIME,2026-03-31
BNB,2026-04-02 02:00:00+00:00,2026-04-02 09:00:00+00:00,-1,604.21,586.0837,300.0000000000003,288.5000000000003,TP,2026-04-02
BNB,2026-04-07 11:00:00+00:00,2026-04-07 22:00:00+00:00,-1,597.88,615.8164,-300.0000000000003,-311.5000000000003,SL,2026-04-07
BNB,2026-04-08 19:00:00+00:00,2026-04-09 19:00:00+00:00,-1,603.31,609.08,-95.63905786411864,-107.13905786411864,TIME,2026-04-08
BNB,2026-04-12 02:00:00+00:00,2026-04-13 02:00:00+00:00,-1,593.38,596.49,-52.41160807576861,-63.91160807576861,TIME,2026-04-12
BNB,2026-04-16 14:00:00+00:00,2026-04-16 18:00:00+00:00,-1,617.72,636.2516,-300.0000000000003,-311.5000000000003,SL,2026-04-16
DOGE,2025-07-01 15:00:00+00:00,2025-07-02 15:00:00+00:00,-1,0.15922,0.1639966,-300.0000000000003,-311.5000000000003,SL,2025-07-01
DOGE,2025-07-04 14:00:00+00:00,2025-07-05 14:00:00+00:00,-1,0.1643,0.16361,41.996348143639175,30.496348143639175,TIME,2025-07-04
DOGE,2025-07-14 16:00:00+00:00,2025-07-15 01:00:00+00:00,-1,0.19913,0.1931561,300.0000000000003,288.5000000000003,TP,2025-07-14
DOGE,2025-07-15 15:00:00+00:00,2025-07-15 17:00:00+00:00,-1,0.18999,0.1956897,-300.0000000000003,-311.5000000000003,SL,2025-07-15
DOGE,2025-07-22 14:00:00+00:00,2025-07-22 23:00:00+00:00,-1,0.26258,0.27045739999999996,-300.0000000000003,-311.5000000000003,SL,2025-07-22
DOGE,2025-07-25 03:00:00+00:00,2025-07-25 10:00:00+00:00,-1,0.22543,0.2321929,-300.0000000000003,-311.5000000000003,SL,2025-07-25
DOGE,2025-07-25 15:00:00+00:00,2025-07-25 20:00:00+00:00,-1,0.22355,0.2302565,-300.0000000000003,-311.5000000000003,SL,2025-07-25
DOGE,2025-07-30 19:00:00+00:00,2025-07-30 19:00:00+00:00,-1,0.2162,0.20971399999999998,300.00000000000136,288.50000000000136,TP,2025-07-30
DOGE,2025-07-31 20:00:00+00:00,2025-08-01 00:00:00+00:00,-1,0.21361,0.2072017,300.0000000000003,288.5000000000003,TP,2025-07-31
DOGE,2025-08-01 14:00:00+00:00,2025-08-01 14:00:00+00:00,-1,0.20393,0.2100479,-300.0000000000003,-311.5000000000003,SL,2025-08-01
DOGE,2025-08-05 15:00:00+00:00,2025-08-06 15:00:00+00:00,-1,0.19908,0.20505240000000002,-300.0000000000003,-311.5000000000003,SL,2025-08-05
DOGE,2025-08-14 13:00:00+00:00,2025-08-14 21:00:00+00:00,-1,0.22607,0.21928789999999998,300.0000000000003,288.5000000000003,TP,2025-08-14
DOGE,2025-08-19 15:00:00+00:00,2025-08-20 01:00:00+00:00,-1,0.21499,0.20854029999999998,300.0000000000003,288.5000000000003,TP,2025-08-19
DOGE,2025-08-20 14:00:00+00:00,2025-08-20 15:00:00+00:00,-1,0.21,0.2163,-300.0000000000003,-311.5000000000003,SL,2025-08-20
DOGE,2025-08-24 20:00:00+00:00,2025-08-25 00:00:00+00:00,-1,0.23406,0.2270382,300.0000000000003,288.5000000000003,TP,2025-08-24
DOGE,2025-08-25 20:00:00+00:00,2025-08-25 20:00:00+00:00,-1,0.21378,0.20736659999999998,300.0000000000003,288.5000000000003,TP,2025-08-25
DOGE,2025-08-29 08:00:00+00:00,2025-08-30 08:00:00+00:00,-1,0.21459,0.21626,-77.82282492194481,-89.32282492194481,TIME,2025-08-29
DOGE,2025-09-01 22:00:00+00:00,2025-09-02 02:00:00+00:00,-1,0.2064,0.212592,-300.0000000000003,-311.5000000000003,SL,2025-09-01
DOGE,2025-09-05 15:00:00+00:00,2025-09-05 20:00:00+00:00,-1,0.21302,0.21941059999999998,-300.0000000000003,-311.5000000000003,SL,2025-09-05
DOGE,2025-09-09 15:00:00+00:00,2025-09-10 15:00:00+00:00,-1,0.24037,0.24359,-133.9601447768035,-145.4601447768035,TIME,2025-09-09
DOGE,2025-09-15 00:00:00+00:00,2025-09-15 07:00:00+00:00,-1,0.27782,0.2694854,300.00000000000136,288.50000000000136,TP,2025-09-15
DOGE,2025-09-15 09:00:00+00:00,2025-09-15 21:00:00+00:00,-1,0.25967,0.26746010000000003,-300.0000000000003,-311.5000000000003,SL,2025-09-15
DOGE,2025-09-22 01:00:00+00:00,2025-09-22 06:00:00+00:00,-1,0.24983,0.2423351,300.0000000000003,288.5000000000003,TP,2025-09-22
DOGE,2025-09-22 07:00:00+00:00,2025-09-23 07:00:00+00:00,-1,0.2402,0.2413,-45.79517069108974,-57.29517069108974,TIME,2025-09-22
DOGE,2025-09-23 18:00:00+00:00,2025-09-24 04:00:00+00:00,-1,0.23838,0.2312286,300.0000000000003,288.5000000000003,TP,2025-09-23
DOGE,2025-09-25 05:00:00+00:00,2025-09-25 12:00:00+00:00,-1,0.23327,0.2262719,300.0000000000003,288.5000000000003,TP,2025-09-25
DOGE,2025-09-25 18:00:00+00:00,2025-09-25 19:00:00+00:00,-1,0.22132,0.22795959999999998,-300.0000000000003,-311.5000000000003,SL,2025-09-25
DOGE,2025-09-26 15:00:00+00:00,2025-09-26 18:00:00+00:00,-1,0.22528,0.2320384,-300.0000000000003,-311.5000000000003,SL,2025-09-26
DOGE,2025-10-05 10:00:00+00:00,2025-10-05 19:00:00+00:00,-1,0.26094,0.2531118,300.0000000000003,288.5000000000003,TP,2025-10-05
DOGE,2025-10-07 15:00:00+00:00,2025-10-07 23:00:00+00:00,-1,0.25475,0.24710749999999998,300.0000000000003,288.5000000000003,TP,2025-10-07
DOGE,2025-10-09 14:00:00+00:00,2025-10-10 03:00:00+00:00,-1,0.2452,0.252556,-300.0000000000003,-311.5000000000003,SL,2025-10-09
DOGE,2025-10-10 15:00:00+00:00,2025-10-10 15:00:00+00:00,-1,0.24683,0.23942509999999997,300.0000000000003,288.5000000000003,TP,2025-10-10
DOGE,2025-10-10 16:00:00+00:00,2025-10-10 19:00:00+00:00,-1,0.23765,0.2305205,300.0000000000003,288.5000000000003,TP,2025-10-10
DOGE,2025-10-10 21:00:00+00:00,2025-10-10 21:00:00+00:00,-1,0.21857,0.21201289999999998,300.0000000000003,288.5000000000003,TP,2025-10-10
DOGE,2025-10-11 02:00:00+00:00,2025-10-11 02:00:00+00:00,-1,0.18913,0.1948039,-300.0000000000003,-311.5000000000003,SL,2025-10-11
DOGE,2025-10-11 08:00:00+00:00,2025-10-11 09:00:00+00:00,-1,0.19119,0.1969257,-300.0000000000003,-311.5000000000003,SL,2025-10-11
DOGE,2025-10-16 16:00:00+00:00,2025-10-17 06:00:00+00:00,-1,0.18924,0.1835628,299.99999999999915,288.49999999999915,TP,2025-10-16
DOGE,2025-10-17 07:00:00+00:00,2025-10-17 08:00:00+00:00,-1,0.1825,0.177025,300.0000000000003,288.5000000000003,TP,2025-10-17
DOGE,2025-10-21 05:00:00+00:00,2025-10-21 14:00:00+00:00,-1,0.19327,0.1990681,-300.0000000000003,-311.5000000000003,SL,2025-10-21
DOGE,2025-10-21 23:00:00+00:00,2025-10-22 05:00:00+00:00,-1,0.19588,0.1900036,300.0000000000003,288.5000000000003,TP,2025-10-21
DOGE,2025-10-28 20:00:00+00:00,2025-10-28 21:00:00+00:00,-1,0.19648,0.1905856,300.0000000000003,288.5000000000003,TP,2025-10-28
DOGE,2025-10-29 16:00:00+00:00,2025-10-29 18:00:00+00:00,-1,0.191,0.19673000000000002,-300.0000000000003,-311.5000000000003,SL,2025-10-29
DOGE,2025-10-29 19:00:00+00:00,2025-10-30 04:00:00+00:00,-1,0.19281,0.18702570000000002,299.99999999999915,288.49999999999915,TP,2025-10-29
DOGE,2025-10-30 05:00:00+00:00,2025-10-30 07:00:00+00:00,-1,0.18742,0.1930426,-300.0000000000003,-311.5000000000003,SL,2025-10-30
DOGE,2025-10-30 13:00:00+00:00,2025-10-30 17:00:00+00:00,-1,0.18406,0.1785382,299.99999999999915,288.49999999999915,TP,2025-10-30
DOGE,2025-10-31 17:00:00+00:00,2025-11-01 17:00:00+00:00,-1,0.18333,0.18669,-183.2760595647187,-194.7760595647187,TIME,2025-10-31
DOGE,2025-11-03 16:00:00+00:00,2025-11-04 05:00:00+00:00,-1,0.16683,0.1618251,300.0000000000003,288.5000000000003,TP,2025-11-03
DOGE,2025-11-04 06:00:00+00:00,2025-11-04 06:00:00+00:00,-1,0.16104,0.1658712,-300.0000000000003,-311.5000000000003,SL,2025-11-04
DOGE,2025-11-10 15:00:00+00:00,2025-11-11 01:00:00+00:00,-1,0.17936,0.18474079999999998,-300.0000000000003,-311.5000000000003,SL,2025-11-10
DOGE,2025-11-12 16:00:00+00:00,2025-11-13 05:00:00+00:00,-1,0.17124,0.1763772,-300.0000000000003,-311.5000000000003,SL,2025-11-12
DOGE,2025-11-13 16:00:00+00:00,2025-11-13 17:00:00+00:00,-1,0.17263,0.1674511,300.0000000000003,288.5000000000003,TP,2025-11-13
DOGE,2025-11-14 05:00:00+00:00,2025-11-14 23:00:00+00:00,-1,0.1625,0.157625,300.00000000000136,288.50000000000136,TP,2025-11-14
DOGE,2025-11-17 14:00:00+00:00,2025-11-17 14:00:00+00:00,-1,0.15873,0.16349190000000002,-300.0000000000003,-311.5000000000003,SL,2025-11-17
DOGE,2025-11-17 18:00:00+00:00,2025-11-17 20:00:00+00:00,-1,0.15608,0.1513976,300.0000000000003,288.5000000000003,TP,2025-11-17
DOGE,2025-11-19 16:00:00+00:00,2025-11-19 17:00:00+00:00,-1,0.15442,0.1497874,300.00000000000136,288.50000000000136,TP,2025-11-19
DOGE,2025-11-20 17:00:00+00:00,2025-11-21 02:00:00+00:00,-1,0.15056,0.14604319999999998,300.00000000000136,288.50000000000136,TP,2025-11-20
DOGE,2025-11-21 03:00:00+00:00,2025-11-21 07:00:00+00:00,-1,0.14543,0.1410671,300.0000000000003,288.5000000000003,TP,2025-11-21
DOGE,2025-11-21 08:00:00+00:00,2025-11-21 12:00:00+00:00,-1,0.14028,0.1360716,300.0000000000003,288.5000000000003,TP,2025-11-21
DOGE,2025-11-21 16:00:00+00:00,2025-11-21 17:00:00+00:00,-1,0.1379,0.142037,-300.0000000000003,-311.5000000000003,SL,2025-11-21
DOGE,2025-11-28 17:00:00+00:00,2025-11-29 17:00:00+00:00,-1,0.15042,0.14769,181.49182289589172,169.99182289589172,TIME,2025-11-28
DOGE,2025-12-01 01:00:00+00:00,2025-12-01 12:00:00+00:00,-1,0.13886,0.13469420000000001,300.0000000000003,288.5000000000003,TP,2025-12-01
DOGE,2025-12-01 16:00:00+00:00,2025-12-02 13:00:00+00:00,-1,0.1338,0.137814,-300.0000000000003,-311.5000000000003,SL,2025-12-01
DOGE,2025-12-05 17:00:00+00:00,2025-12-06 17:00:00+00:00,-1,0.13871,0.13983,-80.74399826977219,-92.24399826977219,TIME,2025-12-05
DOGE,2025-12-12 16:00:00+00:00,2025-12-13 12:00:00+00:00,-1,0.13552,0.1395856,-300.0000000000003,-311.5000000000003,SL,2025-12-12
DOGE,2025-12-15 15:00:00+00:00,2025-12-15 16:00:00+00:00,-1,0.13351,0.1295047,299.99999999999915,288.49999999999915,TP,2025-12-15
DOGE,2025-12-17 16:00:00+00:00,2025-12-17 16:00:00+00:00,-1,0.12987,0.1259739,300.00000000000136,288.50000000000136,TP,2025-12-17
DOGE,2025-12-18 18:00:00+00:00,2025-12-19 07:00:00+00:00,-1,0.12353,0.1272359,-300.0000000000003,-311.5000000000003,SL,2025-12-18
DOGE,2025-12-26 15:00:00+00:00,2025-12-27 15:00:00+00:00,-1,0.12246,0.12298,-42.4628450106157,-53.9628450106157,TIME,2025-12-26
DOGE,2025-12-29 10:00:00+00:00,2025-12-30 10:00:00+00:00,-1,0.12486,0.12449,29.63318917187263,18.13318917187263,TIME,2025-12-29
DOGE,2026-01-06 17:00:00+00:00,2026-01-06 21:00:00+00:00,-1,0.14548,0.1498444,-300.0000000000003,-311.5000000000003,SL,2026-01-06
DOGE,2026-01-07 01:00:00+00:00,2026-01-07 08:00:00+00:00,-1,0.14815,0.15259450000000002,-300.0000000000003,-311.5000000000003,SL,2026-01-07
DOGE,2026-01-07 10:00:00+00:00,2026-01-08 06:00:00+00:00,-1,0.14837,0.1439189,300.00000000000136,288.50000000000136,TP,2026-01-07
DOGE,2026-01-08 07:00:00+00:00,2026-01-08 11:00:00+00:00,-1,0.14245,0.13817649999999998,300.00000000000136,288.50000000000136,TP,2026-01-08
DOGE,2026-01-19 00:00:00+00:00,2026-01-19 00:00:00+00:00,-1,0.13154,0.12759379999999998,300.00000000000136,288.50000000000136,TP,2026-01-19
DOGE,2026-01-19 01:00:00+00:00,2026-01-19 20:00:00+00:00,-1,0.12645,0.1302435,-300.0000000000003,-311.5000000000003,SL,2026-01-19
DOGE,2026-01-20 23:00:00+00:00,2026-01-21 19:00:00+00:00,-1,0.12362,0.1273286,-300.0000000000003,-311.5000000000003,SL,2026-01-20
DOGE,2026-01-27 18:00:00+00:00,2026-01-27 20:00:00+00:00,-1,0.12215,0.1258145,-300.0000000000003,-311.5000000000003,SL,2026-01-27
DOGE,2026-01-29 15:00:00+00:00,2026-01-29 18:00:00+00:00,-1,0.11871,0.11514869999999999,300.0000000000003,288.5000000000003,TP,2026-01-29
DOGE,2026-01-30 02:00:00+00:00,2026-01-31 02:00:00+00:00,-1,0.11534,0.11531,2.601005722212557,-8.898994277787443,TIME,2026-01-30
DOGE,2026-01-31 15:00:00+00:00,2026-01-31 17:00:00+00:00,-1,0.10682,0.1036154,300.0000000000003,288.5000000000003,TP,2026-01-31
DOGE,2026-01-31 18:00:00+00:00,2026-01-31 18:00:00+00:00,-1,0.10202,0.0989594,299.99999999999915,288.49999999999915,TP,2026-01-31
DOGE,2026-02-02 03:00:00+00:00,2026-02-02 03:00:00+00:00,-1,0.10372,0.1006084,300.0000000000003,288.5000000000003,TP,2026-02-02
DOGE,2026-02-03 03:00:00+00:00,2026-02-03 15:00:00+00:00,-1,0.10593,0.1091079,-300.0000000000003,-311.5000000000003,SL,2026-02-03
DOGE,2026-02-03 17:00:00+00:00,2026-02-03 18:00:00+00:00,-1,0.10647,0.10327589999999999,300.0000000000003,288.5000000000003,TP,2026-02-03
DOGE,2026-02-03 19:00:00+00:00,2026-02-03 19:00:00+00:00,-1,0.10241,0.1054823,-300.0000000000003,-311.5000000000003,SL,2026-02-03
DOGE,2026-02-05 16:00:00+00:00,2026-02-05 17:00:00+00:00,-1,0.09418,0.0913546,300.0000000000003,288.5000000000003,TP,2026-02-05
DOGE,2026-02-05 18:00:00+00:00,2026-02-05 20:00:00+00:00,-1,0.09202,0.0892594,300.0000000000003,288.5000000000003,TP,2026-02-05
DOGE,2026-02-05 21:00:00+00:00,2026-02-06 00:00:00+00:00,-1,0.08887,0.0862039,300.0000000000003,288.5000000000003,TP,2026-02-05
DOGE,2026-02-16 14:00:00+00:00,2026-02-17 14:00:00+00:00,-1,0.10001,0.09902,98.9901009899019,87.4901009899019,TIME,2026-02-16
DOGE,2026-02-17 15:00:00+00:00,2026-02-17 16:00:00+00:00,-1,0.09903,0.1020009,-300.0000000000003,-311.5000000000003,SL,2026-02-17
DOGE,2026-02-23 01:00:00+00:00,2026-02-23 01:00:00+00:00,-1,0.0944,0.091568,300.0000000000003,288.5000000000003,TP,2026-02-23
DOGE,2026-02-23 02:00:00+00:00,2026-02-23 07:00:00+00:00,-1,0.09203,0.0947909,-300.0000000000003,-311.5000000000003,SL,2026-02-23
DOGE,2026-02-28 07:00:00+00:00,2026-02-28 13:00:00+00:00,-1,0.08853,0.0911859,-300.0000000000003,-311.5000000000003,SL,2026-02-28
DOGE,2026-03-13 15:00:00+00:00,2026-03-14 06:00:00+00:00,-1,0.09778,0.0948466,300.0000000000003,288.5000000000003,TP,2026-03-13
DOGE,2026-03-18 12:00:00+00:00,2026-03-18 15:00:00+00:00,-1,0.09706,0.09414819999999999,300.0000000000003,288.5000000000003,TP,2026-03-18
DOGE,2026-03-22 00:00:00+00:00,2026-03-23 00:00:00+00:00,-1,0.09126,0.09028,107.38549200087655,95.88549200087655,TIME,2026-03-22
DOGE,2026-03-23 07:00:00+00:00,2026-03-23 11:00:00+00:00,-1,0.09033,0.0930399,-300.0000000000003,-311.5000000000003,SL,2026-03-23
DOGE,2026-03-23 16:00:00+00:00,2026-03-24 16:00:00+00:00,-1,0.09374,0.09324,53.339022829101964,41.839022829101964,TIME,2026-03-23
DOGE,2026-03-27 11:00:00+00:00,2026-03-28 11:00:00+00:00,-1,0.0896,0.09132,-191.96428571428558,-203.46428571428558,TIME,2026-03-27
DOGE,2026-03-29 23:00:00+00:00,2026-03-30 02:00:00+00:00,-1,0.08989,0.0925867,-300.0000000000003,-311.5000000000003,SL,2026-03-29
DOGE,2026-03-31 15:00:00+00:00,2026-04-01 05:00:00+00:00,-1,0.0904,0.093112,-300.0000000000003,-311.5000000000003,SL,2026-03-31
DOGE,2026-04-02 02:00:00+00:00,2026-04-03 02:00:00+00:00,-1,0.09048,0.09034,15.473032714412582,3.9730327144125823,TIME,2026-04-02
DOGE,2026-04-07 11:00:00+00:00,2026-04-07 22:00:00+00:00,-1,0.09052,0.0932356,-300.0000000000003,-311.5000000000003,SL,2026-04-07
DOGE,2026-04-08 19:00:00+00:00,2026-04-09 19:00:00+00:00,-1,0.09306,0.09375,-74.14571244358514,-85.64571244358514,TIME,2026-04-08
DOGE,2026-04-12 02:00:00+00:00,2026-04-13 02:00:00+00:00,-1,0.09102,0.09104,-2.197319270489384,-13.697319270489384,TIME,2026-04-12
DOGE,2026-04-16 14:00:00+00:00,2026-04-16 18:00:00+00:00,-1,0.0957,0.09857099999999999,-300.0000000000003,-311.5000000000003,SL,2026-04-16
ETH,2025-07-01 15:00:00+00:00,2025-07-02 15:00:00+00:00,-1,2418.42,2490.9726,-300.0000000000003,-311.5000000000003,SL,2025-07-01
ETH,2025-07-04 14:00:00+00:00,2025-07-05 14:00:00+00:00,-1,2524.38,2517.43,27.531512688264705,16.031512688264705,TIME,2025-07-04
ETH,2025-07-09 21:00:00+00:00,2025-07-10 07:00:00+00:00,-1,2737.08,2819.1924,-300.0000000000003,-311.5000000000003,SL,2025-07-09
ETH,2025-07-14 16:00:00+00:00,2025-07-15 16:00:00+00:00,-1,3012.2,3047.86,-118.38523338423946,-129.88523338423946,TIME,2025-07-14
ETH,2025-07-22 14:00:00+00:00,2025-07-23 00:00:00+00:00,-1,3648.05,3757.4915,-300.0000000000003,-311.5000000000003,SL,2025-07-22
ETH,2025-07-25 03:00:00+00:00,2025-07-25 09:00:00+00:00,-1,3614.01,3722.4303000000004,-300.0000000000003,-311.5000000000003,SL,2025-07-25
ETH,2025-07-25 15:00:00+00:00,2025-07-26 02:00:00+00:00,-1,3627.72,3736.5516,-300.0000000000003,-311.5000000000003,SL,2025-07-25
ETH,2025-07-30 19:00:00+00:00,2025-07-31 00:00:00+00:00,-1,3735.66,3847.7298,-300.0000000000003,-311.5000000000003,SL,2025-07-30
ETH,2025-07-31 20:00:00+00:00,2025-08-01 00:00:00+00:00,-1,3736.2,3624.1139999999996,300.0000000000003,288.5000000000003,TP,2025-07-31
ETH,2025-08-01 14:00:00+00:00,2025-08-01 22:00:00+00:00,-1,3597.74,3489.8077999999996,300.0000000000003,288.5000000000003,TP,2025-08-01
ETH,2025-08-05 15:00:00+00:00,2025-08-06 15:00:00+00:00,-1,3576.0,3663.35,-244.26733780760657,-255.76733780760657,TIME,2025-08-05
ETH,2025-08-14 13:00:00+00:00,2025-08-15 13:00:00+00:00,-1,4569.06,4537.45,69.18272029695527,57.68272029695527,TIME,2025-08-14
ETH,2025-08-19 15:00:00+00:00,2025-08-20 01:00:00+00:00,-1,4190.14,4064.4358,300.0000000000003,288.5000000000003,TP,2025-08-19
ETH,2025-08-20 14:00:00+00:00,2025-08-20 15:00:00+00:00,-1,4133.2,4257.196,-300.0000000000003,-311.5000000000003,SL,2025-08-20
ETH,2025-08-24 20:00:00+00:00,2025-08-25 00:00:00+00:00,-1,4812.01,4667.6497,300.0000000000003,288.5000000000003,TP,2025-08-24
ETH,2025-08-25 20:00:00+00:00,2025-08-26 14:00:00+00:00,-1,4418.38,4550.9314,-300.0000000000003,-311.5000000000003,SL,2025-08-25
ETH,2025-08-29 08:00:00+00:00,2025-08-30 01:00:00+00:00,-1,4378.38,4247.0286,300.00000000000136,288.50000000000136,TP,2025-08-29
ETH,2025-09-01 22:00:00+00:00,2025-09-02 03:00:00+00:00,-1,4259.99,4387.7897,-300.0000000000003,-311.5000000000003,SL,2025-09-01
ETH,2025-09-05 15:00:00+00:00,2025-09-06 15:00:00+00:00,-1,4271.53,4267.61,9.177039608758708,-2.322960391241292,TIME,2025-09-05
ETH,2025-09-09 15:00:00+00:00,2025-09-10 13:00:00+00:00,-1,4303.29,4432.3887,-300.0000000000003,-311.5000000000003,SL,2025-09-09
ETH,2025-09-15 00:00:00+00:00,2025-09-15 15:00:00+00:00,-1,4601.84,4463.7848,299.99999999999915,288.49999999999915,TP,2025-09-15
ETH,2025-09-22 01:00:00+00:00,2025-09-22 06:00:00+00:00,-1,4333.75,4203.7375,299.99999999999915,288.49999999999915,TP,2025-09-22
ETH,2025-09-22 07:00:00+00:00,2025-09-23 07:00:00+00:00,-1,4189.76,4203.2,-32.07820973038844,-43.57820973038844,TIME,2025-09-22
ETH,2025-09-23 18:00:00+00:00,2025-09-24 18:00:00+00:00,-1,4147.24,4170.16,-55.265670662898444,-66.76567066289844,TIME,2025-09-23
ETH,2025-09-25 05:00:00+00:00,2025-09-25 17:00:00+00:00,-1,4000.27,3880.2619,300.0000000000003,288.5000000000003,TP,2025-09-25
ETH,2025-09-25 18:00:00+00:00,2025-09-26 01:00:00+00:00,-1,3837.43,3952.5529,-300.0000000000003,-311.5000000000003,SL,2025-09-25
ETH,2025-09-26 15:00:00+00:00,2025-09-26 18:00:00+00:00,-1,3930.23,4048.1369,-300.0000000000003,-311.5000000000003,SL,2025-09-26
ETH,2025-10-05 10:00:00+00:00,2025-10-06 10:00:00+00:00,-1,4548.32,4571.42,-50.78798325535594,-62.28798325535594,TIME,2025-10-05
ETH,2025-10-07 15:00:00+00:00,2025-10-07 16:00:00+00:00,-1,4593.28,4455.4816,299.99999999999915,288.49999999999915,TP,2025-10-07
ETH,2025-10-09 14:00:00+00:00,2025-10-10 14:00:00+00:00,-1,4346.48,4277.96,157.64480683219452,146.14480683219452,TIME,2025-10-09
ETH,2025-10-10 15:00:00+00:00,2025-10-10 15:00:00+00:00,-1,4278.19,4149.8443,299.99999999999915,288.49999999999915,TP,2025-10-10
ETH,2025-10-10 16:00:00+00:00,2025-10-10 19:00:00+00:00,-1,4100.8,3977.776,300.0000000000003,288.5000000000003,TP,2025-10-10
ETH,2025-10-10 21:00:00+00:00,2025-10-10 21:00:00+00:00,-1,3864.45,3748.5164999999997,300.0000000000003,288.5000000000003,TP,2025-10-10
ETH,2025-10-11 02:00:00+00:00,2025-10-11 02:00:00+00:00,-1,3729.54,3841.4262,-300.0000000000003,-311.5000000000003,SL,2025-10-11
ETH,2025-10-11 08:00:00+00:00,2025-10-11 21:00:00+00:00,-1,3757.36,3644.6392,300.0000000000003,288.5000000000003,TP,2025-10-11
ETH,2025-10-16 16:00:00+00:00,2025-10-17 07:00:00+00:00,-1,3905.11,3787.9567,300.0000000000003,288.5000000000003,TP,2025-10-16
ETH,2025-10-21 05:00:00+00:00,2025-10-21 14:00:00+00:00,-1,3849.53,3965.0159000000003,-300.0000000000003,-311.5000000000003,SL,2025-10-21
ETH,2025-10-21 23:00:00+00:00,2025-10-22 11:00:00+00:00,-1,3898.63,3781.6711,300.0000000000003,288.5000000000003,TP,2025-10-21
ETH,2025-10-28 20:00:00+00:00,2025-10-29 18:00:00+00:00,-1,4036.45,3915.3565,300.0000000000003,288.5000000000003,TP,2025-10-28
ETH,2025-10-29 19:00:00+00:00,2025-10-30 12:00:00+00:00,-1,3918.57,3801.0129,300.0000000000003,288.5000000000003,TP,2025-10-29
ETH,2025-10-30 13:00:00+00:00,2025-10-30 19:00:00+00:00,-1,3816.01,3701.5297,300.0000000000003,288.5000000000003,TP,2025-10-30
ETH,2025-10-31 17:00:00+00:00,2025-11-01 17:00:00+00:00,-1,3819.35,3864.27,-117.61163548771324,-129.11163548771324,TIME,2025-10-31
ETH,2025-11-03 16:00:00+00:00,2025-11-04 06:00:00+00:00,-1,3587.29,3479.6713,300.0000000000003,288.5000000000003,TP,2025-11-03
ETH,2025-11-10 15:00:00+00:00,2025-11-11 01:00:00+00:00,-1,3539.43,3645.6129,-300.0000000000003,-311.5000000000003,SL,2025-11-10
ETH,2025-11-12 16:00:00+00:00,2025-11-13 05:00:00+00:00,-1,3426.33,3529.1199,-300.0000000000003,-311.5000000000003,SL,2025-11-12
ETH,2025-11-13 16:00:00+00:00,2025-11-13 17:00:00+00:00,-1,3386.04,3284.4588,300.0000000000003,288.5000000000003,TP,2025-11-13
ETH,2025-11-14 05:00:00+00:00,2025-11-15 05:00:00+00:00,-1,3161.53,3177.43,-50.29210540466123,-61.79210540466123,TIME,2025-11-14
ETH,2025-11-17 14:00:00+00:00,2025-11-17 18:00:00+00:00,-1,3120.01,3026.4097,300.0000000000003,288.5000000000003,TP,2025-11-17
ETH,2025-11-19 16:00:00+00:00,2025-11-19 18:00:00+00:00,-1,2970.73,2881.6081,300.0000000000003,288.5000000000003,TP,2025-11-19
ETH,2025-11-20 17:00:00+00:00,2025-11-21 02:00:00+00:00,-1,2860.58,2774.7626,299.99999999999915,288.49999999999915,TP,2025-11-20
ETH,2025-11-21 03:00:00+00:00,2025-11-21 07:00:00+00:00,-1,2781.52,2698.0744,300.0000000000003,288.5000000000003,TP,2025-11-21
ETH,2025-11-21 08:00:00+00:00,2025-11-21 12:00:00+00:00,-1,2719.14,2637.5658,300.0000000000003,288.5000000000003,TP,2025-11-21
ETH,2025-11-21 16:00:00+00:00,2025-11-21 17:00:00+00:00,-1,2704.61,2785.7483,-300.0000000000003,-311.5000000000003,SL,2025-11-21
ETH,2025-11-28 17:00:00+00:00,2025-11-29 17:00:00+00:00,-1,3023.59,2968.41,182.49828845842254,170.99828845842254,TIME,2025-11-28
ETH,2025-12-01 01:00:00+00:00,2025-12-01 15:00:00+00:00,-1,2834.15,2749.1255,300.0000000000003,288.5000000000003,TP,2025-12-01
ETH,2025-12-01 16:00:00+00:00,2025-12-02 10:00:00+00:00,-1,2745.08,2827.4324,-300.0000000000003,-311.5000000000003,SL,2025-12-01
ETH,2025-12-05 17:00:00+00:00,2025-12-06 17:00:00+00:00,-1,3031.6,3054.32,-74.94392400052786,-86.44392400052786,TIME,2025-12-05
ETH,2025-12-12 16:00:00+00:00,2025-12-13 16:00:00+00:00,-1,3069.53,3104.53,-114.02397109655294,-125.52397109655294,TIME,2025-12-12
ETH,2025-12-15 15:00:00+00:00,2025-12-15 17:00:00+00:00,-1,3046.05,2954.6685,300.0000000000003,288.5000000000003,TP,2025-12-15
ETH,2025-12-17 16:00:00+00:00,2025-12-17 18:00:00+00:00,-1,2902.83,2815.7450999999996,300.00000000000136,288.50000000000136,TP,2025-12-17
ETH,2025-12-18 18:00:00+00:00,2025-12-19 03:00:00+00:00,-1,2843.26,2928.5578000000005,-300.0000000000003,-311.5000000000003,SL,2025-12-18
ETH,2025-12-26 15:00:00+00:00,2025-12-27 15:00:00+00:00,-1,2916.01,2925.46,-32.40729627127514,-43.90729627127514,TIME,2025-12-26
ETH,2025-12-29 10:00:00+00:00,2025-12-30 10:00:00+00:00,-1,2974.43,2976.18,-5.883480196204882,-17.383480196204882,TIME,2025-12-29
ETH,2026-01-06 17:00:00+00:00,2026-01-07 15:00:00+00:00,-1,3250.24,3152.7327999999998,300.0000000000003,288.5000000000003,TP,2026-01-06
ETH,2026-01-08 07:00:00+00:00,2026-01-09 07:00:00+00:00,-1,3104.12,3110.0,-18.94256665335048,-30.44256665335048,TIME,2026-01-08
ETH,2026-01-19 00:00:00+00:00,2026-01-19 00:00:00+00:00,-1,3282.57,3184.0929,300.0000000000003,288.5000000000003,TP,2026-01-19
ETH,2026-01-19 01:00:00+00:00,2026-01-20 01:00:00+00:00,-1,3209.53,3191.71,55.52214810268241,44.02214810268241,TIME,2026-01-19
ETH,2026-01-20 23:00:00+00:00,2026-01-21 19:00:00+00:00,-1,2950.0,3038.5,-300.0000000000003,-311.5000000000003,SL,2026-01-20
ETH,2026-01-27 18:00:00+00:00,2026-01-27 20:00:00+00:00,-1,2928.6,3016.458,-300.0000000000003,-311.5000000000003,SL,2026-01-27
ETH,2026-01-29 15:00:00+00:00,2026-01-29 18:00:00+00:00,-1,2874.71,2788.4687,300.0000000000003,288.5000000000003,TP,2026-01-29
ETH,2026-01-30 02:00:00+00:00,2026-01-30 18:00:00+00:00,-1,2747.37,2664.9489,300.0000000000003,288.5000000000003,TP,2026-01-30
ETH,2026-01-31 15:00:00+00:00,2026-01-31 17:00:00+00:00,-1,2537.45,2461.3264999999997,300.0000000000003,288.5000000000003,TP,2026-01-31
ETH,2026-01-31 18:00:00+00:00,2026-01-31 18:00:00+00:00,-1,2401.69,2329.6393,300.00000000000136,288.50000000000136,TP,2026-01-31
ETH,2026-02-02 03:00:00+00:00,2026-02-02 03:00:00+00:00,-1,2260.71,2192.8887,300.0000000000003,288.5000000000003,TP,2026-02-02
ETH,2026-02-03 03:00:00+00:00,2026-02-03 17:00:00+00:00,-1,2296.94,2228.0318,299.99999999999915,288.49999999999915,TP,2026-02-03
ETH,2026-02-03 18:00:00+00:00,2026-02-03 18:00:00+00:00,-1,2193.92,2128.1024,299.99999999999915,288.49999999999915,TP,2026-02-03
ETH,2026-02-03 19:00:00+00:00,2026-02-03 19:00:00+00:00,-1,2118.92,2182.4876,-300.0000000000003,-311.5000000000003,SL,2026-02-03
ETH,2026-02-05 16:00:00+00:00,2026-02-05 20:00:00+00:00,-1,1959.92,1901.1224,300.0000000000003,288.5000000000003,TP,2026-02-05
ETH,2026-02-05 21:00:00+00:00,2026-02-06 00:00:00+00:00,-1,1867.02,1811.0094,300.0000000000003,288.5000000000003,TP,2026-02-05
ETH,2026-02-16 14:00:00+00:00,2026-02-17 14:00:00+00:00,-1,1966.56,1946.74,100.78512732893952,89.28512732893952,TIME,2026-02-16
ETH,2026-02-17 15:00:00+00:00,2026-02-17 16:00:00+00:00,-1,1946.48,2004.8744000000002,-300.0000000000003,-311.5000000000003,SL,2026-02-17
ETH,2026-02-23 01:00:00+00:00,2026-02-23 01:00:00+00:00,-1,1927.6,1869.772,300.0000000000003,288.5000000000003,TP,2026-02-23
ETH,2026-02-23 02:00:00+00:00,2026-02-23 09:00:00+00:00,-1,1854.44,1910.0732,-300.0000000000003,-311.5000000000003,SL,2026-02-23
ETH,2026-02-28 07:00:00+00:00,2026-02-28 13:00:00+00:00,-1,1840.0,1895.2,-300.0000000000003,-311.5000000000003,SL,2026-02-28
ETH,2026-03-13 15:00:00+00:00,2026-03-13 22:00:00+00:00,-1,2151.39,2086.8482999999997,300.00000000000136,288.50000000000136,TP,2026-03-13
ETH,2026-03-18 12:00:00+00:00,2026-03-18 14:00:00+00:00,-1,2267.61,2199.5817,300.0000000000003,288.5000000000003,TP,2026-03-18
ETH,2026-03-18 15:00:00+00:00,2026-03-19 13:00:00+00:00,-1,2188.89,2123.2232999999997,300.00000000000136,288.50000000000136,TP,2026-03-18
ETH,2026-03-22 00:00:00+00:00,2026-03-23 00:00:00+00:00,-1,2083.08,2042.54,194.6156652648956,183.1156652648956,TIME,2026-03-22
ETH,2026-03-23 07:00:00+00:00,2026-03-23 11:00:00+00:00,-1,2036.07,2097.1521,-300.0000000000003,-311.5000000000003,SL,2026-03-23
ETH,2026-03-23 16:00:00+00:00,2026-03-24 16:00:00+00:00,-1,2128.09,2126.6,7.001583579643311,-4.498416420356689,TIME,2026-03-23
ETH,2026-03-27 11:00:00+00:00,2026-03-28 11:00:00+00:00,-1,1990.64,1996.46,-29.236828356709044,-40.73682835670904,TIME,2026-03-27
ETH,2026-03-29 23:00:00+00:00,2026-03-30 02:00:00+00:00,-1,1973.57,2032.7771,-300.0000000000003,-311.5000000000003,SL,2026-03-29
ETH,2026-03-31 15:00:00+00:00,2026-03-31 16:00:00+00:00,-1,2044.84,2106.1852,-300.0000000000003,-311.5000000000003,SL,2026-03-31
ETH,2026-04-02 02:00:00+00:00,2026-04-02 10:00:00+00:00,-1,2098.41,2035.4576999999997,300.0000000000003,288.5000000000003,TP,2026-04-02
ETH,2026-04-07 11:00:00+00:00,2026-04-07 21:00:00+00:00,-1,2088.17,2150.8151000000003,-300.0000000000003,-311.5000000000003,SL,2026-04-07
ETH,2026-04-08 19:00:00+00:00,2026-04-09 19:00:00+00:00,-1,2200.5,2215.35,-67.48466257668673,-78.98466257668673,TIME,2026-04-08
ETH,2026-04-12 02:00:00+00:00,2026-04-13 02:00:00+00:00,-1,2217.52,2193.3,109.22111187272154,97.72111187272154,TIME,2026-04-12
ETH,2026-04-16 14:00:00+00:00,2026-04-17 12:00:00+00:00,-1,2307.15,2376.3645,-300.0000000000003,-311.5000000000003,SL,2026-04-16
LINK,2025-07-01 15:00:00+00:00,2025-07-02 15:00:00+00:00,-1,12.998,13.38794,-300.0000000000003,-311.5000000000003,SL,2025-07-01
LINK,2025-07-04 14:00:00+00:00,2025-07-05 14:00:00+00:00,-1,13.246,13.197,36.99229956213301,25.492299562133013,TIME,2025-07-04
LINK,2025-07-09 21:00:00+00:00,2025-07-10 17:00:00+00:00,-1,14.171,14.59613,-300.0000000000003,-311.5000000000003,SL,2025-07-09
LINK,2025-07-14 16:00:00+00:00,2025-07-15 01:00:00+00:00,-1,15.96,15.481200000000001,300.0000000000003,288.5000000000003,TP,2025-07-14
LINK,2025-07-15 15:00:00+00:00,2025-07-15 16:00:00+00:00,-1,15.216,15.67248,-300.0000000000003,-311.5000000000003,SL,2025-07-15
LINK,2025-07-22 14:00:00+00:00,2025-07-22 16:00:00+00:00,-1,18.943,19.511290000000002,-300.0000000000003,-311.5000000000003,SL,2025-07-22
LINK,2025-07-25 03:00:00+00:00,2025-07-25 09:00:00+00:00,-1,17.456,17.97968,-300.0000000000003,-311.5000000000003,SL,2025-07-25
LINK,2025-07-25 15:00:00+00:00,2025-07-25 20:00:00+00:00,-1,17.524,18.04972,-300.0000000000003,-311.5000000000003,SL,2025-07-25
LINK,2025-07-30 19:00:00+00:00,2025-07-30 19:00:00+00:00,-1,17.262,16.74414,299.99999999999915,288.49999999999915,TP,2025-07-30
LINK,2025-07-31 20:00:00+00:00,2025-08-01 00:00:00+00:00,-1,17.211,16.69467,300.0000000000003,288.5000000000003,TP,2025-07-31
LINK,2025-08-01 14:00:00+00:00,2025-08-01 22:00:00+00:00,-1,16.259,15.77123,300.0000000000003,288.5000000000003,TP,2025-08-01
LINK,2025-08-05 15:00:00+00:00,2025-08-06 15:00:00+00:00,-1,16.351,16.772,-257.47660693535624,-268.97660693535624,TIME,2025-08-05
LINK,2025-08-14 13:00:00+00:00,2025-08-14 14:00:00+00:00,-1,22.353,23.023590000000002,-300.0000000000003,-311.5000000000003,SL,2025-08-14
LINK,2025-08-19 15:00:00+00:00,2025-08-20 00:00:00+00:00,-1,24.163,23.438109999999998,300.00000000000136,288.50000000000136,TP,2025-08-19
LINK,2025-08-20 14:00:00+00:00,2025-08-20 14:00:00+00:00,-1,24.669,25.40907,-300.0000000000003,-311.5000000000003,SL,2025-08-20
LINK,2025-08-24 20:00:00+00:00,2025-08-25 07:00:00+00:00,-1,26.082,25.29954,300.0000000000003,288.5000000000003,TP,2025-08-24
LINK,2025-08-25 20:00:00+00:00,2025-08-26 07:00:00+00:00,-1,23.651,22.94147,300.0000000000003,288.5000000000003,TP,2025-08-25
LINK,2025-08-29 08:00:00+00:00,2025-08-30 01:00:00+00:00,-1,23.53,22.8241,300.0000000000003,288.5000000000003,TP,2025-08-29
LINK,2025-09-01 22:00:00+00:00,2025-09-02 02:00:00+00:00,-1,22.249,22.91647,-300.0000000000003,-311.5000000000003,SL,2025-09-01
LINK,2025-09-05 15:00:00+00:00,2025-09-06 15:00:00+00:00,-1,22.186,22.067,53.63742900928558,42.13742900928558,TIME,2025-09-05
LINK,2025-09-09 15:00:00+00:00,2025-09-10 13:00:00+00:00,-1,23.201,23.89703,-300.0000000000003,-311.5000000000003,SL,2025-09-09
LINK,2025-09-15 00:00:00+00:00,2025-09-15 08:00:00+00:00,-1,24.085,23.36245,300.0000000000003,288.5000000000003,TP,2025-09-15
LINK,2025-09-15 09:00:00+00:00,2025-09-16 09:00:00+00:00,-1,23.229,23.701,-203.19428300830998,-214.69428300830998,TIME,2025-09-15
LINK,2025-09-22 01:00:00+00:00,2025-09-22 06:00:00+00:00,-1,22.32,21.6504,299.99999999999915,288.49999999999915,TP,2025-09-22
LINK,2025-09-22 07:00:00+00:00,2025-09-23 07:00:00+00:00,-1,21.316,21.778,-216.73860011259148,-228.23860011259148,TIME,2025-09-22
LINK,2025-09-23 18:00:00+00:00,2025-09-24 04:00:00+00:00,-1,21.692,21.04124,300.0000000000003,288.5000000000003,TP,2025-09-23
LINK,2025-09-25 05:00:00+00:00,2025-09-25 12:00:00+00:00,-1,21.022,20.39134,299.99999999999915,288.49999999999915,TP,2025-09-25
LINK,2025-09-25 18:00:00+00:00,2025-09-25 19:00:00+00:00,-1,19.961,20.559829999999998,-300.0000000000003,-311.5000000000003,SL,2025-09-25
LINK,2025-09-26 15:00:00+00:00,2025-09-26 17:00:00+00:00,-1,20.417,21.029510000000002,-300.0000000000003,-311.5000000000003,SL,2025-09-26
LINK,2025-10-05 10:00:00+00:00,2025-10-05 19:00:00+00:00,-1,22.667,21.986990000000002,299.99999999999915,288.49999999999915,TP,2025-10-05
LINK,2025-10-07 15:00:00+00:00,2025-10-08 15:00:00+00:00,-1,22.185,21.983,91.05251295920547,79.55251295920547,TIME,2025-10-07
LINK,2025-10-09 14:00:00+00:00,2025-10-10 01:00:00+00:00,-1,21.543,22.18929,-300.0000000000003,-311.5000000000003,SL,2025-10-09
LINK,2025-10-10 15:00:00+00:00,2025-10-10 15:00:00+00:00,-1,22.283,21.61451,300.00000000000136,288.50000000000136,TP,2025-10-10
LINK,2025-10-10 16:00:00+00:00,2025-10-10 19:00:00+00:00,-1,21.357,20.716289999999997,300.00000000000136,288.50000000000136,TP,2025-10-10
LINK,2025-10-10 21:00:00+00:00,2025-10-10 21:00:00+00:00,-1,19.5,18.915,300.0000000000003,288.5000000000003,TP,2025-10-10
LINK,2025-10-11 02:00:00+00:00,2025-10-11 02:00:00+00:00,-1,17.024,17.53472,-300.0000000000003,-311.5000000000003,SL,2025-10-11
LINK,2025-10-16 16:00:00+00:00,2025-10-16 20:00:00+00:00,-1,17.651,17.12147,300.0000000000003,288.5000000000003,TP,2025-10-16
LINK,2025-10-17 07:00:00+00:00,2025-10-17 07:00:00+00:00,-1,16.794,16.29018,300.0000000000003,288.5000000000003,TP,2025-10-17
LINK,2025-10-21 05:00:00+00:00,2025-10-21 12:00:00+00:00,-1,17.73,18.2619,-300.0000000000003,-311.5000000000003,SL,2025-10-21
LINK,2025-10-21 23:00:00+00:00,2025-10-22 11:00:00+00:00,-1,17.735,17.202949999999998,300.00000000000136,288.50000000000136,TP,2025-10-21
LINK,2025-10-28 20:00:00+00:00,2025-10-28 21:00:00+00:00,-1,17.981,17.441570000000002,299.99999999999915,288.49999999999915,TP,2025-10-28
LINK,2025-10-29 16:00:00+00:00,2025-10-29 21:00:00+00:00,-1,18.0,18.54,-300.0000000000003,-311.5000000000003,SL,2025-10-29
LINK,2025-10-30 00:00:00+00:00,2025-10-30 04:00:00+00:00,-1,18.128,17.58416,299.99999999999915,288.49999999999915,TP,2025-10-30
LINK,2025-10-30 05:00:00+00:00,2025-10-30 05:00:00+00:00,-1,17.66,18.1898,-300.0000000000003,-311.5000000000003,SL,2025-10-30
LINK,2025-10-30 13:00:00+00:00,2025-10-30 16:00:00+00:00,-1,17.36,16.839199999999998,300.0000000000003,288.5000000000003,TP,2025-10-30
LINK,2025-10-31 17:00:00+00:00,2025-11-01 08:00:00+00:00,-1,16.867,17.37301,-300.0000000000003,-311.5000000000003,SL,2025-10-31
LINK,2025-11-03 16:00:00+00:00,2025-11-03 17:00:00+00:00,-1,15.292,15.75076,-300.0000000000003,-311.5000000000003,SL,2025-11-03
LINK,2025-11-04 06:00:00+00:00,2025-11-04 06:00:00+00:00,-1,14.69,15.1307,-300.0000000000003,-311.5000000000003,SL,2025-11-04
LINK,2025-11-10 15:00:00+00:00,2025-11-11 01:00:00+00:00,-1,16.113,16.59639,-300.0000000000003,-311.5000000000003,SL,2025-11-10
LINK,2025-11-12 16:00:00+00:00,2025-11-13 05:00:00+00:00,-1,15.363,15.82389,-300.0000000000003,-311.5000000000003,SL,2025-11-12
LINK,2025-11-13 16:00:00+00:00,2025-11-13 17:00:00+00:00,-1,15.304,14.84488,300.0000000000003,288.5000000000003,TP,2025-11-13
LINK,2025-11-14 05:00:00+00:00,2025-11-14 23:00:00+00:00,-1,14.182,13.75654,300.0000000000003,288.5000000000003,TP,2025-11-14
LINK,2025-11-17 14:00:00+00:00,2025-11-17 14:00:00+00:00,-1,13.716,14.12748,-300.0000000000003,-311.5000000000003,SL,2025-11-17
LINK,2025-11-17 18:00:00+00:00,2025-11-18 15:00:00+00:00,-1,13.372,13.77316,-300.0000000000003,-311.5000000000003,SL,2025-11-17
LINK,2025-11-19 16:00:00+00:00,2025-11-19 21:00:00+00:00,-1,13.005,13.395150000000001,-300.0000000000003,-311.5000000000003,SL,2025-11-19
LINK,2025-11-20 17:00:00+00:00,2025-11-21 07:00:00+00:00,-1,12.956,12.567319999999999,300.0000000000003,288.5000000000003,TP,2025-11-20
LINK,2025-11-21 08:00:00+00:00,2025-11-21 11:00:00+00:00,-1,12.271,11.90287,300.0000000000003,288.5000000000003,TP,2025-11-21
LINK,2025-11-21 16:00:00+00:00,2025-11-21 17:00:00+00:00,-1,11.916,12.273480000000001,-300.0000000000003,-311.5000000000003,SL,2025-11-21
LINK,2025-11-28 17:00:00+00:00,2025-11-29 17:00:00+00:00,-1,13.173,12.989,139.67964776436582,128.17964776436582,TIME,2025-11-28
LINK,2025-12-01 01:00:00+00:00,2025-12-01 15:00:00+00:00,-1,12.258,11.89026,299.99999999999915,288.49999999999915,TP,2025-12-01
LINK,2025-12-01 16:00:00+00:00,2025-12-02 13:00:00+00:00,-1,11.991,12.35073,-300.0000000000003,-311.5000000000003,SL,2025-12-01
LINK,2025-12-05 17:00:00+00:00,2025-12-06 15:00:00+00:00,-1,13.52,13.9256,-300.0000000000003,-311.5000000000003,SL,2025-12-05
LINK,2025-12-12 16:00:00+00:00,2025-12-13 08:00:00+00:00,-1,13.516,13.92148,-300.0000000000003,-311.5000000000003,SL,2025-12-12
LINK,2025-12-15 15:00:00+00:00,2025-12-15 15:00:00+00:00,-1,13.254,12.85638,300.0000000000003,288.5000000000003,TP,2025-12-15
LINK,2025-12-17 16:00:00+00:00,2025-12-17 18:00:00+00:00,-1,12.557,12.18029,300.0000000000003,288.5000000000003,TP,2025-12-17
LINK,2025-12-18 18:00:00+00:00,2025-12-18 19:00:00+00:00,-1,12.12,11.7564,300.0000000000003,288.5000000000003,TP,2025-12-18
LINK,2025-12-18 20:00:00+00:00,2025-12-19 03:00:00+00:00,-1,11.75,12.102500000000001,-300.0000000000003,-311.5000000000003,SL,2025-12-18
LINK,2025-12-26 15:00:00+00:00,2025-12-27 15:00:00+00:00,-1,12.132,12.316,-151.6650181338619,-163.1650181338619,TIME,2025-12-26
LINK,2025-12-29 10:00:00+00:00,2025-12-30 10:00:00+00:00,-1,12.529,12.486,34.32037672599475,22.82037672599475,TIME,2025-12-29
LINK,2026-01-06 17:00:00+00:00,2026-01-07 15:00:00+00:00,-1,13.752,13.33944,300.0000000000003,288.5000000000003,TP,2026-01-06
LINK,2026-01-08 07:00:00+00:00,2026-01-09 07:00:00+00:00,-1,13.133,13.264,-99.74872458691885,-111.24872458691885,TIME,2026-01-08
LINK,2026-01-19 00:00:00+00:00,2026-01-19 00:00:00+00:00,-1,13.289,12.890329999999999,300.0000000000003,288.5000000000003,TP,2026-01-19
LINK,2026-01-19 01:00:00+00:00,2026-01-20 01:00:00+00:00,-1,12.833,12.852,-14.805579365697596,-26.305579365697596,TIME,2026-01-19
LINK,2026-01-20 23:00:00+00:00,2026-01-21 15:00:00+00:00,-1,12.146,12.510380000000001,-300.0000000000003,-311.5000000000003,SL,2026-01-20
LINK,2026-01-21 17:00:00+00:00,2026-01-21 19:00:00+00:00,-1,12.014,12.374419999999999,-300.0000000000003,-311.5000000000003,SL,2026-01-21
LINK,2026-01-27 18:00:00+00:00,2026-01-28 18:00:00+00:00,-1,11.885,11.814,59.73916701724868,48.23916701724868,TIME,2026-01-27
LINK,2026-01-29 15:00:00+00:00,2026-01-29 15:00:00+00:00,-1,11.212,10.875639999999999,300.0000000000003,288.5000000000003,TP,2026-01-29
LINK,2026-01-29 16:00:00+00:00,2026-01-30 01:00:00+00:00,-1,11.02,10.6894,300.0000000000003,288.5000000000003,TP,2026-01-29
LINK,2026-01-30 02:00:00+00:00,2026-01-30 13:00:00+00:00,-1,10.884,10.55748,300.0000000000003,288.5000000000003,TP,2026-01-30
LINK,2026-01-31 15:00:00+00:00,2026-01-31 17:00:00+00:00,-1,10.073,9.77081,299.99999999999915,288.49999999999915,TP,2026-01-31
LINK,2026-01-31 18:00:00+00:00,2026-01-31 18:00:00+00:00,-1,9.603,9.31491,300.0000000000003,288.5000000000003,TP,2026-01-31
LINK,2026-02-02 03:00:00+00:00,2026-02-02 03:00:00+00:00,-1,9.431,9.148069999999999,300.0000000000003,288.5000000000003,TP,2026-02-02
LINK,2026-02-03 03:00:00+00:00,2026-02-03 17:00:00+00:00,-1,9.612,9.32364,300.00000000000136,288.50000000000136,TP,2026-02-03
LINK,2026-02-03 18:00:00+00:00,2026-02-03 20:00:00+00:00,-1,9.314,9.59342,-300.0000000000003,-311.5000000000003,SL,2026-02-03
LINK,2026-02-05 16:00:00+00:00,2026-02-05 20:00:00+00:00,-1,8.46,8.2062,300.0000000000003,288.5000000000003,TP,2026-02-05
LINK,2026-02-05 21:00:00+00:00,2026-02-06 00:00:00+00:00,-1,7.973,7.73381,300.0000000000003,288.5000000000003,TP,2026-02-05
LINK,2026-02-16 14:00:00+00:00,2026-02-17 14:00:00+00:00,-1,8.757,8.704,60.52301016329697,49.02301016329697,TIME,2026-02-16
LINK,2026-02-17 15:00:00+00:00,2026-02-18 08:00:00+00:00,-1,8.698,8.95894,-300.0000000000003,-311.5000000000003,SL,2026-02-17
LINK,2026-02-23 01:00:00+00:00,2026-02-23 01:00:00+00:00,-1,8.547,8.29059,300.0000000000003,288.5000000000003,TP,2026-02-23
LINK,2026-02-23 02:00:00+00:00,2026-02-23 09:00:00+00:00,-1,8.201,8.447030000000002,-300.0000000000003,-311.5000000000003,SL,2026-02-23
LINK,2026-02-28 07:00:00+00:00,2026-02-28 18:00:00+00:00,-1,8.287,8.535610000000002,-300.0000000000003,-311.5000000000003,SL,2026-02-28
LINK,2026-03-13 15:00:00+00:00,2026-03-13 22:00:00+00:00,-1,9.363,9.08211,299.99999999999915,288.49999999999915,TP,2026-03-13
LINK,2026-03-18 12:00:00+00:00,2026-03-18 14:00:00+00:00,-1,9.548,9.26156,300.0000000000003,288.5000000000003,TP,2026-03-18
LINK,2026-03-18 15:00:00+00:00,2026-03-19 13:00:00+00:00,-1,9.205,8.92885,299.99999999999915,288.49999999999915,TP,2026-03-18
LINK,2026-03-22 00:00:00+00:00,2026-03-23 00:00:00+00:00,-1,8.817,8.67,166.72337529772042,155.22337529772042,TIME,2026-03-22
LINK,2026-03-23 07:00:00+00:00,2026-03-23 11:00:00+00:00,-1,8.633,8.89199,-300.0000000000003,-311.5000000000003,SL,2026-03-23
LINK,2026-03-23 16:00:00+00:00,2026-03-24 16:00:00+00:00,-1,9.047,9.088,-45.318890239856024,-56.818890239856024,TIME,2026-03-23
LINK,2026-03-27 11:00:00+00:00,2026-03-28 11:00:00+00:00,-1,8.589,8.535,62.87111421585778,51.37111421585778,TIME,2026-03-27
LINK,2026-03-29 23:00:00+00:00,2026-03-30 02:00:00+00:00,-1,8.368,8.61904,-300.0000000000003,-311.5000000000003,SL,2026-03-29
LINK,2026-03-31 15:00:00+00:00,2026-03-31 17:00:00+00:00,-1,8.626,8.88478,-300.0000000000003,-311.5000000000003,SL,2026-03-31
LINK,2026-04-02 02:00:00+00:00,2026-04-02 11:00:00+00:00,-1,8.721,8.45937,300.0000000000003,288.5000000000003,TP,2026-04-02
LINK,2026-04-07 11:00:00+00:00,2026-04-07 22:00:00+00:00,-1,8.7,8.961,-300.0000000000003,-311.5000000000003,SL,2026-04-07
LINK,2026-04-08 19:00:00+00:00,2026-04-09 19:00:00+00:00,-1,8.953,9.002,-54.73025801407516,-66.23025801407516,TIME,2026-04-08
LINK,2026-04-12 02:00:00+00:00,2026-04-13 02:00:00+00:00,-1,8.776,8.789,-14.813126709207758,-26.313126709207758,TIME,2026-04-12
LINK,2026-04-16 14:00:00+00:00,2026-04-16 18:00:00+00:00,-1,9.241,9.518229999999999,-300.0000000000003,-311.5000000000003,SL,2026-04-16
LTC,2025-07-01 15:00:00+00:00,2025-07-02 15:00:00+00:00,-1,84.37,86.1,-205.0491881000349,-216.5491881000349,TIME,2025-07-01
LTC,2025-07-04 14:00:00+00:00,2025-07-05 14:00:00+00:00,-1,87.3,86.82,54.98281786941672,43.48281786941672,TIME,2025-07-04
LTC,2025-07-14 16:00:00+00:00,2025-07-15 02:00:00+00:00,-1,95.42,92.5574,300.0000000000003,288.5000000000003,TP,2025-07-14
LTC,2025-07-15 15:00:00+00:00,2025-07-15 17:00:00+00:00,-1,91.97,94.7291,-300.0000000000003,-311.5000000000003,SL,2025-07-15
LTC,2025-07-22 14:00:00+00:00,2025-07-22 16:00:00+00:00,-1,113.17,116.5651,-300.0000000000003,-311.5000000000003,SL,2025-07-22
LTC,2025-07-25 03:00:00+00:00,2025-07-25 07:00:00+00:00,-1,109.44,112.7232,-300.0000000000003,-311.5000000000003,SL,2025-07-25
LTC,2025-07-25 15:00:00+00:00,2025-07-26 15:00:00+00:00,-1,111.44,113.7,-202.79971284996367,-214.29971284996367,TIME,2025-07-25
LTC,2025-07-30 19:00:00+00:00,2025-07-30 19:00:00+00:00,-1,107.76,104.52720000000001,300.0000000000003,288.5000000000003,TP,2025-07-30
LTC,2025-07-31 20:00:00+00:00,2025-08-01 00:00:00+00:00,-1,108.15,104.9055,300.0000000000003,288.5000000000003,TP,2025-07-31
LTC,2025-08-01 14:00:00+00:00,2025-08-01 21:00:00+00:00,-1,104.56,107.69680000000001,-300.0000000000003,-311.5000000000003,SL,2025-08-01
LTC,2025-08-05 15:00:00+00:00,2025-08-06 00:00:00+00:00,-1,122.93,119.24210000000001,300.0000000000003,288.5000000000003,TP,2025-08-05
LTC,2025-08-14 13:00:00+00:00,2025-08-15 13:00:00+00:00,-1,122.66,119.22,280.45002445785116,268.95002445785116,TIME,2025-08-14
LTC,2025-08-19 15:00:00+00:00,2025-08-20 15:00:00+00:00,-1,113.89,114.89,-87.80402142418042,-99.30402142418042,TIME,2025-08-19
LTC,2025-08-24 20:00:00+00:00,2025-08-25 00:00:00+00:00,-1,120.64,117.0208,300.0000000000003,288.5000000000003,TP,2025-08-24
LTC,2025-08-25 20:00:00+00:00,2025-08-26 14:00:00+00:00,-1,109.26,112.5378,-300.0000000000003,-311.5000000000003,SL,2025-08-25
LTC,2025-08-29 08:00:00+00:00,2025-08-30 08:00:00+00:00,-1,110.32,110.78,-41.69688179840536,-53.19688179840536,TIME,2025-08-29
LTC,2025-09-01 22:00:00+00:00,2025-09-02 03:00:00+00:00,-1,106.95,110.1585,-300.0000000000003,-311.5000000000003,SL,2025-09-01
LTC,2025-09-05 15:00:00+00:00,2025-09-06 15:00:00+00:00,-1,111.96,111.39,50.91103965702004,39.41103965702004,TIME,2025-09-05
LTC,2025-09-09 15:00:00+00:00,2025-09-10 15:00:00+00:00,-1,112.31,114.34,-180.74971062238544,-192.24971062238544,TIME,2025-09-09
LTC,2025-09-15 00:00:00+00:00,2025-09-16 00:00:00+00:00,-1,115.03,113.36,145.17951838650788,133.67951838650788,TIME,2025-09-15
LTC,2025-09-22 01:00:00+00:00,2025-09-22 06:00:00+00:00,-1,111.55,108.20349999999999,300.0000000000003,288.5000000000003,TP,2025-09-22
LTC,2025-09-22 07:00:00+00:00,2025-09-23 07:00:00+00:00,-1,106.84,106.18,61.77461624859548,50.27461624859548,TIME,2025-09-22
LTC,2025-09-23 18:00:00+00:00,2025-09-24 18:00:00+00:00,-1,105.48,106.25,-72.99962078119115,-84.49962078119115,TIME,2025-09-23
LTC,2025-09-25 05:00:00+00:00,2025-09-25 17:00:00+00:00,-1,103.71,100.5987,300.0000000000003,288.5000000000003,TP,2025-09-25
LTC,2025-09-25 18:00:00+00:00,2025-09-26 16:00:00+00:00,-1,100.85,103.8755,-300.0000000000003,-311.5000000000003,SL,2025-09-25
LTC,2025-10-05 10:00:00+00:00,2025-10-06 10:00:00+00:00,-1,120.77,120.12,53.821313240042244,42.321313240042244,TIME,2025-10-05
LTC,2025-10-07 15:00:00+00:00,2025-10-08 15:00:00+00:00,-1,116.67,116.3,31.713379617726023,20.213379617726023,TIME,2025-10-07
LTC,2025-10-09 14:00:00+00:00,2025-10-09 22:00:00+00:00,-1,117.71,121.2413,-300.0000000000003,-311.5000000000003,SL,2025-10-09
LTC,2025-10-10 15:00:00+00:00,2025-10-10 15:00:00+00:00,-1,131.74,127.7878,300.0000000000003,288.5000000000003,TP,2025-10-10
LTC,2025-10-10 16:00:00+00:00,2025-10-10 20:00:00+00:00,-1,126.96,123.15119999999999,300.0000000000003,288.5000000000003,TP,2025-10-10
LTC,2025-10-10 21:00:00+00:00,2025-10-10 21:00:00+00:00,-1,121.44,117.79679999999999,300.0000000000003,288.5000000000003,TP,2025-10-10
LTC,2025-10-11 02:00:00+00:00,2025-10-11 02:00:00+00:00,-1,96.15,99.03450000000001,-300.0000000000003,-311.5000000000003,SL,2025-10-11
LTC,2025-10-11 08:00:00+00:00,2025-10-11 19:00:00+00:00,-1,98.37,95.41890000000001,299.99999999999915,288.49999999999915,TP,2025-10-11
LTC,2025-10-16 16:00:00+00:00,2025-10-17 06:00:00+00:00,-1,91.65,88.90050000000001,300.0000000000003,288.5000000000003,TP,2025-10-16
LTC,2025-10-17 07:00:00+00:00,2025-10-17 07:00:00+00:00,-1,88.56,85.9032,300.0000000000003,288.5000000000003,TP,2025-10-17
LTC,2025-10-21 05:00:00+00:00,2025-10-21 14:00:00+00:00,-1,91.93,94.68790000000001,-300.0000000000003,-311.5000000000003,SL,2025-10-21
LTC,2025-10-21 23:00:00+00:00,2025-10-22 11:00:00+00:00,-1,94.38,91.5486,300.0000000000003,288.5000000000003,TP,2025-10-21
LTC,2025-10-28 20:00:00+00:00,2025-10-28 21:00:00+00:00,-1,98.24,95.29279999999999,300.00000000000136,288.50000000000136,TP,2025-10-28
LTC,2025-10-29 16:00:00+00:00,2025-10-30 12:00:00+00:00,-1,97.89,94.9533,300.0000000000003,288.5000000000003,TP,2025-10-29
LTC,2025-10-30 13:00:00+00:00,2025-10-30 15:00:00+00:00,-1,95.43,92.56710000000001,299.99999999999915,288.49999999999915,TP,2025-10-30
LTC,2025-10-31 17:00:00+00:00,2025-11-01 06:00:00+00:00,-1,94.56,97.3968,-300.0000000000003,-311.5000000000003,SL,2025-10-31
LTC,2025-11-03 16:00:00+00:00,2025-11-04 04:00:00+00:00,-1,87.69,90.3207,-300.0000000000003,-311.5000000000003,SL,2025-11-03
LTC,2025-11-04 06:00:00+00:00,2025-11-04 06:00:00+00:00,-1,85.22,87.7766,-300.0000000000003,-311.5000000000003,SL,2025-11-04
LTC,2025-11-10 15:00:00+00:00,2025-11-10 15:00:00+00:00,-1,106.36,109.5508,-300.0000000000003,-311.5000000000003,SL,2025-11-10
LTC,2025-11-12 16:00:00+00:00,2025-11-12 16:00:00+00:00,-1,100.01,97.00970000000001,299.99999999999915,288.49999999999915,TP,2025-11-12
LTC,2025-11-13 16:00:00+00:00,2025-11-13 17:00:00+00:00,-1,99.54,96.55380000000001,299.99999999999915,288.49999999999915,TP,2025-11-13
LTC,2025-11-14 05:00:00+00:00,2025-11-14 07:00:00+00:00,-1,95.27,98.1281,-300.0000000000003,-311.5000000000003,SL,2025-11-14
LTC,2025-11-14 21:00:00+00:00,2025-11-15 01:00:00+00:00,-1,98.24,101.1872,-300.0000000000003,-311.5000000000003,SL,2025-11-14
LTC,2025-11-17 14:00:00+00:00,2025-11-17 14:00:00+00:00,-1,94.0,96.82000000000001,-300.0000000000003,-311.5000000000003,SL,2025-11-17
LTC,2025-11-17 18:00:00+00:00,2025-11-17 23:00:00+00:00,-1,93.46,90.6562,299.99999999999915,288.49999999999915,TP,2025-11-17
LTC,2025-11-19 16:00:00+00:00,2025-11-19 18:00:00+00:00,-1,91.69,88.93929999999999,300.00000000000136,288.50000000000136,TP,2025-11-19
LTC,2025-11-20 17:00:00+00:00,2025-11-21 07:00:00+00:00,-1,87.11,84.4967,299.99999999999915,288.49999999999915,TP,2025-11-20
LTC,2025-11-21 08:00:00+00:00,2025-11-21 11:00:00+00:00,-1,84.56,82.0232,300.0000000000003,288.5000000000003,TP,2025-11-21
LTC,2025-11-21 16:00:00+00:00,2025-11-22 16:00:00+00:00,-1,82.03,82.12,-10.9715957576495,-22.4715957576495,TIME,2025-11-21
LTC,2025-11-28 17:00:00+00:00,2025-11-29 17:00:00+00:00,-1,84.61,83.47,134.73584682661576,123.23584682661576,TIME,2025-11-28
LTC,2025-12-01 01:00:00+00:00,2025-12-01 15:00:00+00:00,-1,77.91,75.5727,300.0000000000003,288.5000000000003,TP,2025-12-01
LTC,2025-12-01 16:00:00+00:00,2025-12-01 23:00:00+00:00,-1,75.57,77.83709999999999,-300.0000000000003,-311.5000000000003,SL,2025-12-01
LTC,2025-12-05 17:00:00+00:00,2025-12-06 17:00:00+00:00,-1,80.44,81.64,-149.17951268025976,-160.67951268025976,TIME,2025-12-05
LTC,2025-12-12 16:00:00+00:00,2025-12-13 16:00:00+00:00,-1,81.3,81.87,-70.11070110701124,-81.61070110701124,TIME,2025-12-12
LTC,2025-12-15 15:00:00+00:00,2025-12-15 16:00:00+00:00,-1,79.51,77.1247,300.0000000000003,288.5000000000003,TP,2025-12-15
LTC,2025-12-17 16:00:00+00:00,2025-12-17 18:00:00+00:00,-1,78.2,75.854,300.0000000000003,288.5000000000003,TP,2025-12-17
LTC,2025-12-18 18:00:00+00:00,2025-12-18 19:00:00+00:00,-1,75.06,72.8082,300.0000000000003,288.5000000000003,TP,2025-12-18
LTC,2025-12-18 20:00:00+00:00,2025-12-19 03:00:00+00:00,-1,72.67,74.8501,-300.0000000000003,-311.5000000000003,SL,2025-12-18
LTC,2025-12-26 15:00:00+00:00,2025-12-27 12:00:00+00:00,-1,75.76,78.03280000000001,-300.0000000000003,-311.5000000000003,SL,2025-12-26
LTC,2025-12-29 10:00:00+00:00,2025-12-30 10:00:00+00:00,-1,78.05,77.98,8.968609865469546,-2.5313901345304544,TIME,2025-12-29
LTC,2026-01-06 17:00:00+00:00,2026-01-07 17:00:00+00:00,-1,82.5,81.41,132.1212121212123,120.6212121212123,TIME,2026-01-06
LTC,2026-01-08 07:00:00+00:00,2026-01-09 07:00:00+00:00,-1,80.62,81.52,-111.63483006698004,-123.13483006698004,TIME,2026-01-08
LTC,2026-01-19 00:00:00+00:00,2026-01-19 00:00:00+00:00,-1,72.12,69.9564,300.0000000000003,288.5000000000003,TP,2026-01-19
LTC,2026-01-19 01:00:00+00:00,2026-01-19 17:00:00+00:00,-1,69.35,71.4305,-300.0000000000003,-311.5000000000003,SL,2026-01-19
LTC,2026-01-20 23:00:00+00:00,2026-01-21 05:00:00+00:00,-1,67.01,69.0203,-300.0000000000003,-311.5000000000003,SL,2026-01-20
LTC,2026-01-21 17:00:00+00:00,2026-01-21 19:00:00+00:00,-1,66.71,68.7113,-300.0000000000003,-311.5000000000003,SL,2026-01-21
LTC,2026-01-27 18:00:00+00:00,2026-01-28 18:00:00+00:00,-1,69.24,69.39,-21.66377816291254,-33.163778162912536,TIME,2026-01-27
LTC,2026-01-29 15:00:00+00:00,2026-01-29 18:00:00+00:00,-1,66.42,64.4274,299.99999999999915,288.49999999999915,TP,2026-01-29
LTC,2026-01-30 02:00:00+00:00,2026-01-31 02:00:00+00:00,-1,64.81,65.01,-30.85943527233459,-42.35943527233459,TIME,2026-01-30
LTC,2026-01-31 15:00:00+00:00,2026-01-31 17:00:00+00:00,-1,60.27,58.4619,300.0000000000003,288.5000000000003,TP,2026-01-31
LTC,2026-01-31 18:00:00+00:00,2026-01-31 18:00:00+00:00,-1,58.2,56.454,300.0000000000003,288.5000000000003,TP,2026-01-31
LTC,2026-02-02 03:00:00+00:00,2026-02-02 03:00:00+00:00,-1,58.69,56.9293,300.0000000000003,288.5000000000003,TP,2026-02-02
LTC,2026-02-03 03:00:00+00:00,2026-02-03 18:00:00+00:00,-1,59.06,57.2882,300.0000000000003,288.5000000000003,TP,2026-02-03
LTC,2026-02-03 19:00:00+00:00,2026-02-03 19:00:00+00:00,-1,56.99,58.69970000000001,-300.0000000000003,-311.5000000000003,SL,2026-02-03
LTC,2026-02-05 16:00:00+00:00,2026-02-05 18:00:00+00:00,-1,53.91,52.292699999999996,300.0000000000003,288.5000000000003,TP,2026-02-05
LTC,2026-02-05 21:00:00+00:00,2026-02-05 23:00:00+00:00,-1,50.94,52.468199999999996,-300.0000000000003,-311.5000000000003,SL,2026-02-05
LTC,2026-02-16 14:00:00+00:00,2026-02-16 21:00:00+00:00,-1,53.82,55.4346,-300.0000000000003,-311.5000000000003,SL,2026-02-16
LTC,2026-02-17 15:00:00+00:00,2026-02-18 15:00:00+00:00,-1,53.96,54.47,-94.51445515196389,-106.01445515196389,TIME,2026-02-17
LTC,2026-02-23 01:00:00+00:00,2026-02-23 01:00:00+00:00,-1,52.98,51.39059999999999,300.00000000000136,288.50000000000136,TP,2026-02-23
LTC,2026-02-23 02:00:00+00:00,2026-02-23 09:00:00+00:00,-1,50.99,52.5197,-300.0000000000003,-311.5000000000003,SL,2026-02-23
LTC,2026-02-28 07:00:00+00:00,2026-02-28 18:00:00+00:00,-1,51.99,53.5497,-300.0000000000003,-311.5000000000003,SL,2026-02-28
LTC,2026-03-13 15:00:00+00:00,2026-03-14 15:00:00+00:00,-1,55.7,54.46,222.62118491921058,211.12118491921058,TIME,2026-03-13
LTC,2026-03-18 12:00:00+00:00,2026-03-19 12:00:00+00:00,-1,56.5,54.86,290.2654867256638,278.7654867256638,TIME,2026-03-18
LTC,2026-03-22 00:00:00+00:00,2026-03-22 21:00:00+00:00,-1,54.75,53.1075,299.99999999999915,288.49999999999915,TP,2026-03-22
LTC,2026-03-23 07:00:00+00:00,2026-03-23 11:00:00+00:00,-1,53.56,55.1668,-300.0000000000003,-311.5000000000003,SL,2026-03-23
LTC,2026-03-23 16:00:00+00:00,2026-03-24 16:00:00+00:00,-1,55.06,55.68,-112.6044315292396,-124.1044315292396,TIME,2026-03-23
LTC,2026-03-27 11:00:00+00:00,2026-03-28 11:00:00+00:00,-1,53.55,54.02,-87.76844070961909,-99.26844070961909,TIME,2026-03-27
LTC,2026-03-29 23:00:00+00:00,2026-03-30 23:00:00+00:00,-1,53.12,53.29,-32.003012048194,-43.503012048194,TIME,2026-03-29
LTC,2026-03-31 15:00:00+00:00,2026-04-01 15:00:00+00:00,-1,53.48,54.21,-136.49962602842348,-147.99962602842348,TIME,2026-03-31
LTC,2026-04-02 02:00:00+00:00,2026-04-02 13:00:00+00:00,-1,53.11,51.5167,300.0000000000003,288.5000000000003,TP,2026-04-02
LTC,2026-04-07 11:00:00+00:00,2026-04-07 22:00:00+00:00,-1,53.06,54.6518,-300.0000000000003,-311.5000000000003,SL,2026-04-07
LTC,2026-04-08 19:00:00+00:00,2026-04-09 19:00:00+00:00,-1,54.14,54.74,-110.8237901736242,-122.3237901736242,TIME,2026-04-08
LTC,2026-04-12 02:00:00+00:00,2026-04-13 02:00:00+00:00,-1,53.94,53.71,42.639970337411405,31.139970337411405,TIME,2026-04-12
LTC,2026-04-16 14:00:00+00:00,2026-04-17 13:00:00+00:00,-1,55.08,56.7324,-300.0000000000003,-311.5000000000003,SL,2026-04-16
NEAR,2025-07-01 15:00:00+00:00,2025-07-01 20:00:00+00:00,-1,2.089,2.0263299999999997,300.00000000000136,288.50000000000136,TP,2025-07-01
NEAR,2025-07-04 14:00:00+00:00,2025-07-04 16:00:00+00:00,-1,2.167,2.10199,300.0000000000003,288.5000000000003,TP,2025-07-04
NEAR,2025-07-14 16:00:00+00:00,2025-07-15 02:00:00+00:00,-1,2.598,2.52006,299.99999999999915,288.49999999999915,TP,2025-07-14
NEAR,2025-07-15 15:00:00+00:00,2025-07-15 16:00:00+00:00,-1,2.492,2.56676,-300.0000000000003,-311.5000000000003,SL,2025-07-15
NEAR,2025-07-22 14:00:00+00:00,2025-07-22 15:00:00+00:00,-1,2.896,2.98288,-300.0000000000003,-311.5000000000003,SL,2025-07-22
NEAR,2025-07-25 03:00:00+00:00,2025-07-25 09:00:00+00:00,-1,2.647,2.72641,-300.0000000000003,-311.5000000000003,SL,2025-07-25
NEAR,2025-07-25 15:00:00+00:00,2025-07-25 20:00:00+00:00,-1,2.681,2.7614300000000003,-300.0000000000003,-311.5000000000003,SL,2025-07-25
NEAR,2025-07-30 19:00:00+00:00,2025-07-30 19:00:00+00:00,-1,2.59,2.5122999999999998,300.0000000000003,288.5000000000003,TP,2025-07-30
NEAR,2025-07-31 20:00:00+00:00,2025-08-01 00:00:00+00:00,-1,2.601,2.52297,300.0000000000003,288.5000000000003,TP,2025-07-31
NEAR,2025-08-01 14:00:00+00:00,2025-08-01 14:00:00+00:00,-1,2.423,2.49569,-300.0000000000003,-311.5000000000003,SL,2025-08-01
NEAR,2025-08-05 15:00:00+00:00,2025-08-05 21:00:00+00:00,-1,2.483,2.40851,300.0000000000003,288.5000000000003,TP,2025-08-05
NEAR,2025-08-14 13:00:00+00:00,2025-08-14 21:00:00+00:00,-1,2.785,2.70145,300.00000000000136,288.50000000000136,TP,2025-08-14
NEAR,2025-08-19 15:00:00+00:00,2025-08-20 15:00:00+00:00,-1,2.487,2.497,-40.20908725371753,-51.70908725371753,TIME,2025-08-19
NEAR,2025-08-24 20:00:00+00:00,2025-08-25 00:00:00+00:00,-1,2.689,2.60833,300.0000000000003,288.5000000000003,TP,2025-08-24
NEAR,2025-08-25 20:00:00+00:00,2025-08-25 21:00:00+00:00,-1,2.426,2.35322,300.00000000000136,288.50000000000136,TP,2025-08-25
NEAR,2025-08-29 08:00:00+00:00,2025-08-30 08:00:00+00:00,-1,2.439,2.445,-24.60024600245969,-36.10024600245969,TIME,2025-08-29
NEAR,2025-09-01 22:00:00+00:00,2025-09-02 02:00:00+00:00,-1,2.293,2.36179,-300.0000000000003,-311.5000000000003,SL,2025-09-01
NEAR,2025-09-05 15:00:00+00:00,2025-09-06 15:00:00+00:00,-1,2.395,2.386,37.57828810020847,26.078288100208468,TIME,2025-09-05
NEAR,2025-09-09 15:00:00+00:00,2025-09-10 15:00:00+00:00,-1,2.667,2.701,-127.48406449193838,-138.9840644919384,TIME,2025-09-09
NEAR,2025-09-15 00:00:00+00:00,2025-09-15 08:00:00+00:00,-1,2.704,2.6228800000000003,299.99999999999915,288.49999999999915,TP,2025-09-15
NEAR,2025-09-15 09:00:00+00:00,2025-09-16 08:00:00+00:00,-1,2.598,2.6759399999999998,-300.0000000000003,-311.5000000000003,SL,2025-09-15
NEAR,2025-09-22 01:00:00+00:00,2025-09-22 05:00:00+00:00,-1,3.038,2.9468599999999996,300.0000000000003,288.5000000000003,TP,2025-09-22
NEAR,2025-09-22 06:00:00+00:00,2025-09-22 06:00:00+00:00,-1,2.893,2.8062099999999996,300.0000000000003,288.5000000000003,TP,2025-09-22
NEAR,2025-09-22 07:00:00+00:00,2025-09-22 21:00:00+00:00,-1,2.875,2.96125,-300.0000000000003,-311.5000000000003,SL,2025-09-22
NEAR,2025-09-23 18:00:00+00:00,2025-09-23 23:00:00+00:00,-1,3.006,2.9158199999999996,300.0000000000003,288.5000000000003,TP,2025-09-23
NEAR,2025-09-25 05:00:00+00:00,2025-09-25 12:00:00+00:00,-1,2.879,2.79263,300.0000000000003,288.5000000000003,TP,2025-09-25
NEAR,2025-09-25 18:00:00+00:00,2025-09-25 19:00:00+00:00,-1,2.781,2.86443,-300.0000000000003,-311.5000000000003,SL,2025-09-25
NEAR,2025-09-26 15:00:00+00:00,2025-09-26 16:00:00+00:00,-1,2.677,2.75731,-300.0000000000003,-311.5000000000003,SL,2025-09-26
NEAR,2025-10-05 10:00:00+00:00,2025-10-05 14:00:00+00:00,-1,3.107,3.01379,300.0000000000003,288.5000000000003,TP,2025-10-05
NEAR,2025-10-07 15:00:00+00:00,2025-10-08 15:00:00+00:00,-1,2.938,2.912,88.49557522124019,76.99557522124019,TIME,2025-10-07
NEAR,2025-10-09 14:00:00+00:00,2025-10-10 03:00:00+00:00,-1,2.852,2.93756,-300.0000000000003,-311.5000000000003,SL,2025-10-09
NEAR,2025-10-10 15:00:00+00:00,2025-10-10 15:00:00+00:00,-1,3.135,3.0409499999999996,300.0000000000003,288.5000000000003,TP,2025-10-10
NEAR,2025-10-10 16:00:00+00:00,2025-10-10 19:00:00+00:00,-1,3.05,2.9585,300.0000000000003,288.5000000000003,TP,2025-10-10
NEAR,2025-10-10 21:00:00+00:00,2025-10-10 21:00:00+00:00,-1,2.782,2.69854,300.0000000000003,288.5000000000003,TP,2025-10-10
NEAR,2025-10-11 02:00:00+00:00,2025-10-11 02:00:00+00:00,-1,2.348,2.41844,-300.0000000000003,-311.5000000000003,SL,2025-10-11
NEAR,2025-10-16 16:00:00+00:00,2025-10-17 06:00:00+00:00,-1,2.239,2.17183,300.0000000000003,288.5000000000003,TP,2025-10-16
NEAR,2025-10-17 07:00:00+00:00,2025-10-17 08:00:00+00:00,-1,2.145,2.08065,300.0000000000003,288.5000000000003,TP,2025-10-17
NEAR,2025-10-21 05:00:00+00:00,2025-10-21 12:00:00+00:00,-1,2.173,2.23819,-300.0000000000003,-311.5000000000003,SL,2025-10-21
NEAR,2025-10-21 23:00:00+00:00,2025-10-22 11:00:00+00:00,-1,2.239,2.17183,300.0000000000003,288.5000000000003,TP,2025-10-21
NEAR,2025-10-28 20:00:00+00:00,2025-10-29 17:00:00+00:00,-1,2.265,2.3329500000000003,-300.0000000000003,-311.5000000000003,SL,2025-10-28
NEAR,2025-10-29 19:00:00+00:00,2025-10-30 04:00:00+00:00,-1,2.306,2.23682,300.00000000000136,288.50000000000136,TP,2025-10-29
NEAR,2025-10-30 05:00:00+00:00,2025-10-30 12:00:00+00:00,-1,2.213,2.14661,300.0000000000003,288.5000000000003,TP,2025-10-30
NEAR,2025-10-30 13:00:00+00:00,2025-10-30 15:00:00+00:00,-1,2.162,2.09714,299.99999999999915,288.49999999999915,TP,2025-10-30
NEAR,2025-10-31 17:00:00+00:00,2025-11-01 08:00:00+00:00,-1,2.083,2.14549,-300.0000000000003,-311.5000000000003,SL,2025-10-31
NEAR,2025-11-03 16:00:00+00:00,2025-11-03 17:00:00+00:00,-1,1.901,1.9580300000000002,-300.0000000000003,-311.5000000000003,SL,2025-11-03
NEAR,2025-11-04 06:00:00+00:00,2025-11-04 06:00:00+00:00,-1,1.83,1.8849,-300.0000000000003,-311.5000000000003,SL,2025-11-04
NEAR,2025-11-12 16:00:00+00:00,2025-11-13 16:00:00+00:00,-1,2.525,2.466,233.66336633663275,222.16336633663275,TIME,2025-11-12
NEAR,2025-11-14 05:00:00+00:00,2025-11-14 06:00:00+00:00,-1,2.355,2.42565,-300.0000000000003,-311.5000000000003,SL,2025-11-14
NEAR,2025-11-14 21:00:00+00:00,2025-11-15 02:00:00+00:00,-1,2.371,2.44213,-300.0000000000003,-311.5000000000003,SL,2025-11-14
NEAR,2025-11-17 14:00:00+00:00,2025-11-17 14:00:00+00:00,-1,2.234,2.30102,-300.0000000000003,-311.5000000000003,SL,2025-11-17
NEAR,2025-11-17 18:00:00+00:00,2025-11-17 19:00:00+00:00,-1,2.256,2.1883199999999996,300.00000000000136,288.50000000000136,TP,2025-11-17
NEAR,2025-11-19 16:00:00+00:00,2025-11-19 18:00:00+00:00,-1,2.23,2.1631,300.0000000000003,288.5000000000003,TP,2025-11-19
NEAR,2025-11-20 17:00:00+00:00,2025-11-20 23:00:00+00:00,-1,2.151,2.08647,300.0000000000003,288.5000000000003,TP,2025-11-20
NEAR,2025-11-21 00:00:00+00:00,2025-11-21 07:00:00+00:00,-1,2.072,2.00984,300.0000000000003,288.5000000000003,TP,2025-11-21
NEAR,2025-11-21 08:00:00+00:00,2025-11-21 11:00:00+00:00,-1,1.952,1.89344,300.0000000000003,288.5000000000003,TP,2025-11-21
NEAR,2025-11-21 16:00:00+00:00,2025-11-21 20:00:00+00:00,-1,1.893,1.83621,300.0000000000003,288.5000000000003,TP,2025-11-21
NEAR,2025-11-28 17:00:00+00:00,2025-11-29 17:00:00+00:00,-1,1.891,1.847,232.68112109994686,221.18112109994686,TIME,2025-11-28
NEAR,2025-12-01 01:00:00+00:00,2025-12-01 11:00:00+00:00,-1,1.698,1.64706,300.0000000000003,288.5000000000003,TP,2025-12-01
NEAR,2025-12-01 16:00:00+00:00,2025-12-02 04:00:00+00:00,-1,1.614,1.6624200000000002,-300.0000000000003,-311.5000000000003,SL,2025-12-01
NEAR,2025-12-05 17:00:00+00:00,2025-12-06 13:00:00+00:00,-1,1.672,1.72216,-300.0000000000003,-311.5000000000003,SL,2025-12-05
NEAR,2025-12-12 16:00:00+00:00,2025-12-13 04:00:00+00:00,-1,1.607,1.65521,-300.0000000000003,-311.5000000000003,SL,2025-12-12
NEAR,2025-12-15 15:00:00+00:00,2025-12-15 15:00:00+00:00,-1,1.58,1.5326,300.0000000000003,288.5000000000003,TP,2025-12-15
NEAR,2025-12-17 16:00:00+00:00,2025-12-17 16:00:00+00:00,-1,1.537,1.4908899999999998,300.0000000000003,288.5000000000003,TP,2025-12-17
NEAR,2025-12-18 18:00:00+00:00,2025-12-18 18:00:00+00:00,-1,1.523,1.47731,300.0000000000003,288.5000000000003,TP,2025-12-18
NEAR,2025-12-18 20:00:00+00:00,2025-12-19 03:00:00+00:00,-1,1.425,1.46775,-300.0000000000003,-311.5000000000003,SL,2025-12-18
NEAR,2025-12-26 15:00:00+00:00,2025-12-27 04:00:00+00:00,-1,1.498,1.54294,-300.0000000000003,-311.5000000000003,SL,2025-12-26
NEAR,2025-12-29 10:00:00+00:00,2025-12-30 10:00:00+00:00,-1,1.541,1.548,-45.425048669696096,-56.925048669696096,TIME,2025-12-29
NEAR,2026-01-06 17:00:00+00:00,2026-01-06 21:00:00+00:00,-1,1.766,1.81898,-300.0000000000003,-311.5000000000003,SL,2026-01-06
NEAR,2026-01-07 01:00:00+00:00,2026-01-07 15:00:00+00:00,-1,1.767,1.71399,300.0000000000003,288.5000000000003,TP,2026-01-07
NEAR,2026-01-08 07:00:00+00:00,2026-01-09 07:00:00+00:00,-1,1.678,1.695,-101.31108462455352,-112.81108462455352,TIME,2026-01-08
NEAR,2026-01-19 00:00:00+00:00,2026-01-19 00:00:00+00:00,-1,1.623,1.5743099999999999,300.0000000000003,288.5000000000003,TP,2026-01-19
NEAR,2026-01-19 01:00:00+00:00,2026-01-19 19:00:00+00:00,-1,1.568,1.61504,-300.0000000000003,-311.5000000000003,SL,2026-01-19
NEAR,2026-01-20 23:00:00+00:00,2026-01-21 15:00:00+00:00,-1,1.51,1.5553000000000001,-300.0000000000003,-311.5000000000003,SL,2026-01-20
NEAR,2026-01-21 17:00:00+00:00,2026-01-21 19:00:00+00:00,-1,1.495,1.5398500000000002,-300.0000000000003,-311.5000000000003,SL,2026-01-21
NEAR,2026-01-27 18:00:00+00:00,2026-01-27 20:00:00+00:00,-1,1.454,1.49762,-300.0000000000003,-311.5000000000003,SL,2026-01-27
NEAR,2026-01-29 15:00:00+00:00,2026-01-29 18:00:00+00:00,-1,1.395,1.35315,299.99999999999915,288.49999999999915,TP,2026-01-29
NEAR,2026-01-30 02:00:00+00:00,2026-01-30 06:00:00+00:00,-1,1.352,1.3114400000000002,299.99999999999915,288.49999999999915,TP,2026-01-30
NEAR,2026-01-31 15:00:00+00:00,2026-01-31 17:00:00+00:00,-1,1.233,1.19601,300.0000000000003,288.5000000000003,TP,2026-01-31
NEAR,2026-01-31 18:00:00+00:00,2026-01-31 18:00:00+00:00,-1,1.172,1.1368399999999999,300.0000000000003,288.5000000000003,TP,2026-01-31
NEAR,2026-02-02 03:00:00+00:00,2026-02-02 03:00:00+00:00,-1,1.182,1.14654,300.0000000000003,288.5000000000003,TP,2026-02-02
NEAR,2026-02-03 03:00:00+00:00,2026-02-03 08:00:00+00:00,-1,1.174,1.20922,-300.0000000000003,-311.5000000000003,SL,2026-02-03
NEAR,2026-02-03 17:00:00+00:00,2026-02-03 18:00:00+00:00,-1,1.174,1.13878,300.0000000000003,288.5000000000003,TP,2026-02-03
NEAR,2026-02-03 19:00:00+00:00,2026-02-03 19:00:00+00:00,-1,1.125,1.15875,-300.0000000000003,-311.5000000000003,SL,2026-02-03
NEAR,2026-02-05 16:00:00+00:00,2026-02-05 18:00:00+00:00,-1,1.061,1.02917,300.0000000000003,288.5000000000003,TP,2026-02-05
NEAR,2026-02-05 21:00:00+00:00,2026-02-06 00:00:00+00:00,-1,0.982,0.9525399999999999,300.0000000000003,288.5000000000003,TP,2026-02-05
NEAR,2026-02-16 14:00:00+00:00,2026-02-17 14:00:00+00:00,-1,1.042,1.037,47.98464491362897,36.48464491362897,TIME,2026-02-16
NEAR,2026-02-17 15:00:00+00:00,2026-02-18 15:00:00+00:00,-1,1.037,1.052,-144.6480231436853,-156.1480231436853,TIME,2026-02-17
NEAR,2026-02-23 01:00:00+00:00,2026-02-23 01:00:00+00:00,-1,1.01,0.9797,300.0000000000003,288.5000000000003,TP,2026-02-23
NEAR,2026-02-23 02:00:00+00:00,2026-02-23 06:00:00+00:00,-1,0.975,1.00425,-300.0000000000003,-311.5000000000003,SL,2026-02-23
NEAR,2026-02-28 07:00:00+00:00,2026-02-28 07:00:00+00:00,-1,1.033,1.06399,-300.0000000000003,-311.5000000000003,SL,2026-02-28
NEAR,2026-03-13 15:00:00+00:00,2026-03-14 10:00:00+00:00,-1,1.347,1.30659,300.0000000000003,288.5000000000003,TP,2026-03-13
NEAR,2026-03-18 12:00:00+00:00,2026-03-18 14:00:00+00:00,-1,1.433,1.39001,300.0000000000003,288.5000000000003,TP,2026-03-18
NEAR,2026-03-18 15:00:00+00:00,2026-03-19 12:00:00+00:00,-1,1.384,1.34248,300.0000000000003,288.5000000000003,TP,2026-03-18
NEAR,2026-03-22 00:00:00+00:00,2026-03-23 00:00:00+00:00,-1,1.275,1.278,-23.529411764706687,-35.02941176470669,TIME,2026-03-22
NEAR,2026-03-23 07:00:00+00:00,2026-03-23 11:00:00+00:00,-1,1.266,1.3039800000000001,-300.0000000000003,-311.5000000000003,SL,2026-03-23
NEAR,2026-03-23 16:00:00+00:00,2026-03-24 16:00:00+00:00,-1,1.293,1.29,23.201856148491462,11.701856148491462,TIME,2026-03-23
NEAR,2026-03-27 11:00:00+00:00,2026-03-28 11:00:00+00:00,-1,1.19,1.17,168.0672268907568,156.5672268907568,TIME,2026-03-27
NEAR,2026-03-29 23:00:00+00:00,2026-03-30 02:00:00+00:00,-1,1.157,1.19171,-300.0000000000003,-311.5000000000003,SL,2026-03-29
NEAR,2026-03-31 15:00:00+00:00,2026-04-01 06:00:00+00:00,-1,1.176,1.21128,-300.0000000000003,-311.5000000000003,SL,2026-03-31
NEAR,2026-04-02 02:00:00+00:00,2026-04-03 02:00:00+00:00,-1,1.169,1.168,8.554319931566301,-2.945680068433699,TIME,2026-04-02
NEAR,2026-04-07 11:00:00+00:00,2026-04-07 21:00:00+00:00,-1,1.237,1.27411,-300.0000000000003,-311.5000000000003,SL,2026-04-07
NEAR,2026-04-08 19:00:00+00:00,2026-04-09 15:00:00+00:00,-1,1.339,1.37917,-300.0000000000003,-311.5000000000003,SL,2026-04-08
NEAR,2026-04-12 02:00:00+00:00,2026-04-13 01:00:00+00:00,-1,1.346,1.3863800000000002,-300.0000000000003,-311.5000000000003,SL,2026-04-12
NEAR,2026-04-16 14:00:00+00:00,2026-04-16 19:00:00+00:00,-1,1.381,1.42243,-300.0000000000003,-311.5000000000003,SL,2026-04-16
ONDO,2025-07-01 15:00:00+00:00,2025-07-02 11:00:00+00:00,-1,0.7447,0.7670410000000001,-300.0000000000003,-311.5000000000003,SL,2025-07-01
ONDO,2025-07-09 21:00:00+00:00,2025-07-10 07:00:00+00:00,-1,0.8272,0.8520160000000001,-300.0000000000003,-311.5000000000003,SL,2025-07-09
ONDO,2025-07-14 16:00:00+00:00,2025-07-14 21:00:00+00:00,-1,0.9107,0.938021,-300.0000000000003,-311.5000000000003,SL,2025-07-14
ONDO,2025-07-15 15:00:00+00:00,2025-07-15 16:00:00+00:00,-1,0.8997,0.926691,-300.0000000000003,-311.5000000000003,SL,2025-07-15
ONDO,2025-07-22 14:00:00+00:00,2025-07-22 21:00:00+00:00,-1,1.0408,1.0720239999999999,-300.0000000000003,-311.5000000000003,SL,2025-07-22
ONDO,2025-07-25 03:00:00+00:00,2025-07-25 09:00:00+00:00,-1,0.9947,1.0245410000000001,-300.0000000000003,-311.5000000000003,SL,2025-07-25
ONDO,2025-07-25 15:00:00+00:00,2025-07-25 20:00:00+00:00,-1,0.9969,1.026807,-300.0000000000003,-311.5000000000003,SL,2025-07-25
ONDO,2025-07-30 19:00:00+00:00,2025-07-30 19:00:00+00:00,-1,0.9332,0.905204,300.0000000000003,288.5000000000003,TP,2025-07-30
ONDO,2025-07-31 20:00:00+00:00,2025-07-31 23:00:00+00:00,-1,0.9473,0.9188810000000001,299.99999999999915,288.49999999999915,TP,2025-07-31
ONDO,2025-08-01 14:00:00+00:00,2025-08-01 14:00:00+00:00,-1,0.8963,0.923189,-300.0000000000003,-311.5000000000003,SL,2025-08-01
ONDO,2025-08-05 15:00:00+00:00,2025-08-05 19:00:00+00:00,-1,0.9152,0.942656,-300.0000000000003,-311.5000000000003,SL,2025-08-05
ONDO,2025-08-14 13:00:00+00:00,2025-08-15 13:00:00+00:00,-1,1.0051,0.9987,63.675256193413965,52.175256193413965,TIME,2025-08-14
ONDO,2025-08-19 15:00:00+00:00,2025-08-20 15:00:00+00:00,-1,0.9293,0.9326,-35.51059937587419,-47.01059937587419,TIME,2025-08-19
ONDO,2025-08-24 20:00:00+00:00,2025-08-25 00:00:00+00:00,-1,0.9929,0.963113,300.0000000000003,288.5000000000003,TP,2025-08-24
ONDO,2025-08-25 20:00:00+00:00,2025-08-26 14:00:00+00:00,-1,0.8974,0.924322,-300.0000000000003,-311.5000000000003,SL,2025-08-25
ONDO,2025-08-29 08:00:00+00:00,2025-08-30 08:00:00+00:00,-1,0.9124,0.916,-39.45637878123742,-50.95637878123742,TIME,2025-08-29
ONDO,2025-09-01 22:00:00+00:00,2025-09-02 01:00:00+00:00,-1,0.8642,0.890126,-300.0000000000003,-311.5000000000003,SL,2025-09-01
ONDO,2025-09-05 15:00:00+00:00,2025-09-06 15:00:00+00:00,-1,0.909,0.8992,107.81078107810815,96.31078107810815,TIME,2025-09-05
ONDO,2025-09-09 15:00:00+00:00,2025-09-10 00:00:00+00:00,-1,0.9544,0.983032,-300.0000000000003,-311.5000000000003,SL,2025-09-09
ONDO,2025-09-15 00:00:00+00:00,2025-09-15 14:00:00+00:00,-1,1.0491,1.0176269999999998,300.00000000000136,288.50000000000136,TP,2025-09-15
ONDO,2025-09-22 01:00:00+00:00,2025-09-22 06:00:00+00:00,-1,0.9634,0.934498,300.0000000000003,288.5000000000003,TP,2025-09-22
ONDO,2025-09-22 07:00:00+00:00,2025-09-23 07:00:00+00:00,-1,0.9294,0.9371,-82.84914998924143,-94.34914998924143,TIME,2025-09-22
ONDO,2025-09-23 18:00:00+00:00,2025-09-24 18:00:00+00:00,-1,0.9268,0.9344,-82.00258955546103,-93.50258955546103,TIME,2025-09-23
ONDO,2025-09-25 05:00:00+00:00,2025-09-25 17:00:00+00:00,-1,0.8972,0.870284,300.0000000000003,288.5000000000003,TP,2025-09-25
ONDO,2025-09-25 18:00:00+00:00,2025-09-25 19:00:00+00:00,-1,0.8618,0.887654,-300.0000000000003,-311.5000000000003,SL,2025-09-25
ONDO,2025-09-26 15:00:00+00:00,2025-09-26 18:00:00+00:00,-1,0.8781,0.904443,-300.0000000000003,-311.5000000000003,SL,2025-09-26
ONDO,2025-10-05 10:00:00+00:00,2025-10-05 19:00:00+00:00,-1,0.9443,0.915971,300.0000000000003,288.5000000000003,TP,2025-10-05
ONDO,2025-10-07 15:00:00+00:00,2025-10-08 15:00:00+00:00,-1,0.9166,0.9063,112.37180885882547,100.87180885882547,TIME,2025-10-07
ONDO,2025-10-09 14:00:00+00:00,2025-10-10 14:00:00+00:00,-1,0.8853,0.8807,51.95978764260589,40.45978764260589,TIME,2025-10-09
ONDO,2025-10-10 15:00:00+00:00,2025-10-10 15:00:00+00:00,-1,0.8807,0.854279,300.0000000000003,288.5000000000003,TP,2025-10-10
ONDO,2025-10-10 16:00:00+00:00,2025-10-10 19:00:00+00:00,-1,0.849,0.82353,300.0000000000003,288.5000000000003,TP,2025-10-10
ONDO,2025-10-10 21:00:00+00:00,2025-10-10 21:00:00+00:00,-1,0.7677,0.744669,300.0000000000003,288.5000000000003,TP,2025-10-10
ONDO,2025-10-11 02:00:00+00:00,2025-10-11 02:00:00+00:00,-1,0.7049,0.726047,-300.0000000000003,-311.5000000000003,SL,2025-10-11
ONDO,2025-10-11 08:00:00+00:00,2025-10-11 08:00:00+00:00,-1,0.7365,0.758595,-300.0000000000003,-311.5000000000003,SL,2025-10-11
ONDO,2025-10-16 16:00:00+00:00,2025-10-17 06:00:00+00:00,-1,0.7326,0.710622,300.0000000000003,288.5000000000003,TP,2025-10-16
ONDO,2025-10-17 07:00:00+00:00,2025-10-17 08:00:00+00:00,-1,0.6973,0.676381,300.0000000000003,288.5000000000003,TP,2025-10-17
ONDO,2025-10-21 05:00:00+00:00,2025-10-21 14:00:00+00:00,-1,0.7231,0.744793,-300.0000000000003,-311.5000000000003,SL,2025-10-21
ONDO,2025-10-21 23:00:00+00:00,2025-10-22 11:00:00+00:00,-1,0.7309,0.708973,300.0000000000003,288.5000000000003,TP,2025-10-21
ONDO,2025-10-28 20:00:00+00:00,2025-10-28 21:00:00+00:00,-1,0.7334,0.7113980000000001,299.99999999999915,288.49999999999915,TP,2025-10-28
ONDO,2025-10-29 16:00:00+00:00,2025-10-29 17:00:00+00:00,-1,0.7255,0.7472650000000001,-300.0000000000003,-311.5000000000003,SL,2025-10-29
ONDO,2025-10-29 19:00:00+00:00,2025-10-30 04:00:00+00:00,-1,0.7363,0.7142109999999999,300.0000000000003,288.5000000000003,TP,2025-10-29
ONDO,2025-10-30 05:00:00+00:00,2025-10-30 07:00:00+00:00,-1,0.7124,0.7337720000000001,-300.0000000000003,-311.5000000000003,SL,2025-10-30
ONDO,2025-10-30 13:00:00+00:00,2025-10-30 15:00:00+00:00,-1,0.7024,0.681328,299.99999999999915,288.49999999999915,TP,2025-10-30
ONDO,2025-10-31 17:00:00+00:00,2025-11-01 08:00:00+00:00,-1,0.6759,0.6961769999999999,-300.0000000000003,-311.5000000000003,SL,2025-10-31
ONDO,2025-11-03 16:00:00+00:00,2025-11-03 17:00:00+00:00,-1,0.6095,0.627785,-300.0000000000003,-311.5000000000003,SL,2025-11-03
ONDO,2025-11-04 06:00:00+00:00,2025-11-04 06:00:00+00:00,-1,0.5948,0.612644,-300.0000000000003,-311.5000000000003,SL,2025-11-04
ONDO,2025-11-10 15:00:00+00:00,2025-11-10 22:00:00+00:00,-1,0.6763,0.696589,-300.0000000000003,-311.5000000000003,SL,2025-11-10
ONDO,2025-11-12 16:00:00+00:00,2025-11-13 16:00:00+00:00,-1,0.6442,0.6269,268.55013970816464,257.05013970816464,TIME,2025-11-12
ONDO,2025-11-14 05:00:00+00:00,2025-11-14 12:00:00+00:00,-1,0.5933,0.575501,300.0000000000003,288.5000000000003,TP,2025-11-14
ONDO,2025-11-14 21:00:00+00:00,2025-11-15 21:00:00+00:00,-1,0.5825,0.5803,37.76824034334769,26.268240343347692,TIME,2025-11-14
ONDO,2025-11-17 14:00:00+00:00,2025-11-17 14:00:00+00:00,-1,0.5438,0.560114,-300.0000000000003,-311.5000000000003,SL,2025-11-17
ONDO,2025-11-17 18:00:00+00:00,2025-11-17 20:00:00+00:00,-1,0.5373,0.521181,300.0000000000003,288.5000000000003,TP,2025-11-17
ONDO,2025-11-19 16:00:00+00:00,2025-11-19 17:00:00+00:00,-1,0.5195,0.503915,299.99999999999915,288.49999999999915,TP,2025-11-19
ONDO,2025-11-20 17:00:00+00:00,2025-11-21 02:00:00+00:00,-1,0.507,0.49179,300.0000000000003,288.5000000000003,TP,2025-11-20
ONDO,2025-11-21 03:00:00+00:00,2025-11-21 07:00:00+00:00,-1,0.4892,0.474524,300.0000000000003,288.5000000000003,TP,2025-11-21
ONDO,2025-11-21 08:00:00+00:00,2025-11-21 10:00:00+00:00,-1,0.4692,0.455124,300.0000000000003,288.5000000000003,TP,2025-11-21
ONDO,2025-11-21 16:00:00+00:00,2025-11-21 17:00:00+00:00,-1,0.4637,0.477611,-300.0000000000003,-311.5000000000003,SL,2025-11-21
ONDO,2025-11-28 17:00:00+00:00,2025-11-29 17:00:00+00:00,-1,0.5188,0.5071,225.52043176561344,214.02043176561344,TIME,2025-11-28
ONDO,2025-12-01 01:00:00+00:00,2025-12-01 12:00:00+00:00,-1,0.4704,0.45628799999999997,300.0000000000003,288.5000000000003,TP,2025-12-01
ONDO,2025-12-01 16:00:00+00:00,2025-12-02 01:00:00+00:00,-1,0.4543,0.467929,-300.0000000000003,-311.5000000000003,SL,2025-12-01
ONDO,2025-12-05 17:00:00+00:00,2025-12-06 17:00:00+00:00,-1,0.4626,0.4668,-90.79118028534339,-102.29118028534339,TIME,2025-12-05
ONDO,2025-12-12 16:00:00+00:00,2025-12-13 16:00:00+00:00,-1,0.4558,0.4629,-155.77007459411928,-167.27007459411928,TIME,2025-12-12
ONDO,2025-12-15 15:00:00+00:00,2025-12-15 15:00:00+00:00,-1,0.435,0.42195,300.0000000000003,288.5000000000003,TP,2025-12-15
ONDO,2025-12-17 16:00:00+00:00,2025-12-17 17:00:00+00:00,-1,0.4024,0.39032799999999995,300.0000000000003,288.5000000000003,TP,2025-12-17
ONDO,2025-12-18 18:00:00+00:00,2025-12-18 19:00:00+00:00,-1,0.3824,0.370928,300.00000000000136,288.50000000000136,TP,2025-12-18
ONDO,2025-12-18 20:00:00+00:00,2025-12-19 03:00:00+00:00,-1,0.3665,0.377495,-300.0000000000003,-311.5000000000003,SL,2025-12-18
ONDO,2025-12-26 15:00:00+00:00,2025-12-27 15:00:00+00:00,-1,0.3746,0.3795,-130.8061932728255,-142.3061932728255,TIME,2025-12-26
ONDO,2025-12-29 10:00:00+00:00,2025-12-30 03:00:00+00:00,-1,0.3852,0.373644,300.0000000000003,288.5000000000003,TP,2025-12-29
ONDO,2026-01-06 17:00:00+00:00,2026-01-06 18:00:00+00:00,-1,0.4471,0.433687,300.0000000000003,288.5000000000003,TP,2026-01-06
ONDO,2026-01-07 01:00:00+00:00,2026-01-07 14:00:00+00:00,-1,0.4456,0.432232,300.0000000000003,288.5000000000003,TP,2026-01-07
ONDO,2026-01-08 07:00:00+00:00,2026-01-09 07:00:00+00:00,-1,0.4102,0.404,151.14578254509902,139.64578254509902,TIME,2026-01-08
ONDO,2026-01-19 00:00:00+00:00,2026-01-19 00:00:00+00:00,-1,0.3542,0.343574,300.0000000000003,288.5000000000003,TP,2026-01-19
ONDO,2026-01-19 01:00:00+00:00,2026-01-19 19:00:00+00:00,-1,0.3388,0.348964,-300.0000000000003,-311.5000000000003,SL,2026-01-19
ONDO,2026-01-20 23:00:00+00:00,2026-01-21 05:00:00+00:00,-1,0.3302,0.340106,-300.0000000000003,-311.5000000000003,SL,2026-01-20
ONDO,2026-01-21 17:00:00+00:00,2026-01-21 19:00:00+00:00,-1,0.328,0.33784000000000003,-300.0000000000003,-311.5000000000003,SL,2026-01-21
ONDO,2026-01-27 18:00:00+00:00,2026-01-27 20:00:00+00:00,-1,0.3244,0.33413200000000004,-300.0000000000003,-311.5000000000003,SL,2026-01-27
ONDO,2026-01-29 15:00:00+00:00,2026-01-29 15:00:00+00:00,-1,0.3229,0.313213,300.0000000000003,288.5000000000003,TP,2026-01-29
ONDO,2026-01-29 16:00:00+00:00,2026-01-29 19:00:00+00:00,-1,0.317,0.30749,300.0000000000003,288.5000000000003,TP,2026-01-29
ONDO,2026-01-30 02:00:00+00:00,2026-01-30 02:00:00+00:00,-1,0.3108,0.301476,300.0000000000003,288.5000000000003,TP,2026-01-30
ONDO,2026-01-31 15:00:00+00:00,2026-01-31 17:00:00+00:00,-1,0.2875,0.278875,300.0000000000003,288.5000000000003,TP,2026-01-31
ONDO,2026-01-31 18:00:00+00:00,2026-01-31 18:00:00+00:00,-1,0.2743,0.266071,299.99999999999915,288.49999999999915,TP,2026-01-31
ONDO,2026-02-02 03:00:00+00:00,2026-02-02 03:00:00+00:00,-1,0.2762,0.267914,300.0000000000003,288.5000000000003,TP,2026-02-02
ONDO,2026-02-03 03:00:00+00:00,2026-02-03 13:00:00+00:00,-1,0.2774,0.285722,-300.0000000000003,-311.5000000000003,SL,2026-02-03
ONDO,2026-02-03 17:00:00+00:00,2026-02-03 18:00:00+00:00,-1,0.2792,0.270824,300.0000000000003,288.5000000000003,TP,2026-02-03
ONDO,2026-02-03 19:00:00+00:00,2026-02-03 19:00:00+00:00,-1,0.2687,0.276761,-300.0000000000003,-311.5000000000003,SL,2026-02-03
ONDO,2026-02-05 16:00:00+00:00,2026-02-05 17:00:00+00:00,-1,0.2421,0.234837,300.0000000000003,288.5000000000003,TP,2026-02-05
ONDO,2026-02-05 18:00:00+00:00,2026-02-05 20:00:00+00:00,-1,0.2377,0.230569,300.0000000000003,288.5000000000003,TP,2026-02-05
ONDO,2026-02-05 21:00:00+00:00,2026-02-05 23:00:00+00:00,-1,0.2248,0.231544,-300.0000000000003,-311.5000000000003,SL,2026-02-05
ONDO,2026-02-16 14:00:00+00:00,2026-02-17 14:00:00+00:00,-1,0.2726,0.2709,62.36243580337586,50.86243580337586,TIME,2026-02-16
ONDO,2026-02-17 15:00:00+00:00,2026-02-17 16:00:00+00:00,-1,0.2706,0.278718,-300.0000000000003,-311.5000000000003,SL,2026-02-17
ONDO,2026-02-23 01:00:00+00:00,2026-02-23 01:00:00+00:00,-1,0.2575,0.249775,300.0000000000003,288.5000000000003,TP,2026-02-23
ONDO,2026-02-23 02:00:00+00:00,2026-02-23 09:00:00+00:00,-1,0.2474,0.254822,-300.0000000000003,-311.5000000000003,SL,2026-02-23
ONDO,2026-02-28 07:00:00+00:00,2026-02-28 07:00:00+00:00,-1,0.2414,0.248642,-300.0000000000003,-311.5000000000003,SL,2026-02-28
ONDO,2026-03-13 15:00:00+00:00,2026-03-13 22:00:00+00:00,-1,0.2698,0.261706,299.99999999999915,288.49999999999915,TP,2026-03-13
ONDO,2026-03-18 12:00:00+00:00,2026-03-18 14:00:00+00:00,-1,0.2726,0.264422,300.0000000000003,288.5000000000003,TP,2026-03-18
ONDO,2026-03-18 15:00:00+00:00,2026-03-19 12:00:00+00:00,-1,0.2639,0.255983,300.0000000000003,288.5000000000003,TP,2026-03-18
ONDO,2026-03-22 00:00:00+00:00,2026-03-22 21:00:00+00:00,-1,0.2521,0.24453699999999998,300.0000000000003,288.5000000000003,TP,2026-03-22
ONDO,2026-03-23 07:00:00+00:00,2026-03-23 11:00:00+00:00,-1,0.245,0.25235,-300.0000000000003,-311.5000000000003,SL,2026-03-23
ONDO,2026-03-23 16:00:00+00:00,2026-03-24 11:00:00+00:00,-1,0.2532,0.260796,-300.0000000000003,-311.5000000000003,SL,2026-03-23
ONDO,2026-03-27 11:00:00+00:00,2026-03-27 14:00:00+00:00,-1,0.268,0.25996,299.99999999999915,288.49999999999915,TP,2026-03-27
ONDO,2026-03-29 23:00:00+00:00,2026-03-30 00:00:00+00:00,-1,0.2564,0.26409200000000005,-300.0000000000003,-311.5000000000003,SL,2026-03-29
ONDO,2026-04-02 02:00:00+00:00,2026-04-02 13:00:00+00:00,-1,0.2633,0.255401,299.99999999999915,288.49999999999915,TP,2026-04-02
ONDO,2026-04-07 11:00:00+00:00,2026-04-07 21:00:00+00:00,-1,0.2501,0.25760299999999997,-300.0000000000003,-311.5000000000003,SL,2026-04-07
ONDO,2026-04-08 19:00:00+00:00,2026-04-09 03:00:00+00:00,-1,0.259,0.25123,300.0000000000003,288.5000000000003,TP,2026-04-08
ONDO,2026-04-12 02:00:00+00:00,2026-04-13 02:00:00+00:00,-1,0.248,0.2443,149.19354838709765,137.69354838709765,TIME,2026-04-12
ONDO,2026-04-16 14:00:00+00:00,2026-04-16 18:00:00+00:00,-1,0.2627,0.270581,-300.0000000000003,-311.5000000000003,SL,2026-04-16
SOL,2025-07-01 15:00:00+00:00,2025-07-02 15:00:00+00:00,-1,147.11,151.2,-278.02324790972665,-289.52324790972665,TIME,2025-07-01
SOL,2025-07-04 14:00:00+00:00,2025-07-05 14:00:00+00:00,-1,148.45,147.94,34.35500168406769,22.855001684067688,TIME,2025-07-04
SOL,2025-07-09 21:00:00+00:00,2025-07-10 17:00:00+00:00,-1,155.91,160.5873,-300.0000000000003,-311.5000000000003,SL,2025-07-09
SOL,2025-07-14 16:00:00+00:00,2025-07-15 03:00:00+00:00,-1,163.93,159.0121,300.0000000000003,288.5000000000003,TP,2025-07-14
SOL,2025-07-15 15:00:00+00:00,2025-07-15 17:00:00+00:00,-1,157.63,162.3589,-300.0000000000003,-311.5000000000003,SL,2025-07-15
SOL,2025-07-22 14:00:00+00:00,2025-07-22 15:00:00+00:00,-1,199.11,205.0833,-300.0000000000003,-311.5000000000003,SL,2025-07-22
SOL,2025-07-25 03:00:00+00:00,2025-07-25 20:00:00+00:00,-1,178.79,184.1537,-300.0000000000003,-311.5000000000003,SL,2025-07-25
SOL,2025-07-30 19:00:00+00:00,2025-07-30 19:00:00+00:00,-1,175.75,170.4775,300.0000000000003,288.5000000000003,TP,2025-07-30
SOL,2025-07-31 20:00:00+00:00,2025-08-01 00:00:00+00:00,-1,175.2,169.944,300.0000000000003,288.5000000000003,TP,2025-07-31
SOL,2025-08-01 14:00:00+00:00,2025-08-01 22:00:00+00:00,-1,165.58,160.61260000000001,300.0000000000003,288.5000000000003,TP,2025-08-01
SOL,2025-08-05 15:00:00+00:00,2025-08-06 15:00:00+00:00,-1,164.23,169.1569,-300.0000000000003,-311.5000000000003,SL,2025-08-05
SOL,2025-08-14 13:00:00+00:00,2025-08-14 13:00:00+00:00,-1,194.5,188.665,300.0000000000003,288.5000000000003,TP,2025-08-14
SOL,2025-08-19 15:00:00+00:00,2025-08-20 15:00:00+00:00,-1,178.5,183.85500000000002,-300.0000000000003,-311.5000000000003,SL,2025-08-19
SOL,2025-08-24 20:00:00+00:00,2025-08-25 02:00:00+00:00,-1,205.19,211.3457,-300.0000000000003,-311.5000000000003,SL,2025-08-24
SOL,2025-08-25 20:00:00+00:00,2025-08-25 22:00:00+00:00,-1,191.42,185.67739999999998,300.0000000000003,288.5000000000003,TP,2025-08-25
SOL,2025-08-29 08:00:00+00:00,2025-08-29 17:00:00+00:00,-1,208.76,202.4972,300.0000000000003,288.5000000000003,TP,2025-08-29
SOL,2025-09-01 22:00:00+00:00,2025-09-02 02:00:00+00:00,-1,194.91,200.75730000000001,-300.0000000000003,-311.5000000000003,SL,2025-09-01
SOL,2025-09-05 15:00:00+00:00,2025-09-06 15:00:00+00:00,-1,202.01,201.11,44.55224988861861,33.05224988861861,TIME,2025-09-05
SOL,2025-09-09 15:00:00+00:00,2025-09-10 07:00:00+00:00,-1,215.48,221.9444,-300.0000000000003,-311.5000000000003,SL,2025-09-09
SOL,2025-09-15 00:00:00+00:00,2025-09-15 08:00:00+00:00,-1,239.66,232.47019999999998,300.0000000000003,288.5000000000003,TP,2025-09-15
SOL,2025-09-15 09:00:00+00:00,2025-09-16 09:00:00+00:00,-1,231.96,235.16,-137.95481979651524,-149.45481979651524,TIME,2025-09-15
SOL,2025-09-22 01:00:00+00:00,2025-09-22 05:00:00+00:00,-1,232.16,225.1952,300.0000000000003,288.5000000000003,TP,2025-09-22
SOL,2025-09-22 06:00:00+00:00,2025-09-22 06:00:00+00:00,-1,224.78,218.0366,300.0000000000003,288.5000000000003,TP,2025-09-22
SOL,2025-09-22 07:00:00+00:00,2025-09-22 19:00:00+00:00,-1,224.32,217.5904,300.0000000000003,288.5000000000003,TP,2025-09-22
SOL,2025-09-23 18:00:00+00:00,2025-09-24 03:00:00+00:00,-1,216.63,210.1311,299.99999999999915,288.49999999999915,TP,2025-09-23
SOL,2025-09-25 05:00:00+00:00,2025-09-25 12:00:00+00:00,-1,204.24,198.1128,300.0000000000003,288.5000000000003,TP,2025-09-25
SOL,2025-09-25 18:00:00+00:00,2025-09-25 19:00:00+00:00,-1,194.72,200.5616,-300.0000000000003,-311.5000000000003,SL,2025-09-25
SOL,2025-09-26 15:00:00+00:00,2025-09-26 17:00:00+00:00,-1,194.34,200.17020000000002,-300.0000000000003,-311.5000000000003,SL,2025-09-26
SOL,2025-10-05 10:00:00+00:00,2025-10-06 10:00:00+00:00,-1,233.41,232.63,33.41759136283762,21.91759136283762,TIME,2025-10-05
SOL,2025-10-07 15:00:00+00:00,2025-10-08 00:00:00+00:00,-1,225.3,218.541,300.0000000000003,288.5000000000003,TP,2025-10-07
SOL,2025-10-09 14:00:00+00:00,2025-10-10 14:00:00+00:00,-1,222.14,219.73,108.49014135229984,96.99014135229984,TIME,2025-10-09
SOL,2025-10-10 15:00:00+00:00,2025-10-10 15:00:00+00:00,-1,219.65,213.0605,300.0000000000003,288.5000000000003,TP,2025-10-10
SOL,2025-10-10 16:00:00+00:00,2025-10-10 19:00:00+00:00,-1,210.53,204.2141,300.0000000000003,288.5000000000003,TP,2025-10-10
SOL,2025-10-10 21:00:00+00:00,2025-10-10 21:00:00+00:00,-1,196.46,190.5662,300.0000000000003,288.5000000000003,TP,2025-10-10
SOL,2025-10-11 02:00:00+00:00,2025-10-11 02:00:00+00:00,-1,182.84,188.3252,-300.0000000000003,-311.5000000000003,SL,2025-10-11
SOL,2025-10-11 08:00:00+00:00,2025-10-11 19:00:00+00:00,-1,182.62,177.1414,300.0000000000003,288.5000000000003,TP,2025-10-11
SOL,2025-10-16 16:00:00+00:00,2025-10-17 06:00:00+00:00,-1,187.5,181.875,300.0000000000003,288.5000000000003,TP,2025-10-16
SOL,2025-10-17 07:00:00+00:00,2025-10-17 10:00:00+00:00,-1,180.34,174.9298,300.0000000000003,288.5000000000003,TP,2025-10-17
SOL,2025-10-21 05:00:00+00:00,2025-10-21 14:00:00+00:00,-1,183.59,189.0977,-300.0000000000003,-311.5000000000003,SL,2025-10-21
SOL,2025-10-21 23:00:00+00:00,2025-10-22 11:00:00+00:00,-1,188.27,182.6219,300.0000000000003,288.5000000000003,TP,2025-10-21
SOL,2025-10-28 20:00:00+00:00,2025-10-29 13:00:00+00:00,-1,195.2,201.05599999999998,-300.0000000000003,-311.5000000000003,SL,2025-10-28
SOL,2025-10-29 16:00:00+00:00,2025-10-29 18:00:00+00:00,-1,196.69,190.7893,300.0000000000003,288.5000000000003,TP,2025-10-29
SOL,2025-10-29 19:00:00+00:00,2025-10-30 12:00:00+00:00,-1,193.53,187.7241,300.0000000000003,288.5000000000003,TP,2025-10-29
SOL,2025-10-30 13:00:00+00:00,2025-10-30 17:00:00+00:00,-1,187.74,182.1078,300.0000000000003,288.5000000000003,TP,2025-10-30
SOL,2025-10-31 17:00:00+00:00,2025-11-01 17:00:00+00:00,-1,184.91,184.86,2.70401817100141,-8.79598182899859,TIME,2025-10-31
SOL,2025-11-03 16:00:00+00:00,2025-11-04 05:00:00+00:00,-1,166.72,161.7184,300.0000000000003,288.5000000000003,TP,2025-11-03
SOL,2025-11-04 06:00:00+00:00,2025-11-04 13:00:00+00:00,-1,157.69,162.4207,-300.0000000000003,-311.5000000000003,SL,2025-11-04
SOL,2025-11-10 15:00:00+00:00,2025-11-11 03:00:00+00:00,-1,166.17,171.1551,-300.0000000000003,-311.5000000000003,SL,2025-11-10
SOL,2025-11-12 16:00:00+00:00,2025-11-13 03:00:00+00:00,-1,155.68,151.0096,300.0000000000003,288.5000000000003,TP,2025-11-12
SOL,2025-11-13 16:00:00+00:00,2025-11-13 17:00:00+00:00,-1,153.03,148.4391,300.0000000000003,288.5000000000003,TP,2025-11-13
SOL,2025-11-14 05:00:00+00:00,2025-11-14 12:00:00+00:00,-1,141.79,137.53629999999998,300.0000000000003,288.5000000000003,TP,2025-11-14
SOL,2025-11-14 21:00:00+00:00,2025-11-15 17:00:00+00:00,-1,139.57,143.7571,-300.0000000000003,-311.5000000000003,SL,2025-11-14
SOL,2025-11-17 14:00:00+00:00,2025-11-17 14:00:00+00:00,-1,137.92,142.05759999999998,-300.0000000000003,-311.5000000000003,SL,2025-11-17
SOL,2025-11-17 18:00:00+00:00,2025-11-18 04:00:00+00:00,-1,131.89,135.8467,-300.0000000000003,-311.5000000000003,SL,2025-11-17
SOL,2025-11-19 16:00:00+00:00,2025-11-19 18:00:00+00:00,-1,134.54,130.50379999999998,300.0000000000003,288.5000000000003,TP,2025-11-19
SOL,2025-11-20 17:00:00+00:00,2025-11-20 22:00:00+00:00,-1,132.57,136.5471,-300.0000000000003,-311.5000000000003,SL,2025-11-20
SOL,2025-11-21 00:00:00+00:00,2025-11-21 07:00:00+00:00,-1,133.55,129.5435,300.00000000000136,288.50000000000136,TP,2025-11-21
SOL,2025-11-21 08:00:00+00:00,2025-11-21 12:00:00+00:00,-1,127.4,123.578,300.0000000000003,288.5000000000003,TP,2025-11-21
SOL,2025-11-21 16:00:00+00:00,2025-11-21 17:00:00+00:00,-1,125.41,129.1723,-300.0000000000003,-311.5000000000003,SL,2025-11-21
SOL,2025-11-28 17:00:00+00:00,2025-11-29 17:00:00+00:00,-1,138.74,136.13,188.1216664264096,176.6216664264096,TIME,2025-11-28
SOL,2025-12-01 01:00:00+00:00,2025-12-01 15:00:00+00:00,-1,127.61,123.7817,300.0000000000003,288.5000000000003,TP,2025-12-01
SOL,2025-12-01 16:00:00+00:00,2025-12-02 12:00:00+00:00,-1,125.08,128.8324,-300.0000000000003,-311.5000000000003,SL,2025-12-01
SOL,2025-12-05 17:00:00+00:00,2025-12-06 17:00:00+00:00,-1,132.12,132.94,-62.06478958522554,-73.56478958522554,TIME,2025-12-05
SOL,2025-12-12 16:00:00+00:00,2025-12-13 16:00:00+00:00,-1,133.43,133.1,24.73206924979432,13.232069249794321,TIME,2025-12-12
SOL,2025-12-15 15:00:00+00:00,2025-12-15 15:00:00+00:00,-1,130.41,126.4977,300.0000000000003,288.5000000000003,TP,2025-12-15
SOL,2025-12-17 16:00:00+00:00,2025-12-17 17:00:00+00:00,-1,126.66,122.86019999999999,300.0000000000003,288.5000000000003,TP,2025-12-17
SOL,2025-12-18 18:00:00+00:00,2025-12-18 19:00:00+00:00,-1,122.85,119.16449999999999,300.0000000000003,288.5000000000003,TP,2025-12-18
SOL,2025-12-18 20:00:00+00:00,2025-12-19 03:00:00+00:00,-1,117.5,121.025,-300.0000000000003,-311.5000000000003,SL,2025-12-18
SOL,2025-12-26 15:00:00+00:00,2025-12-27 15:00:00+00:00,-1,122.15,123.25,-90.05321326238214,-101.55321326238214,TIME,2025-12-26
SOL,2025-12-29 10:00:00+00:00,2025-12-29 14:00:00+00:00,-1,126.04,122.25880000000001,300.0000000000003,288.5000000000003,TP,2025-12-29
SOL,2026-01-06 17:00:00+00:00,2026-01-07 17:00:00+00:00,-1,138.85,135.5,241.26755491537642,229.76755491537642,TIME,2026-01-06
SOL,2026-01-08 07:00:00+00:00,2026-01-08 18:00:00+00:00,-1,134.75,138.7925,-300.0000000000003,-311.5000000000003,SL,2026-01-08
SOL,2026-01-19 00:00:00+00:00,2026-01-19 00:00:00+00:00,-1,137.77,133.6369,300.00000000000136,288.50000000000136,TP,2026-01-19
SOL,2026-01-19 01:00:00+00:00,2026-01-20 01:00:00+00:00,-1,133.64,133.84,-14.965579167915966,-26.465579167915966,TIME,2026-01-19
SOL,2026-01-20 23:00:00+00:00,2026-01-21 15:00:00+00:00,-1,126.1,129.883,-300.0000000000003,-311.5000000000003,SL,2026-01-20
SOL,2026-01-21 17:00:00+00:00,2026-01-21 19:00:00+00:00,-1,125.52,129.2856,-300.0000000000003,-311.5000000000003,SL,2026-01-21
SOL,2026-01-27 18:00:00+00:00,2026-01-27 21:00:00+00:00,-1,123.92,127.6376,-300.0000000000003,-311.5000000000003,SL,2026-01-27
SOL,2026-01-29 15:00:00+00:00,2026-01-29 15:00:00+00:00,-1,120.35,116.73949999999999,300.0000000000003,288.5000000000003,TP,2026-01-29
SOL,2026-01-29 16:00:00+00:00,2026-01-30 01:00:00+00:00,-1,117.53,114.0041,300.0000000000003,288.5000000000003,TP,2026-01-29
SOL,2026-01-30 02:00:00+00:00,2026-01-30 19:00:00+00:00,-1,115.18,118.6354,-300.0000000000003,-311.5000000000003,SL,2026-01-30
SOL,2026-01-31 15:00:00+00:00,2026-01-31 16:00:00+00:00,-1,109.01,105.7397,300.0000000000003,288.5000000000003,TP,2026-01-31
SOL,2026-01-31 18:00:00+00:00,2026-01-31 18:00:00+00:00,-1,103.26,100.1622,300.0000000000003,288.5000000000003,TP,2026-01-31
SOL,2026-02-02 03:00:00+00:00,2026-02-02 03:00:00+00:00,-1,100.67,97.6499,300.0000000000003,288.5000000000003,TP,2026-02-02
SOL,2026-02-03 03:00:00+00:00,2026-02-03 17:00:00+00:00,-1,102.35,99.2795,299.99999999999915,288.49999999999915,TP,2026-02-03
SOL,2026-02-03 18:00:00+00:00,2026-02-04 11:00:00+00:00,-1,99.11,96.13669999999999,300.00000000000136,288.50000000000136,TP,2026-02-03
SOL,2026-02-05 16:00:00+00:00,2026-02-05 18:00:00+00:00,-1,84.54,82.0038,300.00000000000136,288.50000000000136,TP,2026-02-05
SOL,2026-02-05 21:00:00+00:00,2026-02-05 23:00:00+00:00,-1,78.78,81.1434,-300.0000000000003,-311.5000000000003,SL,2026-02-05
SOL,2026-02-16 14:00:00+00:00,2026-02-17 00:00:00+00:00,-1,84.11,86.6333,-300.0000000000003,-311.5000000000003,SL,2026-02-16
SOL,2026-02-17 15:00:00+00:00,2026-02-18 08:00:00+00:00,-1,83.24,85.7372,-300.0000000000003,-311.5000000000003,SL,2026-02-17
SOL,2026-02-23 01:00:00+00:00,2026-02-23 01:00:00+00:00,-1,81.31,78.8707,300.0000000000003,288.5000000000003,TP,2026-02-23
SOL,2026-02-23 02:00:00+00:00,2026-02-23 09:00:00+00:00,-1,77.91,80.2473,-300.0000000000003,-311.5000000000003,SL,2026-02-23
SOL,2026-02-28 07:00:00+00:00,2026-02-28 13:00:00+00:00,-1,77.48,79.8044,-300.0000000000003,-311.5000000000003,SL,2026-02-28
SOL,2026-03-13 15:00:00+00:00,2026-03-13 22:00:00+00:00,-1,90.64,87.9208,300.0000000000003,288.5000000000003,TP,2026-03-13
SOL,2026-03-18 12:00:00+00:00,2026-03-18 14:00:00+00:00,-1,91.93,89.1721,300.0000000000003,288.5000000000003,TP,2026-03-18
SOL,2026-03-18 15:00:00+00:00,2026-03-19 15:00:00+00:00,-1,88.97,87.55,159.60436102056886,148.10436102056886,TIME,2026-03-18
SOL,2026-03-22 00:00:00+00:00,2026-03-23 00:00:00+00:00,-1,87.5,85.83,190.8571428571426,179.3571428571426,TIME,2026-03-22
SOL,2026-03-23 07:00:00+00:00,2026-03-23 11:00:00+00:00,-1,85.69,88.2607,-300.0000000000003,-311.5000000000003,SL,2026-03-23
SOL,2026-03-23 16:00:00+00:00,2026-03-24 16:00:00+00:00,-1,89.99,89.21,86.67629736637372,75.17629736637372,TIME,2026-03-23
SOL,2026-03-27 11:00:00+00:00,2026-03-28 11:00:00+00:00,-1,82.94,82.93,1.2056908608626404,-10.29430913913736,TIME,2026-03-27
SOL,2026-03-29 23:00:00+00:00,2026-03-30 02:00:00+00:00,-1,80.86,83.2858,-300.0000000000003,-311.5000000000003,SL,2026-03-29
SOL,2026-03-31 15:00:00+00:00,2026-03-31 17:00:00+00:00,-1,80.64,83.0592,-300.0000000000003,-311.5000000000003,SL,2026-03-31
SOL,2026-04-02 02:00:00+00:00,2026-04-02 13:00:00+00:00,-1,79.25,76.8725,300.0000000000003,288.5000000000003,TP,2026-04-02
SOL,2026-04-07 11:00:00+00:00,2026-04-07 19:00:00+00:00,-1,79.33,81.7099,-300.0000000000003,-311.5000000000003,SL,2026-04-07
SOL,2026-04-08 19:00:00+00:00,2026-04-09 19:00:00+00:00,-1,82.87,84.12,-150.8386629660907,-162.3386629660907,TIME,2026-04-08
SOL,2026-04-12 02:00:00+00:00,2026-04-13 02:00:00+00:00,-1,82.23,81.88,42.56354128663653,31.06354128663653,TIME,2026-04-12
SOL,2026-04-16 14:00:00+00:00,2026-04-16 18:00:00+00:00,-1,84.69,87.2307,-300.0000000000003,-311.5000000000003,SL,2026-04-16
SUI,2025-07-01 15:00:00+00:00,2025-07-02 13:00:00+00:00,-1,2.6927,2.773481,-300.0000000000003,-311.5000000000003,SL,2025-07-01
SUI,2025-07-04 14:00:00+00:00,2025-07-05 14:00:00+00:00,-1,2.8859,2.9003,-49.89777885581637,-61.39777885581637,TIME,2025-07-04
SUI,2025-07-09 21:00:00+00:00,2025-07-10 02:00:00+00:00,-1,3.0232,3.113896,-300.0000000000003,-311.5000000000003,SL,2025-07-09
SUI,2025-07-14 16:00:00+00:00,2025-07-15 05:00:00+00:00,-1,3.8779,3.994237,-300.0000000000003,-311.5000000000003,SL,2025-07-14
SUI,2025-07-15 15:00:00+00:00,2025-07-15 16:00:00+00:00,-1,3.9117,4.029051,-300.0000000000003,-311.5000000000003,SL,2025-07-15
SUI,2025-07-22 14:00:00+00:00,2025-07-22 23:00:00+00:00,-1,3.8979,4.014837,-300.0000000000003,-311.5000000000003,SL,2025-07-22
SUI,2025-07-25 03:00:00+00:00,2025-07-25 10:00:00+00:00,-1,3.627,3.73581,-300.0000000000003,-311.5000000000003,SL,2025-07-25
SUI,2025-07-25 15:00:00+00:00,2025-07-25 17:00:00+00:00,-1,3.6499,3.7593970000000003,-300.0000000000003,-311.5000000000003,SL,2025-07-25
SUI,2025-07-30 19:00:00+00:00,2025-07-30 19:00:00+00:00,-1,3.7209,3.609273,300.0000000000003,288.5000000000003,TP,2025-07-30
SUI,2025-07-31 20:00:00+00:00,2025-07-31 23:00:00+00:00,-1,3.6964,3.585508,300.0000000000003,288.5000000000003,TP,2025-07-31
SUI,2025-08-01 14:00:00+00:00,2025-08-01 14:00:00+00:00,-1,3.4451,3.5484530000000003,-300.0000000000003,-311.5000000000003,SL,2025-08-01
SUI,2025-08-05 15:00:00+00:00,2025-08-06 15:00:00+00:00,-1,3.4125,3.4918,-232.3809523809528,-243.8809523809528,TIME,2025-08-05
SUI,2025-08-14 13:00:00+00:00,2025-08-14 21:00:00+00:00,-1,3.7702,3.657094,300.0000000000003,288.5000000000003,TP,2025-08-14
SUI,2025-08-19 15:00:00+00:00,2025-08-20 13:00:00+00:00,-1,3.514,3.4085799999999997,300.0000000000003,288.5000000000003,TP,2025-08-19
SUI,2025-08-20 14:00:00+00:00,2025-08-20 15:00:00+00:00,-1,3.422,3.5246600000000003,-300.0000000000003,-311.5000000000003,SL,2025-08-20
SUI,2025-08-24 20:00:00+00:00,2025-08-25 00:00:00+00:00,-1,3.7022,3.591134,300.0000000000003,288.5000000000003,TP,2025-08-24
SUI,2025-08-25 20:00:00+00:00,2025-08-26 19:00:00+00:00,-1,3.3705,3.471615,-300.0000000000003,-311.5000000000003,SL,2025-08-25
SUI,2025-08-29 08:00:00+00:00,2025-08-29 18:00:00+00:00,-1,3.3546,3.253962,300.0000000000003,288.5000000000003,TP,2025-08-29
SUI,2025-09-01 22:00:00+00:00,2025-09-02 00:00:00+00:00,-1,3.1248,3.218544,-300.0000000000003,-311.5000000000003,SL,2025-09-01
SUI,2025-09-05 15:00:00+00:00,2025-09-06 15:00:00+00:00,-1,3.3504,3.3365,41.48758357211069,29.987583572110687,TIME,2025-09-05
SUI,2025-09-09 15:00:00+00:00,2025-09-10 12:00:00+00:00,-1,3.464,3.56792,-300.0000000000003,-311.5000000000003,SL,2025-09-09
SUI,2025-09-15 00:00:00+00:00,2025-09-15 08:00:00+00:00,-1,3.6846,3.574062,300.0000000000003,288.5000000000003,TP,2025-09-15
SUI,2025-09-15 09:00:00+00:00,2025-09-16 09:00:00+00:00,-1,3.5204,3.5669,-132.08726281104478,-143.58726281104478,TIME,2025-09-15
SUI,2025-09-22 01:00:00+00:00,2025-09-22 05:00:00+00:00,-1,3.5175,3.411975,300.0000000000003,288.5000000000003,TP,2025-09-22
SUI,2025-09-22 06:00:00+00:00,2025-09-22 06:00:00+00:00,-1,3.4021,3.3000369999999997,300.0000000000003,288.5000000000003,TP,2025-09-22
SUI,2025-09-22 07:00:00+00:00,2025-09-23 03:00:00+00:00,-1,3.3784,3.277048,299.99999999999915,288.49999999999915,TP,2025-09-22
SUI,2025-09-23 18:00:00+00:00,2025-09-24 04:00:00+00:00,-1,3.3546,3.253962,300.0000000000003,288.5000000000003,TP,2025-09-23
SUI,2025-09-25 05:00:00+00:00,2025-09-25 11:00:00+00:00,-1,3.2488,3.151336,300.0000000000003,288.5000000000003,TP,2025-09-25
SUI,2025-09-25 18:00:00+00:00,2025-09-25 18:00:00+00:00,-1,3.0862,3.178786,-300.0000000000003,-311.5000000000003,SL,2025-09-25
SUI,2025-09-26 15:00:00+00:00,2025-09-26 17:00:00+00:00,-1,3.1136,3.207008,-300.0000000000003,-311.5000000000003,SL,2025-09-26
SUI,2025-10-05 10:00:00+00:00,2025-10-06 10:00:00+00:00,-1,3.619,3.6221,-8.56590218292208,-20.06590218292208,TIME,2025-10-05
SUI,2025-10-07 15:00:00+00:00,2025-10-08 15:00:00+00:00,-1,3.5223,3.4566,186.5258495869182,175.0258495869182,TIME,2025-10-07
SUI,2025-10-09 14:00:00+00:00,2025-10-10 14:00:00+00:00,-1,3.3831,3.4396,-167.00659158759734,-178.50659158759734,TIME,2025-10-09
SUI,2025-10-10 15:00:00+00:00,2025-10-10 15:00:00+00:00,-1,3.4391,3.335927,300.0000000000003,288.5000000000003,TP,2025-10-10
SUI,2025-10-10 16:00:00+00:00,2025-10-10 19:00:00+00:00,-1,3.3007,3.201679,300.0000000000003,288.5000000000003,TP,2025-10-10
SUI,2025-10-10 21:00:00+00:00,2025-10-10 21:00:00+00:00,-1,3.0715,2.979355,300.0000000000003,288.5000000000003,TP,2025-10-10
SUI,2025-10-11 02:00:00+00:00,2025-10-11 02:00:00+00:00,-1,2.5589,2.635667,-300.0000000000003,-311.5000000000003,SL,2025-10-11
SUI,2025-10-11 08:00:00+00:00,2025-10-11 09:00:00+00:00,-1,2.704,2.78512,-300.0000000000003,-311.5000000000003,SL,2025-10-11
SUI,2025-10-16 16:00:00+00:00,2025-10-16 20:00:00+00:00,-1,2.5887,2.511039,300.0000000000003,288.5000000000003,TP,2025-10-16
SUI,2025-10-17 07:00:00+00:00,2025-10-17 08:00:00+00:00,-1,2.4234,2.350698,300.0000000000003,288.5000000000003,TP,2025-10-17
SUI,2025-10-21 05:00:00+00:00,2025-10-21 14:00:00+00:00,-1,2.4825,2.556975,-300.0000000000003,-311.5000000000003,SL,2025-10-21
SUI,2025-10-21 23:00:00+00:00,2025-10-22 05:00:00+00:00,-1,2.5181,2.442557,300.0000000000003,288.5000000000003,TP,2025-10-21
SUI,2025-10-28 20:00:00+00:00,2025-10-28 21:00:00+00:00,-1,2.5403,2.464091,300.0000000000003,288.5000000000003,TP,2025-10-28
SUI,2025-10-29 16:00:00+00:00,2025-10-29 17:00:00+00:00,-1,2.4928,2.567584,-300.0000000000003,-311.5000000000003,SL,2025-10-29
SUI,2025-10-29 19:00:00+00:00,2025-10-30 04:00:00+00:00,-1,2.5291,2.453227,300.0000000000003,288.5000000000003,TP,2025-10-29
SUI,2025-10-30 05:00:00+00:00,2025-10-30 07:00:00+00:00,-1,2.4319,2.5048570000000003,-300.0000000000003,-311.5000000000003,SL,2025-10-30
SUI,2025-10-30 13:00:00+00:00,2025-10-30 15:00:00+00:00,-1,2.3766,2.3053019999999997,300.0000000000003,288.5000000000003,TP,2025-10-30
SUI,2025-10-31 17:00:00+00:00,2025-10-31 19:00:00+00:00,-1,2.3109,2.380227,-300.0000000000003,-311.5000000000003,SL,2025-10-31
SUI,2025-11-03 16:00:00+00:00,2025-11-03 16:00:00+00:00,-1,2.0436,2.104908,-300.0000000000003,-311.5000000000003,SL,2025-11-03
SUI,2025-11-04 06:00:00+00:00,2025-11-04 06:00:00+00:00,-1,1.9823,2.041769,-300.0000000000003,-311.5000000000003,SL,2025-11-04
SUI,2025-11-10 15:00:00+00:00,2025-11-11 07:00:00+00:00,-1,2.1484,2.083948,300.0000000000003,288.5000000000003,TP,2025-11-10
SUI,2025-11-12 16:00:00+00:00,2025-11-13 16:00:00+00:00,-1,1.9959,1.949,234.98171251064682,223.48171251064682,TIME,2025-11-12
SUI,2025-11-14 05:00:00+00:00,2025-11-14 07:00:00+00:00,-1,1.7991,1.853073,-300.0000000000003,-311.5000000000003,SL,2025-11-14
SUI,2025-11-14 21:00:00+00:00,2025-11-15 21:00:00+00:00,-1,1.7537,1.7563,-14.8257968865817,-26.3257968865817,TIME,2025-11-14
SUI,2025-11-17 14:00:00+00:00,2025-11-17 14:00:00+00:00,-1,1.6385,1.6876550000000001,-300.0000000000003,-311.5000000000003,SL,2025-11-17
SUI,2025-11-17 18:00:00+00:00,2025-11-17 19:00:00+00:00,-1,1.6442,1.5948740000000001,300.0000000000003,288.5000000000003,TP,2025-11-17
SUI,2025-11-19 16:00:00+00:00,2025-11-19 17:00:00+00:00,-1,1.5828,1.535316,300.0000000000003,288.5000000000003,TP,2025-11-19
SUI,2025-11-20 17:00:00+00:00,2025-11-21 02:00:00+00:00,-1,1.5168,1.471296,300.0000000000003,288.5000000000003,TP,2025-11-20
SUI,2025-11-21 03:00:00+00:00,2025-11-21 07:00:00+00:00,-1,1.4748,1.4305560000000002,299.99999999999915,288.49999999999915,TP,2025-11-21
SUI,2025-11-21 08:00:00+00:00,2025-11-21 11:00:00+00:00,-1,1.3898,1.3481059999999998,300.00000000000136,288.50000000000136,TP,2025-11-21
SUI,2025-11-21 16:00:00+00:00,2025-11-21 17:00:00+00:00,-1,1.3603,1.4011090000000002,-300.0000000000003,-311.5000000000003,SL,2025-11-21
SUI,2025-11-28 17:00:00+00:00,2025-11-29 06:00:00+00:00,-1,1.542,1.49574,300.0000000000003,288.5000000000003,TP,2025-11-28
SUI,2025-12-01 01:00:00+00:00,2025-12-01 12:00:00+00:00,-1,1.3853,1.3437409999999999,300.00000000000136,288.50000000000136,TP,2025-12-01
SUI,2025-12-01 16:00:00+00:00,2025-12-02 10:00:00+00:00,-1,1.3282,1.368046,-300.0000000000003,-311.5000000000003,SL,2025-12-01
SUI,2025-12-05 17:00:00+00:00,2025-12-06 07:00:00+00:00,-1,1.57,1.5229,300.00000000000136,288.50000000000136,TP,2025-12-05
SUI,2025-12-12 16:00:00+00:00,2025-12-13 08:00:00+00:00,-1,1.564,1.6109200000000001,-300.0000000000003,-311.5000000000003,SL,2025-12-12
SUI,2025-12-15 15:00:00+00:00,2025-12-15 15:00:00+00:00,-1,1.5252,1.4794439999999998,300.00000000000136,288.50000000000136,TP,2025-12-15
SUI,2025-12-17 16:00:00+00:00,2025-12-17 17:00:00+00:00,-1,1.4727,1.4285189999999999,300.0000000000003,288.5000000000003,TP,2025-12-17
SUI,2025-12-18 18:00:00+00:00,2025-12-18 19:00:00+00:00,-1,1.3778,1.336466,300.0000000000003,288.5000000000003,TP,2025-12-18
SUI,2025-12-18 20:00:00+00:00,2025-12-19 03:00:00+00:00,-1,1.33,1.3699000000000001,-300.0000000000003,-311.5000000000003,SL,2025-12-18
SUI,2025-12-26 15:00:00+00:00,2025-12-27 14:00:00+00:00,-1,1.3813,1.422739,-300.0000000000003,-311.5000000000003,SL,2025-12-26
SUI,2025-12-29 10:00:00+00:00,2025-12-30 10:00:00+00:00,-1,1.46,1.4387,145.8904109589032,134.3904109589032,TIME,2025-12-29
SUI,2026-01-06 17:00:00+00:00,2026-01-07 07:00:00+00:00,-1,1.8571,1.912813,-300.0000000000003,-311.5000000000003,SL,2026-01-06
SUI,2026-01-07 10:00:00+00:00,2026-01-07 14:00:00+00:00,-1,1.9297,1.8718089999999998,300.0000000000003,288.5000000000003,TP,2026-01-07
SUI,2026-01-08 07:00:00+00:00,2026-01-08 08:00:00+00:00,-1,1.7708,1.8239239999999999,-300.0000000000003,-311.5000000000003,SL,2026-01-08
SUI,2026-01-19 00:00:00+00:00,2026-01-19 00:00:00+00:00,-1,1.694,1.6431799999999999,300.0000000000003,288.5000000000003,TP,2026-01-19
SUI,2026-01-19 01:00:00+00:00,2026-01-20 01:00:00+00:00,-1,1.5868,1.56,168.8933703050155,157.3933703050155,TIME,2026-01-19
SUI,2026-01-20 23:00:00+00:00,2026-01-21 05:00:00+00:00,-1,1.4792,1.523576,-300.0000000000003,-311.5000000000003,SL,2026-01-20
SUI,2026-01-21 17:00:00+00:00,2026-01-21 19:00:00+00:00,-1,1.4465,1.489895,-300.0000000000003,-311.5000000000003,SL,2026-01-21
SUI,2026-01-27 18:00:00+00:00,2026-01-28 18:00:00+00:00,-1,1.4271,1.4117,107.91114848293759,96.41114848293759,TIME,2026-01-27
SUI,2026-01-29 15:00:00+00:00,2026-01-29 15:00:00+00:00,-1,1.3277,1.2878690000000002,299.99999999999915,288.49999999999915,TP,2026-01-29
SUI,2026-01-29 16:00:00+00:00,2026-01-29 17:00:00+00:00,-1,1.2955,1.334365,-300.0000000000003,-311.5000000000003,SL,2026-01-29
SUI,2026-01-29 18:00:00+00:00,2026-01-30 01:00:00+00:00,-1,1.3134,1.273998,299.99999999999915,288.49999999999915,TP,2026-01-29
SUI,2026-01-30 02:00:00+00:00,2026-01-30 02:00:00+00:00,-1,1.3014,1.2623579999999999,300.0000000000003,288.5000000000003,TP,2026-01-30
SUI,2026-01-31 15:00:00+00:00,2026-01-31 17:00:00+00:00,-1,1.1682,1.1331539999999998,300.00000000000136,288.50000000000136,TP,2026-01-31
SUI,2026-01-31 18:00:00+00:00,2026-01-31 18:00:00+00:00,-1,1.114,1.08058,300.0000000000003,288.5000000000003,TP,2026-01-31
SUI,2026-02-02 03:00:00+00:00,2026-02-02 03:00:00+00:00,-1,1.1099,1.076603,300.00000000000136,288.50000000000136,TP,2026-02-02
SUI,2026-02-03 03:00:00+00:00,2026-02-03 15:00:00+00:00,-1,1.1214,1.155042,-300.0000000000003,-311.5000000000003,SL,2026-02-03
SUI,2026-02-03 17:00:00+00:00,2026-02-03 18:00:00+00:00,-1,1.1286,1.094742,299.99999999999915,288.49999999999915,TP,2026-02-03
SUI,2026-02-03 19:00:00+00:00,2026-02-03 19:00:00+00:00,-1,1.0744,1.106632,-300.0000000000003,-311.5000000000003,SL,2026-02-03
SUI,2026-02-05 16:00:00+00:00,2026-02-05 17:00:00+00:00,-1,0.9598,0.931006,300.0000000000003,288.5000000000003,TP,2026-02-05
SUI,2026-02-05 18:00:00+00:00,2026-02-05 20:00:00+00:00,-1,0.9397,0.9115089999999999,300.00000000000136,288.50000000000136,TP,2026-02-05
SUI,2026-02-05 21:00:00+00:00,2026-02-05 21:00:00+00:00,-1,0.893,0.91979,-300.0000000000003,-311.5000000000003,SL,2026-02-05
SUI,2026-02-16 14:00:00+00:00,2026-02-16 21:00:00+00:00,-1,0.9643,0.993229,-300.0000000000003,-311.5000000000003,SL,2026-02-16
SUI,2026-02-17 15:00:00+00:00,2026-02-17 16:00:00+00:00,-1,0.9568,0.985504,-300.0000000000003,-311.5000000000003,SL,2026-02-17
SUI,2026-02-23 01:00:00+00:00,2026-02-23 01:00:00+00:00,-1,0.9082,0.880954,300.0000000000003,288.5000000000003,TP,2026-02-23
SUI,2026-02-23 02:00:00+00:00,2026-02-23 06:00:00+00:00,-1,0.8624,0.8882720000000001,-300.0000000000003,-311.5000000000003,SL,2026-02-23
SUI,2026-02-28 07:00:00+00:00,2026-02-28 14:00:00+00:00,-1,0.841,0.8662299999999999,-300.0000000000003,-311.5000000000003,SL,2026-02-28
SUI,2026-03-13 15:00:00+00:00,2026-03-13 17:00:00+00:00,-1,1.0251,0.9943469999999999,300.0000000000003,288.5000000000003,TP,2026-03-13
SUI,2026-03-18 12:00:00+00:00,2026-03-18 15:00:00+00:00,-1,1.0021,0.9720369999999999,300.0000000000003,288.5000000000003,TP,2026-03-18
SUI,2026-03-22 00:00:00+00:00,2026-03-22 21:00:00+00:00,-1,0.9323,0.904331,300.0000000000003,288.5000000000003,TP,2026-03-22
SUI,2026-03-23 07:00:00+00:00,2026-03-23 11:00:00+00:00,-1,0.9013,0.928339,-300.0000000000003,-311.5000000000003,SL,2026-03-23
SUI,2026-03-23 16:00:00+00:00,2026-03-24 16:00:00+00:00,-1,0.9516,0.937,153.42580916351324,141.92580916351324,TIME,2026-03-23
SUI,2026-03-27 11:00:00+00:00,2026-03-28 11:00:00+00:00,-1,0.89,0.8832,76.40449438202302,64.90449438202302,TIME,2026-03-27
SUI,2026-03-29 23:00:00+00:00,2026-03-30 02:00:00+00:00,-1,0.8403,0.8655090000000001,-300.0000000000003,-311.5000000000003,SL,2026-03-29
SUI,2026-03-31 15:00:00+00:00,2026-03-31 17:00:00+00:00,-1,0.8599,0.8856970000000001,-300.0000000000003,-311.5000000000003,SL,2026-03-31
SUI,2026-04-02 02:00:00+00:00,2026-04-02 13:00:00+00:00,-1,0.8687,0.842639,300.0000000000003,288.5000000000003,TP,2026-04-02
SUI,2026-04-07 11:00:00+00:00,2026-04-07 20:00:00+00:00,-1,0.8696,0.895688,-300.0000000000003,-311.5000000000003,SL,2026-04-07
SUI,2026-04-08 19:00:00+00:00,2026-04-09 19:00:00+00:00,-1,0.9206,0.9397,-207.4733869215728,-218.9733869215728,TIME,2026-04-08
SUI,2026-04-12 02:00:00+00:00,2026-04-13 02:00:00+00:00,-1,0.9105,0.9054,56.01317957166341,44.51317957166341,TIME,2026-04-12
SUI,2026-04-16 14:00:00+00:00,2026-04-16 18:00:00+00:00,-1,0.9679,0.996937,-300.0000000000003,-311.5000000000003,SL,2026-04-16
TAO,2025-07-01 15:00:00+00:00,2025-07-02 15:00:00+00:00,-1,323.96,327.98,-124.08939375231576,-135.58939375231574,TIME,2025-07-01
TAO,2025-07-04 14:00:00+00:00,2025-07-05 14:00:00+00:00,-1,320.39,322.97,-80.52685789194491,-92.02685789194491,TIME,2025-07-04
TAO,2025-07-09 21:00:00+00:00,2025-07-10 05:00:00+00:00,-1,340.87,351.09610000000004,-300.0000000000003,-311.5000000000003,SL,2025-07-09
TAO,2025-07-14 16:00:00+00:00,2025-07-15 07:00:00+00:00,-1,408.6,420.85800000000006,-300.0000000000003,-311.5000000000003,SL,2025-07-14
TAO,2025-07-15 15:00:00+00:00,2025-07-15 16:00:00+00:00,-1,421.55,434.1965,-300.0000000000003,-311.5000000000003,SL,2025-07-15
TAO,2025-07-22 14:00:00+00:00,2025-07-22 15:00:00+00:00,-1,428.6,441.458,-300.0000000000003,-311.5000000000003,SL,2025-07-22
TAO,2025-07-25 03:00:00+00:00,2025-07-25 11:00:00+00:00,-1,408.46,420.7138,-300.0000000000003,-311.5000000000003,SL,2025-07-25
TAO,2025-07-25 15:00:00+00:00,2025-07-25 20:00:00+00:00,-1,405.67,417.8401,-300.0000000000003,-311.5000000000003,SL,2025-07-25
TAO,2025-07-30 19:00:00+00:00,2025-07-30 20:00:00+00:00,-1,363.53,374.4359,-300.0000000000003,-311.5000000000003,SL,2025-07-30
TAO,2025-07-31 20:00:00+00:00,2025-07-31 22:00:00+00:00,-1,364.65,353.71049999999997,300.0000000000003,288.5000000000003,TP,2025-07-31
TAO,2025-08-01 14:00:00+00:00,2025-08-01 14:00:00+00:00,-1,343.71,354.0213,-300.0000000000003,-311.5000000000003,SL,2025-08-01
TAO,2025-08-05 15:00:00+00:00,2025-08-06 15:00:00+00:00,-1,339.82,347.75,-233.35883703136994,-244.85883703136994,TIME,2025-08-05
TAO,2025-08-14 13:00:00+00:00,2025-08-15 03:00:00+00:00,-1,365.58,376.5474,-300.0000000000003,-311.5000000000003,SL,2025-08-14
TAO,2025-08-19 15:00:00+00:00,2025-08-20 15:00:00+00:00,-1,347.24,346.44,23.038820412395467,11.538820412395467,TIME,2025-08-19
TAO,2025-08-24 20:00:00+00:00,2025-08-25 00:00:00+00:00,-1,363.8,352.886,299.99999999999915,288.49999999999915,TP,2025-08-24
TAO,2025-08-25 20:00:00+00:00,2025-08-25 21:00:00+00:00,-1,326.6,316.802,300.0000000000003,288.5000000000003,TP,2025-08-25
TAO,2025-08-29 08:00:00+00:00,2025-08-30 08:00:00+00:00,-1,322.16,323.36,-37.24857213806665,-48.74857213806665,TIME,2025-08-29
TAO,2025-09-01 22:00:00+00:00,2025-09-02 02:00:00+00:00,-1,305.46,314.62379999999996,-300.0000000000003,-311.5000000000003,SL,2025-09-01
TAO,2025-09-05 15:00:00+00:00,2025-09-06 15:00:00+00:00,-1,316.78,314.7,65.6607109034657,54.1607109034657,TIME,2025-09-05
TAO,2025-09-09 15:00:00+00:00,2025-09-10 11:00:00+00:00,-1,339.95,329.75149999999996,300.0000000000003,288.5000000000003,TP,2025-09-09
TAO,2025-09-15 00:00:00+00:00,2025-09-15 08:00:00+00:00,-1,350.25,339.7425,300.0000000000003,288.5000000000003,TP,2025-09-15
TAO,2025-09-15 09:00:00+00:00,2025-09-16 09:00:00+00:00,-1,339.5,342.87,-99.26362297496327,-110.76362297496327,TIME,2025-09-15
TAO,2025-09-22 01:00:00+00:00,2025-09-22 05:00:00+00:00,-1,326.25,316.4625,300.0000000000003,288.5000000000003,TP,2025-09-22
TAO,2025-09-22 06:00:00+00:00,2025-09-22 06:00:00+00:00,-1,318.36,308.80920000000003,299.99999999999915,288.49999999999915,TP,2025-09-22
TAO,2025-09-22 07:00:00+00:00,2025-09-23 07:00:00+00:00,-1,312.32,318.24,-189.54918032787037,-201.04918032787037,TIME,2025-09-22
TAO,2025-09-23 18:00:00+00:00,2025-09-24 18:00:00+00:00,-1,309.04,313.73,-151.76028993010516,-163.26028993010516,TIME,2025-09-23
TAO,2025-09-25 05:00:00+00:00,2025-09-25 12:00:00+00:00,-1,301.29,292.2513,300.0000000000003,288.5000000000003,TP,2025-09-25
TAO,2025-09-25 18:00:00+00:00,2025-09-25 19:00:00+00:00,-1,291.51,300.2553,-300.0000000000003,-311.5000000000003,SL,2025-09-25
TAO,2025-09-26 15:00:00+00:00,2025-09-26 17:00:00+00:00,-1,292.4,301.17199999999997,-300.0000000000003,-311.5000000000003,SL,2025-09-26
TAO,2025-10-05 10:00:00+00:00,2025-10-05 17:00:00+00:00,-1,324.28,314.55159999999995,300.0000000000003,288.5000000000003,TP,2025-10-05
TAO,2025-10-07 15:00:00+00:00,2025-10-07 15:00:00+00:00,-1,337.06,326.9482,300.0000000000003,288.5000000000003,TP,2025-10-07
TAO,2025-10-09 14:00:00+00:00,2025-10-09 19:00:00+00:00,-1,324.92,334.66760000000005,-300.0000000000003,-311.5000000000003,SL,2025-10-09
TAO,2025-10-10 15:00:00+00:00,2025-10-10 15:00:00+00:00,-1,388.24,376.5928,300.0000000000003,288.5000000000003,TP,2025-10-10
TAO,2025-10-10 16:00:00+00:00,2025-10-10 20:00:00+00:00,-1,374.08,362.8576,300.0000000000003,288.5000000000003,TP,2025-10-10
TAO,2025-10-10 21:00:00+00:00,2025-10-10 21:00:00+00:00,-1,343.53,333.22409999999996,300.0000000000003,288.5000000000003,TP,2025-10-10
TAO,2025-10-11 02:00:00+00:00,2025-10-11 02:00:00+00:00,-1,278.23,286.5769,-300.0000000000003,-311.5000000000003,SL,2025-10-11
TAO,2025-10-16 16:00:00+00:00,2025-10-16 16:00:00+00:00,-1,393.94,405.7582,-300.0000000000003,-311.5000000000003,SL,2025-10-16
TAO,2025-10-17 07:00:00+00:00,2025-10-17 07:00:00+00:00,-1,358.91,348.1427,300.00000000000136,288.50000000000136,TP,2025-10-17
TAO,2025-10-21 05:00:00+00:00,2025-10-21 13:00:00+00:00,-1,407.61,395.3817,300.0000000000003,288.5000000000003,TP,2025-10-21
TAO,2025-10-21 23:00:00+00:00,2025-10-22 21:00:00+00:00,-1,388.16,376.5152,300.0000000000003,288.5000000000003,TP,2025-10-21
TAO,2025-10-28 20:00:00+00:00,2025-10-29 08:00:00+00:00,-1,434.15,421.1255,300.0000000000003,288.5000000000003,TP,2025-10-28
TAO,2025-10-29 16:00:00+00:00,2025-10-29 18:00:00+00:00,-1,424.9,412.15299999999996,300.0000000000003,288.5000000000003,TP,2025-10-29
TAO,2025-10-29 19:00:00+00:00,2025-10-29 20:00:00+00:00,-1,427.93,440.7679,-300.0000000000003,-311.5000000000003,SL,2025-10-29
TAO,2025-10-30 00:00:00+00:00,2025-10-30 01:00:00+00:00,-1,440.79,454.01370000000003,-300.0000000000003,-311.5000000000003,SL,2025-10-30
TAO,2025-10-30 05:00:00+00:00,2025-10-30 07:00:00+00:00,-1,439.43,452.6129,-300.0000000000003,-311.5000000000003,SL,2025-10-30
TAO,2025-10-30 13:00:00+00:00,2025-10-30 13:00:00+00:00,-1,423.55,410.8435,300.0000000000003,288.5000000000003,TP,2025-10-30
TAO,2025-10-31 17:00:00+00:00,2025-10-31 17:00:00+00:00,-1,475.59,489.85769999999997,-300.0000000000003,-311.5000000000003,SL,2025-10-31
TAO,2025-11-03 16:00:00+00:00,2025-11-03 16:00:00+00:00,-1,466.06,480.0418,-300.0000000000003,-311.5000000000003,SL,2025-11-03
TAO,2025-11-04 06:00:00+00:00,2025-11-04 13:00:00+00:00,-1,427.04,414.22880000000004,299.99999999999915,288.49999999999915,TP,2025-11-04
TAO,2025-11-10 15:00:00+00:00,2025-11-10 22:00:00+00:00,-1,376.78,388.0834,-300.0000000000003,-311.5000000000003,SL,2025-11-10
TAO,2025-11-12 16:00:00+00:00,2025-11-12 19:00:00+00:00,-1,358.09,347.34729999999996,300.0000000000003,288.5000000000003,TP,2025-11-12
TAO,2025-11-13 16:00:00+00:00,2025-11-13 17:00:00+00:00,-1,346.62,336.2214,299.99999999999915,288.49999999999915,TP,2025-11-13
TAO,2025-11-14 05:00:00+00:00,2025-11-14 11:00:00+00:00,-1,332.16,322.1952,300.0000000000003,288.5000000000003,TP,2025-11-14
TAO,2025-11-14 21:00:00+00:00,2025-11-15 02:00:00+00:00,-1,334.01,344.0303,-300.0000000000003,-311.5000000000003,SL,2025-11-14
TAO,2025-11-17 14:00:00+00:00,2025-11-17 14:00:00+00:00,-1,314.6,324.038,-300.0000000000003,-311.5000000000003,SL,2025-11-17
TAO,2025-11-17 18:00:00+00:00,2025-11-18 00:00:00+00:00,-1,316.62,307.1214,300.0000000000003,288.5000000000003,TP,2025-11-17
TAO,2025-11-19 16:00:00+00:00,2025-11-19 17:00:00+00:00,-1,318.55,308.9935,300.00000000000136,288.50000000000136,TP,2025-11-19
TAO,2025-11-20 17:00:00+00:00,2025-11-21 04:00:00+00:00,-1,306.8,297.596,300.0000000000003,288.5000000000003,TP,2025-11-20
TAO,2025-11-21 08:00:00+00:00,2025-11-21 09:00:00+00:00,-1,283.71,275.1987,300.0000000000003,288.5000000000003,TP,2025-11-21
TAO,2025-11-21 10:00:00+00:00,2025-11-21 11:00:00+00:00,-1,275.63,267.36109999999996,300.00000000000136,288.50000000000136,TP,2025-11-21
TAO,2025-11-21 16:00:00+00:00,2025-11-21 16:00:00+00:00,-1,273.2,281.396,-300.0000000000003,-311.5000000000003,SL,2025-11-21
TAO,2025-11-28 17:00:00+00:00,2025-11-28 17:00:00+00:00,-1,303.88,294.7636,300.0000000000003,288.5000000000003,TP,2025-11-28
TAO,2025-12-01 01:00:00+00:00,2025-12-01 12:00:00+00:00,-1,270.32,262.2104,300.0000000000003,288.5000000000003,TP,2025-12-01
TAO,2025-12-01 16:00:00+00:00,2025-12-02 01:00:00+00:00,-1,260.31,268.1193,-300.0000000000003,-311.5000000000003,SL,2025-12-01
TAO,2025-12-05 17:00:00+00:00,2025-12-06 17:00:00+00:00,-1,275.6,283.86800000000005,-300.0000000000003,-311.5000000000003,SL,2025-12-05
TAO,2025-12-12 16:00:00+00:00,2025-12-13 11:00:00+00:00,-1,288.63,297.2889,-300.0000000000003,-311.5000000000003,SL,2025-12-12
TAO,2025-12-15 15:00:00+00:00,2025-12-15 16:00:00+00:00,-1,276.23,267.9431,300.0000000000003,288.5000000000003,TP,2025-12-15
TAO,2025-12-17 16:00:00+00:00,2025-12-17 16:00:00+00:00,-1,243.73,236.41809999999998,300.0000000000003,288.5000000000003,TP,2025-12-17
TAO,2025-12-18 18:00:00+00:00,2025-12-18 19:00:00+00:00,-1,225.67,218.89989999999997,300.0000000000003,288.5000000000003,TP,2025-12-18
TAO,2025-12-18 20:00:00+00:00,2025-12-19 03:00:00+00:00,-1,218.49,225.0447,-300.0000000000003,-311.5000000000003,SL,2025-12-18
TAO,2025-12-26 15:00:00+00:00,2025-12-27 15:00:00+00:00,-1,218.82,220.52,-77.68942509825516,-89.18942509825516,TIME,2025-12-26
TAO,2025-12-29 10:00:00+00:00,2025-12-30 10:00:00+00:00,-1,223.13,219.85,146.99950701384856,135.49950701384856,TIME,2025-12-29
TAO,2026-01-06 17:00:00+00:00,2026-01-06 23:00:00+00:00,-1,285.06,293.6118,-300.0000000000003,-311.5000000000003,SL,2026-01-06
TAO,2026-01-07 01:00:00+00:00,2026-01-07 04:00:00+00:00,-1,286.47,277.8759,300.00000000000136,288.50000000000136,TP,2026-01-07
TAO,2026-01-07 10:00:00+00:00,2026-01-07 23:00:00+00:00,-1,276.8,268.496,300.00000000000136,288.50000000000136,TP,2026-01-07
TAO,2026-01-19 00:00:00+00:00,2026-01-19 00:00:00+00:00,-1,261.85,253.99450000000002,300.0000000000003,288.5000000000003,TP,2026-01-19
TAO,2026-01-19 01:00:00+00:00,2026-01-20 01:00:00+00:00,-1,250.03,250.53,-19.99760028796649,-31.49760028796649,TIME,2026-01-19
TAO,2026-01-20 23:00:00+00:00,2026-01-21 15:00:00+00:00,-1,234.82,241.8646,-300.0000000000003,-311.5000000000003,SL,2026-01-20
TAO,2026-01-21 17:00:00+00:00,2026-01-21 19:00:00+00:00,-1,230.04,236.9412,-300.0000000000003,-311.5000000000003,SL,2026-01-21
TAO,2026-01-27 18:00:00+00:00,2026-01-27 20:00:00+00:00,-1,229.29,236.1687,-300.0000000000003,-311.5000000000003,SL,2026-01-27
TAO,2026-01-29 15:00:00+00:00,2026-01-29 15:00:00+00:00,-1,222.3,215.631,300.0000000000003,288.5000000000003,TP,2026-01-29
TAO,2026-01-29 16:00:00+00:00,2026-01-30 01:00:00+00:00,-1,219.22,212.64339999999999,300.0000000000003,288.5000000000003,TP,2026-01-29
TAO,2026-01-30 02:00:00+00:00,2026-01-30 09:00:00+00:00,-1,217.88,211.34359999999998,300.0000000000003,288.5000000000003,TP,2026-01-30
TAO,2026-01-31 15:00:00+00:00,2026-01-31 17:00:00+00:00,-1,197.03,191.1191,300.0000000000003,288.5000000000003,TP,2026-01-31
TAO,2026-01-31 18:00:00+00:00,2026-01-31 18:00:00+00:00,-1,189.16,183.4852,300.0000000000003,288.5000000000003,TP,2026-01-31
TAO,2026-02-02 03:00:00+00:00,2026-02-02 03:00:00+00:00,-1,190.48,184.76559999999998,300.0000000000003,288.5000000000003,TP,2026-02-02
TAO,2026-02-03 03:00:00+00:00,2026-02-03 18:00:00+00:00,-1,193.94,188.12179999999998,300.00000000000136,288.50000000000136,TP,2026-02-03
TAO,2026-02-03 19:00:00+00:00,2026-02-03 19:00:00+00:00,-1,184.66,190.1998,-300.0000000000003,-311.5000000000003,SL,2026-02-03
TAO,2026-02-05 16:00:00+00:00,2026-02-05 17:00:00+00:00,-1,171.48,166.3356,299.99999999999915,288.49999999999915,TP,2026-02-05
TAO,2026-02-05 18:00:00+00:00,2026-02-05 20:00:00+00:00,-1,166.93,161.9221,300.0000000000003,288.5000000000003,TP,2026-02-05
TAO,2026-02-05 21:00:00+00:00,2026-02-05 22:00:00+00:00,-1,159.99,164.7897,-300.0000000000003,-311.5000000000003,SL,2026-02-05
TAO,2026-02-16 14:00:00+00:00,2026-02-16 20:00:00+00:00,-1,189.75,195.4425,-300.0000000000003,-311.5000000000003,SL,2026-02-16
TAO,2026-02-23 01:00:00+00:00,2026-02-23 01:00:00+00:00,-1,170.57,165.4529,299.99999999999915,288.49999999999915,TP,2026-02-23
TAO,2026-02-23 02:00:00+00:00,2026-02-23 09:00:00+00:00,-1,166.75,171.7525,-300.0000000000003,-311.5000000000003,SL,2026-02-23
TAO,2026-02-28 07:00:00+00:00,2026-02-28 13:00:00+00:00,-1,168.69,173.7507,-300.0000000000003,-311.5000000000003,SL,2026-02-28
TAO,2026-03-13 15:00:00+00:00,2026-03-13 15:00:00+00:00,-1,245.48,238.11559999999997,300.0000000000003,288.5000000000003,TP,2026-03-13
TAO,2026-03-18 12:00:00+00:00,2026-03-18 12:00:00+00:00,-1,276.49,268.1953,300.00000000000136,288.50000000000136,TP,2026-03-18
TAO,2026-03-18 15:00:00+00:00,2026-03-19 00:00:00+00:00,-1,265.9,273.877,-300.0000000000003,-311.5000000000003,SL,2026-03-18
TAO,2026-03-22 00:00:00+00:00,2026-03-22 01:00:00+00:00,-1,267.99,276.0297,-300.0000000000003,-311.5000000000003,SL,2026-03-22
TAO,2026-03-23 07:00:00+00:00,2026-03-23 11:00:00+00:00,-1,269.78,277.8734,-300.0000000000003,-311.5000000000003,SL,2026-03-23
TAO,2026-03-23 16:00:00+00:00,2026-03-23 17:00:00+00:00,-1,280.05,288.4515,-300.0000000000003,-311.5000000000003,SL,2026-03-23
TAO,2026-03-27 11:00:00+00:00,2026-03-27 15:00:00+00:00,-1,322.47,332.14410000000004,-300.0000000000003,-311.5000000000003,SL,2026-03-27
TAO,2026-03-29 23:00:00+00:00,2026-03-30 00:00:00+00:00,-1,312.97,322.3591,-300.0000000000003,-311.5000000000003,SL,2026-03-29
TAO,2026-03-31 15:00:00+00:00,2026-04-01 06:00:00+00:00,-1,303.14,312.2342,-300.0000000000003,-311.5000000000003,SL,2026-03-31
TAO,2026-04-02 02:00:00+00:00,2026-04-02 10:00:00+00:00,-1,309.31,300.03069999999997,300.00000000000136,288.50000000000136,TP,2026-04-02
TAO,2026-04-07 11:00:00+00:00,2026-04-07 21:00:00+00:00,-1,312.76,322.1428,-300.0000000000003,-311.5000000000003,SL,2026-04-07
TAO,2026-04-08 19:00:00+00:00,2026-04-09 00:00:00+00:00,-1,330.46,320.5462,299.99999999999915,288.49999999999915,TP,2026-04-08
TAO,2026-04-12 02:00:00+00:00,2026-04-13 02:00:00+00:00,-1,264.18,259.72,168.82428647134407,157.32428647134407,TIME,2026-04-12
TAO,2026-04-16 14:00:00+00:00,2026-04-16 21:00:00+00:00,-1,237.98,245.11939999999998,-300.0000000000003,-311.5000000000003,SL,2026-04-16
UNI,2025-07-01 15:00:00+00:00,2025-07-01 23:00:00+00:00,-1,6.932,6.7240400000000005,300.0000000000003,288.5000000000003,TP,2025-07-01
UNI,2025-07-04 14:00:00+00:00,2025-07-04 14:00:00+00:00,-1,7.211,6.99467,300.0000000000003,288.5000000000003,TP,2025-07-04
UNI,2025-07-09 21:00:00+00:00,2025-07-10 14:00:00+00:00,-1,8.318,8.06846,299.99999999999915,288.49999999999915,TP,2025-07-09
UNI,2025-07-14 16:00:00+00:00,2025-07-15 01:00:00+00:00,-1,9.268,8.98996,300.0000000000003,288.5000000000003,TP,2025-07-14
UNI,2025-07-15 15:00:00+00:00,2025-07-15 17:00:00+00:00,-1,8.978,9.24734,-300.0000000000003,-311.5000000000003,SL,2025-07-15
UNI,2025-07-22 14:00:00+00:00,2025-07-22 16:00:00+00:00,-1,10.314,10.623420000000001,-300.0000000000003,-311.5000000000003,SL,2025-07-22
UNI,2025-07-25 03:00:00+00:00,2025-07-25 08:00:00+00:00,-1,9.829,10.12387,-300.0000000000003,-311.5000000000003,SL,2025-07-25
UNI,2025-07-25 15:00:00+00:00,2025-07-25 20:00:00+00:00,-1,10.007,10.30721,-300.0000000000003,-311.5000000000003,SL,2025-07-25
UNI,2025-07-30 19:00:00+00:00,2025-07-30 19:00:00+00:00,-1,9.883,9.586509999999999,300.0000000000003,288.5000000000003,TP,2025-07-30
UNI,2025-07-31 20:00:00+00:00,2025-08-01 00:00:00+00:00,-1,9.539,9.25283,300.0000000000003,288.5000000000003,TP,2025-07-31
UNI,2025-08-01 14:00:00+00:00,2025-08-02 14:00:00+00:00,-1,8.973,8.963,11.144544745348428,-0.3554552546515719,TIME,2025-08-01
UNI,2025-08-05 15:00:00+00:00,2025-08-06 15:00:00+00:00,-1,9.576,9.72,-150.37593984962515,-161.87593984962515,TIME,2025-08-05
UNI,2025-08-14 13:00:00+00:00,2025-08-15 13:00:00+00:00,-1,10.95,10.853,88.58447488584443,77.08447488584443,TIME,2025-08-14
UNI,2025-08-19 15:00:00+00:00,2025-08-20 15:00:00+00:00,-1,10.225,10.335,-107.57946210269154,-119.07946210269154,TIME,2025-08-19
UNI,2025-08-24 20:00:00+00:00,2025-08-25 00:00:00+00:00,-1,11.07,10.7379,300.0000000000003,288.5000000000003,TP,2025-08-24
UNI,2025-08-25 20:00:00+00:00,2025-08-26 20:00:00+00:00,-1,9.739,9.903,-168.39511243454064,-179.89511243454064,TIME,2025-08-25
UNI,2025-08-29 08:00:00+00:00,2025-08-30 08:00:00+00:00,-1,9.673,9.755,-84.77204590096265,-96.27204590096265,TIME,2025-08-29
UNI,2025-09-01 22:00:00+00:00,2025-09-02 02:00:00+00:00,-1,9.191,9.466730000000002,-300.0000000000003,-311.5000000000003,SL,2025-09-01
UNI,2025-09-05 15:00:00+00:00,2025-09-06 15:00:00+00:00,-1,9.345,9.268,82.3970037453181,70.8970037453181,TIME,2025-09-05
UNI,2025-09-09 15:00:00+00:00,2025-09-10 15:00:00+00:00,-1,9.591,9.747,-162.65248670628728,-174.15248670628728,TIME,2025-09-09
UNI,2025-09-15 00:00:00+00:00,2025-09-15 08:00:00+00:00,-1,9.406,9.12382,300.0000000000003,288.5000000000003,TP,2025-09-15
UNI,2025-09-15 09:00:00+00:00,2025-09-16 08:00:00+00:00,-1,9.026,9.29678,-300.0000000000003,-311.5000000000003,SL,2025-09-15
UNI,2025-09-22 01:00:00+00:00,2025-09-22 05:00:00+00:00,-1,8.783,8.519509999999999,300.00000000000136,288.50000000000136,TP,2025-09-22
UNI,2025-09-22 06:00:00+00:00,2025-09-22 06:00:00+00:00,-1,8.481,8.226569999999999,300.00000000000136,288.50000000000136,TP,2025-09-22
UNI,2025-09-22 07:00:00+00:00,2025-09-23 07:00:00+00:00,-1,8.246,8.16,104.29299054086849,92.79299054086849,TIME,2025-09-22
UNI,2025-09-23 18:00:00+00:00,2025-09-24 18:00:00+00:00,-1,8.057,8.058,-1.2411567580983274,-12.741156758098327,TIME,2025-09-23
UNI,2025-09-25 05:00:00+00:00,2025-09-25 17:00:00+00:00,-1,7.659,7.42923,300.0000000000003,288.5000000000003,TP,2025-09-25
UNI,2025-09-25 18:00:00+00:00,2025-09-25 18:00:00+00:00,-1,7.328,7.547840000000001,-300.0000000000003,-311.5000000000003,SL,2025-09-25
UNI,2025-09-26 15:00:00+00:00,2025-09-26 17:00:00+00:00,-1,7.388,7.60964,-300.0000000000003,-311.5000000000003,SL,2025-09-26
UNI,2025-10-05 10:00:00+00:00,2025-10-05 17:00:00+00:00,-1,8.357,8.10629,300.0000000000003,288.5000000000003,TP,2025-10-05
UNI,2025-10-07 15:00:00+00:00,2025-10-08 15:00:00+00:00,-1,7.923,7.884,49.22377887163876,37.72377887163876,TIME,2025-10-07
UNI,2025-10-09 14:00:00+00:00,2025-10-10 01:00:00+00:00,-1,7.752,7.98456,-300.0000000000003,-311.5000000000003,SL,2025-10-09
UNI,2025-10-10 15:00:00+00:00,2025-10-10 15:00:00+00:00,-1,8.029,7.78813,300.0000000000003,288.5000000000003,TP,2025-10-10
UNI,2025-10-10 16:00:00+00:00,2025-10-10 19:00:00+00:00,-1,7.749,7.5165299999999995,300.0000000000003,288.5000000000003,TP,2025-10-10
UNI,2025-10-10 21:00:00+00:00,2025-10-10 21:00:00+00:00,-1,6.975,6.76575,300.0000000000003,288.5000000000003,TP,2025-10-10
UNI,2025-10-11 02:00:00+00:00,2025-10-11 02:00:00+00:00,-1,5.602,5.770060000000001,-300.0000000000003,-311.5000000000003,SL,2025-10-11
UNI,2025-10-16 16:00:00+00:00,2025-10-17 06:00:00+00:00,-1,6.324,6.1342799999999995,300.0000000000003,288.5000000000003,TP,2025-10-16
UNI,2025-10-17 07:00:00+00:00,2025-10-17 08:00:00+00:00,-1,6.108,5.924759999999999,300.00000000000136,288.50000000000136,TP,2025-10-17
UNI,2025-10-21 05:00:00+00:00,2025-10-21 14:00:00+00:00,-1,6.138,6.32214,-300.0000000000003,-311.5000000000003,SL,2025-10-21
UNI,2025-10-21 23:00:00+00:00,2025-10-22 07:00:00+00:00,-1,6.332,6.14204,300.0000000000003,288.5000000000003,TP,2025-10-21
UNI,2025-10-28 20:00:00+00:00,2025-10-29 15:00:00+00:00,-1,6.428,6.23516,300.0000000000003,288.5000000000003,TP,2025-10-28
UNI,2025-10-29 16:00:00+00:00,2025-10-29 17:00:00+00:00,-1,6.223,6.40969,-300.0000000000003,-311.5000000000003,SL,2025-10-29
UNI,2025-10-29 19:00:00+00:00,2025-10-30 03:00:00+00:00,-1,6.351,6.16047,300.0000000000003,288.5000000000003,TP,2025-10-29
UNI,2025-10-30 05:00:00+00:00,2025-10-30 15:00:00+00:00,-1,5.989,5.80933,299.99999999999915,288.49999999999915,TP,2025-10-30
UNI,2025-10-31 17:00:00+00:00,2025-10-31 19:00:00+00:00,-1,5.63,5.7989,-300.0000000000003,-311.5000000000003,SL,2025-10-31
UNI,2025-11-03 16:00:00+00:00,2025-11-03 17:00:00+00:00,-1,5.132,5.28596,-300.0000000000003,-311.5000000000003,SL,2025-11-03
UNI,2025-11-04 06:00:00+00:00,2025-11-04 06:00:00+00:00,-1,5.047,5.19841,-300.0000000000003,-311.5000000000003,SL,2025-11-04
UNI,2025-11-10 15:00:00+00:00,2025-11-10 19:00:00+00:00,-1,6.837,7.04211,-300.0000000000003,-311.5000000000003,SL,2025-11-10
UNI,2025-11-12 16:00:00+00:00,2025-11-12 17:00:00+00:00,-1,7.808,7.57376,300.0000000000003,288.5000000000003,TP,2025-11-12
UNI,2025-11-13 16:00:00+00:00,2025-11-13 17:00:00+00:00,-1,7.947,7.70859,300.0000000000003,288.5000000000003,TP,2025-11-13
UNI,2025-11-14 05:00:00+00:00,2025-11-14 06:00:00+00:00,-1,7.372,7.59316,-300.0000000000003,-311.5000000000003,SL,2025-11-14
UNI,2025-11-14 21:00:00+00:00,2025-11-15 00:00:00+00:00,-1,7.01,7.2203,-300.0000000000003,-311.5000000000003,SL,2025-11-14
UNI,2025-11-17 14:00:00+00:00,2025-11-17 14:00:00+00:00,-1,7.763,7.99589,-300.0000000000003,-311.5000000000003,SL,2025-11-17
UNI,2025-11-17 18:00:00+00:00,2025-11-17 19:00:00+00:00,-1,7.387,7.1653899999999995,300.0000000000003,288.5000000000003,TP,2025-11-17
UNI,2025-11-19 16:00:00+00:00,2025-11-19 21:00:00+00:00,-1,6.891,7.09773,-300.0000000000003,-311.5000000000003,SL,2025-11-19
UNI,2025-11-20 17:00:00+00:00,2025-11-20 19:00:00+00:00,-1,6.732,6.53004,300.00000000000136,288.50000000000136,TP,2025-11-20
UNI,2025-11-21 00:00:00+00:00,2025-11-21 07:00:00+00:00,-1,6.574,6.37678,299.99999999999915,288.49999999999915,TP,2025-11-21
UNI,2025-11-21 08:00:00+00:00,2025-11-21 12:00:00+00:00,-1,6.282,6.09354,300.0000000000003,288.5000000000003,TP,2025-11-21
UNI,2025-11-21 16:00:00+00:00,2025-11-21 17:00:00+00:00,-1,6.234,6.42102,-300.0000000000003,-311.5000000000003,SL,2025-11-21
UNI,2025-11-28 17:00:00+00:00,2025-11-29 17:00:00+00:00,-1,6.116,6.022,153.69522563767111,142.19522563767111,TIME,2025-11-28
UNI,2025-12-01 01:00:00+00:00,2025-12-01 04:00:00+00:00,-1,5.642,5.47274,300.0000000000003,288.5000000000003,TP,2025-12-01
UNI,2025-12-01 16:00:00+00:00,2025-12-02 08:00:00+00:00,-1,5.57,5.4029,300.00000000000136,288.50000000000136,TP,2025-12-01
UNI,2025-12-05 17:00:00+00:00,2025-12-06 17:00:00+00:00,-1,5.552,5.588,-64.84149855907839,-76.34149855907839,TIME,2025-12-05
UNI,2025-12-12 16:00:00+00:00,2025-12-13 00:00:00+00:00,-1,5.276,5.43428,-300.0000000000003,-311.5000000000003,SL,2025-12-12
UNI,2025-12-15 15:00:00+00:00,2025-12-15 16:00:00+00:00,-1,5.218,5.061459999999999,300.00000000000136,288.50000000000136,TP,2025-12-15
UNI,2025-12-17 16:00:00+00:00,2025-12-17 18:00:00+00:00,-1,5.076,4.923719999999999,300.0000000000003,288.5000000000003,TP,2025-12-17
UNI,2025-12-18 18:00:00+00:00,2025-12-18 19:00:00+00:00,-1,5.106,4.95282,300.0000000000003,288.5000000000003,TP,2025-12-18
UNI,2025-12-18 20:00:00+00:00,2025-12-19 03:00:00+00:00,-1,4.9,5.047000000000001,-300.0000000000003,-311.5000000000003,SL,2025-12-18
UNI,2025-12-26 15:00:00+00:00,2025-12-27 03:00:00+00:00,-1,5.776,5.94928,-300.0000000000003,-311.5000000000003,SL,2025-12-26
UNI,2025-12-29 10:00:00+00:00,2025-12-30 06:00:00+00:00,-1,6.091,5.90827,300.0000000000003,288.5000000000003,TP,2025-12-29
UNI,2026-01-06 17:00:00+00:00,2026-01-07 14:00:00+00:00,-1,5.994,5.8141799999999995,300.0000000000003,288.5000000000003,TP,2026-01-06
UNI,2026-01-08 07:00:00+00:00,2026-01-09 07:00:00+00:00,-1,5.539,5.468,128.18198230727495,116.68198230727495,TIME,2026-01-08
UNI,2026-01-19 00:00:00+00:00,2026-01-19 00:00:00+00:00,-1,5.089,4.93633,300.00000000000136,288.50000000000136,TP,2026-01-19
UNI,2026-01-19 01:00:00+00:00,2026-01-19 19:00:00+00:00,-1,4.898,5.0449399999999995,-300.0000000000003,-311.5000000000003,SL,2026-01-19
UNI,2026-01-21 17:00:00+00:00,2026-01-21 19:00:00+00:00,-1,4.803,4.94709,-300.0000000000003,-311.5000000000003,SL,2026-01-21
UNI,2026-01-27 18:00:00+00:00,2026-01-27 20:00:00+00:00,-1,4.645,4.78435,-300.0000000000003,-311.5000000000003,SL,2026-01-27
UNI,2026-01-29 15:00:00+00:00,2026-01-29 15:00:00+00:00,-1,4.567,4.42999,300.0000000000003,288.5000000000003,TP,2026-01-29
UNI,2026-01-29 16:00:00+00:00,2026-01-29 19:00:00+00:00,-1,4.446,4.31262,299.99999999999915,288.49999999999915,TP,2026-01-29
UNI,2026-01-30 02:00:00+00:00,2026-01-30 06:00:00+00:00,-1,4.321,4.19137,299.99999999999915,288.49999999999915,TP,2026-01-30
UNI,2026-01-31 15:00:00+00:00,2026-01-31 17:00:00+00:00,-1,3.976,3.8567199999999997,300.0000000000003,288.5000000000003,TP,2026-01-31
UNI,2026-01-31 18:00:00+00:00,2026-01-31 18:00:00+00:00,-1,3.824,3.7092799999999997,300.0000000000003,288.5000000000003,TP,2026-01-31
UNI,2026-02-02 03:00:00+00:00,2026-02-02 03:00:00+00:00,-1,3.882,3.76554,300.0000000000003,288.5000000000003,TP,2026-02-02
UNI,2026-02-03 03:00:00+00:00,2026-02-03 15:00:00+00:00,-1,3.844,3.95932,-300.0000000000003,-311.5000000000003,SL,2026-02-03
UNI,2026-02-03 17:00:00+00:00,2026-02-03 18:00:00+00:00,-1,3.875,3.75875,300.0000000000003,288.5000000000003,TP,2026-02-03
UNI,2026-02-03 19:00:00+00:00,2026-02-03 19:00:00+00:00,-1,3.72,3.8316000000000003,-300.0000000000003,-311.5000000000003,SL,2026-02-03
UNI,2026-02-05 16:00:00+00:00,2026-02-05 16:00:00+00:00,-1,3.355,3.45565,-300.0000000000003,-311.5000000000003,SL,2026-02-05
UNI,2026-02-05 18:00:00+00:00,2026-02-05 20:00:00+00:00,-1,3.326,3.22622,300.0000000000003,288.5000000000003,TP,2026-02-05
UNI,2026-02-05 21:00:00+00:00,2026-02-06 00:00:00+00:00,-1,3.224,3.1272800000000003,300.0000000000003,288.5000000000003,TP,2026-02-05
UNI,2026-02-16 14:00:00+00:00,2026-02-16 23:00:00+00:00,-1,3.499,3.6039700000000003,-300.0000000000003,-311.5000000000003,SL,2026-02-16
UNI,2026-02-17 15:00:00+00:00,2026-02-18 07:00:00+00:00,-1,3.473,3.57719,-300.0000000000003,-311.5000000000003,SL,2026-02-17
UNI,2026-02-23 01:00:00+00:00,2026-02-23 01:00:00+00:00,-1,3.428,3.32516,300.0000000000003,288.5000000000003,TP,2026-02-23
UNI,2026-02-23 02:00:00+00:00,2026-02-23 09:00:00+00:00,-1,3.293,3.3917900000000003,-300.0000000000003,-311.5000000000003,SL,2026-02-23
UNI,2026-02-28 07:00:00+00:00,2026-02-28 07:00:00+00:00,-1,3.56,3.6668000000000003,-300.0000000000003,-311.5000000000003,SL,2026-02-28
UNI,2026-03-13 15:00:00+00:00,2026-03-14 00:00:00+00:00,-1,4.103,3.97991,300.0000000000003,288.5000000000003,TP,2026-03-13
UNI,2026-03-18 12:00:00+00:00,2026-03-18 14:00:00+00:00,-1,3.858,3.74226,300.0000000000003,288.5000000000003,TP,2026-03-18
UNI,2026-03-18 15:00:00+00:00,2026-03-19 13:00:00+00:00,-1,3.658,3.54826,300.0000000000003,288.5000000000003,TP,2026-03-18
UNI,2026-03-22 00:00:00+00:00,2026-03-23 00:00:00+00:00,-1,3.474,3.472,5.757052389177009,-5.742947610822991,TIME,2026-03-22
UNI,2026-03-23 07:00:00+00:00,2026-03-23 11:00:00+00:00,-1,3.476,3.58028,-300.0000000000003,-311.5000000000003,SL,2026-03-23
UNI,2026-03-23 16:00:00+00:00,2026-03-24 16:00:00+00:00,-1,3.527,3.551,-68.04649844060151,-79.54649844060151,TIME,2026-03-23
UNI,2026-03-27 11:00:00+00:00,2026-03-28 11:00:00+00:00,-1,3.377,3.388,-32.573289902280145,-44.073289902280145,TIME,2026-03-27
UNI,2026-03-29 23:00:00+00:00,2026-03-30 02:00:00+00:00,-1,3.339,3.43917,-300.0000000000003,-311.5000000000003,SL,2026-03-29
UNI,2026-03-31 15:00:00+00:00,2026-04-01 05:00:00+00:00,-1,3.497,3.60191,-300.0000000000003,-311.5000000000003,SL,2026-03-31
UNI,2026-04-02 02:00:00+00:00,2026-04-02 04:00:00+00:00,-1,3.497,3.3920899999999996,300.0000000000003,288.5000000000003,TP,2026-04-02
UNI,2026-04-07 11:00:00+00:00,2026-04-07 21:00:00+00:00,-1,3.054,3.14562,-300.0000000000003,-311.5000000000003,SL,2026-04-07
UNI,2026-04-08 19:00:00+00:00,2026-04-09 19:00:00+00:00,-1,3.142,3.141,3.1826861871420142,-8.317313812857986,TIME,2026-04-08
UNI,2026-04-12 02:00:00+00:00,2026-04-13 02:00:00+00:00,-1,3.062,3.037,81.64598301763526,70.14598301763526,TIME,2026-04-12
XLM,2025-07-01 15:00:00+00:00,2025-07-01 17:00:00+00:00,-1,0.23298,0.22599059999999999,300.0000000000003,288.5000000000003,TP,2025-07-01
XLM,2025-07-04 14:00:00+00:00,2025-07-05 14:00:00+00:00,-1,0.23783,0.23753,12.614052053988578,1.114052053988578,TIME,2025-07-04
XLM,2025-07-09 21:00:00+00:00,2025-07-10 02:00:00+00:00,-1,0.28648,0.2950744,-300.0000000000003,-311.5000000000003,SL,2025-07-09
XLM,2025-07-14 16:00:00+00:00,2025-07-14 20:00:00+00:00,-1,0.45639,0.4426983,300.0000000000003,288.5000000000003,TP,2025-07-14
XLM,2025-07-15 15:00:00+00:00,2025-07-15 17:00:00+00:00,-1,0.44244,0.4557132,-300.0000000000003,-311.5000000000003,SL,2025-07-15
XLM,2025-07-22 14:00:00+00:00,2025-07-22 17:00:00+00:00,-1,0.45584,0.4695152,-300.0000000000003,-311.5000000000003,SL,2025-07-22
XLM,2025-07-25 03:00:00+00:00,2025-07-25 12:00:00+00:00,-1,0.41698,0.4294894,-300.0000000000003,-311.5000000000003,SL,2025-07-25
XLM,2025-07-25 15:00:00+00:00,2025-07-25 19:00:00+00:00,-1,0.4071,0.41931300000000005,-300.0000000000003,-311.5000000000003,SL,2025-07-25
XLM,2025-07-30 19:00:00+00:00,2025-07-31 02:00:00+00:00,-1,0.40301,0.4151003,-300.0000000000003,-311.5000000000003,SL,2025-07-30
XLM,2025-07-31 20:00:00+00:00,2025-08-01 00:00:00+00:00,-1,0.40627,0.3940819,300.00000000000136,288.50000000000136,TP,2025-07-31
XLM,2025-08-01 14:00:00+00:00,2025-08-01 14:00:00+00:00,-1,0.38652,0.39811559999999996,-300.0000000000003,-311.5000000000003,SL,2025-08-01
XLM,2025-08-05 15:00:00+00:00,2025-08-06 15:00:00+00:00,-1,0.39662,0.399,-60.00705965407916,-71.50705965407916,TIME,2025-08-05
XLM,2025-08-14 13:00:00+00:00,2025-08-15 13:00:00+00:00,-1,0.42286,0.42412,-29.7970959655669,-41.297095965566896,TIME,2025-08-14
XLM,2025-08-19 15:00:00+00:00,2025-08-20 15:00:00+00:00,-1,0.39929,0.39831,24.543564827568254,13.043564827568254,TIME,2025-08-19
XLM,2025-08-24 20:00:00+00:00,2025-08-25 06:00:00+00:00,-1,0.41203,0.3996691,300.0000000000003,288.5000000000003,TP,2025-08-24
XLM,2025-08-25 20:00:00+00:00,2025-08-26 19:00:00+00:00,-1,0.3855,0.397065,-300.0000000000003,-311.5000000000003,SL,2025-08-25
XLM,2025-08-29 08:00:00+00:00,2025-08-30 01:00:00+00:00,-1,0.36546,0.3544962,300.0000000000003,288.5000000000003,TP,2025-08-29
XLM,2025-09-01 22:00:00+00:00,2025-09-02 03:00:00+00:00,-1,0.35016,0.36066480000000006,-300.0000000000003,-311.5000000000003,SL,2025-09-01
XLM,2025-09-05 15:00:00+00:00,2025-09-06 15:00:00+00:00,-1,0.35866,0.35619,68.8674510678633,57.3674510678633,TIME,2025-09-05
XLM,2025-09-09 15:00:00+00:00,2025-09-10 15:00:00+00:00,-1,0.37483,0.3824,-201.95822106021444,-213.45822106021444,TIME,2025-09-09
XLM,2025-09-15 00:00:00+00:00,2025-09-15 08:00:00+00:00,-1,0.38925,0.3775725,300.0000000000003,288.5000000000003,TP,2025-09-15
XLM,2025-09-15 09:00:00+00:00,2025-09-16 08:00:00+00:00,-1,0.37521,0.3864663,-300.0000000000003,-311.5000000000003,SL,2025-09-15
XLM,2025-09-22 01:00:00+00:00,2025-09-22 06:00:00+00:00,-1,0.37235,0.3611795,300.0000000000003,288.5000000000003,TP,2025-09-22
XLM,2025-09-22 07:00:00+00:00,2025-09-23 00:00:00+00:00,-1,0.35924,0.3700172,-300.0000000000003,-311.5000000000003,SL,2025-09-22
XLM,2025-09-23 18:00:00+00:00,2025-09-24 17:00:00+00:00,-1,0.36634,0.3773302,-300.0000000000003,-311.5000000000003,SL,2025-09-23
XLM,2025-09-25 05:00:00+00:00,2025-09-25 17:00:00+00:00,-1,0.36226,0.35139220000000004,299.99999999999915,288.49999999999915,TP,2025-09-25
XLM,2025-09-25 18:00:00+00:00,2025-09-26 17:00:00+00:00,-1,0.34809,0.35853270000000004,-300.0000000000003,-311.5000000000003,SL,2025-09-25
XLM,2025-10-05 10:00:00+00:00,2025-10-06 10:00:00+00:00,-1,0.40368,0.4034,6.936187078874223,-4.563812921125777,TIME,2025-10-05
XLM,2025-10-07 15:00:00+00:00,2025-10-08 06:00:00+00:00,-1,0.39051,0.37879470000000004,299.99999999999915,288.49999999999915,TP,2025-10-07
XLM,2025-10-09 14:00:00+00:00,2025-10-10 14:00:00+00:00,-1,0.37632,0.37895,-69.88732993197245,-81.38732993197245,TIME,2025-10-09
XLM,2025-10-10 15:00:00+00:00,2025-10-10 15:00:00+00:00,-1,0.37899,0.3676203,299.99999999999915,288.49999999999915,TP,2025-10-10
XLM,2025-10-10 16:00:00+00:00,2025-10-10 20:00:00+00:00,-1,0.3677,0.356669,300.0000000000003,288.5000000000003,TP,2025-10-10
XLM,2025-10-10 21:00:00+00:00,2025-10-10 21:00:00+00:00,-1,0.33834,0.3281898,300.0000000000003,288.5000000000003,TP,2025-10-10
XLM,2025-10-11 02:00:00+00:00,2025-10-11 02:00:00+00:00,-1,0.31688,0.3263864,-300.0000000000003,-311.5000000000003,SL,2025-10-11
XLM,2025-10-16 16:00:00+00:00,2025-10-17 06:00:00+00:00,-1,0.31521,0.30575369999999996,300.00000000000136,288.50000000000136,TP,2025-10-16
XLM,2025-10-17 07:00:00+00:00,2025-10-17 08:00:00+00:00,-1,0.30262,0.2935414,300.0000000000003,288.5000000000003,TP,2025-10-17
XLM,2025-10-21 05:00:00+00:00,2025-10-21 14:00:00+00:00,-1,0.3145,0.32393500000000003,-300.0000000000003,-311.5000000000003,SL,2025-10-21
XLM,2025-10-21 23:00:00+00:00,2025-10-22 09:00:00+00:00,-1,0.31809,0.30854729999999997,300.0000000000003,288.5000000000003,TP,2025-10-21
XLM,2025-10-28 20:00:00+00:00,2025-10-29 18:00:00+00:00,-1,0.32236,0.31268919999999994,300.00000000000136,288.50000000000136,TP,2025-10-28
XLM,2025-10-29 19:00:00+00:00,2025-10-30 04:00:00+00:00,-1,0.31927,0.30969189999999996,300.00000000000136,288.50000000000136,TP,2025-10-29
XLM,2025-10-30 05:00:00+00:00,2025-10-30 13:00:00+00:00,-1,0.30996,0.3006612,300.0000000000003,288.5000000000003,TP,2025-10-30
XLM,2025-10-31 17:00:00+00:00,2025-11-01 17:00:00+00:00,-1,0.30063,0.30558,-164.65422612513825,-176.15422612513825,TIME,2025-10-31
XLM,2025-11-03 16:00:00+00:00,2025-11-04 05:00:00+00:00,-1,0.27984,0.2714448,300.0000000000003,288.5000000000003,TP,2025-11-03
XLM,2025-11-04 06:00:00+00:00,2025-11-04 11:00:00+00:00,-1,0.27027,0.2783781,-300.0000000000003,-311.5000000000003,SL,2025-11-04
XLM,2025-11-10 15:00:00+00:00,2025-11-11 06:00:00+00:00,-1,0.30247,0.2933959,300.00000000000136,288.50000000000136,TP,2025-11-10
XLM,2025-11-12 16:00:00+00:00,2025-11-12 17:00:00+00:00,-1,0.28404,0.2755188,300.0000000000003,288.5000000000003,TP,2025-11-12
XLM,2025-11-13 16:00:00+00:00,2025-11-13 17:00:00+00:00,-1,0.2808,0.272376,299.99999999999915,288.49999999999915,TP,2025-11-13
XLM,2025-11-14 05:00:00+00:00,2025-11-15 05:00:00+00:00,-1,0.26412,0.26505,-35.21126760563264,-46.71126760563264,TIME,2025-11-14
XLM,2025-11-17 14:00:00+00:00,2025-11-17 14:00:00+00:00,-1,0.25335,0.26095050000000003,-300.0000000000003,-311.5000000000003,SL,2025-11-17
XLM,2025-11-17 18:00:00+00:00,2025-11-18 16:00:00+00:00,-1,0.24816,0.2556048,-300.0000000000003,-311.5000000000003,SL,2025-11-17
XLM,2025-11-19 16:00:00+00:00,2025-11-20 00:00:00+00:00,-1,0.24131,0.2485493,-300.0000000000003,-311.5000000000003,SL,2025-11-19
XLM,2025-11-20 17:00:00+00:00,2025-11-21 07:00:00+00:00,-1,0.23985,0.23265450000000001,300.0000000000003,288.5000000000003,TP,2025-11-20
XLM,2025-11-21 08:00:00+00:00,2025-11-21 10:00:00+00:00,-1,0.22814,0.22129580000000001,300.0000000000003,288.5000000000003,TP,2025-11-21
XLM,2025-11-21 16:00:00+00:00,2025-11-21 17:00:00+00:00,-1,0.22704,0.2338512,-300.0000000000003,-311.5000000000003,SL,2025-11-21
XLM,2025-11-28 17:00:00+00:00,2025-11-29 17:00:00+00:00,-1,0.25532,0.25531,0.3916653611157894,-11.10833463888421,TIME,2025-11-28
XLM,2025-12-01 01:00:00+00:00,2025-12-01 12:00:00+00:00,-1,0.23565,0.2285805,300.0000000000003,288.5000000000003,TP,2025-12-01
XLM,2025-12-01 16:00:00+00:00,2025-12-02 14:00:00+00:00,-1,0.23232,0.2392896,-300.0000000000003,-311.5000000000003,SL,2025-12-01
XLM,2025-12-05 17:00:00+00:00,2025-12-06 17:00:00+00:00,-1,0.2434,0.24148,78.88249794576807,67.38249794576807,TIME,2025-12-05
XLM,2025-12-12 16:00:00+00:00,2025-12-13 16:00:00+00:00,-1,0.23618,0.23939,-135.91328647641677,-147.41328647641677,TIME,2025-12-12
XLM,2025-12-15 15:00:00+00:00,2025-12-15 17:00:00+00:00,-1,0.22555,0.2187835,300.0000000000003,288.5000000000003,TP,2025-12-15
XLM,2025-12-17 16:00:00+00:00,2025-12-17 18:00:00+00:00,-1,0.21601,0.2095297,300.0000000000003,288.5000000000003,TP,2025-12-17
XLM,2025-12-18 18:00:00+00:00,2025-12-18 19:00:00+00:00,-1,0.20942,0.2031374,300.0000000000003,288.5000000000003,TP,2025-12-18
XLM,2025-12-18 20:00:00+00:00,2025-12-19 03:00:00+00:00,-1,0.20307,0.20916210000000002,-300.0000000000003,-311.5000000000003,SL,2025-12-18
XLM,2025-12-26 15:00:00+00:00,2025-12-27 15:00:00+00:00,-1,0.21179,0.2159,-194.06015392605892,-205.56015392605892,TIME,2025-12-26
XLM,2025-12-29 10:00:00+00:00,2025-12-30 02:00:00+00:00,-1,0.22072,0.2140984,300.0000000000003,288.5000000000003,TP,2025-12-29
XLM,2026-01-06 17:00:00+00:00,2026-01-07 17:00:00+00:00,-1,0.23974,0.23517,190.62317510636584,179.12317510636584,TIME,2026-01-06
XLM,2026-01-08 07:00:00+00:00,2026-01-09 07:00:00+00:00,-1,0.22867,0.23088,-96.64582148948276,-108.14582148948276,TIME,2026-01-08
XLM,2026-01-19 00:00:00+00:00,2026-01-19 00:00:00+00:00,-1,0.21752,0.2109944,299.99999999999915,288.49999999999915,TP,2026-01-19
XLM,2026-01-19 01:00:00+00:00,2026-01-19 05:00:00+00:00,-1,0.2113,0.217639,-300.0000000000003,-311.5000000000003,SL,2026-01-19
XLM,2026-01-20 23:00:00+00:00,2026-01-21 05:00:00+00:00,-1,0.20716,0.2133748,-300.0000000000003,-311.5000000000003,SL,2026-01-20
XLM,2026-01-21 17:00:00+00:00,2026-01-21 19:00:00+00:00,-1,0.20638,0.21257140000000002,-300.0000000000003,-311.5000000000003,SL,2026-01-21
XLM,2026-01-27 18:00:00+00:00,2026-01-28 09:00:00+00:00,-1,0.20446,0.2105938,-300.0000000000003,-311.5000000000003,SL,2026-01-27
XLM,2026-01-29 15:00:00+00:00,2026-01-30 01:00:00+00:00,-1,0.20035,0.1943395,300.0000000000003,288.5000000000003,TP,2026-01-29
XLM,2026-01-30 02:00:00+00:00,2026-01-30 18:00:00+00:00,-1,0.19535,0.18948949999999998,300.00000000000136,288.50000000000136,TP,2026-01-30
XLM,2026-01-31 15:00:00+00:00,2026-01-31 17:00:00+00:00,-1,0.17932,0.1739404,300.0000000000003,288.5000000000003,TP,2026-01-31
XLM,2026-01-31 18:00:00+00:00,2026-01-31 18:00:00+00:00,-1,0.17208,0.1669176,300.0000000000003,288.5000000000003,TP,2026-01-31
XLM,2026-02-02 03:00:00+00:00,2026-02-02 03:00:00+00:00,-1,0.17526,0.1700022,300.0000000000003,288.5000000000003,TP,2026-02-02
XLM,2026-02-03 03:00:00+00:00,2026-02-03 18:00:00+00:00,-1,0.17538,0.1701186,300.0000000000003,288.5000000000003,TP,2026-02-03
XLM,2026-02-03 19:00:00+00:00,2026-02-03 19:00:00+00:00,-1,0.16819,0.17323570000000002,-300.0000000000003,-311.5000000000003,SL,2026-02-03
XLM,2026-02-05 16:00:00+00:00,2026-02-05 17:00:00+00:00,-1,0.15456,0.1499232,300.0000000000003,288.5000000000003,TP,2026-02-05
XLM,2026-02-05 18:00:00+00:00,2026-02-05 20:00:00+00:00,-1,0.15195,0.1473915,299.99999999999915,288.49999999999915,TP,2026-02-05
XLM,2026-02-05 21:00:00+00:00,2026-02-06 00:00:00+00:00,-1,0.14662,0.1510186,-300.0000000000003,-311.5000000000003,SL,2026-02-05
XLM,2026-02-16 14:00:00+00:00,2026-02-17 14:00:00+00:00,-1,0.1684,0.16479,214.37054631828988,202.87054631828988,TIME,2026-02-16
XLM,2026-02-17 15:00:00+00:00,2026-02-18 15:00:00+00:00,-1,0.16475,0.16712,-143.85432473444482,-155.35432473444482,TIME,2026-02-17
XLM,2026-02-23 01:00:00+00:00,2026-02-24 01:00:00+00:00,-1,0.15298,0.15154,94.12995162766391,82.62995162766391,TIME,2026-02-23
XLM,2026-02-28 07:00:00+00:00,2026-02-28 18:00:00+00:00,-1,0.15006,0.1545618,-300.0000000000003,-311.5000000000003,SL,2026-02-28
XLM,2026-03-13 15:00:00+00:00,2026-03-14 15:00:00+00:00,-1,0.16418,0.16356,37.76343038128793,26.263430381287932,TIME,2026-03-13
XLM,2026-03-18 12:00:00+00:00,2026-03-18 15:00:00+00:00,-1,0.17071,0.1655887,300.0000000000003,288.5000000000003,TP,2026-03-18
XLM,2026-03-22 00:00:00+00:00,2026-03-22 16:00:00+00:00,-1,0.16169,0.1568393,300.00000000000136,288.50000000000136,TP,2026-03-22
XLM,2026-03-23 07:00:00+00:00,2026-03-23 11:00:00+00:00,-1,0.15694,0.1616482,-300.0000000000003,-311.5000000000003,SL,2026-03-23
XLM,2026-03-23 16:00:00+00:00,2026-03-24 16:00:00+00:00,-1,0.16498,0.16619,-73.3422232997949,-84.8422232997949,TIME,2026-03-23
XLM,2026-03-27 11:00:00+00:00,2026-03-28 11:00:00+00:00,-1,0.16866,0.16679,110.87394758686142,99.37394758686142,TIME,2026-03-27
XLM,2026-03-29 23:00:00+00:00,2026-03-30 02:00:00+00:00,-1,0.16361,0.1685183,-300.0000000000003,-311.5000000000003,SL,2026-03-29
XLM,2026-03-31 15:00:00+00:00,2026-04-01 03:00:00+00:00,-1,0.16462,0.1695586,-300.0000000000003,-311.5000000000003,SL,2026-03-31
XLM,2026-04-02 02:00:00+00:00,2026-04-02 11:00:00+00:00,-1,0.16664,0.1616408,300.0000000000003,288.5000000000003,TP,2026-04-02
XLM,2026-04-07 11:00:00+00:00,2026-04-07 22:00:00+00:00,-1,0.15492,0.1595676,-300.0000000000003,-311.5000000000003,SL,2026-04-07
XLM,2026-04-08 19:00:00+00:00,2026-04-09 08:00:00+00:00,-1,0.1583,0.153551,300.0000000000003,288.5000000000003,TP,2026-04-08
XLM,2026-04-12 02:00:00+00:00,2026-04-13 02:00:00+00:00,-1,0.15127,0.1505,50.902360018509896,39.402360018509896,TIME,2026-04-12
XLM,2026-04-16 14:00:00+00:00,2026-04-16 16:00:00+00:00,-1,0.16064,0.1654592,-300.0000000000003,-311.5000000000003,SL,2026-04-16
XRP,2025-07-01 15:00:00+00:00,2025-07-02 15:00:00+00:00,-1,2.1827,2.2114,-131.48852338846328,-142.98852338846328,TIME,2025-07-01
XRP,2025-07-04 14:00:00+00:00,2025-07-05 14:00:00+00:00,-1,2.2191,2.2269,-35.14938488576425,-46.64938488576425,TIME,2025-07-04
XRP,2025-07-09 21:00:00+00:00,2025-07-10 16:00:00+00:00,-1,2.3934,2.465202,-300.0000000000003,-311.5000000000003,SL,2025-07-09
XRP,2025-07-14 16:00:00+00:00,2025-07-15 02:00:00+00:00,-1,2.948,2.8595599999999997,300.00000000000136,288.50000000000136,TP,2025-07-14
XRP,2025-07-15 15:00:00+00:00,2025-07-15 18:00:00+00:00,-1,2.8548,2.9404440000000003,-300.0000000000003,-311.5000000000003,SL,2025-07-15
XRP,2025-07-22 14:00:00+00:00,2025-07-23 12:00:00+00:00,-1,3.4791,3.3747269999999996,300.0000000000003,288.5000000000003,TP,2025-07-22
XRP,2025-07-25 03:00:00+00:00,2025-07-26 03:00:00+00:00,-1,3.0755,3.1425,-217.85075597463788,-229.35075597463788,TIME,2025-07-25
XRP,2025-07-30 19:00:00+00:00,2025-07-31 03:00:00+00:00,-1,3.0471,3.138513,-300.0000000000003,-311.5000000000003,SL,2025-07-30
XRP,2025-07-31 20:00:00+00:00,2025-08-01 00:00:00+00:00,-1,3.0559,2.9642229999999996,300.0000000000003,288.5000000000003,TP,2025-07-31
XRP,2025-08-01 14:00:00+00:00,2025-08-01 14:00:00+00:00,-1,2.956,3.04468,-300.0000000000003,-311.5000000000003,SL,2025-08-01
XRP,2025-08-05 15:00:00+00:00,2025-08-06 15:00:00+00:00,-1,2.9742,3.0032,-97.50521148544023,-109.00521148544023,TIME,2025-08-05
XRP,2025-08-14 13:00:00+00:00,2025-08-15 13:00:00+00:00,-1,3.0998,3.0825,55.81005226143687,44.31005226143687,TIME,2025-08-14
XRP,2025-08-19 15:00:00+00:00,2025-08-19 23:00:00+00:00,-1,2.9416,2.853352,300.0000000000003,288.5000000000003,TP,2025-08-19
XRP,2025-08-20 14:00:00+00:00,2025-08-20 15:00:00+00:00,-1,2.837,2.9221100000000004,-300.0000000000003,-311.5000000000003,SL,2025-08-20
XRP,2025-08-24 20:00:00+00:00,2025-08-25 07:00:00+00:00,-1,3.0333,2.942301,300.0000000000003,288.5000000000003,TP,2025-08-24
XRP,2025-08-25 20:00:00+00:00,2025-08-26 17:00:00+00:00,-1,2.8746,2.9608380000000003,-300.0000000000003,-311.5000000000003,SL,2025-08-25
XRP,2025-08-29 08:00:00+00:00,2025-08-29 20:00:00+00:00,-1,2.8687,2.782639,300.0000000000003,288.5000000000003,TP,2025-08-29
XRP,2025-09-01 22:00:00+00:00,2025-09-02 05:00:00+00:00,-1,2.7258,2.8075740000000002,-300.0000000000003,-311.5000000000003,SL,2025-09-01
XRP,2025-09-05 15:00:00+00:00,2025-09-06 15:00:00+00:00,-1,2.808,2.8003,27.421652421651956,15.921652421651956,TIME,2025-09-05
XRP,2025-09-09 15:00:00+00:00,2025-09-10 15:00:00+00:00,-1,2.9665,3.0013,-117.30996123377801,-128.809961233778,TIME,2025-09-09
XRP,2025-09-15 00:00:00+00:00,2025-09-16 00:00:00+00:00,-1,3.0266,2.9845,139.0999801757753,127.5999801757753,TIME,2025-09-15
XRP,2025-09-22 01:00:00+00:00,2025-09-22 06:00:00+00:00,-1,2.915,2.82755,300.0000000000003,288.5000000000003,TP,2025-09-22
XRP,2025-09-22 07:00:00+00:00,2025-09-23 07:00:00+00:00,-1,2.8221,2.8631,-145.28188228624117,-156.78188228624117,TIME,2025-09-22
XRP,2025-09-23 18:00:00+00:00,2025-09-24 15:00:00+00:00,-1,2.8476,2.933028,-300.0000000000003,-311.5000000000003,SL,2025-09-23
XRP,2025-09-25 05:00:00+00:00,2025-09-25 17:00:00+00:00,-1,2.8439,2.7585830000000002,299.99999999999915,288.49999999999915,TP,2025-09-25
XRP,2025-09-25 18:00:00+00:00,2025-09-26 18:00:00+00:00,-1,2.7357,2.8014,-240.1579120517594,-251.6579120517594,TIME,2025-09-25
XRP,2025-10-05 10:00:00+00:00,2025-10-06 10:00:00+00:00,-1,3.0241,2.9932,102.17916074203859,90.67916074203859,TIME,2025-10-05
XRP,2025-10-07 15:00:00+00:00,2025-10-08 15:00:00+00:00,-1,2.9081,2.8641,151.30153708607043,139.80153708607043,TIME,2025-10-07
XRP,2025-10-09 14:00:00+00:00,2025-10-10 14:00:00+00:00,-1,2.8141,2.7983,56.145837034931034,44.645837034931034,TIME,2025-10-09
XRP,2025-10-10 15:00:00+00:00,2025-10-10 15:00:00+00:00,-1,2.7986,2.714642,300.0000000000003,288.5000000000003,TP,2025-10-10
XRP,2025-10-10 16:00:00+00:00,2025-10-10 19:00:00+00:00,-1,2.7407,2.658479,300.0000000000003,288.5000000000003,TP,2025-10-10
XRP,2025-10-10 21:00:00+00:00,2025-10-10 21:00:00+00:00,-1,2.4922,2.417434,299.99999999999915,288.49999999999915,TP,2025-10-10
XRP,2025-10-11 02:00:00+00:00,2025-10-11 02:00:00+00:00,-1,2.3328,2.4027840000000005,-300.0000000000003,-311.5000000000003,SL,2025-10-11
XRP,2025-10-11 08:00:00+00:00,2025-10-11 08:00:00+00:00,-1,2.4109,2.483227,-300.0000000000003,-311.5000000000003,SL,2025-10-11
XRP,2025-10-16 16:00:00+00:00,2025-10-17 06:00:00+00:00,-1,2.3536,2.282992,300.0000000000003,288.5000000000003,TP,2025-10-16
XRP,2025-10-17 07:00:00+00:00,2025-10-17 08:00:00+00:00,-1,2.2924,2.223628,300.0000000000003,288.5000000000003,TP,2025-10-17
XRP,2025-10-21 05:00:00+00:00,2025-10-21 15:00:00+00:00,-1,2.4231,2.495793,-300.0000000000003,-311.5000000000003,SL,2025-10-21
XRP,2025-10-21 23:00:00+00:00,2025-10-22 11:00:00+00:00,-1,2.4402,2.366994,299.99999999999915,288.49999999999915,TP,2025-10-21
XRP,2025-10-28 20:00:00+00:00,2025-10-29 18:00:00+00:00,-1,2.6409,2.561673,300.0000000000003,288.5000000000003,TP,2025-10-28
XRP,2025-10-29 19:00:00+00:00,2025-10-30 00:00:00+00:00,-1,2.6079,2.5296629999999998,300.0000000000003,288.5000000000003,TP,2025-10-29
XRP,2025-10-30 05:00:00+00:00,2025-10-30 07:00:00+00:00,-1,2.5072,2.5824160000000003,-300.0000000000003,-311.5000000000003,SL,2025-10-30
XRP,2025-10-30 13:00:00+00:00,2025-10-30 18:00:00+00:00,-1,2.4994,2.424418,299.99999999999915,288.49999999999915,TP,2025-10-30
XRP,2025-10-31 17:00:00+00:00,2025-11-01 17:00:00+00:00,-1,2.4939,2.5043,-41.701752275553616,-53.201752275553616,TIME,2025-10-31
XRP,2025-11-03 16:00:00+00:00,2025-11-04 05:00:00+00:00,-1,2.3272,2.257384,299.99999999999915,288.49999999999915,TP,2025-11-03
XRP,2025-11-04 06:00:00+00:00,2025-11-04 15:00:00+00:00,-1,2.249,2.3164700000000003,-300.0000000000003,-311.5000000000003,SL,2025-11-04
XRP,2025-11-10 15:00:00+00:00,2025-11-11 14:00:00+00:00,-1,2.5103,2.434991,299.99999999999915,288.49999999999915,TP,2025-11-10
XRP,2025-11-12 16:00:00+00:00,2025-11-13 03:00:00+00:00,-1,2.3671,2.4381130000000004,-300.0000000000003,-311.5000000000003,SL,2025-11-12
XRP,2025-11-13 16:00:00+00:00,2025-11-13 17:00:00+00:00,-1,2.4334,2.3603979999999996,300.00000000000136,288.50000000000136,TP,2025-11-13
XRP,2025-11-14 05:00:00+00:00,2025-11-15 05:00:00+00:00,-1,2.2886,2.2751,58.98802761513666,47.48802761513666,TIME,2025-11-14
XRP,2025-11-17 14:00:00+00:00,2025-11-17 14:00:00+00:00,-1,2.2103,2.276609,-300.0000000000003,-311.5000000000003,SL,2025-11-17
XRP,2025-11-17 18:00:00+00:00,2025-11-18 15:00:00+00:00,-1,2.1627,2.2275810000000003,-300.0000000000003,-311.5000000000003,SL,2025-11-17
XRP,2025-11-19 16:00:00+00:00,2025-11-20 05:00:00+00:00,-1,2.085,2.14755,-300.0000000000003,-311.5000000000003,SL,2025-11-19
XRP,2025-11-20 17:00:00+00:00,2025-11-21 07:00:00+00:00,-1,2.0094,1.949118,300.0000000000003,288.5000000000003,TP,2025-11-20
XRP,2025-11-21 08:00:00+00:00,2025-11-21 12:00:00+00:00,-1,1.9188,1.8612360000000001,300.0000000000003,288.5000000000003,TP,2025-11-21
XRP,2025-11-21 16:00:00+00:00,2025-11-21 17:00:00+00:00,-1,1.9106,1.967918,-300.0000000000003,-311.5000000000003,SL,2025-11-21
XRP,2025-11-28 17:00:00+00:00,2025-11-29 17:00:00+00:00,-1,2.1901,2.1973,-32.87521117756987,-44.37521117756987,TIME,2025-11-28
XRP,2025-12-01 01:00:00+00:00,2025-12-01 15:00:00+00:00,-1,2.0592,1.997424,300.0000000000003,288.5000000000003,TP,2025-12-01
XRP,2025-12-01 16:00:00+00:00,2025-12-02 14:00:00+00:00,-1,2.0069,2.067107,-300.0000000000003,-311.5000000000003,SL,2025-12-01
XRP,2025-12-05 17:00:00+00:00,2025-12-06 17:00:00+00:00,-1,2.0328,2.0319,4.427390791027497,-7.072609208972503,TIME,2025-12-05
XRP,2025-12-12 16:00:00+00:00,2025-12-13 05:00:00+00:00,-1,1.9767,2.036001,-300.0000000000025,-311.5000000000025,SL,2025-12-12
XRP,2025-12-15 15:00:00+00:00,2025-12-15 18:00:00+00:00,-1,1.9391,1.880927,300.0000000000003,288.5000000000003,TP,2025-12-15
XRP,2025-12-17 16:00:00+00:00,2025-12-17 18:00:00+00:00,-1,1.9102,1.8528939999999998,300.0000000000003,288.5000000000003,TP,2025-12-17
XRP,2025-12-18 18:00:00+00:00,2025-12-18 19:00:00+00:00,-1,1.8653,1.8093409999999999,300.0000000000003,288.5000000000003,TP,2025-12-18
XRP,2025-12-18 20:00:00+00:00,2025-12-19 07:00:00+00:00,-1,1.8055,1.8596650000000001,-300.0000000000003,-311.5000000000003,SL,2025-12-18
XRP,2025-12-26 15:00:00+00:00,2025-12-27 15:00:00+00:00,-1,1.8436,1.8486,-27.120850509871897,-38.6208505098719,TIME,2025-12-26
XRP,2025-12-29 10:00:00+00:00,2025-12-30 10:00:00+00:00,-1,1.8748,1.8611,73.07446127586937,61.57446127586937,TIME,2025-12-29
XRP,2026-01-06 17:00:00+00:00,2026-01-06 17:00:00+00:00,-1,2.2811,2.2126669999999997,300.00000000000136,288.50000000000136,TP,2026-01-06
XRP,2026-01-06 18:00:00+00:00,2026-01-06 21:00:00+00:00,-1,2.2085,2.274755,-300.0000000000003,-311.5000000000003,SL,2026-01-06
XRP,2026-01-07 01:00:00+00:00,2026-01-07 14:00:00+00:00,-1,2.282,2.21354,300.0000000000003,288.5000000000003,TP,2026-01-07
XRP,2026-01-08 07:00:00+00:00,2026-01-09 07:00:00+00:00,-1,2.1066,2.1196,-61.71081363334441,-73.2108136333444,TIME,2026-01-08
XRP,2026-01-19 00:00:00+00:00,2026-01-19 00:00:00+00:00,-1,1.9903,1.930591,300.0000000000003,288.5000000000003,TP,2026-01-19
XRP,2026-01-19 01:00:00+00:00,2026-01-19 16:00:00+00:00,-1,1.9431,2.001393,-300.0000000000003,-311.5000000000003,SL,2026-01-19
XRP,2026-01-21 17:00:00+00:00,2026-01-21 19:00:00+00:00,-1,1.8795,1.935885,-300.0000000000003,-311.5000000000003,SL,2026-01-21
XRP,2026-01-27 18:00:00+00:00,2026-01-28 11:00:00+00:00,-1,1.8794,1.9357820000000001,-300.0000000000003,-311.5000000000003,SL,2026-01-27
XRP,2026-01-29 15:00:00+00:00,2026-01-30 01:00:00+00:00,-1,1.8258,1.771026,300.0000000000003,288.5000000000003,TP,2026-01-29
XRP,2026-01-30 02:00:00+00:00,2026-01-31 02:00:00+00:00,-1,1.7556,1.7486,39.87240829346206,28.37240829346206,TIME,2026-01-30
XRP,2026-01-31 15:00:00+00:00,2026-01-31 17:00:00+00:00,-1,1.6386,1.589442,300.0000000000003,288.5000000000003,TP,2026-01-31
XRP,2026-01-31 18:00:00+00:00,2026-01-31 18:00:00+00:00,-1,1.5668,1.519796,300.0000000000003,288.5000000000003,TP,2026-01-31
XRP,2026-02-02 03:00:00+00:00,2026-02-02 03:00:00+00:00,-1,1.5902,1.542494,300.0000000000003,288.5000000000003,TP,2026-02-02
XRP,2026-02-03 03:00:00+00:00,2026-02-03 18:00:00+00:00,-1,1.5912,1.543464,300.0000000000003,288.5000000000003,TP,2026-02-03
XRP,2026-02-03 19:00:00+00:00,2026-02-03 19:00:00+00:00,-1,1.5305,1.5764150000000001,-300.0000000000003,-311.5000000000003,SL,2026-02-03
XRP,2026-02-05 16:00:00+00:00,2026-02-05 17:00:00+00:00,-1,1.2972,1.258284,299.99999999999915,288.49999999999915,TP,2026-02-05
XRP,2026-02-05 18:00:00+00:00,2026-02-05 19:00:00+00:00,-1,1.2495,1.212015,300.0000000000003,288.5000000000003,TP,2026-02-05
XRP,2026-02-05 21:00:00+00:00,2026-02-05 21:00:00+00:00,-1,1.1881,1.1524569999999998,300.0000000000003,288.5000000000003,TP,2026-02-05
XRP,2026-02-16 14:00:00+00:00,2026-02-17 14:00:00+00:00,-1,1.4894,1.444718,300.0000000000003,288.5000000000003,TP,2026-02-16
XRP,2026-02-17 15:00:00+00:00,2026-02-17 16:00:00+00:00,-1,1.4336,1.476608,-300.0000000000003,-311.5000000000003,SL,2026-02-17
XRP,2026-02-23 01:00:00+00:00,2026-02-23 11:00:00+00:00,-1,1.3635,1.404405,-300.0000000000003,-311.5000000000003,SL,2026-02-23
XRP,2026-02-28 07:00:00+00:00,2026-02-28 13:00:00+00:00,-1,1.2961,1.334983,-300.0000000000003,-311.5000000000003,SL,2026-02-28
XRP,2026-03-13 15:00:00+00:00,2026-03-14 15:00:00+00:00,-1,1.4223,1.3894,231.3154749349644,219.8154749349644,TIME,2026-03-13
XRP,2026-03-18 12:00:00+00:00,2026-03-18 14:00:00+00:00,-1,1.4887,1.4440389999999999,300.0000000000003,288.5000000000003,TP,2026-03-18
XRP,2026-03-18 15:00:00+00:00,2026-03-19 15:00:00+00:00,-1,1.4449,1.4308,97.58460793134472,86.08460793134472,TIME,2026-03-18
XRP,2026-03-22 00:00:00+00:00,2026-03-23 00:00:00+00:00,-1,1.4081,1.3787,208.79198920531138,197.29198920531138,TIME,2026-03-22
XRP,2026-03-23 07:00:00+00:00,2026-03-23 11:00:00+00:00,-1,1.3707,1.411821,-300.0000000000003,-311.5000000000003,SL,2026-03-23
XRP,2026-03-23 16:00:00+00:00,2026-03-24 16:00:00+00:00,-1,1.4315,1.3903,287.8099895214803,276.3099895214803,TIME,2026-03-23
XRP,2026-03-27 11:00:00+00:00,2026-03-28 11:00:00+00:00,-1,1.3329,1.3394,-48.76584890089353,-60.26584890089353,TIME,2026-03-27
XRP,2026-03-29 23:00:00+00:00,2026-03-30 04:00:00+00:00,-1,1.3181,1.3576430000000002,-300.0000000000003,-311.5000000000003,SL,2026-03-29
XRP,2026-03-31 15:00:00+00:00,2026-04-01 06:00:00+00:00,-1,1.3143,1.353729,-300.0000000000003,-311.5000000000003,SL,2026-03-31
XRP,2026-04-02 02:00:00+00:00,2026-04-02 13:00:00+00:00,-1,1.3273,1.2874809999999999,300.0000000000003,288.5000000000003,TP,2026-04-02
XRP,2026-04-07 11:00:00+00:00,2026-04-07 22:00:00+00:00,-1,1.3066,1.345798,-300.0000000000003,-311.5000000000003,SL,2026-04-07
XRP,2026-04-08 19:00:00+00:00,2026-04-09 19:00:00+00:00,-1,1.3469,1.3556,-64.59276857970097,-76.09276857970097,TIME,2026-04-08
XRP,2026-04-12 02:00:00+00:00,2026-04-13 02:00:00+00:00,-1,1.3284,1.3243,30.864197530864335,19.364197530864335,TIME,2026-04-12
XRP,2026-04-16 14:00:00+00:00,2026-04-16 19:00:00+00:00,-1,1.4063,1.4484890000000001,-300.0000000000003,-311.5000000000003,SL,2026-04-16
