symbol,entry_ts,exit_ts,side,entry,exit,gross_bps,net_bps,exit_reason
ETH,2025-06-27 17:00:00+00:00,2025-06-27 17:00:00+00:00,1,2432.29,2395.80565,-150.00000000000125,-161.50000000000125,SL
ETH,2025-06-30 17:00:00+00:00,2025-06-30 19:00:00+00:00,1,2473.95,2511.05925,149.99999999999903,138.49999999999903,TP
ETH,2025-07-02 10:00:00+00:00,2025-07-02 15:00:00+00:00,1,2447.67,2484.38505,149.99999999999903,138.49999999999903,TP
ETH,2025-07-03 15:00:00+00:00,2025-07-03 21:00:00+00:00,1,2594.0,2594.96,3.7008481110256675,-7.7991518889743325,TIME
ETH,2025-07-09 21:00:00+00:00,2025-07-09 22:00:00+00:00,1,2737.08,2778.1361999999995,149.99999999999903,138.49999999999903,TP
ETH,2025-07-10 18:00:00+00:00,2025-07-10 21:00:00+00:00,1,2828.79,2871.22185,149.99999999999903,138.49999999999903,TP
ETH,2025-07-10 23:00:00+00:00,2025-07-11 00:00:00+00:00,1,2973.51,2928.90735,-150.00000000000125,-161.50000000000125,SL
ETH,2025-07-11 07:00:00+00:00,2025-07-11 09:00:00+00:00,1,2987.39,3032.2008499999997,149.99999999999903,138.49999999999903,TP
ETH,2025-07-14 05:00:00+00:00,2025-07-14 11:00:00+00:00,1,3052.41,3051.31,-3.6037098554908553,-15.103709855490855,TIME
ETH,2025-07-15 15:00:00+00:00,2025-07-15 15:00:00+00:00,1,2976.5,3021.1474999999996,149.99999999999903,138.49999999999903,TP
ETH,2025-07-15 18:00:00+00:00,2025-07-15 18:00:00+00:00,1,3095.66,3049.2250999999997,-150.00000000000014,-161.50000000000014,SL
ETH,2025-07-15 23:00:00+00:00,2025-07-15 23:00:00+00:00,1,3094.0,3140.41,149.99999999999903,138.49999999999903,TP
ETH,2025-07-17 19:00:00+00:00,2025-07-17 20:00:00+00:00,1,3426.3,3374.9055000000003,-150.00000000000014,-161.50000000000014,SL
ETH,2025-07-17 23:00:00+00:00,2025-07-17 23:00:00+00:00,1,3466.44,3518.4365999999995,149.99999999999903,138.49999999999903,TP
ETH,2025-07-21 04:00:00+00:00,2025-07-21 10:00:00+00:00,1,3756.71,3813.06065,149.99999999999903,138.49999999999903,TP
ETH,2025-07-22 07:00:00+00:00,2025-07-22 08:00:00+00:00,1,3690.0,3634.65,-150.00000000000014,-161.50000000000014,SL
ETH,2025-07-22 16:00:00+00:00,2025-07-22 19:00:00+00:00,1,3716.96,3661.2056,-150.00000000000125,-161.50000000000125,SL
ETH,2025-07-23 16:00:00+00:00,2025-07-23 16:00:00+00:00,1,3643.36,3588.7096,-150.00000000000014,-161.50000000000014,SL
ETH,2025-07-24 09:00:00+00:00,2025-07-24 14:00:00+00:00,1,3632.51,3686.99765,149.99999999999903,138.49999999999903,TP
ETH,2025-07-24 16:00:00+00:00,2025-07-24 16:00:00+00:00,1,3730.38,3674.4243,-150.00000000000014,-161.50000000000014,SL
ETH,2025-07-25 06:00:00+00:00,2025-07-25 09:00:00+00:00,1,3632.26,3686.7439,149.99999999999903,138.49999999999903,TP
ETH,2025-07-25 11:00:00+00:00,2025-07-25 14:00:00+00:00,1,3718.9,3663.1165,-150.00000000000014,-161.50000000000014,SL
ETH,2025-07-25 17:00:00+00:00,2025-07-25 20:00:00+00:00,1,3639.44,3694.0316,149.99999999999903,138.49999999999903,TP
ETH,2025-07-30 16:00:00+00:00,2025-07-30 18:00:00+00:00,1,3795.19,3738.26215,-150.00000000000014,-161.50000000000014,SL
ETH,2025-08-01 16:00:00+00:00,2025-08-01 18:00:00+00:00,1,3614.48,3560.2628,-150.00000000000014,-161.50000000000014,SL
ETH,2025-08-04 02:00:00+00:00,2025-08-04 08:00:00+00:00,1,3535.99,3549.16,37.24558044564618,25.745580445646183,TIME
ETH,2025-08-06 07:00:00+00:00,2025-08-06 13:00:00+00:00,1,3631.19,3576.72215,-150.00000000000014,-161.50000000000014,SL
ETH,2025-08-06 16:00:00+00:00,2025-08-06 22:00:00+00:00,1,3663.34,3681.09,48.45305104085318,36.95305104085318,TIME
ETH,2025-08-07 12:00:00+00:00,2025-08-07 18:00:00+00:00,1,3825.75,3826.13,0.9932692936032161,-10.506730706396784,TIME
ETH,2025-08-07 21:00:00+00:00,2025-08-08 00:00:00+00:00,1,3872.28,3930.3642,149.99999999999903,138.49999999999903,TP
ETH,2025-08-10 04:00:00+00:00,2025-08-10 07:00:00+00:00,1,4241.48,4177.8578,-149.99999999999903,-161.49999999999903,SL
ETH,2025-08-11 03:00:00+00:00,2025-08-11 09:00:00+00:00,1,4307.59,4264.6,-99.8005845495964,-111.3005845495964,TIME
ETH,2025-08-12 14:00:00+00:00,2025-08-12 15:00:00+00:00,1,4381.35,4447.07025,149.99999999999903,138.49999999999903,TP
ETH,2025-08-13 15:00:00+00:00,2025-08-13 16:00:00+00:00,1,4648.01,4717.730149999999,149.99999999999903,138.49999999999903,TP
ETH,2025-08-13 21:00:00+00:00,2025-08-14 03:00:00+00:00,1,4716.8,4774.99,123.36753731343242,111.86753731343242,TIME
ETH,2025-08-18 16:00:00+00:00,2025-08-18 22:00:00+00:00,1,4343.8,4339.0,-11.050232515309455,-22.550232515309453,TIME
ETH,2025-08-20 16:00:00+00:00,2025-08-20 16:00:00+00:00,1,4253.19,4316.9878499999995,149.99999999999903,138.49999999999903,TP
ETH,2025-08-20 21:00:00+00:00,2025-08-21 02:00:00+00:00,1,4353.29,4287.99065,-150.00000000000014,-161.50000000000014,SL
ETH,2025-08-22 16:00:00+00:00,2025-08-22 16:00:00+00:00,1,4610.16,4679.3124,149.99999999999903,138.49999999999903,TP
ETH,2025-08-22 19:00:00+00:00,2025-08-22 20:00:00+00:00,1,4789.09,4860.92635,149.99999999999903,138.49999999999903,TP
ETH,2025-08-25 16:00:00+00:00,2025-08-25 19:00:00+00:00,1,4610.02,4540.8697,-150.00000000000014,-161.50000000000014,SL
ETH,2025-08-26 03:00:00+00:00,2025-08-26 09:00:00+00:00,1,4394.46,4418.07,53.726737756174536,42.226737756174536,TIME
ETH,2025-08-26 20:00:00+00:00,2025-08-27 02:00:00+00:00,1,4593.83,4575.14,-40.68500575772238,-52.18500575772238,TIME
ETH,2025-08-28 06:00:00+00:00,2025-08-28 12:00:00+00:00,1,4568.31,4597.43,63.74348500867821,52.24348500867821,TIME
ETH,2025-08-29 23:00:00+00:00,2025-08-30 01:00:00+00:00,1,4364.75,4299.2787499999995,-150.00000000000125,-161.50000000000125,SL
ETH,2025-09-01 09:00:00+00:00,2025-09-01 10:00:00+00:00,1,4473.7,4406.5945,-149.99999999999903,-161.49999999999903,SL
ETH,2025-09-02 00:00:00+00:00,2025-09-02 03:00:00+00:00,1,4312.07,4376.751049999999,149.99999999999903,138.49999999999903,TP
ETH,2025-09-02 04:00:00+00:00,2025-09-02 10:00:00+00:00,1,4365.23,4389.96,56.652226801336965,45.152226801336965,TIME
ETH,2025-09-02 15:00:00+00:00,2025-09-02 16:00:00+00:00,1,4345.38,4280.1993,-150.00000000000014,-161.50000000000014,SL
ETH,2025-09-03 16:00:00+00:00,2025-09-03 21:00:00+00:00,1,4477.19,4410.032149999999,-150.00000000000125,-161.50000000000125,SL
ETH,2025-09-05 00:00:00+00:00,2025-09-05 06:00:00+00:00,1,4295.19,4330.81,82.92997515826129,71.42997515826129,TIME
ETH,2025-09-05 09:00:00+00:00,2025-09-05 12:00:00+00:00,1,4404.25,4470.313749999999,149.99999999999903,138.49999999999903,TP
ETH,2025-09-05 14:00:00+00:00,2025-09-05 14:00:00+00:00,1,4440.86,4374.2471,-150.00000000000014,-161.50000000000014,SL
ETH,2025-09-08 16:00:00+00:00,2025-09-08 17:00:00+00:00,1,4369.93,4304.38105,-150.00000000000125,-161.50000000000125,SL
ETH,2025-09-09 08:00:00+00:00,2025-09-09 14:00:00+00:00,1,4360.0,4294.6,-149.99999999999903,-161.49999999999903,SL
ETH,2025-09-10 09:00:00+00:00,2025-09-10 13:00:00+00:00,1,4330.23,4395.1834499999995,149.99999999999903,138.49999999999903,TP
ETH,2025-09-10 14:00:00+00:00,2025-09-10 17:00:00+00:00,1,4416.71,4350.45935,-150.00000000000014,-161.50000000000014,SL
ETH,2025-09-17 07:00:00+00:00,2025-09-17 13:00:00+00:00,1,4543.46,4494.08,-108.68369040334946,-120.18369040334946,TIME
ETH,2025-09-24 16:00:00+00:00,2025-09-24 22:00:00+00:00,1,4163.81,4151.98,-28.41147890994211,-39.91147890994211,TIME
ETH,2025-09-25 20:00:00+00:00,2025-09-25 23:00:00+00:00,1,3909.39,3850.7491499999996,-150.00000000000014,-161.50000000000014,SL
ETH,2025-09-29 00:00:00+00:00,2025-09-29 06:00:00+00:00,1,4140.01,4095.55,-107.39104494916663,-118.89104494916663,TIME
ETH,2025-09-29 15:00:00+00:00,2025-09-29 21:00:00+00:00,1,4186.72,4222.18,84.69637329460822,73.19637329460822,TIME
ETH,2025-10-01 10:00:00+00:00,2025-10-01 16:00:00+00:00,1,4309.52,4322.64,30.444225807049197,18.944225807049197,TIME
ETH,2025-10-02 01:00:00+00:00,2025-10-02 06:00:00+00:00,1,4333.32,4398.319799999999,149.99999999999903,138.49999999999903,TP
ETH,2025-10-02 17:00:00+00:00,2025-10-02 19:00:00+00:00,1,4445.92,4512.6088,149.99999999999903,138.49999999999903,TP
ETH,2025-10-03 17:00:00+00:00,2025-10-03 17:00:00+00:00,1,4520.85,4453.03725,-150.00000000000014,-161.50000000000014,SL
ETH,2025-10-05 04:00:00+00:00,2025-10-05 07:00:00+00:00,1,4530.1,4598.0515,149.99999999999903,138.49999999999903,TP
ETH,2025-10-08 10:00:00+00:00,2025-10-08 16:00:00+00:00,1,4482.02,4493.96,26.63977403045914,15.13977403045914,TIME
ETH,2025-10-08 18:00:00+00:00,2025-10-09 00:00:00+00:00,1,4535.47,4509.0,-58.36219840501755,-69.86219840501755,TIME
ETH,2025-10-09 14:00:00+00:00,2025-10-09 16:00:00+00:00,1,4346.48,4281.2828,-149.99999999999903,-161.49999999999903,SL
ETH,2025-10-09 19:00:00+00:00,2025-10-09 22:00:00+00:00,1,4306.88,4371.4832,149.99999999999903,138.49999999999903,TP
ETH,2025-10-11 04:00:00+00:00,2025-10-11 07:00:00+00:00,1,3790.55,3733.69175,-150.00000000000014,-161.50000000000014,SL
ETH,2025-10-11 10:00:00+00:00,2025-10-11 16:00:00+00:00,1,3830.99,3817.27,-35.81319711092878,-47.31319711092878,TIME
ETH,2025-10-12 06:00:00+00:00,2025-10-12 10:00:00+00:00,1,3804.25,3861.31375,149.99999999999903,138.49999999999903,TP
ETH,2025-10-12 16:00:00+00:00,2025-10-12 16:00:00+00:00,1,4033.97,4094.4795499999996,149.99999999999903,138.49999999999903,TP
ETH,2025-10-12 17:00:00+00:00,2025-10-12 20:00:00+00:00,1,4104.0,4165.5599999999995,149.99999999999903,138.49999999999903,TP
ETH,2025-10-13 15:00:00+00:00,2025-10-13 16:00:00+00:00,1,4094.14,4155.5521,149.99999999999903,138.49999999999903,TP
ETH,2025-10-14 17:00:00+00:00,2025-10-14 23:00:00+00:00,1,4094.31,4122.52,68.90049849669566,57.40049849669566,TIME
ETH,2025-10-16 03:00:00+00:00,2025-10-16 09:00:00+00:00,1,4029.43,3968.9885499999996,-150.00000000000014,-161.50000000000014,SL
ETH,2025-10-16 18:00:00+00:00,2025-10-16 19:00:00+00:00,1,3919.07,3860.28395,-150.00000000000014,-161.50000000000014,SL
ETH,2025-10-17 13:00:00+00:00,2025-10-17 14:00:00+00:00,1,3773.59,3716.98615,-150.00000000000014,-161.50000000000014,SL
ETH,2025-10-17 17:00:00+00:00,2025-10-17 18:00:00+00:00,1,3785.34,3842.1200999999996,149.99999999999903,138.49999999999903,TP
ETH,2025-10-19 11:00:00+00:00,2025-10-19 14:00:00+00:00,1,3929.51,3988.4526499999997,149.99999999999903,138.49999999999903,TP
ETH,2025-10-20 04:00:00+00:00,2025-10-20 10:00:00+00:00,1,4025.96,4024.28,-4.172917763712869,-15.672917763712869,TIME
ETH,2025-10-21 12:00:00+00:00,2025-10-21 14:00:00+00:00,1,3888.65,3946.9797499999995,149.99999999999903,138.49999999999903,TP
ETH,2025-10-21 16:00:00+00:00,2025-10-21 16:00:00+00:00,1,4080.37,4019.1644499999998,-150.00000000000014,-161.50000000000014,SL
ETH,2025-10-21 17:00:00+00:00,2025-10-21 17:00:00+00:00,1,4027.99,3967.5701499999996,-150.00000000000014,-161.50000000000014,SL
ETH,2025-10-22 15:00:00+00:00,2025-10-22 15:00:00+00:00,1,3851.68,3793.9048,-150.00000000000014,-161.50000000000014,SL
ETH,2025-10-23 08:00:00+00:00,2025-10-23 14:00:00+00:00,1,3879.42,3821.2287,-150.00000000000014,-161.50000000000014,SL
ETH,2025-10-23 19:00:00+00:00,2025-10-24 01:00:00+00:00,1,3868.64,3879.6,28.33036932875732,16.83036932875732,TIME
ETH,2025-10-24 06:00:00+00:00,2025-10-24 12:00:00+00:00,1,3973.99,3961.91,-30.397660789281964,-41.897660789281964,TIME
ETH,2025-10-26 11:00:00+00:00,2025-10-26 11:00:00+00:00,1,3980.85,4040.5627499999996,149.99999999999903,138.49999999999903,TP
ETH,2025-10-26 13:00:00+00:00,2025-10-26 19:00:00+00:00,1,4072.63,4066.59,-14.830711358507775,-26.330711358507777,TIME
ETH,2025-10-27 00:00:00+00:00,2025-10-27 03:00:00+00:00,1,4156.81,4219.16215,149.99999999999903,138.49999999999903,TP
ETH,2025-10-28 15:00:00+00:00,2025-10-28 19:00:00+00:00,1,4117.26,4055.5011,-150.00000000000014,-161.50000000000014,SL
ETH,2025-10-29 19:00:00+00:00,2025-10-30 01:00:00+00:00,1,3918.57,3924.92,16.204891069957483,4.704891069957483,TIME
ETH,2025-10-30 07:00:00+00:00,2025-10-30 12:00:00+00:00,1,3911.72,3853.0442,-150.00000000000014,-161.50000000000014,SL
ETH,2025-10-30 22:00:00+00:00,2025-10-31 00:00:00+00:00,1,3773.06,3829.6558999999997,149.99999999999903,138.49999999999903,TP
ETH,2025-10-31 02:00:00+00:00,2025-10-31 08:00:00+00:00,1,3845.35,3851.09,14.927119768031183,3.427119768031183,TIME
ETH,2025-11-02 13:00:00+00:00,2025-11-02 19:00:00+00:00,1,3875.22,3854.59,-53.23568726420591,-64.73568726420591,TIME
ETH,2025-11-03 01:00:00+00:00,2025-11-03 02:00:00+00:00,1,3862.73,3804.78905,-150.00000000000014,-161.50000000000014,SL
ETH,2025-11-03 13:00:00+00:00,2025-11-03 15:00:00+00:00,1,3707.13,3651.5230500000002,-150.00000000000014,-161.50000000000014,SL
ETH,2025-11-03 18:00:00+00:00,2025-11-03 20:00:00+00:00,1,3665.35,3610.36975,-150.00000000000014,-161.50000000000014,SL
ETH,2025-11-04 05:00:00+00:00,2025-11-04 05:00:00+00:00,1,3623.9,3569.5415,-150.00000000000125,-161.50000000000125,SL
ETH,2025-11-04 13:00:00+00:00,2025-11-04 14:00:00+00:00,1,3509.85,3562.4977499999995,149.99999999999903,138.49999999999903,TP
ETH,2025-11-05 00:00:00+00:00,2025-11-05 00:00:00+00:00,1,3284.75,3235.4787499999998,-150.00000000000125,-161.50000000000125,SL
ETH,2025-11-05 04:00:00+00:00,2025-11-05 08:00:00+00:00,1,3333.17,3283.17245,-150.00000000000014,-161.50000000000014,SL
ETH,2025-11-05 13:00:00+00:00,2025-11-05 15:00:00+00:00,1,3343.66,3393.8148999999994,149.99999999999903,138.49999999999903,TP
ETH,2025-11-06 15:00:00+00:00,2025-11-06 15:00:00+00:00,1,3327.6,3277.6859999999997,-150.00000000000014,-161.50000000000014,SL
ETH,2025-11-06 19:00:00+00:00,2025-11-07 01:00:00+00:00,1,3326.93,3277.02605,-150.00000000000014,-161.50000000000014,SL
ETH,2025-11-07 15:00:00+00:00,2025-11-07 17:00:00+00:00,1,3286.34,3335.6351,149.99999999999903,138.49999999999903,TP
ETH,2025-11-07 19:00:00+00:00,2025-11-08 01:00:00+00:00,1,3424.46,3436.07,33.90315553401191,22.40315553401191,TIME
ETH,2025-11-09 15:00:00+00:00,2025-11-09 19:00:00+00:00,1,3505.62,3558.2042999999994,149.99999999999903,138.49999999999903,TP
ETH,2025-11-09 20:00:00+00:00,2025-11-10 00:00:00+00:00,1,3578.63,3632.3094499999997,149.99999999999903,138.49999999999903,TP
ETH,2025-11-10 02:00:00+00:00,2025-11-10 08:00:00+00:00,1,3628.03,3592.71,-97.35310898752236,-108.85310898752236,TIME
ETH,2025-11-10 19:00:00+00:00,2025-11-11 00:00:00+00:00,1,3530.91,3583.8736499999995,149.99999999999903,138.49999999999903,TP
ETH,2025-11-12 10:00:00+00:00,2025-11-12 10:00:00+00:00,1,3482.08,3534.3111999999996,149.99999999999903,138.49999999999903,TP
ETH,2025-11-13 07:00:00+00:00,2025-11-13 09:00:00+00:00,1,3539.22,3486.1317,-150.00000000000014,-161.50000000000014,SL
ETH,2025-11-13 23:00:00+00:00,2025-11-14 04:00:00+00:00,1,3226.79,3178.3881499999998,-150.00000000000014,-161.50000000000014,SL
ETH,2025-11-14 16:00:00+00:00,2025-11-14 16:00:00+00:00,1,3195.15,3243.07725,149.99999999999903,138.49999999999903,TP
ETH,2025-11-14 21:00:00+00:00,2025-11-14 22:00:00+00:00,1,3135.41,3182.4411499999997,149.99999999999903,138.49999999999903,TP
ETH,2025-11-14 23:00:00+00:00,2025-11-14 23:00:00+00:00,1,3156.55,3109.20175,-150.00000000000014,-161.50000000000014,SL
ETH,2025-11-15 04:00:00+00:00,2025-11-15 10:00:00+00:00,1,3177.9,3167.42,-32.977752603921,-44.477752603921,TIME
ETH,2025-11-15 15:00:00+00:00,2025-11-15 18:00:00+00:00,1,3176.7,3224.3504999999996,149.99999999999903,138.49999999999903,TP
ETH,2025-11-16 04:00:00+00:00,2025-11-16 10:00:00+00:00,1,3201.64,3235.0,104.19659924288949,92.69659924288949,TIME
ETH,2025-11-17 00:00:00+00:00,2025-11-17 01:00:00+00:00,1,3094.34,3140.7551,149.99999999999903,138.49999999999903,TP
ETH,2025-11-17 02:00:00+00:00,2025-11-17 03:00:00+00:00,1,3114.87,3161.5930499999995,149.99999999999903,138.49999999999903,TP
ETH,2025-11-17 16:00:00+00:00,2025-11-17 16:00:00+00:00,1,3118.89,3072.1066499999997,-150.00000000000014,-161.50000000000014,SL
ETH,2025-11-18 09:00:00+00:00,2025-11-18 15:00:00+00:00,1,3059.24,3105.1285999999996,149.99999999999903,138.49999999999903,TP
ETH,2025-11-18 17:00:00+00:00,2025-11-18 21:00:00+00:00,1,3150.88,3103.6168000000002,-150.00000000000014,-161.50000000000014,SL
ETH,2025-11-19 00:00:00+00:00,2025-11-19 03:00:00+00:00,1,3122.17,3075.33745,-150.00000000000014,-161.50000000000014,SL
ETH,2025-11-19 09:00:00+00:00,2025-11-19 14:00:00+00:00,1,3078.58,3032.4013,-150.00000000000014,-161.50000000000014,SL
ETH,2025-11-19 22:00:00+00:00,2025-11-20 00:00:00+00:00,1,2990.15,3035.00225,149.99999999999903,138.49999999999903,TP
ETH,2025-11-20 01:00:00+00:00,2025-11-20 07:00:00+00:00,1,3017.83,3038.46,68.36037815251439,56.860378152514386,TIME
ETH,2025-11-20 23:00:00+00:00,2025-11-20 23:00:00+00:00,1,2885.56,2842.2765999999997,-150.00000000000125,-161.50000000000125,SL
ETH,2025-11-21 00:00:00+00:00,2025-11-21 01:00:00+00:00,1,2833.37,2875.8705499999996,149.99999999999903,138.49999999999903,TP
ETH,2025-11-21 02:00:00+00:00,2025-11-21 02:00:00+00:00,1,2859.58,2816.6863,-150.00000000000014,-161.50000000000014,SL
ETH,2025-11-21 12:00:00+00:00,2025-11-21 12:00:00+00:00,1,2688.07,2647.74895,-150.00000000000014,-161.50000000000014,SL
ETH,2025-11-21 14:00:00+00:00,2025-11-21 14:00:00+00:00,1,2740.18,2781.2826999999997,149.99999999999903,138.49999999999903,TP
ETH,2025-11-21 15:00:00+00:00,2025-11-21 15:00:00+00:00,1,2770.67,2729.10995,-150.00000000000014,-161.50000000000014,SL
ETH,2025-11-21 16:00:00+00:00,2025-11-21 16:00:00+00:00,1,2704.61,2745.17915,149.99999999999903,138.49999999999903,TP
ETH,2025-11-21 18:00:00+00:00,2025-11-21 18:00:00+00:00,1,2779.13,2737.44305,-150.00000000000125,-161.50000000000125,SL
ETH,2025-11-21 23:00:00+00:00,2025-11-21 23:00:00+00:00,1,2721.04,2761.8556,149.99999999999903,138.49999999999903,TP
ETH,2025-11-22 01:00:00+00:00,2025-11-22 07:00:00+00:00,1,2765.18,2755.14,-36.30866706688107,-47.80866706688107,TIME
ETH,2025-11-22 16:00:00+00:00,2025-11-22 22:00:00+00:00,1,2738.24,2779.3135999999995,149.99999999999903,138.49999999999903,TP
ETH,2025-11-23 00:00:00+00:00,2025-11-23 01:00:00+00:00,1,2768.71,2810.2406499999997,149.99999999999903,138.49999999999903,TP
ETH,2025-11-23 03:00:00+00:00,2025-11-23 07:00:00+00:00,1,2819.59,2777.29615,-150.00000000000014,-161.50000000000014,SL
ETH,2025-11-23 17:00:00+00:00,2025-11-23 21:00:00+00:00,1,2798.66,2840.6398999999997,149.99999999999903,138.49999999999903,TP
ETH,2025-11-24 07:00:00+00:00,2025-11-24 09:00:00+00:00,1,2836.82,2794.2677000000003,-149.99999999999903,-161.49999999999903,SL
ETH,2025-11-24 18:00:00+00:00,2025-11-24 20:00:00+00:00,1,2940.49,2984.5973499999996,149.99999999999903,138.49999999999903,TP
ETH,2025-11-24 22:00:00+00:00,2025-11-25 02:00:00+00:00,1,2957.99,2913.6201499999997,-150.00000000000014,-161.50000000000014,SL
ETH,2025-11-25 06:00:00+00:00,2025-11-25 08:00:00+00:00,1,2926.93,2883.02605,-150.00000000000014,-161.50000000000014,SL
ETH,2025-11-26 00:00:00+00:00,2025-11-26 06:00:00+00:00,1,2958.53,2944.65,-46.91519099011998,-58.41519099011998,TIME
ETH,2025-11-26 18:00:00+00:00,2025-11-27 00:00:00+00:00,1,3025.67,3033.75,26.704829013077802,15.204829013077802,TIME
ETH,2025-11-27 03:00:00+00:00,2025-11-27 09:00:00+00:00,1,3034.68,3026.28,-27.680018980583696,-39.1800189805837,TIME
ETH,2025-11-28 10:00:00+00:00,2025-11-28 16:00:00+00:00,1,3053.85,3023.75,-98.5641076018795,-110.0641076018795,TIME
ETH,2025-12-01 15:00:00+00:00,2025-12-01 15:00:00+00:00,1,2816.32,2774.0752,-150.00000000000014,-161.50000000000014,SL
ETH,2025-12-01 23:00:00+00:00,2025-12-02 05:00:00+00:00,1,2795.83,2802.27,23.03430466086942,11.53430466086942,TIME
ETH,2025-12-02 16:00:00+00:00,2025-12-02 22:00:00+00:00,1,3004.75,3016.37,38.67210250436681,27.172102504366812,TIME
ETH,2025-12-03 03:00:00+00:00,2025-12-03 06:00:00+00:00,1,3029.41,3074.8511499999995,149.99999999999903,138.49999999999903,TP
ETH,2025-12-03 19:00:00+00:00,2025-12-03 21:00:00+00:00,1,3112.57,3159.25855,149.99999999999903,138.49999999999903,TP
ETH,2025-12-03 23:00:00+00:00,2025-12-04 01:00:00+00:00,1,3187.78,3235.5967,149.99999999999903,138.49999999999903,TP
ETH,2025-12-04 04:00:00+00:00,2025-12-04 10:00:00+00:00,1,3209.0,3187.14,-68.120909940792,-79.620909940792,TIME
ETH,2025-12-04 17:00:00+00:00,2025-12-04 19:00:00+00:00,1,3167.23,3119.7215499999998,-150.00000000000125,-161.50000000000125,SL
ETH,2025-12-05 21:00:00+00:00,2025-12-06 03:00:00+00:00,1,3020.26,3038.85,61.550992298675666,50.050992298675666,TIME
ETH,2025-12-07 17:00:00+00:00,2025-12-07 17:00:00+00:00,1,3038.55,3084.1282499999998,149.99999999999903,138.49999999999903,TP
ETH,2025-12-07 19:00:00+00:00,2025-12-07 21:00:00+00:00,1,3128.62,3081.6906999999997,-150.00000000000125,-161.50000000000125,SL
ETH,2025-12-08 01:00:00+00:00,2025-12-08 01:00:00+00:00,1,3062.2,3108.1329999999994,149.99999999999903,138.49999999999903,TP
ETH,2025-12-08 03:00:00+00:00,2025-12-08 09:00:00+00:00,1,3108.95,3155.5842499999994,149.99999999999903,138.49999999999903,TP
ETH,2025-12-08 22:00:00+00:00,2025-12-09 01:00:00+00:00,1,3145.11,3097.9333500000002,-150.00000000000014,-161.50000000000014,SL
ETH,2025-12-09 17:00:00+00:00,2025-12-09 20:00:00+00:00,1,3364.65,3314.18025,-150.00000000000014,-161.50000000000014,SL
ETH,2025-12-11 06:00:00+00:00,2025-12-11 12:00:00+00:00,1,3212.77,3197.21,-48.43172713888566,-59.93172713888566,TIME
ETH,2025-12-11 20:00:00+00:00,2025-12-11 21:00:00+00:00,1,3192.69,3240.5803499999997,149.99999999999903,138.49999999999903,TP
ETH,2025-12-11 22:00:00+00:00,2025-12-12 00:00:00+00:00,1,3248.82,3200.0877,-150.00000000000014,-161.50000000000014,SL
ETH,2025-12-12 03:00:00+00:00,2025-12-12 09:00:00+00:00,1,3257.75,3249.73,-24.618218095311395,-36.11821809531139,TIME
ETH,2025-12-15 03:00:00+00:00,2025-12-15 09:00:00+00:00,1,3118.48,3152.41,108.8030065929546,97.3030065929546,TIME
ETH,2025-12-16 12:00:00+00:00,2025-12-16 13:00:00+00:00,1,2956.58,2912.2313,-150.00000000000014,-161.50000000000014,SL
ETH,2025-12-16 16:00:00+00:00,2025-12-16 17:00:00+00:00,1,2961.91,2917.48135,-149.99999999999903,-161.49999999999903,SL
ETH,2025-12-16 20:00:00+00:00,2025-12-17 02:00:00+00:00,1,2943.01,2958.46,52.497273199887395,40.997273199887395,TIME
ETH,2025-12-17 15:00:00+00:00,2025-12-17 15:00:00+00:00,1,2994.82,2949.8977,-150.00000000000014,-161.50000000000014,SL
ETH,2025-12-17 16:00:00+00:00,2025-12-17 16:00:00+00:00,1,2902.83,2859.28755,-150.00000000000014,-161.50000000000014,SL
ETH,2025-12-18 04:00:00+00:00,2025-12-18 10:00:00+00:00,1,2830.48,2857.34,94.89556541646627,83.39556541646627,TIME
ETH,2025-12-18 15:00:00+00:00,2025-12-18 15:00:00+00:00,1,2949.56,2993.8034,149.99999999999903,138.49999999999903,TP
ETH,2025-12-18 23:00:00+00:00,2025-12-19 03:00:00+00:00,1,2828.43,2870.8564499999998,149.99999999999903,138.49999999999903,TP
ETH,2025-12-19 05:00:00+00:00,2025-12-19 07:00:00+00:00,1,2920.59,2964.39885,149.99999999999903,138.49999999999903,TP
ETH,2025-12-19 21:00:00+00:00,2025-12-20 03:00:00+00:00,1,2993.66,2988.57,-17.002598825517357,-28.502598825517357,TIME
ETH,2025-12-23 17:00:00+00:00,2025-12-23 17:00:00+00:00,1,2955.04,2910.7144,-150.00000000000014,-161.50000000000014,SL
ETH,2025-12-23 18:00:00+00:00,2025-12-23 19:00:00+00:00,1,2908.55,2952.17825,149.99999999999903,138.49999999999903,TP
ETH,2025-12-23 20:00:00+00:00,2025-12-23 20:00:00+00:00,1,2942.47,2986.6070499999996,149.99999999999903,138.49999999999903,TP
ETH,2025-12-25 17:00:00+00:00,2025-12-25 23:00:00+00:00,1,2946.65,2902.45025,-150.00000000000125,-161.50000000000125,SL
ETH,2025-12-26 04:00:00+00:00,2025-12-26 10:00:00+00:00,1,2963.78,2970.6,23.011154674097423,11.511154674097423,TIME
ETH,2025-12-29 04:00:00+00:00,2025-12-29 09:00:00+00:00,1,3042.49,2996.85265,-150.00000000000014,-161.50000000000014,SL
ETH,2025-12-30 16:00:00+00:00,2025-12-30 22:00:00+00:00,1,2988.49,2968.11,-68.19497471967307,-79.69497471967307,TIME
ETH,2026-01-02 18:00:00+00:00,2026-01-03 00:00:00+00:00,1,3121.11,3129.33,26.33678402875761,14.83678402875761,TIME
ETH,2026-01-04 02:00:00+00:00,2026-01-04 08:00:00+00:00,1,3148.63,3137.21,-36.26974271349837,-47.76974271349837,TIME
ETH,2026-01-05 02:00:00+00:00,2026-01-05 05:00:00+00:00,1,3196.24,3148.2963999999997,-150.00000000000014,-161.50000000000014,SL
ETH,2026-01-05 16:00:00+00:00,2026-01-05 20:00:00+00:00,1,3194.93,3242.8539499999997,149.99999999999903,138.49999999999903,TP
ETH,2026-01-06 23:00:00+00:00,2026-01-07 05:00:00+00:00,1,3277.59,3247.5,-91.80525935214678,-103.30525935214678,TIME
ETH,2026-01-08 09:00:00+00:00,2026-01-08 14:00:00+00:00,1,3115.85,3069.1122499999997,-150.00000000000125,-161.50000000000125,SL
ETH,2026-01-08 17:00:00+00:00,2026-01-08 23:00:00+00:00,1,3121.62,3104.48,-54.907387830677166,-66.40738783067717,TIME
ETH,2026-01-09 17:00:00+00:00,2026-01-09 18:00:00+00:00,1,3133.29,3086.29065,-150.00000000000014,-161.50000000000014,SL
ETH,2026-01-12 04:00:00+00:00,2026-01-12 08:00:00+00:00,1,3151.18,3103.9123,-150.00000000000014,-161.50000000000014,SL
ETH,2026-01-12 17:00:00+00:00,2026-01-12 17:00:00+00:00,1,3129.34,3082.3999,-150.00000000000125,-161.50000000000125,SL
ETH,2026-01-13 17:00:00+00:00,2026-01-13 22:00:00+00:00,1,3180.18,3227.8826999999997,149.99999999999903,138.49999999999903,TP
ETH,2026-01-14 00:00:00+00:00,2026-01-14 06:00:00+00:00,1,3324.56,3333.42,26.65014317684289,15.150143176842889,TIME
ETH,2026-01-14 16:00:00+00:00,2026-01-14 16:00:00+00:00,1,3344.84,3395.0126,149.99999999999903,138.49999999999903,TP
ETH,2026-01-15 17:00:00+00:00,2026-01-15 18:00:00+00:00,1,3328.79,3278.85815,-150.00000000000014,-161.50000000000014,SL
ETH,2026-01-21 16:00:00+00:00,2026-01-21 16:00:00+00:00,1,3001.22,2956.2016999999996,-150.00000000000014,-161.50000000000014,SL
ETH,2026-01-21 20:00:00+00:00,2026-01-21 20:00:00+00:00,1,3053.45,3007.6482499999997,-150.00000000000014,-161.50000000000014,SL
ETH,2026-01-21 21:00:00+00:00,2026-01-21 23:00:00+00:00,1,3030.33,2984.87505,-149.99999999999903,-161.49999999999903,SL
ETH,2026-01-23 17:00:00+00:00,2026-01-23 17:00:00+00:00,1,2965.78,3010.2667,149.99999999999903,138.49999999999903,TP
ETH,2026-01-26 03:00:00+00:00,2026-01-26 07:00:00+00:00,1,2864.67,2907.64005,149.99999999999903,138.49999999999903,TP
ETH,2026-01-26 20:00:00+00:00,2026-01-27 02:00:00+00:00,1,2921.88,2944.21,76.42339863375591,64.92339863375591,TIME
ETH,2026-01-27 18:00:00+00:00,2026-01-27 18:00:00+00:00,1,2928.6,2972.5289999999995,149.99999999999903,138.49999999999903,TP
ETH,2026-01-27 20:00:00+00:00,2026-01-27 20:00:00+00:00,1,2978.99,3023.6748499999994,149.99999999999903,138.49999999999903,TP
ETH,2026-01-27 22:00:00+00:00,2026-01-28 04:00:00+00:00,1,3014.27,2998.14,-53.512127314407905,-65.0121273144079,TIME
ETH,2026-01-28 11:00:00+00:00,2026-01-28 17:00:00+00:00,1,3024.45,3013.24,-37.064590256079555,-48.564590256079555,TIME
ETH,2026-01-28 19:00:00+00:00,2026-01-29 01:00:00+00:00,1,3013.78,2991.3,-74.59071332346801,-86.09071332346801,TIME
ETH,2026-01-29 21:00:00+00:00,2026-01-30 01:00:00+00:00,1,2804.78,2762.7083000000002,-150.00000000000014,-161.50000000000014,SL
ETH,2026-01-30 05:00:00+00:00,2026-01-30 06:00:00+00:00,1,2751.91,2710.6313499999997,-150.00000000000125,-161.50000000000125,SL
ETH,2026-01-30 20:00:00+00:00,2026-01-30 20:00:00+00:00,1,2740.93,2699.81605,-150.00000000000014,-161.50000000000014,SL
ETH,2026-02-01 01:00:00+00:00,2026-02-01 06:00:00+00:00,1,2450.72,2413.9592,-150.00000000000014,-161.50000000000014,SL
ETH,2026-02-01 13:00:00+00:00,2026-02-01 14:00:00+00:00,1,2394.59,2358.67115,-150.00000000000014,-161.50000000000014,SL
ETH,2026-02-02 00:00:00+00:00,2026-02-02 00:00:00+00:00,1,2269.04,2303.0755999999997,149.99999999999903,138.49999999999903,TP
ETH,2026-02-02 02:00:00+00:00,2026-02-02 03:00:00+00:00,1,2289.98,2255.6303,-150.00000000000125,-161.50000000000125,SL
ETH,2026-02-02 08:00:00+00:00,2026-02-02 09:00:00+00:00,1,2228.0,2261.4199999999996,149.99999999999903,138.49999999999903,TP
ETH,2026-02-02 11:00:00+00:00,2026-02-02 12:00:00+00:00,1,2276.89,2311.0433499999995,149.99999999999903,138.49999999999903,TP
ETH,2026-02-02 17:00:00+00:00,2026-02-02 20:00:00+00:00,1,2356.7,2321.3495,-150.00000000000014,-161.50000000000014,SL
ETH,2026-02-02 23:00:00+00:00,2026-02-03 02:00:00+00:00,1,2350.08,2314.8288,-150.00000000000014,-161.50000000000014,SL
ETH,2026-02-03 05:00:00+00:00,2026-02-03 06:00:00+00:00,1,2344.74,2309.5688999999998,-150.00000000000014,-161.50000000000014,SL
ETH,2026-02-03 17:00:00+00:00,2026-02-03 17:00:00+00:00,1,2240.67,2207.05995,-150.00000000000125,-161.50000000000125,SL
ETH,2026-02-03 21:00:00+00:00,2026-02-03 21:00:00+00:00,1,2298.32,2332.7948,149.99999999999903,138.49999999999903,TP
ETH,2026-02-03 22:00:00+00:00,2026-02-03 22:00:00+00:00,1,2283.42,2249.1687,-149.99999999999903,-161.49999999999903,SL
ETH,2026-02-04 03:00:00+00:00,2026-02-04 03:00:00+00:00,1,2250.97,2284.7345499999997,149.99999999999903,138.49999999999903,TP
ETH,2026-02-04 05:00:00+00:00,2026-02-04 11:00:00+00:00,1,2273.0,2238.9049999999997,-150.00000000000125,-161.50000000000125,SL
ETH,2026-02-04 20:00:00+00:00,2026-02-04 21:00:00+00:00,1,2188.21,2155.38685,-150.00000000000125,-161.50000000000125,SL
ETH,2026-02-05 01:00:00+00:00,2026-02-05 02:00:00+00:00,1,2149.78,2117.5333,-150.00000000000014,-161.50000000000014,SL
ETH,2026-02-05 11:00:00+00:00,2026-02-05 11:00:00+00:00,1,2097.01,2065.55485,-150.00000000000125,-161.50000000000125,SL
ETH,2026-02-05 18:00:00+00:00,2026-02-05 18:00:00+00:00,1,1954.06,1924.7491,-150.00000000000014,-161.50000000000014,SL
ETH,2026-02-06 00:00:00+00:00,2026-02-06 00:00:00+00:00,1,1824.94,1797.5659,-150.00000000000014,-161.50000000000014,SL
ETH,2026-02-06 02:00:00+00:00,2026-02-06 02:00:00+00:00,1,1930.34,1901.3848999999998,-150.00000000000014,-161.50000000000014,SL
ETH,2026-02-06 03:00:00+00:00,2026-02-06 05:00:00+00:00,1,1906.76,1935.3613999999998,149.99999999999903,138.49999999999903,TP
ETH,2026-02-06 06:00:00+00:00,2026-02-06 06:00:00+00:00,1,1958.76,1929.3786,-150.00000000000014,-161.50000000000014,SL
ETH,2026-02-06 07:00:00+00:00,2026-02-06 08:00:00+00:00,1,1907.41,1878.7988500000001,-150.00000000000014,-161.50000000000014,SL
ETH,2026-02-06 11:00:00+00:00,2026-02-06 13:00:00+00:00,1,1926.37,1955.2655499999996,149.99999999999903,138.49999999999903,TP
ETH,2026-02-06 15:00:00+00:00,2026-02-06 16:00:00+00:00,1,1977.15,2006.8072499999998,149.99999999999903,138.49999999999903,TP
ETH,2026-02-06 17:00:00+00:00,2026-02-06 17:00:00+00:00,1,2035.1,2065.6265,149.99999999999903,138.49999999999903,TP
ETH,2026-02-06 18:00:00+00:00,2026-02-06 18:00:00+00:00,1,2066.1,2035.1084999999998,-150.00000000000014,-161.50000000000014,SL
ETH,2026-02-06 19:00:00+00:00,2026-02-06 20:00:00+00:00,1,2044.67,2075.34005,149.99999999999903,138.49999999999903,TP
ETH,2026-02-06 21:00:00+00:00,2026-02-06 23:00:00+00:00,1,2055.66,2086.4948999999997,149.99999999999903,138.49999999999903,TP
ETH,2026-02-07 00:00:00+00:00,2026-02-07 04:00:00+00:00,1,2062.48,2093.4172,149.99999999999903,138.49999999999903,TP
ETH,2026-02-07 05:00:00+00:00,2026-02-07 06:00:00+00:00,1,2085.86,2054.5721000000003,-149.99999999999903,-161.49999999999903,SL
ETH,2026-02-07 14:00:00+00:00,2026-02-07 14:00:00+00:00,1,2040.98,2010.3653,-150.00000000000014,-161.50000000000014,SL
ETH,2026-02-07 17:00:00+00:00,2026-02-07 18:00:00+00:00,1,2049.74,2080.4860999999996,149.99999999999903,138.49999999999903,TP
ETH,2026-02-08 10:00:00+00:00,2026-02-08 11:00:00+00:00,1,2100.94,2132.4541,149.99999999999903,138.49999999999903,TP
ETH,2026-02-08 13:00:00+00:00,2026-02-08 15:00:00+00:00,1,2130.01,2098.05985,-150.00000000000014,-161.50000000000014,SL
ETH,2026-02-09 05:00:00+00:00,2026-02-09 08:00:00+00:00,1,2089.18,2057.8423,-150.00000000000014,-161.50000000000014,SL
ETH,2026-02-09 16:00:00+00:00,2026-02-09 16:00:00+00:00,1,2060.27,2091.1740499999996,149.99999999999903,138.49999999999903,TP
ETH,2026-02-09 18:00:00+00:00,2026-02-09 21:00:00+00:00,1,2127.61,2095.69585,-150.00000000000014,-161.50000000000014,SL
ETH,2026-02-10 03:00:00+00:00,2026-02-10 03:00:00+00:00,1,2107.26,2075.6511,-150.00000000000125,-161.50000000000125,SL
ETH,2026-02-10 15:00:00+00:00,2026-02-10 17:00:00+00:00,1,2007.85,2037.9677499999998,149.99999999999903,138.49999999999903,TP
ETH,2026-02-10 19:00:00+00:00,2026-02-11 01:00:00+00:00,1,2008.8,2022.75,69.4444444444442,57.9444444444442,TIME
ETH,2026-02-11 13:00:00+00:00,2026-02-11 14:00:00+00:00,1,1951.09,1980.3563499999998,149.99999999999903,138.49999999999903,TP
ETH,2026-02-11 19:00:00+00:00,2026-02-11 21:00:00+00:00,1,1943.71,1972.86565,149.99999999999903,138.49999999999903,TP
ETH,2026-02-12 11:00:00+00:00,2026-02-12 15:00:00+00:00,1,1992.7,1962.8095,-150.00000000000014,-161.50000000000014,SL
ETH,2026-02-12 23:00:00+00:00,2026-02-13 05:00:00+00:00,1,1941.93,1933.47,-43.564907076980575,-55.064907076980575,TIME
ETH,2026-02-13 10:00:00+00:00,2026-02-13 14:00:00+00:00,1,1961.5,1990.9225,149.99999999999903,138.49999999999903,TP
ETH,2026-02-13 16:00:00+00:00,2026-02-13 16:00:00+00:00,1,2034.77,2065.29155,149.99999999999903,138.49999999999903,TP
ETH,2026-02-13 17:00:00+00:00,2026-02-13 23:00:00+00:00,1,2060.79,2048.38,-60.219624512928284,-71.71962451292828,TIME
ETH,2026-02-14 10:00:00+00:00,2026-02-14 16:00:00+00:00,1,2077.01,2081.9,23.543459107080444,12.043459107080444,TIME
ETH,2026-02-15 05:00:00+00:00,2026-02-15 11:00:00+00:00,1,2075.71,2060.94,-71.1563754088962,-82.6563754088962,TIME
ETH,2026-02-16 06:00:00+00:00,2026-02-16 09:00:00+00:00,1,1956.76,1986.1113999999998,149.99999999999903,138.49999999999903,TP
ETH,2026-02-16 14:00:00+00:00,2026-02-16 15:00:00+00:00,1,1966.56,1937.0616,-150.00000000000014,-161.50000000000014,SL
ETH,2026-02-16 22:00:00+00:00,2026-02-17 04:00:00+00:00,1,1998.02,1988.6,-47.146675208457054,-58.646675208457054,TIME
ETH,2026-02-17 17:00:00+00:00,2026-02-17 19:00:00+00:00,1,1979.44,2009.1316,149.99999999999903,138.49999999999903,TP
ETH,2026-02-17 20:00:00+00:00,2026-02-18 02:00:00+00:00,1,1997.01,1986.33,-53.47995252903082,-64.97995252903081,TIME
ETH,2026-02-18 17:00:00+00:00,2026-02-18 19:00:00+00:00,1,1971.24,1941.6714,-150.00000000000014,-161.50000000000014,SL
ETH,2026-02-19 03:00:00+00:00,2026-02-19 09:00:00+00:00,1,1966.92,1963.05,-19.6754316393144,-31.1754316393144,TIME
ETH,2026-02-19 16:00:00+00:00,2026-02-19 22:00:00+00:00,1,1925.02,1943.3,94.96005236309114,83.46005236309114,TIME
ETH,2026-02-20 07:00:00+00:00,2026-02-20 13:00:00+00:00,1,1957.7,1928.3345,-150.00000000000014,-161.50000000000014,SL
ETH,2026-02-20 17:00:00+00:00,2026-02-20 23:00:00+00:00,1,1967.51,1967.85,1.7280725383850282,-9.771927461614972,TIME
ETH,2026-02-23 08:00:00+00:00,2026-02-23 09:00:00+00:00,1,1884.14,1912.4021,149.99999999999903,138.49999999999903,TP
ETH,2026-02-23 11:00:00+00:00,2026-02-23 16:00:00+00:00,1,1913.36,1884.6596,-150.00000000000014,-161.50000000000014,SL
ETH,2026-02-24 16:00:00+00:00,2026-02-24 22:00:00+00:00,1,1846.37,1859.74,72.41235505343057,60.91235505343057,TIME
ETH,2026-02-25 03:00:00+00:00,2026-02-25 05:00:00+00:00,1,1920.24,1891.4364,-150.00000000000014,-161.50000000000014,SL
ETH,2026-02-25 10:00:00+00:00,2026-02-25 12:00:00+00:00,1,1914.4,1943.116,149.99999999999903,138.49999999999903,TP
ETH,2026-02-25 14:00:00+00:00,2026-02-25 14:00:00+00:00,1,1964.58,1994.0486999999998,149.99999999999903,138.49999999999903,TP
ETH,2026-02-25 16:00:00+00:00,2026-02-25 16:00:00+00:00,1,2013.41,2043.61115,149.99999999999903,138.49999999999903,TP
ETH,2026-02-25 17:00:00+00:00,2026-02-25 17:00:00+00:00,1,2045.32,2075.9997999999996,149.99999999999903,138.49999999999903,TP
ETH,2026-02-25 18:00:00+00:00,2026-02-25 21:00:00+00:00,1,2073.64,2104.7445999999995,149.99999999999903,138.49999999999903,TP
ETH,2026-02-26 11:00:00+00:00,2026-02-26 14:00:00+00:00,1,2064.03,2033.0695500000002,-150.00000000000014,-161.50000000000014,SL
ETH,2026-02-26 20:00:00+00:00,2026-02-27 02:00:00+00:00,1,2029.32,2025.03,-21.140086334338058,-32.64008633433806,TIME
ETH,2026-02-28 09:00:00+00:00,2026-02-28 11:00:00+00:00,1,1851.21,1878.97815,149.99999999999903,138.49999999999903,TP
ETH,2026-02-28 15:00:00+00:00,2026-02-28 18:00:00+00:00,1,1888.27,1916.5940499999997,149.99999999999903,138.49999999999903,TP
ETH,2026-02-28 20:00:00+00:00,2026-02-28 22:00:00+00:00,1,1945.67,1974.85505,149.99999999999903,138.49999999999903,TP
ETH,2026-03-01 03:00:00+00:00,2026-03-01 04:00:00+00:00,1,2032.27,2001.78595,-150.00000000000014,-161.50000000000014,SL
ETH,2026-03-01 15:00:00+00:00,2026-03-01 16:00:00+00:00,1,1999.31,1969.32035,-150.00000000000014,-161.50000000000014,SL
ETH,2026-03-02 01:00:00+00:00,2026-03-02 07:00:00+00:00,1,1959.88,1930.4818,-150.00000000000014,-161.50000000000014,SL
ETH,2026-03-02 16:00:00+00:00,2026-03-02 16:00:00+00:00,1,2046.77,2077.4715499999998,149.99999999999903,138.49999999999903,TP
ETH,2026-03-02 17:00:00+00:00,2026-03-02 17:00:00+00:00,1,2063.83,2032.8725499999998,-150.00000000000014,-161.50000000000014,SL
ETH,2026-03-03 17:00:00+00:00,2026-03-03 23:00:00+00:00,1,1983.09,1981.84,-6.303294353761091,-17.80329435376109,TIME
ETH,2026-03-04 07:00:00+00:00,2026-03-04 07:00:00+00:00,1,1979.35,2009.0402499999998,149.99999999999903,138.49999999999903,TP
ETH,2026-03-04 09:00:00+00:00,2026-03-04 14:00:00+00:00,1,2064.73,2095.70095,149.99999999999903,138.49999999999903,TP
ETH,2026-03-04 17:00:00+00:00,2026-03-04 19:00:00+00:00,1,2141.66,2173.7848999999997,149.99999999999903,138.49999999999903,TP
ETH,2026-03-04 20:00:00+00:00,2026-03-04 21:00:00+00:00,1,2176.46,2143.8131,-150.00000000000125,-161.50000000000125,SL
ETH,2026-03-05 12:00:00+00:00,2026-03-05 14:00:00+00:00,1,2137.17,2105.11245,-150.00000000000014,-161.50000000000014,SL
ETH,2026-03-06 09:00:00+00:00,2026-03-06 12:00:00+00:00,1,2075.16,2044.0325999999998,-150.00000000000014,-161.50000000000014,SL
ETH,2026-03-08 07:00:00+00:00,2026-03-08 10:00:00+00:00,1,1946.4,1975.596,149.99999999999903,138.49999999999903,TP
ETH,2026-03-08 21:00:00+00:00,2026-03-08 22:00:00+00:00,1,1957.44,1928.0784,-150.00000000000014,-161.50000000000014,SL
ETH,2026-03-09 05:00:00+00:00,2026-03-09 05:00:00+00:00,1,1976.82,2006.4722999999997,149.99999999999903,138.49999999999903,TP
ETH,2026-03-09 07:00:00+00:00,2026-03-09 09:00:00+00:00,1,1984.75,2014.5212499999998,149.99999999999903,138.49999999999903,TP
ETH,2026-03-09 15:00:00+00:00,2026-03-09 21:00:00+00:00,1,2021.64,2027.3,27.997071684373598,16.497071684373598,TIME
ETH,2026-03-10 02:00:00+00:00,2026-03-10 02:00:00+00:00,1,2020.06,2050.3608999999997,149.99999999999903,138.49999999999903,TP
ETH,2026-03-10 04:00:00+00:00,2026-03-10 07:00:00+00:00,1,2026.2,2056.593,149.99999999999903,138.49999999999903,TP
ETH,2026-03-10 09:00:00+00:00,2026-03-10 13:00:00+00:00,1,2055.16,2024.3325999999997,-150.00000000000014,-161.50000000000014,SL
ETH,2026-03-10 16:00:00+00:00,2026-03-10 18:00:00+00:00,1,2078.46,2047.2831,-150.00000000000014,-161.50000000000014,SL
ETH,2026-03-11 06:00:00+00:00,2026-03-11 12:00:00+00:00,1,2013.46,2022.0,42.41455007797601,30.91455007797601,TIME
ETH,2026-03-11 15:00:00+00:00,2026-03-11 15:00:00+00:00,1,2061.6,2030.676,-150.00000000000014,-161.50000000000014,SL
ETH,2026-03-12 12:00:00+00:00,2026-03-12 14:00:00+00:00,1,2061.93,2092.85895,149.99999999999903,138.49999999999903,TP
ETH,2026-03-12 17:00:00+00:00,2026-03-12 23:00:00+00:00,1,2068.92,2072.8,18.753745915744968,7.253745915744968,TIME
ETH,2026-03-13 02:00:00+00:00,2026-03-13 06:00:00+00:00,1,2124.25,2092.38625,-150.00000000000014,-161.50000000000014,SL
ETH,2026-03-13 12:00:00+00:00,2026-03-13 12:00:00+00:00,1,2119.84,2151.6376,149.99999999999903,138.49999999999903,TP
ETH,2026-03-13 14:00:00+00:00,2026-03-13 14:00:00+00:00,1,2184.56,2151.7916,-150.00000000000014,-161.50000000000014,SL
ETH,2026-03-13 15:00:00+00:00,2026-03-13 16:00:00+00:00,1,2151.39,2119.11915,-149.99999999999903,-161.49999999999903,SL
ETH,2026-03-15 01:00:00+00:00,2026-03-15 07:00:00+00:00,1,2086.8,2104.97,87.07111366685672,75.57111366685672,TIME
ETH,2026-03-16 00:00:00+00:00,2026-03-16 03:00:00+00:00,1,2177.73,2210.3959499999996,149.99999999999903,138.49999999999903,TP
ETH,2026-03-16 05:00:00+00:00,2026-03-16 11:00:00+00:00,1,2262.98,2269.16,27.309123368302046,15.809123368302046,TIME
ETH,2026-03-16 12:00:00+00:00,2026-03-16 13:00:00+00:00,1,2269.16,2303.1973999999996,149.99999999999903,138.49999999999903,TP
ETH,2026-03-16 18:00:00+00:00,2026-03-16 21:00:00+00:00,1,2313.44,2348.1416,149.99999999999903,138.49999999999903,TP
ETH,2026-03-17 16:00:00+00:00,2026-03-17 22:00:00+00:00,1,2314.67,2328.41,59.36051359372918,47.86051359372918,TIME
ETH,2026-03-19 11:00:00+00:00,2026-03-19 12:00:00+00:00,1,2171.01,2138.4448500000003,-149.99999999999903,-161.49999999999903,SL
ETH,2026-03-19 15:00:00+00:00,2026-03-19 19:00:00+00:00,1,2120.89,2152.70335,149.99999999999903,138.49999999999903,TP
ETH,2026-03-19 21:00:00+00:00,2026-03-20 03:00:00+00:00,1,2144.45,2150.36,27.55951409452395,16.05951409452395,TIME
ETH,2026-03-20 23:00:00+00:00,2026-03-21 05:00:00+00:00,1,2153.75,2152.15,-7.428903076029947,-18.928903076029947,TIME
ETH,2026-03-22 14:00:00+00:00,2026-03-22 20:00:00+00:00,1,2077.69,2057.56,-96.886446004939,-108.386446004939,TIME
ETH,2026-03-23 00:00:00+00:00,2026-03-23 06:00:00+00:00,1,2052.72,2036.11,-80.9170271639581,-92.4170271639581,TIME
ETH,2026-03-23 09:00:00+00:00,2026-03-23 11:00:00+00:00,1,2047.89,2078.60835,149.99999999999903,138.49999999999903,TP
ETH,2026-03-23 13:00:00+00:00,2026-03-23 13:00:00+00:00,1,2144.23,2176.39345,149.99999999999903,138.49999999999903,TP
ETH,2026-03-23 14:00:00+00:00,2026-03-23 15:00:00+00:00,1,2185.0,2152.225,-150.00000000000014,-161.50000000000014,SL
ETH,2026-03-23 18:00:00+00:00,2026-03-24 00:00:00+00:00,1,2152.29,2142.16,-47.066148149180755,-58.566148149180755,TIME
ETH,2026-03-24 09:00:00+00:00,2026-03-24 14:00:00+00:00,1,2154.04,2121.7293999999997,-150.00000000000125,-161.50000000000125,SL
ETH,2026-03-24 22:00:00+00:00,2026-03-25 04:00:00+00:00,1,2148.08,2164.98,78.67490968679114,67.17490968679114,TIME
ETH,2026-03-25 18:00:00+00:00,2026-03-26 00:00:00+00:00,1,2163.82,2165.56,8.041334306918557,-3.458665693081443,TIME
ETH,2026-03-26 22:00:00+00:00,2026-03-27 04:00:00+00:00,1,2067.55,2052.04,-75.01632366811117,-86.51632366811117,TIME
ETH,2026-03-30 04:00:00+00:00,2026-03-30 07:00:00+00:00,1,2035.11,2065.63665,149.99999999999903,138.49999999999903,TP
ETH,2026-03-31 03:00:00+00:00,2026-03-31 07:00:00+00:00,1,2072.35,2041.2647499999998,-150.00000000000014,-161.50000000000014,SL
ETH,2026-03-31 15:00:00+00:00,2026-03-31 15:00:00+00:00,1,2044.84,2075.5125999999996,149.99999999999903,138.49999999999903,TP
ETH,2026-03-31 18:00:00+00:00,2026-04-01 00:00:00+00:00,1,2093.02,2113.62,98.42237532369458,86.92237532369458,TIME
ETH,2026-04-01 05:00:00+00:00,2026-04-01 06:00:00+00:00,1,2110.2,2141.8529999999996,149.99999999999903,138.49999999999903,TP
ETH,2026-04-01 08:00:00+00:00,2026-04-01 14:00:00+00:00,1,2129.95,2125.64,-20.23521678912621,-31.73521678912621,TIME
ETH,2026-04-01 16:00:00+00:00,2026-04-01 17:00:00+00:00,1,2134.38,2166.3957,149.99999999999903,138.49999999999903,TP
ETH,2026-04-02 02:00:00+00:00,2026-04-02 02:00:00+00:00,1,2098.41,2066.93385,-150.00000000000014,-161.50000000000014,SL
ETH,2026-04-02 16:00:00+00:00,2026-04-02 22:00:00+00:00,1,2058.35,2059.04,3.3521995773311275,-8.147800422668872,TIME
ETH,2026-04-06 00:00:00+00:00,2026-04-06 02:00:00+00:00,1,2109.36,2141.0004,149.99999999999903,138.49999999999903,TP
ETH,2026-04-06 11:00:00+00:00,2026-04-06 17:00:00+00:00,1,2151.89,2133.76,-84.25151843263201,-95.75151843263201,TIME
ETH,2026-04-07 19:00:00+00:00,2026-04-07 20:00:00+00:00,1,2085.32,2116.5998,149.99999999999903,138.49999999999903,TP
ETH,2026-04-07 21:00:00+00:00,2026-04-07 21:00:00+00:00,1,2114.73,2146.45095,149.99999999999903,138.49999999999903,TP
ETH,2026-04-07 23:00:00+00:00,2026-04-07 23:00:00+00:00,1,2219.32,2252.6097999999997,149.99999999999903,138.49999999999903,TP
ETH,2026-04-08 00:00:00+00:00,2026-04-08 06:00:00+00:00,1,2239.12,2244.85,25.590410518419038,14.090410518419038,TIME
ETH,2026-04-09 17:00:00+00:00,2026-04-09 22:00:00+00:00,1,2206.86,2239.9629,149.99999999999903,138.49999999999903,TP
ETH,2026-04-10 16:00:00+00:00,2026-04-10 22:00:00+00:00,1,2223.07,2241.24,81.73381854822193,70.23381854822193,TIME
ETH,2026-04-11 20:00:00+00:00,2026-04-11 23:00:00+00:00,1,2315.65,2280.91525,-150.00000000000014,-161.50000000000014,SL
ETH,2026-04-13 15:00:00+00:00,2026-04-13 15:00:00+00:00,1,2231.91,2198.43135,-150.00000000000014,-161.50000000000014,SL
ETH,2026-04-13 16:00:00+00:00,2026-04-13 19:00:00+00:00,1,2208.18,2241.3026999999997,149.99999999999903,138.49999999999903,TP
ETH,2026-04-13 21:00:00+00:00,2026-04-13 22:00:00+00:00,1,2251.41,2285.1811499999994,149.99999999999903,138.49999999999903,TP
ETH,2026-04-14 00:00:00+00:00,2026-04-14 06:00:00+00:00,1,2368.79,2372.32,14.902123024835845,3.402123024835845,TIME
ETH,2026-04-14 15:00:00+00:00,2026-04-14 18:00:00+00:00,1,2352.39,2317.1041499999997,-150.00000000000125,-161.50000000000125,SL
ETH,2026-04-15 21:00:00+00:00,2026-04-16 03:00:00+00:00,1,2361.56,2356.6,-21.003065770084373,-32.503065770084376,TIME
ETH,2026-04-16 17:00:00+00:00,2026-04-16 19:00:00+00:00,1,2315.74,2350.4760999999994,149.99999999999903,138.49999999999903,TP
ETH,2026-04-16 20:00:00+00:00,2026-04-17 02:00:00+00:00,1,2358.88,2330.67,-119.59065319134487,-131.09065319134487,TIME
ETH,2026-04-17 10:00:00+00:00,2026-04-17 13:00:00+00:00,1,2357.51,2392.87265,149.99999999999903,138.49999999999903,TP
ETH,2026-04-17 14:00:00+00:00,2026-04-17 20:00:00+00:00,1,2436.8,2425.85,-44.935981615233935,-56.435981615233935,TIME
ETH,2026-04-20 02:00:00+00:00,2026-04-20 07:00:00+00:00,1,2284.92,2319.1938,149.99999999999903,138.49999999999903,TP
ETH,2026-04-20 08:00:00+00:00,2026-04-20 14:00:00+00:00,1,2296.78,2289.55,-31.478853002899765,-42.97885300289977,TIME
ETH,2026-04-20 17:00:00+00:00,2026-04-20 18:00:00+00:00,1,2298.9,2333.3835,149.99999999999903,138.49999999999903,TP
ETH,2026-04-20 19:00:00+00:00,2026-04-21 01:00:00+00:00,1,2333.14,2313.77,-83.02116461078145,-94.52116461078145,TIME
ETH,2026-04-21 22:00:00+00:00,2026-04-22 02:00:00+00:00,1,2310.65,2345.30975,149.99999999999903,138.49999999999903,TP
ETH,2026-04-22 04:00:00+00:00,2026-04-22 05:00:00+00:00,1,2362.7,2398.1404999999995,149.99999999999903,138.49999999999903,TP
ETH,2026-04-22 07:00:00+00:00,2026-04-22 13:00:00+00:00,1,2392.17,2415.32,96.77405869984224,85.27405869984224,TIME
ETH,2026-04-22 15:00:00+00:00,2026-04-22 21:00:00+00:00,1,2402.27,2401.72,-2.289501180134934,-13.789501180134934,TIME
ADA,2025-06-27 17:00:00+00:00,2025-06-27 17:00:00+00:00,1,0.5565,0.5481525,-149.99999999999903,-161.49999999999903,SL
ADA,2025-06-30 17:00:00+00:00,2025-06-30 19:00:00+00:00,1,0.5705,0.5790575,149.99999999999903,138.49999999999903,TP
ADA,2025-07-02 10:00:00+00:00,2025-07-02 14:00:00+00:00,1,0.557,0.565355,149.99999999999903,138.49999999999903,TP
ADA,2025-07-03 15:00:00+00:00,2025-07-03 15:00:00+00:00,1,0.5977,0.5887345,-149.99999999999903,-161.49999999999903,SL
ADA,2025-07-09 21:00:00+00:00,2025-07-10 03:00:00+00:00,1,0.6199,0.6211,19.35796096144582,7.857960961445819,TIME
ADA,2025-07-10 18:00:00+00:00,2025-07-10 21:00:00+00:00,1,0.6573,0.6671594999999999,149.99999999999903,138.49999999999903,TP
ADA,2025-07-10 23:00:00+00:00,2025-07-11 00:00:00+00:00,1,0.6786,0.6684209999999999,-150.00000000000125,-161.50000000000125,SL
ADA,2025-07-11 07:00:00+00:00,2025-07-11 07:00:00+00:00,1,0.689,0.6993349999999999,149.99999999999903,138.49999999999903,TP
ADA,2025-07-14 05:00:00+00:00,2025-07-14 05:00:00+00:00,1,0.7649,0.7534265,-150.00000000000014,-161.50000000000014,SL
ADA,2025-07-14 07:00:00+00:00,2025-07-14 07:00:00+00:00,1,0.7513,0.7625694999999999,149.99999999999903,138.49999999999903,TP
ADA,2025-07-15 15:00:00+00:00,2025-07-15 15:00:00+00:00,1,0.7151,0.7258264999999999,149.99999999999903,138.49999999999903,TP
ADA,2025-07-15 18:00:00+00:00,2025-07-15 18:00:00+00:00,1,0.7463,0.7351055,-150.00000000000014,-161.50000000000014,SL
ADA,2025-07-15 23:00:00+00:00,2025-07-16 05:00:00+00:00,1,0.7406,0.7412,8.101539292464377,-3.398460707535623,TIME
ADA,2025-07-17 19:00:00+00:00,2025-07-17 19:00:00+00:00,1,0.8142,0.801987,-150.00000000000014,-161.50000000000014,SL
ADA,2025-07-17 23:00:00+00:00,2025-07-17 23:00:00+00:00,1,0.8252,0.8375779999999999,149.99999999999903,138.49999999999903,TP
ADA,2025-07-21 04:00:00+00:00,2025-07-21 05:00:00+00:00,1,0.8664,0.8793959999999998,149.99999999999903,138.49999999999903,TP
ADA,2025-07-21 08:00:00+00:00,2025-07-21 09:00:00+00:00,1,0.8944,0.880984,-150.00000000000014,-161.50000000000014,SL
ADA,2025-07-22 07:00:00+00:00,2025-07-22 08:00:00+00:00,1,0.8762,0.863057,-150.00000000000014,-161.50000000000014,SL
ADA,2025-07-22 16:00:00+00:00,2025-07-22 18:00:00+00:00,1,0.881,0.8942149999999999,149.99999999999903,138.49999999999903,TP
ADA,2025-07-23 16:00:00+00:00,2025-07-23 16:00:00+00:00,1,0.8343,0.8217855000000001,-150.00000000000014,-161.50000000000014,SL
ADA,2025-07-24 09:00:00+00:00,2025-07-24 10:00:00+00:00,1,0.8018,0.789773,-150.00000000000014,-161.50000000000014,SL
ADA,2025-07-24 16:00:00+00:00,2025-07-24 16:00:00+00:00,1,0.8232,0.810852,-150.00000000000014,-161.50000000000014,SL
ADA,2025-07-25 06:00:00+00:00,2025-07-25 10:00:00+00:00,1,0.7965,0.8084474999999999,149.99999999999903,138.49999999999903,TP
ADA,2025-07-25 11:00:00+00:00,2025-07-25 13:00:00+00:00,1,0.8114,0.799229,-150.00000000000014,-161.50000000000014,SL
ADA,2025-07-25 17:00:00+00:00,2025-07-25 20:00:00+00:00,1,0.79,0.80185,149.99999999999903,138.49999999999903,TP
ADA,2025-07-30 16:00:00+00:00,2025-07-30 18:00:00+00:00,1,0.7733,0.7617005,-150.00000000000014,-161.50000000000014,SL
ADA,2025-08-01 16:00:00+00:00,2025-08-01 17:00:00+00:00,1,0.7323,0.7213154999999999,-150.00000000000125,-161.50000000000125,SL
ADA,2025-08-04 02:00:00+00:00,2025-08-04 08:00:00+00:00,1,0.7328,0.7386,79.14847161571981,67.64847161571981,TIME
ADA,2025-08-06 07:00:00+00:00,2025-08-06 13:00:00+00:00,1,0.7247,0.7264,23.457982613495076,11.957982613495076,TIME
ADA,2025-08-06 16:00:00+00:00,2025-08-06 22:00:00+00:00,1,0.7414,0.7425,14.836795252226587,3.3367952522265867,TIME
ADA,2025-08-07 12:00:00+00:00,2025-08-07 16:00:00+00:00,1,0.7674,0.7558889999999999,-150.00000000000014,-161.50000000000014,SL
ADA,2025-08-07 21:00:00+00:00,2025-08-07 21:00:00+00:00,1,0.7691,0.7806365,149.99999999999903,138.49999999999903,TP
ADA,2025-08-10 04:00:00+00:00,2025-08-10 06:00:00+00:00,1,0.8235,0.8111475,-150.00000000000014,-161.50000000000014,SL
ADA,2025-08-11 03:00:00+00:00,2025-08-11 07:00:00+00:00,1,0.8273,0.8148905000000001,-149.99999999999903,-161.49999999999903,SL
ADA,2025-08-12 14:00:00+00:00,2025-08-12 14:00:00+00:00,1,0.7903,0.8021544999999999,149.99999999999903,138.49999999999903,TP
ADA,2025-08-13 15:00:00+00:00,2025-08-13 19:00:00+00:00,1,0.8668,0.879802,149.99999999999903,138.49999999999903,TP
ADA,2025-08-13 21:00:00+00:00,2025-08-13 22:00:00+00:00,1,0.8851,0.8983764999999999,149.99999999999903,138.49999999999903,TP
ADA,2025-08-18 16:00:00+00:00,2025-08-18 16:00:00+00:00,1,0.9174,0.903639,-150.00000000000014,-161.50000000000014,SL
ADA,2025-08-20 16:00:00+00:00,2025-08-20 17:00:00+00:00,1,0.8708,0.8838619999999999,149.99999999999903,138.49999999999903,TP
ADA,2025-08-20 21:00:00+00:00,2025-08-21 02:00:00+00:00,1,0.8831,0.8698535,-150.00000000000014,-161.50000000000014,SL
ADA,2025-08-22 16:00:00+00:00,2025-08-22 16:00:00+00:00,1,0.9044,0.9179659999999998,149.99999999999903,138.49999999999903,TP
ADA,2025-08-22 19:00:00+00:00,2025-08-22 20:00:00+00:00,1,0.9246,0.9384689999999999,149.99999999999903,138.49999999999903,TP
ADA,2025-08-25 16:00:00+00:00,2025-08-25 16:00:00+00:00,1,0.8647,0.8776704999999999,149.99999999999903,138.49999999999903,TP
ADA,2025-08-26 03:00:00+00:00,2025-08-26 07:00:00+00:00,1,0.8361,0.8486414999999998,149.99999999999903,138.49999999999903,TP
ADA,2025-08-26 20:00:00+00:00,2025-08-27 00:00:00+00:00,1,0.8728,0.859708,-150.00000000000014,-161.50000000000014,SL
ADA,2025-08-28 06:00:00+00:00,2025-08-28 12:00:00+00:00,1,0.8691,0.8695,4.6024623173401835,-6.8975376826598165,TIME
ADA,2025-08-29 23:00:00+00:00,2025-08-30 04:00:00+00:00,1,0.8248,0.8371719999999999,149.99999999999903,138.49999999999903,TP
ADA,2025-09-01 09:00:00+00:00,2025-09-01 10:00:00+00:00,1,0.8412,0.8285819999999999,-150.00000000000014,-161.50000000000014,SL
ADA,2025-09-02 00:00:00+00:00,2025-09-02 02:00:00+00:00,1,0.8009,0.8129134999999998,149.99999999999903,138.49999999999903,TP
ADA,2025-09-02 04:00:00+00:00,2025-09-02 10:00:00+00:00,1,0.8169,0.8207,46.5173215815895,35.0173215815895,TIME
ADA,2025-09-02 15:00:00+00:00,2025-09-02 15:00:00+00:00,1,0.8223,0.8099655,-150.00000000000014,-161.50000000000014,SL
ADA,2025-09-03 16:00:00+00:00,2025-09-03 22:00:00+00:00,1,0.8403,0.8385,-21.42092109960747,-32.92092109960747,TIME
ADA,2025-09-05 00:00:00+00:00,2025-09-05 06:00:00+00:00,1,0.809,0.8194,128.5537700865258,117.05377008652579,TIME
ADA,2025-09-05 09:00:00+00:00,2025-09-05 12:00:00+00:00,1,0.8264,0.838796,149.99999999999903,138.49999999999903,TP
ADA,2025-09-05 14:00:00+00:00,2025-09-05 14:00:00+00:00,1,0.8436,0.830946,-150.00000000000014,-161.50000000000014,SL
ADA,2025-09-08 16:00:00+00:00,2025-09-08 22:00:00+00:00,1,0.8652,0.8658,6.934812760055475,-4.565187239944525,TIME
ADA,2025-09-09 08:00:00+00:00,2025-09-09 14:00:00+00:00,1,0.8882,0.874877,-150.00000000000014,-161.50000000000014,SL
ADA,2025-09-10 09:00:00+00:00,2025-09-10 13:00:00+00:00,1,0.8774,0.8905609999999998,149.99999999999903,138.49999999999903,TP
ADA,2025-09-10 14:00:00+00:00,2025-09-10 19:00:00+00:00,1,0.8917,0.8783245000000001,-150.00000000000014,-161.50000000000014,SL
ADA,2025-09-17 07:00:00+00:00,2025-09-17 13:00:00+00:00,1,0.8807,0.8703,-118.08788463722131,-129.5878846372213,TIME
ADA,2025-09-24 16:00:00+00:00,2025-09-24 22:00:00+00:00,1,0.8201,0.8135,-80.4779904889652,-91.9779904889652,TIME
ADA,2025-09-25 20:00:00+00:00,2025-09-25 23:00:00+00:00,1,0.7712,0.759632,-150.00000000000014,-161.50000000000014,SL
ADA,2025-09-29 00:00:00+00:00,2025-09-29 05:00:00+00:00,1,0.8084,0.796274,-150.00000000000014,-161.50000000000014,SL
ADA,2025-09-29 15:00:00+00:00,2025-09-29 15:00:00+00:00,1,0.8126,0.800411,-150.00000000000014,-161.50000000000014,SL
ADA,2025-09-29 16:00:00+00:00,2025-09-29 21:00:00+00:00,1,0.8018,0.8138269999999999,149.99999999999903,138.49999999999903,TP
ADA,2025-10-01 10:00:00+00:00,2025-10-01 16:00:00+00:00,1,0.8334,0.8353,22.7981761459084,11.2981761459084,TIME
ADA,2025-10-02 01:00:00+00:00,2025-10-02 06:00:00+00:00,1,0.8488,0.861532,149.99999999999903,138.49999999999903,TP
ADA,2025-10-02 17:00:00+00:00,2025-10-02 18:00:00+00:00,1,0.8587,0.8715805,149.99999999999903,138.49999999999903,TP
ADA,2025-10-03 17:00:00+00:00,2025-10-03 17:00:00+00:00,1,0.8767,0.8635495,-150.00000000000125,-161.50000000000125,SL
ADA,2025-10-05 04:00:00+00:00,2025-10-05 04:00:00+00:00,1,0.855,0.8678249999999998,149.99999999999903,138.49999999999903,TP
ADA,2025-10-05 06:00:00+00:00,2025-10-05 11:00:00+00:00,1,0.8724,0.8593139999999999,-150.00000000000014,-161.50000000000014,SL
ADA,2025-10-08 10:00:00+00:00,2025-10-08 16:00:00+00:00,1,0.8185,0.8271,105.07025045815466,93.57025045815466,TIME
ADA,2025-10-08 18:00:00+00:00,2025-10-09 00:00:00+00:00,1,0.843,0.8344,-102.01660735468465,-113.51660735468465,TIME
ADA,2025-10-09 14:00:00+00:00,2025-10-09 16:00:00+00:00,1,0.8069,0.7947964999999999,-150.00000000000014,-161.50000000000014,SL
ADA,2025-10-09 19:00:00+00:00,2025-10-09 22:00:00+00:00,1,0.8042,0.816263,149.99999999999903,138.49999999999903,TP
ADA,2025-10-11 04:00:00+00:00,2025-10-11 04:00:00+00:00,1,0.6469,0.6566035,149.99999999999903,138.49999999999903,TP
ADA,2025-10-11 10:00:00+00:00,2025-10-11 12:00:00+00:00,1,0.6663,0.6563055,-150.00000000000014,-161.50000000000014,SL
ADA,2025-10-12 06:00:00+00:00,2025-10-12 12:00:00+00:00,1,0.6466,0.6477,17.01206309929093,5.5120630992909305,TIME
ADA,2025-10-12 16:00:00+00:00,2025-10-12 16:00:00+00:00,1,0.6807,0.6909104999999999,149.99999999999903,138.49999999999903,TP
ADA,2025-10-12 17:00:00+00:00,2025-10-12 19:00:00+00:00,1,0.686,0.69629,149.99999999999903,138.49999999999903,TP
ADA,2025-10-13 15:00:00+00:00,2025-10-13 15:00:00+00:00,1,0.7051,0.7156764999999998,149.99999999999903,138.49999999999903,TP
ADA,2025-10-14 17:00:00+00:00,2025-10-14 23:00:00+00:00,1,0.6953,0.6986,47.461527398244826,35.961527398244826,TIME
ADA,2025-10-16 03:00:00+00:00,2025-10-16 09:00:00+00:00,1,0.6728,0.662708,-150.00000000000014,-161.50000000000014,SL
ADA,2025-10-16 18:00:00+00:00,2025-10-16 19:00:00+00:00,1,0.6545,0.6446824999999999,-150.00000000000014,-161.50000000000014,SL
ADA,2025-10-17 13:00:00+00:00,2025-10-17 14:00:00+00:00,1,0.6168,0.607548,-150.00000000000014,-161.50000000000014,SL
ADA,2025-10-17 17:00:00+00:00,2025-10-17 21:00:00+00:00,1,0.625,0.6343749999999999,149.99999999999903,138.49999999999903,TP
ADA,2025-10-19 11:00:00+00:00,2025-10-19 13:00:00+00:00,1,0.6443,0.6539645,149.99999999999903,138.49999999999903,TP
ADA,2025-10-20 04:00:00+00:00,2025-10-20 06:00:00+00:00,1,0.6628,0.6727419999999998,149.99999999999903,138.49999999999903,TP
ADA,2025-10-21 12:00:00+00:00,2025-10-21 14:00:00+00:00,1,0.6451,0.6547765,149.99999999999903,138.49999999999903,TP
ADA,2025-10-21 16:00:00+00:00,2025-10-21 16:00:00+00:00,1,0.6801,0.6698985000000001,-150.00000000000014,-161.50000000000014,SL
ADA,2025-10-21 17:00:00+00:00,2025-10-21 20:00:00+00:00,1,0.6695,0.6594575,-149.99999999999903,-161.49999999999903,SL
ADA,2025-10-22 15:00:00+00:00,2025-10-22 15:00:00+00:00,1,0.6393,0.6297105,-150.00000000000014,-161.50000000000014,SL
ADA,2025-10-23 08:00:00+00:00,2025-10-23 14:00:00+00:00,1,0.6389,0.6392,4.695570511816793,-6.804429488183207,TIME
ADA,2025-10-23 19:00:00+00:00,2025-10-24 01:00:00+00:00,1,0.6455,0.6438,-26.33617350890627,-37.83617350890627,TIME
ADA,2025-10-24 06:00:00+00:00,2025-10-24 12:00:00+00:00,1,0.6519,0.6616785,149.99999999999903,138.49999999999903,TP
ADA,2025-10-26 11:00:00+00:00,2025-10-26 11:00:00+00:00,1,0.6618,0.671727,149.99999999999903,138.49999999999903,TP
ADA,2025-10-26 13:00:00+00:00,2025-10-26 19:00:00+00:00,1,0.676,0.6727,-48.81656804733847,-60.31656804733847,TIME
ADA,2025-10-27 00:00:00+00:00,2025-10-27 01:00:00+00:00,1,0.681,0.691215,149.99999999999903,138.49999999999903,TP
ADA,2025-10-28 15:00:00+00:00,2025-10-28 19:00:00+00:00,1,0.6648,0.654828,-150.00000000000014,-161.50000000000014,SL
ADA,2025-10-29 19:00:00+00:00,2025-10-29 19:00:00+00:00,1,0.6466,0.6562989999999999,149.99999999999903,138.49999999999903,TP
ADA,2025-10-29 22:00:00+00:00,2025-10-29 23:00:00+00:00,1,0.6527,0.6429094999999999,-150.00000000000014,-161.50000000000014,SL
ADA,2025-10-30 07:00:00+00:00,2025-10-30 10:00:00+00:00,1,0.6418,0.632173,-150.00000000000125,-161.50000000000125,SL
ADA,2025-10-30 22:00:00+00:00,2025-10-31 00:00:00+00:00,1,0.599,0.6079849999999999,149.99999999999903,138.49999999999903,TP
ADA,2025-10-31 02:00:00+00:00,2025-10-31 08:00:00+00:00,1,0.6112,0.6138,42.53926701570654,31.039267015706542,TIME
ADA,2025-11-02 13:00:00+00:00,2025-11-02 14:00:00+00:00,1,0.6108,0.601638,-150.00000000000014,-161.50000000000014,SL
ADA,2025-11-03 01:00:00+00:00,2025-11-03 02:00:00+00:00,1,0.602,0.59297,-150.00000000000014,-161.50000000000014,SL
ADA,2025-11-03 13:00:00+00:00,2025-11-03 15:00:00+00:00,1,0.5748,0.566178,-150.00000000000014,-161.50000000000014,SL
ADA,2025-11-03 18:00:00+00:00,2025-11-03 19:00:00+00:00,1,0.5658,0.557313,-150.00000000000014,-161.50000000000014,SL
ADA,2025-11-04 05:00:00+00:00,2025-11-04 05:00:00+00:00,1,0.5571,0.5487435,-150.00000000000014,-161.50000000000014,SL
ADA,2025-11-04 13:00:00+00:00,2025-11-04 14:00:00+00:00,1,0.5395,0.5475924999999999,149.99999999999903,138.49999999999903,TP
ADA,2025-11-05 00:00:00+00:00,2025-11-05 00:00:00+00:00,1,0.5201,0.5122985,-150.00000000000014,-161.50000000000014,SL
ADA,2025-11-05 04:00:00+00:00,2025-11-05 08:00:00+00:00,1,0.5324,0.5244139999999999,-150.00000000000125,-161.50000000000125,SL
ADA,2025-11-05 13:00:00+00:00,2025-11-05 15:00:00+00:00,1,0.5377,0.5457654999999999,149.99999999999903,138.49999999999903,TP
ADA,2025-11-06 15:00:00+00:00,2025-11-06 16:00:00+00:00,1,0.5265,0.5186025,-150.00000000000014,-161.50000000000014,SL
ADA,2025-11-06 19:00:00+00:00,2025-11-07 00:00:00+00:00,1,0.5273,0.5352094999999999,149.99999999999903,138.49999999999903,TP
ADA,2025-11-07 15:00:00+00:00,2025-11-07 15:00:00+00:00,1,0.5364,0.544446,149.99999999999903,138.49999999999903,TP
ADA,2025-11-07 19:00:00+00:00,2025-11-08 01:00:00+00:00,1,0.5793,0.5834,70.77507336440414,59.275073364404136,TIME
ADA,2025-11-09 15:00:00+00:00,2025-11-09 19:00:00+00:00,1,0.5706,0.579159,149.99999999999903,138.49999999999903,TP
ADA,2025-11-09 20:00:00+00:00,2025-11-09 22:00:00+00:00,1,0.5826,0.573861,-150.00000000000125,-161.50000000000125,SL
ADA,2025-11-10 02:00:00+00:00,2025-11-10 08:00:00+00:00,1,0.5835,0.5869,58.269065981146895,46.769065981146895,TIME
ADA,2025-11-10 19:00:00+00:00,2025-11-10 20:00:00+00:00,1,0.5837,0.5924554999999999,149.99999999999903,138.49999999999903,TP
ADA,2025-11-12 10:00:00+00:00,2025-11-12 12:00:00+00:00,1,0.5669,0.5754035,149.99999999999903,138.49999999999903,TP
ADA,2025-11-13 07:00:00+00:00,2025-11-13 13:00:00+00:00,1,0.5672,0.5586920000000001,-149.99999999999903,-161.49999999999903,SL
ADA,2025-11-13 23:00:00+00:00,2025-11-14 04:00:00+00:00,1,0.5286,0.520671,-149.99999999999903,-161.49999999999903,SL
ADA,2025-11-14 16:00:00+00:00,2025-11-14 20:00:00+00:00,1,0.5139,0.5061915,-150.00000000000014,-161.50000000000014,SL
ADA,2025-11-14 21:00:00+00:00,2025-11-14 23:00:00+00:00,1,0.5015,0.49397749999999996,-150.00000000000014,-161.50000000000014,SL
ADA,2025-11-15 04:00:00+00:00,2025-11-15 08:00:00+00:00,1,0.5112,0.503532,-150.00000000000014,-161.50000000000014,SL
ADA,2025-11-15 15:00:00+00:00,2025-11-15 21:00:00+00:00,1,0.5077,0.5000845,-150.00000000000014,-161.50000000000014,SL
ADA,2025-11-16 04:00:00+00:00,2025-11-16 10:00:00+00:00,1,0.504,0.5065,49.60317460317442,38.10317460317442,TIME
ADA,2025-11-17 00:00:00+00:00,2025-11-17 00:00:00+00:00,1,0.4846,0.49186899999999995,149.99999999999903,138.49999999999903,TP
ADA,2025-11-17 02:00:00+00:00,2025-11-17 03:00:00+00:00,1,0.487,0.49430499999999994,149.99999999999903,138.49999999999903,TP
ADA,2025-11-17 16:00:00+00:00,2025-11-17 16:00:00+00:00,1,0.4753,0.48242949999999996,149.99999999999903,138.49999999999903,TP
ADA,2025-11-18 09:00:00+00:00,2025-11-18 13:00:00+00:00,1,0.4693,0.46226049999999996,-150.00000000000014,-161.50000000000014,SL
ADA,2025-11-18 17:00:00+00:00,2025-11-18 21:00:00+00:00,1,0.4801,0.4728985,-150.00000000000014,-161.50000000000014,SL
ADA,2025-11-19 00:00:00+00:00,2025-11-19 03:00:00+00:00,1,0.4749,0.4677765,-150.00000000000014,-161.50000000000014,SL
ADA,2025-11-19 09:00:00+00:00,2025-11-19 15:00:00+00:00,1,0.4657,0.45871449999999997,-150.00000000000125,-161.50000000000125,SL
ADA,2025-11-19 22:00:00+00:00,2025-11-20 01:00:00+00:00,1,0.4598,0.4666969999999999,149.99999999999903,138.49999999999903,TP
ADA,2025-11-20 03:00:00+00:00,2025-11-20 09:00:00+00:00,1,0.4682,0.4663,-40.580948312687326,-52.080948312687326,TIME
ADA,2025-11-20 23:00:00+00:00,2025-11-20 23:00:00+00:00,1,0.4424,0.435764,-150.00000000000125,-161.50000000000125,SL
ADA,2025-11-21 00:00:00+00:00,2025-11-21 01:00:00+00:00,1,0.4319,0.43837849999999995,149.99999999999903,138.49999999999903,TP
ADA,2025-11-21 02:00:00+00:00,2025-11-21 02:00:00+00:00,1,0.4347,0.4281795,-150.00000000000014,-161.50000000000014,SL
ADA,2025-11-21 12:00:00+00:00,2025-11-21 12:00:00+00:00,1,0.3988,0.392818,-150.00000000000014,-161.50000000000014,SL
ADA,2025-11-21 14:00:00+00:00,2025-11-21 14:00:00+00:00,1,0.4054,0.41148099999999993,149.99999999999903,138.49999999999903,TP
ADA,2025-11-21 15:00:00+00:00,2025-11-21 15:00:00+00:00,1,0.4108,0.404638,-150.00000000000014,-161.50000000000014,SL
ADA,2025-11-21 16:00:00+00:00,2025-11-21 16:00:00+00:00,1,0.4008,0.40681199999999995,149.99999999999903,138.49999999999903,TP
ADA,2025-11-21 18:00:00+00:00,2025-11-21 18:00:00+00:00,1,0.4136,0.40739600000000004,-150.00000000000014,-161.50000000000014,SL
ADA,2025-11-21 23:00:00+00:00,2025-11-21 23:00:00+00:00,1,0.3995,0.4054925,149.99999999999903,138.49999999999903,TP
ADA,2025-11-22 01:00:00+00:00,2025-11-22 04:00:00+00:00,1,0.4088,0.40266799999999997,-150.00000000000014,-161.50000000000014,SL
ADA,2025-11-22 16:00:00+00:00,2025-11-22 19:00:00+00:00,1,0.398,0.40397,149.99999999999903,138.49999999999903,TP
ADA,2025-11-23 00:00:00+00:00,2025-11-23 02:00:00+00:00,1,0.4041,0.41016149999999996,149.99999999999903,138.49999999999903,TP
ADA,2025-11-23 03:00:00+00:00,2025-11-23 04:00:00+00:00,1,0.4092,0.415338,149.99999999999903,138.49999999999903,TP
ADA,2025-11-23 17:00:00+00:00,2025-11-23 23:00:00+00:00,1,0.4116,0.4082,-82.60447035957297,-94.10447035957297,TIME
ADA,2025-11-24 07:00:00+00:00,2025-11-24 09:00:00+00:00,1,0.4139,0.4076915,-150.00000000000014,-161.50000000000014,SL
ADA,2025-11-24 18:00:00+00:00,2025-11-25 00:00:00+00:00,1,0.4288,0.4276,-27.98507462686617,-39.485074626866165,TIME
ADA,2025-11-25 06:00:00+00:00,2025-11-25 08:00:00+00:00,1,0.4234,0.417049,-150.00000000000014,-161.50000000000014,SL
ADA,2025-11-26 00:00:00+00:00,2025-11-26 06:00:00+00:00,1,0.4219,0.423,26.072529035316983,14.572529035316983,TIME
ADA,2025-11-26 18:00:00+00:00,2025-11-26 21:00:00+00:00,1,0.4307,0.4371605,149.99999999999903,138.49999999999903,TP
ADA,2025-11-27 03:00:00+00:00,2025-11-27 09:00:00+00:00,1,0.4348,0.4328,-45.99816007359703,-57.49816007359703,TIME
ADA,2025-11-28 10:00:00+00:00,2025-11-28 11:00:00+00:00,1,0.4324,0.425914,-150.00000000000014,-161.50000000000014,SL
ADA,2025-11-28 15:00:00+00:00,2025-11-28 15:00:00+00:00,1,0.4282,0.434623,149.99999999999903,138.49999999999903,TP
ADA,2025-12-01 15:00:00+00:00,2025-12-01 15:00:00+00:00,1,0.3803,0.3745955,-150.00000000000014,-161.50000000000014,SL
ADA,2025-12-01 23:00:00+00:00,2025-12-02 01:00:00+00:00,1,0.3836,0.389354,149.99999999999903,138.49999999999903,TP
ADA,2025-12-02 16:00:00+00:00,2025-12-02 19:00:00+00:00,1,0.4281,0.43452149999999995,149.99999999999903,138.49999999999903,TP
ADA,2025-12-03 03:00:00+00:00,2025-12-03 05:00:00+00:00,1,0.4375,0.44406249999999997,149.99999999999903,138.49999999999903,TP
ADA,2025-12-03 06:00:00+00:00,2025-12-03 12:00:00+00:00,1,0.4401,0.4346,-124.97159736423514,-136.47159736423515,TIME
ADA,2025-12-03 19:00:00+00:00,2025-12-03 20:00:00+00:00,1,0.4412,0.44781799999999994,149.99999999999903,138.49999999999903,TP
ADA,2025-12-03 23:00:00+00:00,2025-12-04 05:00:00+00:00,1,0.4499,0.4472,-60.013336296955714,-71.51333629695571,TIME
ADA,2025-12-04 17:00:00+00:00,2025-12-04 19:00:00+00:00,1,0.4468,0.440098,-150.00000000000014,-161.50000000000014,SL
ADA,2025-12-05 21:00:00+00:00,2025-12-06 03:00:00+00:00,1,0.4138,0.4162,57.999033349445114,46.499033349445114,TIME
ADA,2025-12-07 17:00:00+00:00,2025-12-07 17:00:00+00:00,1,0.4248,0.43117199999999994,149.99999999999903,138.49999999999903,TP
ADA,2025-12-07 19:00:00+00:00,2025-12-07 21:00:00+00:00,1,0.432,0.42552,-150.00000000000014,-161.50000000000014,SL
ADA,2025-12-08 01:00:00+00:00,2025-12-08 01:00:00+00:00,1,0.4156,0.421834,149.99999999999903,138.49999999999903,TP
ADA,2025-12-08 03:00:00+00:00,2025-12-08 08:00:00+00:00,1,0.4245,0.43086749999999996,149.99999999999903,138.49999999999903,TP
ADA,2025-12-08 22:00:00+00:00,2025-12-08 23:00:00+00:00,1,0.4364,0.429854,-150.00000000000014,-161.50000000000014,SL
ADA,2025-12-09 17:00:00+00:00,2025-12-09 18:00:00+00:00,1,0.4754,0.48253099999999993,149.99999999999903,138.49999999999903,TP
ADA,2025-12-11 06:00:00+00:00,2025-12-11 08:00:00+00:00,1,0.4308,0.424338,-150.00000000000014,-161.50000000000014,SL
ADA,2025-12-11 20:00:00+00:00,2025-12-11 21:00:00+00:00,1,0.4172,0.423458,149.99999999999903,138.49999999999903,TP
ADA,2025-12-11 22:00:00+00:00,2025-12-12 00:00:00+00:00,1,0.4257,0.41931450000000003,-150.00000000000014,-161.50000000000014,SL
ADA,2025-12-12 03:00:00+00:00,2025-12-12 09:00:00+00:00,1,0.4232,0.4262,70.88846880907384,59.38846880907384,TIME
ADA,2025-12-15 03:00:00+00:00,2025-12-15 09:00:00+00:00,1,0.4019,0.4035,39.81089823339224,28.310898233392237,TIME
ADA,2025-12-16 12:00:00+00:00,2025-12-16 13:00:00+00:00,1,0.3879,0.3820815,-150.00000000000014,-161.50000000000014,SL
ADA,2025-12-16 16:00:00+00:00,2025-12-16 18:00:00+00:00,1,0.3897,0.3838545,-150.00000000000014,-161.50000000000014,SL
ADA,2025-12-16 20:00:00+00:00,2025-12-17 02:00:00+00:00,1,0.3869,0.3847,-56.86223830447257,-68.36223830447257,TIME
ADA,2025-12-17 15:00:00+00:00,2025-12-17 15:00:00+00:00,1,0.3951,0.3891735,-150.00000000000014,-161.50000000000014,SL
ADA,2025-12-17 16:00:00+00:00,2025-12-17 16:00:00+00:00,1,0.3816,0.375876,-150.00000000000014,-161.50000000000014,SL
ADA,2025-12-18 04:00:00+00:00,2025-12-18 10:00:00+00:00,1,0.3646,0.3644,-5.485463521667233,-16.985463521667235,TIME
ADA,2025-12-18 15:00:00+00:00,2025-12-18 15:00:00+00:00,1,0.3702,0.37575299999999995,149.99999999999903,138.49999999999903,TP
ADA,2025-12-18 23:00:00+00:00,2025-12-19 00:00:00+00:00,1,0.3541,0.3487885,-150.00000000000014,-161.50000000000014,SL
ADA,2025-12-19 05:00:00+00:00,2025-12-19 07:00:00+00:00,1,0.3612,0.366618,149.99999999999903,138.49999999999903,TP
ADA,2025-12-19 21:00:00+00:00,2025-12-20 02:00:00+00:00,1,0.3791,0.3734135,-149.99999999999903,-161.49999999999903,SL
ADA,2025-12-23 17:00:00+00:00,2025-12-23 23:00:00+00:00,1,0.3638,0.3628,-27.487630566245258,-38.98763056624526,TIME
ADA,2025-12-25 17:00:00+00:00,2025-12-25 19:00:00+00:00,1,0.354,0.35930999999999996,149.99999999999903,138.49999999999903,TP
ADA,2025-12-26 04:00:00+00:00,2025-12-26 10:00:00+00:00,1,0.3532,0.3554,62.28765571913763,50.78765571913763,TIME
ADA,2025-12-29 04:00:00+00:00,2025-12-29 07:00:00+00:00,1,0.3809,0.37518650000000003,-149.99999999999903,-161.49999999999903,SL
ADA,2025-12-30 16:00:00+00:00,2025-12-30 20:00:00+00:00,1,0.3541,0.3487885,-150.00000000000014,-161.50000000000014,SL
ADA,2026-01-02 18:00:00+00:00,2026-01-02 18:00:00+00:00,1,0.3884,0.382574,-150.00000000000014,-161.50000000000014,SL
ADA,2026-01-04 02:00:00+00:00,2026-01-04 03:00:00+00:00,1,0.3942,0.40011299999999994,149.99999999999903,138.49999999999903,TP
ADA,2026-01-05 02:00:00+00:00,2026-01-05 04:00:00+00:00,1,0.4063,0.4002055,-150.00000000000014,-161.50000000000014,SL
ADA,2026-01-05 16:00:00+00:00,2026-01-05 18:00:00+00:00,1,0.4126,0.41878899999999997,149.99999999999903,138.49999999999903,TP
ADA,2026-01-05 19:00:00+00:00,2026-01-05 22:00:00+00:00,1,0.4178,0.42406699999999997,149.99999999999903,138.49999999999903,TP
ADA,2026-01-06 23:00:00+00:00,2026-01-07 01:00:00+00:00,1,0.4174,0.411139,-150.00000000000014,-161.50000000000014,SL
ADA,2026-01-08 09:00:00+00:00,2026-01-08 14:00:00+00:00,1,0.3923,0.38641549999999997,-150.00000000000014,-161.50000000000014,SL
ADA,2026-01-08 17:00:00+00:00,2026-01-08 23:00:00+00:00,1,0.3952,0.3955,7.591093117409464,-3.9089068825905358,TIME
ADA,2026-01-09 17:00:00+00:00,2026-01-09 17:00:00+00:00,1,0.4017,0.3956745,-150.00000000000014,-161.50000000000014,SL
ADA,2026-01-12 04:00:00+00:00,2026-01-12 07:00:00+00:00,1,0.3974,0.391439,-150.00000000000014,-161.50000000000014,SL
ADA,2026-01-12 17:00:00+00:00,2026-01-12 17:00:00+00:00,1,0.3974,0.391439,-150.00000000000014,-161.50000000000014,SL
ADA,2026-01-13 17:00:00+00:00,2026-01-13 22:00:00+00:00,1,0.4095,0.4156424999999999,149.99999999999903,138.49999999999903,TP
ADA,2026-01-14 00:00:00+00:00,2026-01-14 06:00:00+00:00,1,0.4219,0.4251,75.847357193648,64.347357193648,TIME
ADA,2026-01-14 16:00:00+00:00,2026-01-14 18:00:00+00:00,1,0.4197,0.4134045,-150.00000000000014,-161.50000000000014,SL
ADA,2026-01-15 17:00:00+00:00,2026-01-15 18:00:00+00:00,1,0.399,0.393015,-150.00000000000014,-161.50000000000014,SL
ADA,2026-01-21 16:00:00+00:00,2026-01-21 16:00:00+00:00,1,0.362,0.35657,-150.00000000000014,-161.50000000000014,SL
ADA,2026-01-21 20:00:00+00:00,2026-01-21 22:00:00+00:00,1,0.3675,0.37301249999999997,149.99999999999903,138.49999999999903,TP
ADA,2026-01-23 17:00:00+00:00,2026-01-23 17:00:00+00:00,1,0.3631,0.36854649999999994,149.99999999999903,138.49999999999903,TP
ADA,2026-01-26 03:00:00+00:00,2026-01-26 08:00:00+00:00,1,0.346,0.35118999999999995,149.99999999999903,138.49999999999903,TP
ADA,2026-01-26 20:00:00+00:00,2026-01-27 02:00:00+00:00,1,0.352,0.3546,73.86363636363802,62.36363636363802,TIME
ADA,2026-01-27 18:00:00+00:00,2026-01-27 18:00:00+00:00,1,0.3501,0.3553515,149.99999999999903,138.49999999999903,TP
ADA,2026-01-27 20:00:00+00:00,2026-01-27 20:00:00+00:00,1,0.3554,0.36073099999999997,149.99999999999903,138.49999999999903,TP
ADA,2026-01-27 22:00:00+00:00,2026-01-28 04:00:00+00:00,1,0.3597,0.3556,-113.98387545176524,-125.48387545176524,TIME
ADA,2026-01-28 11:00:00+00:00,2026-01-28 17:00:00+00:00,1,0.3599,0.3599,0.0,-11.5,TIME
ADA,2026-01-28 19:00:00+00:00,2026-01-29 01:00:00+00:00,1,0.3572,0.3541,-86.7861142217241,-98.2861142217241,TIME
ADA,2026-01-29 21:00:00+00:00,2026-01-30 01:00:00+00:00,1,0.3335,0.3284975,-150.00000000000014,-161.50000000000014,SL
ADA,2026-01-30 05:00:00+00:00,2026-01-30 06:00:00+00:00,1,0.3278,0.322883,-150.00000000000014,-161.50000000000014,SL
ADA,2026-01-30 20:00:00+00:00,2026-01-30 20:00:00+00:00,1,0.3285,0.3235725,-150.00000000000125,-161.50000000000125,SL
ADA,2026-02-01 01:00:00+00:00,2026-02-01 07:00:00+00:00,1,0.2953,0.2959,20.31832035218395,8.81832035218395,TIME
ADA,2026-02-01 13:00:00+00:00,2026-02-01 14:00:00+00:00,1,0.2933,0.2889005,-150.00000000000014,-161.50000000000014,SL
ADA,2026-02-02 00:00:00+00:00,2026-02-02 00:00:00+00:00,1,0.2857,0.2899855,149.99999999999903,138.49999999999903,TP
ADA,2026-02-02 02:00:00+00:00,2026-02-02 03:00:00+00:00,1,0.2904,0.28604399999999996,-150.00000000000125,-161.50000000000125,SL
ADA,2026-02-02 08:00:00+00:00,2026-02-02 08:00:00+00:00,1,0.2844,0.288666,149.99999999999903,138.49999999999903,TP
ADA,2026-02-02 11:00:00+00:00,2026-02-02 12:00:00+00:00,1,0.2921,0.2964815,149.99999999999903,138.49999999999903,TP
ADA,2026-02-02 17:00:00+00:00,2026-02-02 23:00:00+00:00,1,0.3,0.2988,-39.99999999999893,-51.49999999999893,TIME
ADA,2026-02-03 05:00:00+00:00,2026-02-03 06:00:00+00:00,1,0.3012,0.296682,-150.00000000000125,-161.50000000000125,SL
ADA,2026-02-03 17:00:00+00:00,2026-02-03 17:00:00+00:00,1,0.2956,0.291166,-150.00000000000014,-161.50000000000014,SL
ADA,2026-02-03 21:00:00+00:00,2026-02-03 21:00:00+00:00,1,0.3008,0.296288,-150.00000000000014,-161.50000000000014,SL
ADA,2026-02-03 22:00:00+00:00,2026-02-03 22:00:00+00:00,1,0.2967,0.2922495,-150.00000000000125,-161.50000000000125,SL
ADA,2026-02-04 03:00:00+00:00,2026-02-04 03:00:00+00:00,1,0.2949,0.29932349999999996,149.99999999999903,138.49999999999903,TP
ADA,2026-02-04 05:00:00+00:00,2026-02-04 11:00:00+00:00,1,0.2995,0.2950075,-150.00000000000014,-161.50000000000014,SL
ADA,2026-02-04 20:00:00+00:00,2026-02-04 21:00:00+00:00,1,0.2924,0.288014,-150.00000000000014,-161.50000000000014,SL
ADA,2026-02-05 01:00:00+00:00,2026-02-05 04:00:00+00:00,1,0.2862,0.281907,-150.00000000000014,-161.50000000000014,SL
ADA,2026-02-05 11:00:00+00:00,2026-02-05 11:00:00+00:00,1,0.2726,0.268511,-150.00000000000014,-161.50000000000014,SL
ADA,2026-02-05 18:00:00+00:00,2026-02-05 18:00:00+00:00,1,0.2578,0.25393299999999996,-150.00000000000014,-161.50000000000014,SL
ADA,2026-02-06 00:00:00+00:00,2026-02-06 00:00:00+00:00,1,0.245,0.24132499999999998,-150.00000000000014,-161.50000000000014,SL
ADA,2026-02-06 02:00:00+00:00,2026-02-06 02:00:00+00:00,1,0.2516,0.247826,-150.00000000000014,-161.50000000000014,SL
ADA,2026-02-06 03:00:00+00:00,2026-02-06 04:00:00+00:00,1,0.2462,0.24989299999999998,149.99999999999903,138.49999999999903,TP
ADA,2026-02-06 06:00:00+00:00,2026-02-06 06:00:00+00:00,1,0.2579,0.2540315,-150.00000000000014,-161.50000000000014,SL
ADA,2026-02-06 07:00:00+00:00,2026-02-06 08:00:00+00:00,1,0.2541,0.25028849999999997,-150.00000000000125,-161.50000000000125,SL
ADA,2026-02-06 11:00:00+00:00,2026-02-06 13:00:00+00:00,1,0.2615,0.2654225,149.99999999999903,138.49999999999903,TP
ADA,2026-02-06 15:00:00+00:00,2026-02-06 16:00:00+00:00,1,0.2708,0.27486199999999994,149.99999999999903,138.49999999999903,TP
ADA,2026-02-06 17:00:00+00:00,2026-02-06 17:00:00+00:00,1,0.2781,0.2822715,149.99999999999903,138.49999999999903,TP
ADA,2026-02-06 18:00:00+00:00,2026-02-06 18:00:00+00:00,1,0.2807,0.2764895,-150.00000000000014,-161.50000000000014,SL
ADA,2026-02-06 19:00:00+00:00,2026-02-07 00:00:00+00:00,1,0.2775,0.2733375,-150.00000000000014,-161.50000000000014,SL
ADA,2026-02-07 03:00:00+00:00,2026-02-07 04:00:00+00:00,1,0.2727,0.2767905,149.99999999999903,138.49999999999903,TP
ADA,2026-02-07 05:00:00+00:00,2026-02-07 07:00:00+00:00,1,0.274,0.26989,-150.00000000000014,-161.50000000000014,SL
ADA,2026-02-07 14:00:00+00:00,2026-02-07 16:00:00+00:00,1,0.2708,0.27486199999999994,149.99999999999903,138.49999999999903,TP
ADA,2026-02-07 17:00:00+00:00,2026-02-07 18:00:00+00:00,1,0.273,0.277095,149.99999999999903,138.49999999999903,TP
ADA,2026-02-08 10:00:00+00:00,2026-02-08 16:00:00+00:00,1,0.2722,0.268117,-150.00000000000014,-161.50000000000014,SL
ADA,2026-02-09 05:00:00+00:00,2026-02-09 08:00:00+00:00,1,0.2721,0.2680185,-150.00000000000014,-161.50000000000014,SL
ADA,2026-02-09 16:00:00+00:00,2026-02-09 16:00:00+00:00,1,0.2677,0.27171549999999994,149.99999999999903,138.49999999999903,TP
ADA,2026-02-09 18:00:00+00:00,2026-02-09 21:00:00+00:00,1,0.2717,0.2676245,-150.00000000000014,-161.50000000000014,SL
ADA,2026-02-10 03:00:00+00:00,2026-02-10 03:00:00+00:00,1,0.269,0.264965,-150.00000000000014,-161.50000000000014,SL
ADA,2026-02-10 15:00:00+00:00,2026-02-10 21:00:00+00:00,1,0.2625,0.2611,-53.333333333334124,-64.83333333333412,TIME
ADA,2026-02-11 13:00:00+00:00,2026-02-11 14:00:00+00:00,1,0.2544,0.258216,149.99999999999903,138.49999999999903,TP
ADA,2026-02-11 19:00:00+00:00,2026-02-12 01:00:00+00:00,1,0.2578,0.2575,-11.63692785104642,-23.13692785104642,TIME
ADA,2026-02-12 11:00:00+00:00,2026-02-12 12:00:00+00:00,1,0.2693,0.26526049999999995,-150.00000000000125,-161.50000000000125,SL
ADA,2026-02-12 15:00:00+00:00,2026-02-12 16:00:00+00:00,1,0.2656,0.261616,-149.99999999999903,-161.49999999999903,SL
ADA,2026-02-12 23:00:00+00:00,2026-02-13 05:00:00+00:00,1,0.2622,0.2595,-102.97482837528516,-114.47482837528516,TIME
ADA,2026-02-13 10:00:00+00:00,2026-02-13 14:00:00+00:00,1,0.2632,0.26714799999999994,149.99999999999903,138.49999999999903,TP
ADA,2026-02-13 16:00:00+00:00,2026-02-13 16:00:00+00:00,1,0.2691,0.2731365,149.99999999999903,138.49999999999903,TP
ADA,2026-02-13 17:00:00+00:00,2026-02-13 23:00:00+00:00,1,0.273,0.2729,-3.66300366300476,-15.16300366300476,TIME
ADA,2026-02-14 10:00:00+00:00,2026-02-14 11:00:00+00:00,1,0.2784,0.28257599999999994,149.99999999999903,138.49999999999903,TP
ADA,2026-02-14 13:00:00+00:00,2026-02-14 14:00:00+00:00,1,0.2817,0.2859255,149.99999999999903,138.49999999999903,TP
ADA,2026-02-15 05:00:00+00:00,2026-02-15 08:00:00+00:00,1,0.2972,0.301658,149.99999999999903,138.49999999999903,TP
ADA,2026-02-16 06:00:00+00:00,2026-02-16 08:00:00+00:00,1,0.2778,0.28196699999999997,149.99999999999903,138.49999999999903,TP
ADA,2026-02-16 14:00:00+00:00,2026-02-16 14:00:00+00:00,1,0.2809,0.28511349999999996,149.99999999999903,138.49999999999903,TP
ADA,2026-02-16 22:00:00+00:00,2026-02-17 02:00:00+00:00,1,0.2874,0.283089,-150.00000000000014,-161.50000000000014,SL
ADA,2026-02-17 17:00:00+00:00,2026-02-17 17:00:00+00:00,1,0.2828,0.278558,-150.00000000000125,-161.50000000000125,SL
ADA,2026-02-17 20:00:00+00:00,2026-02-18 02:00:00+00:00,1,0.283,0.2822,-28.26855123674754,-39.76855123674754,TIME
ADA,2026-02-18 17:00:00+00:00,2026-02-18 18:00:00+00:00,1,0.28,0.27580000000000005,-149.99999999999903,-161.49999999999903,SL
ADA,2026-02-19 03:00:00+00:00,2026-02-19 09:00:00+00:00,1,0.2743,0.2733,-36.45643456069991,-47.95643456069991,TIME
ADA,2026-02-19 16:00:00+00:00,2026-02-19 22:00:00+00:00,1,0.27,0.2722,81.48148148148016,69.98148148148016,TIME
ADA,2026-02-20 07:00:00+00:00,2026-02-20 10:00:00+00:00,1,0.2746,0.278719,149.99999999999903,138.49999999999903,TP
ADA,2026-02-20 17:00:00+00:00,2026-02-20 17:00:00+00:00,1,0.288,0.28368,-150.00000000000014,-161.50000000000014,SL
ADA,2026-02-23 08:00:00+00:00,2026-02-23 09:00:00+00:00,1,0.2665,0.2704975,149.99999999999903,138.49999999999903,TP
ADA,2026-02-23 11:00:00+00:00,2026-02-23 12:00:00+00:00,1,0.2703,0.27435449999999995,149.99999999999903,138.49999999999903,TP
ADA,2026-02-24 16:00:00+00:00,2026-02-24 22:00:00+00:00,1,0.2597,0.2593,-15.402387370042625,-26.902387370042625,TIME
ADA,2026-02-25 03:00:00+00:00,2026-02-25 04:00:00+00:00,1,0.2688,0.264768,-149.99999999999903,-161.49999999999903,SL
ADA,2026-02-25 10:00:00+00:00,2026-02-25 12:00:00+00:00,1,0.27,0.27405,149.99999999999903,138.49999999999903,TP
ADA,2026-02-25 14:00:00+00:00,2026-02-25 14:00:00+00:00,1,0.2787,0.2828805,149.99999999999903,138.49999999999903,TP
ADA,2026-02-25 16:00:00+00:00,2026-02-25 16:00:00+00:00,1,0.2905,0.29485749999999994,149.99999999999903,138.49999999999903,TP
ADA,2026-02-25 17:00:00+00:00,2026-02-25 18:00:00+00:00,1,0.2951,0.2995264999999999,149.99999999999903,138.49999999999903,TP
ADA,2026-02-25 20:00:00+00:00,2026-02-25 20:00:00+00:00,1,0.3031,0.30764649999999993,149.99999999999903,138.49999999999903,TP
ADA,2026-02-26 11:00:00+00:00,2026-02-26 16:00:00+00:00,1,0.2919,0.2875215,-150.00000000000014,-161.50000000000014,SL
ADA,2026-02-26 20:00:00+00:00,2026-02-26 21:00:00+00:00,1,0.2883,0.2839755,-150.00000000000014,-161.50000000000014,SL
ADA,2026-02-28 09:00:00+00:00,2026-02-28 10:00:00+00:00,1,0.2609,0.2648135,149.99999999999903,138.49999999999903,TP
ADA,2026-02-28 15:00:00+00:00,2026-02-28 18:00:00+00:00,1,0.2663,0.27029449999999994,149.99999999999903,138.49999999999903,TP
ADA,2026-02-28 20:00:00+00:00,2026-02-28 20:00:00+00:00,1,0.2754,0.279531,149.99999999999903,138.49999999999903,TP
ADA,2026-02-28 21:00:00+00:00,2026-02-28 21:00:00+00:00,1,0.2808,0.276588,-150.00000000000014,-161.50000000000014,SL
ADA,2026-02-28 22:00:00+00:00,2026-02-28 22:00:00+00:00,1,0.278,0.28217,149.99999999999903,138.49999999999903,TP
ADA,2026-03-01 03:00:00+00:00,2026-03-01 04:00:00+00:00,1,0.29,0.28564999999999996,-150.00000000000125,-161.50000000000125,SL
ADA,2026-03-01 15:00:00+00:00,2026-03-01 17:00:00+00:00,1,0.2789,0.2747165,-150.00000000000014,-161.50000000000014,SL
ADA,2026-03-02 01:00:00+00:00,2026-03-02 01:00:00+00:00,1,0.2764,0.28054599999999996,149.99999999999903,138.49999999999903,TP
ADA,2026-03-02 02:00:00+00:00,2026-03-02 06:00:00+00:00,1,0.2766,0.272451,-150.00000000000014,-161.50000000000014,SL
ADA,2026-03-02 16:00:00+00:00,2026-03-02 17:00:00+00:00,1,0.2843,0.2800355,-150.00000000000014,-161.50000000000014,SL
ADA,2026-03-03 17:00:00+00:00,2026-03-03 19:00:00+00:00,1,0.2682,0.264177,-150.00000000000014,-161.50000000000014,SL
ADA,2026-03-04 07:00:00+00:00,2026-03-04 07:00:00+00:00,1,0.2611,0.2650165,149.99999999999903,138.49999999999903,TP
ADA,2026-03-04 09:00:00+00:00,2026-03-04 11:00:00+00:00,1,0.2719,0.2678215,-149.99999999999903,-161.49999999999903,SL
ADA,2026-03-04 17:00:00+00:00,2026-03-04 19:00:00+00:00,1,0.2804,0.28460599999999997,149.99999999999903,138.49999999999903,TP
ADA,2026-03-04 20:00:00+00:00,2026-03-04 22:00:00+00:00,1,0.2821,0.2778685,-150.00000000000014,-161.50000000000014,SL
ADA,2026-03-05 12:00:00+00:00,2026-03-05 15:00:00+00:00,1,0.2739,0.26979149999999996,-150.00000000000014,-161.50000000000014,SL
ADA,2026-03-06 09:00:00+00:00,2026-03-06 12:00:00+00:00,1,0.2688,0.264768,-149.99999999999903,-161.49999999999903,SL
ADA,2026-03-08 07:00:00+00:00,2026-03-08 10:00:00+00:00,1,0.2515,0.25527249999999996,149.99999999999903,138.49999999999903,TP
ADA,2026-03-08 21:00:00+00:00,2026-03-08 22:00:00+00:00,1,0.2529,0.2491065,-150.00000000000014,-161.50000000000014,SL
ADA,2026-03-09 05:00:00+00:00,2026-03-09 05:00:00+00:00,1,0.2532,0.25699799999999995,149.99999999999903,138.49999999999903,TP
ADA,2026-03-09 07:00:00+00:00,2026-03-09 13:00:00+00:00,1,0.2553,0.2591295,149.99999999999903,138.49999999999903,TP
ADA,2026-03-09 15:00:00+00:00,2026-03-09 19:00:00+00:00,1,0.2578,0.2616669999999999,149.99999999999903,138.49999999999903,TP
ADA,2026-03-09 21:00:00+00:00,2026-03-09 23:00:00+00:00,1,0.2583,0.25442549999999997,-150.00000000000014,-161.50000000000014,SL
ADA,2026-03-10 02:00:00+00:00,2026-03-10 02:00:00+00:00,1,0.2581,0.26197149999999997,149.99999999999903,138.49999999999903,TP
ADA,2026-03-10 04:00:00+00:00,2026-03-10 08:00:00+00:00,1,0.2586,0.26247899999999996,149.99999999999903,138.49999999999903,TP
ADA,2026-03-10 09:00:00+00:00,2026-03-10 09:00:00+00:00,1,0.2615,0.2654225,149.99999999999903,138.49999999999903,TP
ADA,2026-03-10 16:00:00+00:00,2026-03-10 18:00:00+00:00,1,0.2715,0.26742750000000004,-149.99999999999903,-161.49999999999903,SL
ADA,2026-03-11 06:00:00+00:00,2026-03-11 12:00:00+00:00,1,0.2583,0.2621744999999999,149.99999999999903,138.49999999999903,TP
ADA,2026-03-11 15:00:00+00:00,2026-03-11 15:00:00+00:00,1,0.2638,0.259843,-149.99999999999903,-161.49999999999903,SL
ADA,2026-03-12 12:00:00+00:00,2026-03-12 14:00:00+00:00,1,0.2621,0.2581685,-149.99999999999903,-161.49999999999903,SL
ADA,2026-03-12 17:00:00+00:00,2026-03-12 23:00:00+00:00,1,0.2631,0.2632,3.800836183960321,-7.699163816039679,TIME
ADA,2026-03-13 02:00:00+00:00,2026-03-13 08:00:00+00:00,1,0.272,0.2722,7.352941176470562,-4.147058823529438,TIME
ADA,2026-03-13 12:00:00+00:00,2026-03-13 12:00:00+00:00,1,0.2745,0.2786175,149.99999999999903,138.49999999999903,TP
ADA,2026-03-13 14:00:00+00:00,2026-03-13 14:00:00+00:00,1,0.2789,0.2747165,-150.00000000000014,-161.50000000000014,SL
ADA,2026-03-13 15:00:00+00:00,2026-03-13 17:00:00+00:00,1,0.2732,0.269102,-150.00000000000014,-161.50000000000014,SL
ADA,2026-03-15 01:00:00+00:00,2026-03-15 04:00:00+00:00,1,0.2621,0.2660315,149.99999999999903,138.49999999999903,TP
ADA,2026-03-16 00:00:00+00:00,2026-03-16 03:00:00+00:00,1,0.2705,0.2745575,149.99999999999903,138.49999999999903,TP
ADA,2026-03-16 05:00:00+00:00,2026-03-16 05:00:00+00:00,1,0.283,0.287245,149.99999999999903,138.49999999999903,TP
ADA,2026-03-16 12:00:00+00:00,2026-03-16 18:00:00+00:00,1,0.2854,0.2867,45.550105115628185,34.050105115628185,TIME
ADA,2026-03-17 16:00:00+00:00,2026-03-17 18:00:00+00:00,1,0.2863,0.2905945,149.99999999999903,138.49999999999903,TP
ADA,2026-03-19 11:00:00+00:00,2026-03-19 12:00:00+00:00,1,0.2696,0.265556,-150.00000000000014,-161.50000000000014,SL
ADA,2026-03-19 15:00:00+00:00,2026-03-19 21:00:00+00:00,1,0.2658,0.2674,60.19563581640463,48.69563581640463,TIME
ADA,2026-03-20 23:00:00+00:00,2026-03-21 05:00:00+00:00,1,0.2666,0.2661,-18.754688672167894,-30.254688672167894,TIME
ADA,2026-03-22 14:00:00+00:00,2026-03-22 18:00:00+00:00,1,0.256,0.25216,-150.00000000000014,-161.50000000000014,SL
ADA,2026-03-23 00:00:00+00:00,2026-03-23 06:00:00+00:00,1,0.2506,0.2493,-51.87549880287246,-63.37549880287246,TIME
ADA,2026-03-23 09:00:00+00:00,2026-03-23 11:00:00+00:00,1,0.249,0.252735,149.99999999999903,138.49999999999903,TP
ADA,2026-03-23 13:00:00+00:00,2026-03-23 14:00:00+00:00,1,0.2606,0.264509,149.99999999999903,138.49999999999903,TP
ADA,2026-03-23 15:00:00+00:00,2026-03-23 16:00:00+00:00,1,0.2639,0.2599415,-150.00000000000125,-161.50000000000125,SL
ADA,2026-03-23 18:00:00+00:00,2026-03-24 00:00:00+00:00,1,0.2621,0.26,-80.12209080503597,-91.62209080503597,TIME
ADA,2026-03-24 09:00:00+00:00,2026-03-24 11:00:00+00:00,1,0.2666,0.262601,-150.00000000000125,-161.50000000000125,SL
ADA,2026-03-24 22:00:00+00:00,2026-03-25 04:00:00+00:00,1,0.2652,0.268,105.58069381598978,94.08069381598978,TIME
ADA,2026-03-25 18:00:00+00:00,2026-03-26 00:00:00+00:00,1,0.2705,0.2693,-44.36229205175724,-55.86229205175724,TIME
ADA,2026-03-26 22:00:00+00:00,2026-03-27 04:00:00+00:00,1,0.2557,0.254,-66.48416112631894,-77.98416112631894,TIME
ADA,2026-03-30 04:00:00+00:00,2026-03-30 08:00:00+00:00,1,0.2461,0.2497915,149.99999999999903,138.49999999999903,TP
ADA,2026-03-31 03:00:00+00:00,2026-03-31 05:00:00+00:00,1,0.248,0.24428,-150.00000000000014,-161.50000000000014,SL
ADA,2026-03-31 15:00:00+00:00,2026-03-31 16:00:00+00:00,1,0.2398,0.236203,-150.00000000000125,-161.50000000000125,SL
ADA,2026-03-31 18:00:00+00:00,2026-04-01 00:00:00+00:00,1,0.2389,0.2424835,149.99999999999903,138.49999999999903,TP
ADA,2026-04-01 05:00:00+00:00,2026-04-01 05:00:00+00:00,1,0.2446,0.248269,149.99999999999903,138.49999999999903,TP
ADA,2026-04-01 08:00:00+00:00,2026-04-01 09:00:00+00:00,1,0.2498,0.246053,-150.00000000000014,-161.50000000000014,SL
ADA,2026-04-01 16:00:00+00:00,2026-04-01 22:00:00+00:00,1,0.2491,0.2474,-68.24568446406998,-79.74568446406998,TIME
ADA,2026-04-02 02:00:00+00:00,2026-04-02 02:00:00+00:00,1,0.2429,0.2392565,-150.00000000000014,-161.50000000000014,SL
ADA,2026-04-02 16:00:00+00:00,2026-04-02 22:00:00+00:00,1,0.2394,0.2395,4.177109440266502,-7.322890559733498,TIME
ADA,2026-04-06 00:00:00+00:00,2026-04-06 00:00:00+00:00,1,0.2511,0.25486649999999994,149.99999999999903,138.49999999999903,TP
ADA,2026-04-06 01:00:00+00:00,2026-04-06 02:00:00+00:00,1,0.2542,0.25801299999999994,149.99999999999903,138.49999999999903,TP
ADA,2026-04-06 11:00:00+00:00,2026-04-06 16:00:00+00:00,1,0.2566,0.252751,-150.00000000000014,-161.50000000000014,SL
ADA,2026-04-07 19:00:00+00:00,2026-04-07 19:00:00+00:00,1,0.2426,0.24623899999999999,149.99999999999903,138.49999999999903,TP
ADA,2026-04-07 21:00:00+00:00,2026-04-07 21:00:00+00:00,1,0.2461,0.2497915,149.99999999999903,138.49999999999903,TP
ADA,2026-04-07 23:00:00+00:00,2026-04-08 05:00:00+00:00,1,0.2628,0.2624,-15.220700152205335,-26.720700152205335,TIME
ADA,2026-04-09 17:00:00+00:00,2026-04-09 22:00:00+00:00,1,0.2548,0.258622,149.99999999999903,138.49999999999903,TP
ADA,2026-04-10 16:00:00+00:00,2026-04-10 19:00:00+00:00,1,0.2538,0.257607,149.99999999999903,138.49999999999903,TP
ADA,2026-04-11 20:00:00+00:00,2026-04-11 22:00:00+00:00,1,0.2543,0.2504855,-150.00000000000014,-161.50000000000014,SL
ADA,2026-04-13 15:00:00+00:00,2026-04-13 15:00:00+00:00,1,0.243,0.23935499999999998,-150.00000000000014,-161.50000000000014,SL
ADA,2026-04-13 16:00:00+00:00,2026-04-13 22:00:00+00:00,1,0.2391,0.24268649999999997,149.99999999999903,138.49999999999903,TP
ADA,2026-04-14 00:00:00+00:00,2026-04-14 00:00:00+00:00,1,0.2487,0.2449695,-150.00000000000014,-161.50000000000014,SL
ADA,2026-04-14 15:00:00+00:00,2026-04-14 18:00:00+00:00,1,0.2451,0.2414235,-150.00000000000014,-161.50000000000014,SL
ADA,2026-04-15 21:00:00+00:00,2026-04-16 01:00:00+00:00,1,0.2476,0.243886,-150.00000000000014,-161.50000000000014,SL
ADA,2026-04-16 17:00:00+00:00,2026-04-16 18:00:00+00:00,1,0.2516,0.255374,149.99999999999903,138.49999999999903,TP
ADA,2026-04-16 20:00:00+00:00,2026-04-17 01:00:00+00:00,1,0.2605,0.2565925,-150.00000000000014,-161.50000000000014,SL
ADA,2026-04-17 10:00:00+00:00,2026-04-17 10:00:00+00:00,1,0.2582,0.25432699999999997,-150.00000000000014,-161.50000000000014,SL
ADA,2026-04-17 14:00:00+00:00,2026-04-17 18:00:00+00:00,1,0.2652,0.261222,-149.99999999999903,-161.49999999999903,SL
ADA,2026-04-20 02:00:00+00:00,2026-04-20 07:00:00+00:00,1,0.2446,0.248269,149.99999999999903,138.49999999999903,TP
ADA,2026-04-20 08:00:00+00:00,2026-04-20 14:00:00+00:00,1,0.2467,0.2456,-44.5885691122816,-56.0885691122816,TIME
ADA,2026-04-20 17:00:00+00:00,2026-04-20 18:00:00+00:00,1,0.2457,0.24938549999999998,149.99999999999903,138.49999999999903,TP
ADA,2026-04-20 19:00:00+00:00,2026-04-21 01:00:00+00:00,1,0.2498,0.2481,-68.0544435548447,-79.5544435548447,TIME
ADA,2026-04-21 22:00:00+00:00,2026-04-22 02:00:00+00:00,1,0.2473,0.25100949999999994,149.99999999999903,138.49999999999903,TP
ADA,2026-04-22 04:00:00+00:00,2026-04-22 10:00:00+00:00,1,0.2542,0.2557,59.00865460267468,47.50865460267468,TIME
ADA,2026-04-22 15:00:00+00:00,2026-04-22 19:00:00+00:00,1,0.2554,0.251569,-150.00000000000125,-161.50000000000125,SL
XRP,2025-06-27 17:00:00+00:00,2025-06-27 17:00:00+00:00,1,2.1114,2.079729,-150.00000000000125,-161.50000000000125,SL
XRP,2025-06-30 17:00:00+00:00,2025-06-30 18:00:00+00:00,1,2.1998,2.232797,149.99999999999903,138.49999999999903,TP
XRP,2025-07-02 10:00:00+00:00,2025-07-02 16:00:00+00:00,1,2.1845,2.2172674999999997,149.99999999999903,138.49999999999903,TP
XRP,2025-07-03 15:00:00+00:00,2025-07-03 15:00:00+00:00,1,2.2812,2.246982,-150.00000000000014,-161.50000000000014,SL
XRP,2025-07-09 21:00:00+00:00,2025-07-10 01:00:00+00:00,1,2.3934,2.429301,149.99999999999903,138.49999999999903,TP
XRP,2025-07-10 18:00:00+00:00,2025-07-10 21:00:00+00:00,1,2.496,2.5334399999999997,149.99999999999903,138.49999999999903,TP
XRP,2025-07-10 23:00:00+00:00,2025-07-11 02:00:00+00:00,1,2.5463,2.5844945,149.99999999999903,138.49999999999903,TP
XRP,2025-07-11 07:00:00+00:00,2025-07-11 09:00:00+00:00,1,2.5703,2.6088544999999996,149.99999999999903,138.49999999999903,TP
XRP,2025-07-14 05:00:00+00:00,2025-07-14 05:00:00+00:00,1,2.9402,2.8960969999999997,-150.00000000000125,-161.50000000000125,SL
XRP,2025-07-14 07:00:00+00:00,2025-07-14 07:00:00+00:00,1,2.9259,2.9697884999999995,149.99999999999903,138.49999999999903,TP
XRP,2025-07-15 15:00:00+00:00,2025-07-15 15:00:00+00:00,1,2.8548,2.8976219999999997,149.99999999999903,138.49999999999903,TP
XRP,2025-07-15 18:00:00+00:00,2025-07-15 18:00:00+00:00,1,2.9388,2.894718,-150.00000000000014,-161.50000000000014,SL
XRP,2025-07-15 23:00:00+00:00,2025-07-16 05:00:00+00:00,1,2.9094,2.9184,30.9342132398438,19.4342132398438,TIME
XRP,2025-07-17 19:00:00+00:00,2025-07-17 19:00:00+00:00,1,3.3569,3.3065465,-150.00000000000014,-161.50000000000014,SL
XRP,2025-07-17 23:00:00+00:00,2025-07-17 23:00:00+00:00,1,3.4757,3.5278354999999992,149.99999999999903,138.49999999999903,TP
XRP,2025-07-21 04:00:00+00:00,2025-07-21 06:00:00+00:00,1,3.4796,3.5317939999999997,149.99999999999903,138.49999999999903,TP
XRP,2025-07-21 08:00:00+00:00,2025-07-21 12:00:00+00:00,1,3.5702,3.516647,-150.00000000000014,-161.50000000000014,SL
XRP,2025-07-22 07:00:00+00:00,2025-07-22 11:00:00+00:00,1,3.4648,3.5167719999999996,149.99999999999903,138.49999999999903,TP
XRP,2025-07-22 16:00:00+00:00,2025-07-22 17:00:00+00:00,1,3.5095,3.5621424999999998,149.99999999999903,138.49999999999903,TP
XRP,2025-07-23 16:00:00+00:00,2025-07-23 16:00:00+00:00,1,3.3221,3.2722684999999996,-150.00000000000125,-161.50000000000125,SL
XRP,2025-07-24 09:00:00+00:00,2025-07-24 11:00:00+00:00,1,3.1021,3.1486314999999996,149.99999999999903,138.49999999999903,TP
XRP,2025-07-24 16:00:00+00:00,2025-07-24 16:00:00+00:00,1,3.2251,3.1767235,-149.99999999999903,-161.49999999999903,SL
XRP,2025-07-25 06:00:00+00:00,2025-07-25 09:00:00+00:00,1,3.0753,3.1214294999999996,149.99999999999903,138.49999999999903,TP
XRP,2025-07-25 11:00:00+00:00,2025-07-25 14:00:00+00:00,1,3.1286,3.081671,-150.00000000000014,-161.50000000000014,SL
XRP,2025-07-25 17:00:00+00:00,2025-07-25 20:00:00+00:00,1,3.0565,3.1023475,149.99999999999903,138.49999999999903,TP
XRP,2025-07-30 16:00:00+00:00,2025-07-30 18:00:00+00:00,1,3.1422,3.095067,-150.00000000000014,-161.50000000000014,SL
XRP,2025-08-01 16:00:00+00:00,2025-08-01 17:00:00+00:00,1,3.0429,2.9972564999999998,-150.00000000000014,-161.50000000000014,SL
XRP,2025-08-04 02:00:00+00:00,2025-08-04 08:00:00+00:00,1,2.9964,3.0072,36.043251902282414,24.543251902282414,TIME
XRP,2025-08-06 07:00:00+00:00,2025-08-06 13:00:00+00:00,1,2.9479,2.9478,-0.33922453271939546,-11.839224532719395,TIME
XRP,2025-08-06 16:00:00+00:00,2025-08-06 22:00:00+00:00,1,3.0031,2.9974,-18.98038693350257,-30.48038693350257,TIME
XRP,2025-08-07 12:00:00+00:00,2025-08-07 16:00:00+00:00,1,3.0777,3.0315345000000002,-149.99999999999903,-161.49999999999903,SL
XRP,2025-08-07 21:00:00+00:00,2025-08-07 21:00:00+00:00,1,3.1085,3.1551274999999994,149.99999999999903,138.49999999999903,TP
XRP,2025-08-10 04:00:00+00:00,2025-08-10 07:00:00+00:00,1,3.2588,3.209918,-150.00000000000014,-161.50000000000014,SL
XRP,2025-08-11 03:00:00+00:00,2025-08-11 08:00:00+00:00,1,3.2626,3.311539,149.99999999999903,138.49999999999903,TP
XRP,2025-08-12 14:00:00+00:00,2025-08-12 16:00:00+00:00,1,3.1731,3.2206964999999994,149.99999999999903,138.49999999999903,TP
XRP,2025-08-13 15:00:00+00:00,2025-08-13 21:00:00+00:00,1,3.2418,3.2586,51.82306126226166,40.32306126226166,TIME
XRP,2025-08-18 16:00:00+00:00,2025-08-18 17:00:00+00:00,1,3.0151,3.0603264999999995,149.99999999999903,138.49999999999903,TP
XRP,2025-08-20 16:00:00+00:00,2025-08-20 17:00:00+00:00,1,2.9023,2.9458344999999997,149.99999999999903,138.49999999999903,TP
XRP,2025-08-20 21:00:00+00:00,2025-08-21 02:00:00+00:00,1,2.97,2.92545,-150.00000000000014,-161.50000000000014,SL
XRP,2025-08-22 16:00:00+00:00,2025-08-22 16:00:00+00:00,1,3.0162,3.0614429999999997,149.99999999999903,138.49999999999903,TP
XRP,2025-08-22 19:00:00+00:00,2025-08-23 01:00:00+00:00,1,3.078,3.03183,-150.00000000000014,-161.50000000000014,SL
XRP,2025-08-25 16:00:00+00:00,2025-08-25 19:00:00+00:00,1,2.9516,2.907326,-150.00000000000014,-161.50000000000014,SL
XRP,2025-08-26 03:00:00+00:00,2025-08-26 05:00:00+00:00,1,2.881,2.9242149999999993,149.99999999999903,138.49999999999903,TP
XRP,2025-08-26 20:00:00+00:00,2025-08-26 22:00:00+00:00,1,3.0595,3.0136075,-150.00000000000014,-161.50000000000014,SL
XRP,2025-08-28 06:00:00+00:00,2025-08-28 12:00:00+00:00,1,2.9985,3.0187,67.36701684175506,55.86701684175506,TIME
XRP,2025-08-29 23:00:00+00:00,2025-08-30 01:00:00+00:00,1,2.8099,2.7677514999999997,-150.00000000000014,-161.50000000000014,SL
XRP,2025-09-01 09:00:00+00:00,2025-09-01 10:00:00+00:00,1,2.8255,2.7831175,-150.00000000000014,-161.50000000000014,SL
XRP,2025-09-02 00:00:00+00:00,2025-09-02 03:00:00+00:00,1,2.7577,2.7990654999999998,149.99999999999903,138.49999999999903,TP
XRP,2025-09-02 04:00:00+00:00,2025-09-02 10:00:00+00:00,1,2.7965,2.8106,50.42016806722671,38.92016806722671,TIME
XRP,2025-09-02 15:00:00+00:00,2025-09-02 15:00:00+00:00,1,2.8369,2.7943465,-150.00000000000014,-161.50000000000014,SL
XRP,2025-09-03 16:00:00+00:00,2025-09-03 22:00:00+00:00,1,2.8715,2.8443,-94.72401184050238,-106.22401184050238,TIME
XRP,2025-09-05 00:00:00+00:00,2025-09-05 06:00:00+00:00,1,2.7933,2.8127,69.45190276733682,57.95190276733682,TIME
XRP,2025-09-05 09:00:00+00:00,2025-09-05 14:00:00+00:00,1,2.8431,2.8004535,-150.00000000000014,-161.50000000000014,SL
XRP,2025-09-08 16:00:00+00:00,2025-09-08 22:00:00+00:00,1,2.9851,2.9752,-33.164718099896184,-44.664718099896184,TIME
XRP,2025-09-09 08:00:00+00:00,2025-09-09 14:00:00+00:00,1,3.0186,2.9733210000000003,-149.99999999999903,-161.49999999999903,SL
XRP,2025-09-10 09:00:00+00:00,2025-09-10 13:00:00+00:00,1,2.9689,3.0134334999999997,149.99999999999903,138.49999999999903,TP
XRP,2025-09-10 14:00:00+00:00,2025-09-10 19:00:00+00:00,1,3.012,2.96682,-150.00000000000125,-161.50000000000125,SL
XRP,2025-09-17 07:00:00+00:00,2025-09-17 13:00:00+00:00,1,3.022,3.0212,-2.647253474520328,-14.147253474520328,TIME
XRP,2025-09-24 16:00:00+00:00,2025-09-24 19:00:00+00:00,1,2.9389,2.9829834999999996,149.99999999999903,138.49999999999903,TP
XRP,2025-09-25 20:00:00+00:00,2025-09-26 02:00:00+00:00,1,2.7586,2.7582,-1.4500108750814533,-12.950010875081453,TIME
XRP,2025-09-29 00:00:00+00:00,2025-09-29 06:00:00+00:00,1,2.8658,2.8672,4.885197850512668,-6.614802149487332,TIME
XRP,2025-09-29 15:00:00+00:00,2025-09-29 21:00:00+00:00,1,2.9074,2.8934,-48.152988924812234,-59.652988924812234,TIME
XRP,2025-10-01 10:00:00+00:00,2025-10-01 16:00:00+00:00,1,2.9407,2.9365,-14.282313734824692,-25.78231373482469,TIME
XRP,2025-10-02 01:00:00+00:00,2025-10-02 07:00:00+00:00,1,2.9421,2.9684,89.39193093368658,77.89193093368658,TIME
XRP,2025-10-02 17:00:00+00:00,2025-10-02 19:00:00+00:00,1,3.0444,3.0900659999999998,149.99999999999903,138.49999999999903,TP
XRP,2025-10-03 17:00:00+00:00,2025-10-03 17:00:00+00:00,1,3.0608,3.014888,-150.00000000000014,-161.50000000000014,SL
XRP,2025-10-05 04:00:00+00:00,2025-10-05 07:00:00+00:00,1,3.0068,3.0519019999999997,149.99999999999903,138.49999999999903,TP
XRP,2025-10-08 10:00:00+00:00,2025-10-08 16:00:00+00:00,1,2.8679,2.8816,47.770145402559194,36.270145402559194,TIME
XRP,2025-10-08 18:00:00+00:00,2025-10-09 00:00:00+00:00,1,2.9185,2.8747225,-150.00000000000014,-161.50000000000014,SL
XRP,2025-10-09 14:00:00+00:00,2025-10-09 16:00:00+00:00,1,2.8141,2.7718884999999998,-150.00000000000014,-161.50000000000014,SL
XRP,2025-10-09 19:00:00+00:00,2025-10-10 01:00:00+00:00,1,2.7833,2.8092,93.05500664678723,81.55500664678723,TIME
XRP,2025-10-11 04:00:00+00:00,2025-10-11 04:00:00+00:00,1,2.3982,2.434173,149.99999999999903,138.49999999999903,TP
XRP,2025-10-11 10:00:00+00:00,2025-10-11 12:00:00+00:00,1,2.4685,2.4314725,-150.00000000000125,-161.50000000000125,SL
XRP,2025-10-12 06:00:00+00:00,2025-10-12 10:00:00+00:00,1,2.372,2.40758,149.99999999999903,138.49999999999903,TP
XRP,2025-10-12 16:00:00+00:00,2025-10-12 16:00:00+00:00,1,2.4878,2.525117,149.99999999999903,138.49999999999903,TP
XRP,2025-10-12 17:00:00+00:00,2025-10-12 20:00:00+00:00,1,2.5158,2.553537,149.99999999999903,138.49999999999903,TP
XRP,2025-10-13 15:00:00+00:00,2025-10-13 15:00:00+00:00,1,2.5563,2.5946444999999994,149.99999999999903,138.49999999999903,TP
XRP,2025-10-14 17:00:00+00:00,2025-10-14 19:00:00+00:00,1,2.5016,2.464076,-149.99999999999903,-161.49999999999903,SL
XRP,2025-10-16 03:00:00+00:00,2025-10-16 08:00:00+00:00,1,2.4258,2.3894130000000002,-150.00000000000014,-161.50000000000014,SL
XRP,2025-10-16 18:00:00+00:00,2025-10-16 19:00:00+00:00,1,2.3656,2.3301160000000003,-149.99999999999903,-161.49999999999903,SL
XRP,2025-10-17 13:00:00+00:00,2025-10-17 14:00:00+00:00,1,2.2787,2.2445195,-150.00000000000125,-161.50000000000125,SL
XRP,2025-10-17 17:00:00+00:00,2025-10-17 21:00:00+00:00,1,2.2915,2.3258725,149.99999999999903,138.49999999999903,TP
XRP,2025-10-19 11:00:00+00:00,2025-10-19 17:00:00+00:00,1,2.384,2.3953,47.399328859061285,35.899328859061285,TIME
XRP,2025-10-20 04:00:00+00:00,2025-10-20 06:00:00+00:00,1,2.4335,2.4700024999999997,149.99999999999903,138.49999999999903,TP
XRP,2025-10-21 12:00:00+00:00,2025-10-21 14:00:00+00:00,1,2.4306,2.467059,149.99999999999903,138.49999999999903,TP
XRP,2025-10-21 16:00:00+00:00,2025-10-21 16:00:00+00:00,1,2.5209,2.4830865,-150.00000000000014,-161.50000000000014,SL
XRP,2025-10-21 17:00:00+00:00,2025-10-21 22:00:00+00:00,1,2.4856,2.4483159999999997,-150.00000000000014,-161.50000000000014,SL
XRP,2025-10-22 15:00:00+00:00,2025-10-22 18:00:00+00:00,1,2.4098,2.373653,-150.00000000000014,-161.50000000000014,SL
XRP,2025-10-23 08:00:00+00:00,2025-10-23 14:00:00+00:00,1,2.4067,2.4023,-18.282295259067773,-29.782295259067773,TIME
XRP,2025-10-23 19:00:00+00:00,2025-10-24 01:00:00+00:00,1,2.4018,2.3961,-23.73220084936345,-35.23220084936345,TIME
XRP,2025-10-24 06:00:00+00:00,2025-10-24 12:00:00+00:00,1,2.4405,2.4771075,149.99999999999903,138.49999999999903,TP
XRP,2025-10-26 11:00:00+00:00,2025-10-26 17:00:00+00:00,1,2.6301,2.6213,-33.45880384776234,-44.95880384776234,TIME
XRP,2025-10-27 00:00:00+00:00,2025-10-27 06:00:00+00:00,1,2.6449,2.6506,21.550909297138876,10.050909297138876,TIME
XRP,2025-10-28 15:00:00+00:00,2025-10-28 18:00:00+00:00,1,2.6296,2.6690439999999995,149.99999999999903,138.49999999999903,TP
XRP,2025-10-29 19:00:00+00:00,2025-10-29 20:00:00+00:00,1,2.6079,2.5687815,-149.99999999999903,-161.49999999999903,SL
XRP,2025-10-29 22:00:00+00:00,2025-10-29 23:00:00+00:00,1,2.6031,2.5640535,-150.00000000000014,-161.50000000000014,SL
XRP,2025-10-30 07:00:00+00:00,2025-10-30 12:00:00+00:00,1,2.5656,2.527116,-150.00000000000014,-161.50000000000014,SL
XRP,2025-10-30 22:00:00+00:00,2025-10-31 01:00:00+00:00,1,2.426,2.46239,149.99999999999903,138.49999999999903,TP
XRP,2025-10-31 02:00:00+00:00,2025-10-31 08:00:00+00:00,1,2.4794,2.488,34.685811083325916,23.185811083325916,TIME
XRP,2025-11-02 13:00:00+00:00,2025-11-02 16:00:00+00:00,1,2.5363,2.4982555,-150.00000000000125,-161.50000000000125,SL
XRP,2025-11-03 01:00:00+00:00,2025-11-03 02:00:00+00:00,1,2.5,2.4625,-150.00000000000014,-161.50000000000014,SL
XRP,2025-11-03 13:00:00+00:00,2025-11-03 15:00:00+00:00,1,2.4016,2.3655760000000003,-149.99999999999903,-161.49999999999903,SL
XRP,2025-11-03 18:00:00+00:00,2025-11-03 19:00:00+00:00,1,2.3789,2.3432164999999996,-150.00000000000125,-161.50000000000125,SL
XRP,2025-11-04 05:00:00+00:00,2025-11-04 05:00:00+00:00,1,2.3379,2.3028315,-150.00000000000014,-161.50000000000014,SL
XRP,2025-11-04 13:00:00+00:00,2025-11-04 14:00:00+00:00,1,2.263,2.2969449999999996,149.99999999999903,138.49999999999903,TP
XRP,2025-11-05 00:00:00+00:00,2025-11-05 00:00:00+00:00,1,2.2038,2.1707430000000003,-149.99999999999903,-161.49999999999903,SL
XRP,2025-11-05 04:00:00+00:00,2025-11-05 10:00:00+00:00,1,2.2352,2.2102,-111.84681460271962,-123.34681460271962,TIME
XRP,2025-11-05 13:00:00+00:00,2025-11-05 13:00:00+00:00,1,2.2467,2.2804005,149.99999999999903,138.49999999999903,TP
XRP,2025-11-06 15:00:00+00:00,2025-11-06 16:00:00+00:00,1,2.2571,2.2232434999999997,-150.00000000000125,-161.50000000000125,SL
XRP,2025-11-06 19:00:00+00:00,2025-11-06 20:00:00+00:00,1,2.2306,2.197141,-150.00000000000014,-161.50000000000014,SL
XRP,2025-11-07 15:00:00+00:00,2025-11-07 16:00:00+00:00,1,2.2028,2.2358419999999994,149.99999999999903,138.49999999999903,TP
XRP,2025-11-07 19:00:00+00:00,2025-11-07 20:00:00+00:00,1,2.3339,2.3689084999999994,149.99999999999903,138.49999999999903,TP
XRP,2025-11-07 21:00:00+00:00,2025-11-07 22:00:00+00:00,1,2.3641,2.3286385000000003,-149.99999999999903,-161.49999999999903,SL
XRP,2025-11-09 15:00:00+00:00,2025-11-09 15:00:00+00:00,1,2.2897,2.3240454999999995,149.99999999999903,138.49999999999903,TP
XRP,2025-11-09 17:00:00+00:00,2025-11-09 23:00:00+00:00,1,2.325,2.359875,149.99999999999903,138.49999999999903,TP
XRP,2025-11-10 02:00:00+00:00,2025-11-10 03:00:00+00:00,1,2.3976,2.433564,149.99999999999903,138.49999999999903,TP
XRP,2025-11-10 19:00:00+00:00,2025-11-10 20:00:00+00:00,1,2.5377,2.5757654999999997,149.99999999999903,138.49999999999903,TP
XRP,2025-11-12 10:00:00+00:00,2025-11-12 15:00:00+00:00,1,2.417,2.3807449999999997,-150.00000000000014,-161.50000000000014,SL
XRP,2025-11-13 07:00:00+00:00,2025-11-13 13:00:00+00:00,1,2.5019,2.4643715,-150.00000000000014,-161.50000000000014,SL
XRP,2025-11-13 23:00:00+00:00,2025-11-14 00:00:00+00:00,1,2.3259,2.2910114999999998,-150.00000000000014,-161.50000000000014,SL
XRP,2025-11-14 16:00:00+00:00,2025-11-14 18:00:00+00:00,1,2.3117,2.2770245,-150.00000000000014,-161.50000000000014,SL
XRP,2025-11-14 21:00:00+00:00,2025-11-14 23:00:00+00:00,1,2.2618,2.227873,-149.99999999999903,-161.49999999999903,SL
XRP,2025-11-15 04:00:00+00:00,2025-11-15 08:00:00+00:00,1,2.2935,2.2590974999999998,-150.00000000000014,-161.50000000000014,SL
XRP,2025-11-15 15:00:00+00:00,2025-11-15 21:00:00+00:00,1,2.2605,2.2265924999999998,-150.00000000000125,-161.50000000000125,SL
XRP,2025-11-16 04:00:00+00:00,2025-11-16 10:00:00+00:00,1,2.2493,2.2687,86.24905526163795,74.74905526163795,TIME
XRP,2025-11-17 00:00:00+00:00,2025-11-17 00:00:00+00:00,1,2.2141,2.2473115,149.99999999999903,138.49999999999903,TP
XRP,2025-11-17 02:00:00+00:00,2025-11-17 03:00:00+00:00,1,2.2272,2.2606079999999995,149.99999999999903,138.49999999999903,TP
XRP,2025-11-17 16:00:00+00:00,2025-11-17 16:00:00+00:00,1,2.2081,2.1749785,-150.00000000000014,-161.50000000000014,SL
XRP,2025-11-18 09:00:00+00:00,2025-11-18 13:00:00+00:00,1,2.1879,2.1550815,-149.99999999999903,-161.49999999999903,SL
XRP,2025-11-18 17:00:00+00:00,2025-11-18 23:00:00+00:00,1,2.2236,2.216,-34.178809138332156,-45.678809138332156,TIME
XRP,2025-11-19 00:00:00+00:00,2025-11-19 03:00:00+00:00,1,2.2161,2.1828585,-150.00000000000014,-161.50000000000014,SL
XRP,2025-11-19 09:00:00+00:00,2025-11-19 13:00:00+00:00,1,2.1517,2.1194245,-149.99999999999903,-161.49999999999903,SL
XRP,2025-11-19 22:00:00+00:00,2025-11-20 00:00:00+00:00,1,2.0907,2.1220605,149.99999999999903,138.49999999999903,TP
XRP,2025-11-20 01:00:00+00:00,2025-11-20 04:00:00+00:00,1,2.1094,2.1410409999999995,149.99999999999903,138.49999999999903,TP
XRP,2025-11-20 23:00:00+00:00,2025-11-20 23:00:00+00:00,1,2.0413,2.0106805,-150.00000000000125,-161.50000000000125,SL
XRP,2025-11-21 00:00:00+00:00,2025-11-21 01:00:00+00:00,1,1.9987,2.0286804999999997,149.99999999999903,138.49999999999903,TP
XRP,2025-11-21 02:00:00+00:00,2025-11-21 02:00:00+00:00,1,2.0148,1.9845780000000002,-150.00000000000014,-161.50000000000014,SL
XRP,2025-11-21 12:00:00+00:00,2025-11-21 12:00:00+00:00,1,1.8754,1.8472689999999998,-150.00000000000014,-161.50000000000014,SL
XRP,2025-11-21 14:00:00+00:00,2025-11-21 14:00:00+00:00,1,1.9293,1.9582395,149.99999999999903,138.49999999999903,TP
XRP,2025-11-21 15:00:00+00:00,2025-11-21 15:00:00+00:00,1,1.9508,1.921538,-150.00000000000014,-161.50000000000014,SL
XRP,2025-11-21 16:00:00+00:00,2025-11-21 16:00:00+00:00,1,1.9106,1.9392589999999998,149.99999999999903,138.49999999999903,TP
XRP,2025-11-21 18:00:00+00:00,2025-11-21 18:00:00+00:00,1,1.9752,1.945572,-150.00000000000014,-161.50000000000014,SL
XRP,2025-11-21 23:00:00+00:00,2025-11-21 23:00:00+00:00,1,1.9096,1.9382439999999999,149.99999999999903,138.49999999999903,TP
XRP,2025-11-22 01:00:00+00:00,2025-11-22 04:00:00+00:00,1,1.9431,1.9139535,-150.00000000000014,-161.50000000000014,SL
XRP,2025-11-22 16:00:00+00:00,2025-11-22 22:00:00+00:00,1,1.9276,1.9565139999999999,149.99999999999903,138.49999999999903,TP
XRP,2025-11-23 00:00:00+00:00,2025-11-23 01:00:00+00:00,1,1.9494,1.9786409999999999,149.99999999999903,138.49999999999903,TP
XRP,2025-11-23 03:00:00+00:00,2025-11-23 04:00:00+00:00,1,2.0299,2.0603485,149.99999999999903,138.49999999999903,TP
XRP,2025-11-23 17:00:00+00:00,2025-11-23 23:00:00+00:00,1,2.0533,2.0475,-28.247211805387806,-39.747211805387806,TIME
XRP,2025-11-24 07:00:00+00:00,2025-11-24 09:00:00+00:00,1,2.0696,2.038556,-150.00000000000014,-161.50000000000014,SL
XRP,2025-11-24 18:00:00+00:00,2025-11-24 20:00:00+00:00,1,2.2053,2.2383794999999997,149.99999999999903,138.49999999999903,TP
XRP,2025-11-24 22:00:00+00:00,2025-11-25 04:00:00+00:00,1,2.2404,2.2458,24.102838778787827,12.602838778787827,TIME
XRP,2025-11-25 06:00:00+00:00,2025-11-25 07:00:00+00:00,1,2.2505,2.2167425,-150.00000000000014,-161.50000000000014,SL
XRP,2025-11-26 00:00:00+00:00,2025-11-26 06:00:00+00:00,1,2.201,2.1986,-10.904134484326367,-22.404134484326367,TIME
XRP,2025-11-26 18:00:00+00:00,2025-11-27 00:00:00+00:00,1,2.2332,2.2198,-60.00358230342062,-71.50358230342061,TIME
XRP,2025-11-27 03:00:00+00:00,2025-11-27 09:00:00+00:00,1,2.2191,2.1965,-101.84308954080512,-113.34308954080512,TIME
XRP,2025-11-28 10:00:00+00:00,2025-11-28 11:00:00+00:00,1,2.2315,2.1980275,-150.00000000000125,-161.50000000000125,SL
XRP,2025-11-28 15:00:00+00:00,2025-11-28 15:00:00+00:00,1,2.2133,2.2464994999999996,149.99999999999903,138.49999999999903,TP
XRP,2025-12-01 15:00:00+00:00,2025-12-01 15:00:00+00:00,1,2.0311,2.0006334999999997,-150.00000000000125,-161.50000000000125,SL
XRP,2025-12-01 23:00:00+00:00,2025-12-02 03:00:00+00:00,1,2.0334,2.0028989999999998,-150.00000000000014,-161.50000000000014,SL
XRP,2025-12-02 16:00:00+00:00,2025-12-02 22:00:00+00:00,1,2.154,2.1685,67.31662024141104,55.816620241411044,TIME
XRP,2025-12-03 03:00:00+00:00,2025-12-03 05:00:00+00:00,1,2.1824,2.2151359999999998,149.99999999999903,138.49999999999903,TP
XRP,2025-12-03 06:00:00+00:00,2025-12-03 11:00:00+00:00,1,2.203,2.169955,-150.00000000000014,-161.50000000000014,SL
XRP,2025-12-03 19:00:00+00:00,2025-12-03 21:00:00+00:00,1,2.1714,2.203971,149.99999999999903,138.49999999999903,TP
XRP,2025-12-03 23:00:00+00:00,2025-12-04 05:00:00+00:00,1,2.2031,2.1758,-123.91629975942897,-135.41629975942897,TIME
XRP,2025-12-04 17:00:00+00:00,2025-12-04 18:00:00+00:00,1,2.1361,2.1040585,-150.00000000000014,-161.50000000000014,SL
XRP,2025-12-05 21:00:00+00:00,2025-12-06 03:00:00+00:00,1,2.022,2.0377,77.64589515331544,66.14589515331544,TIME
XRP,2025-12-07 17:00:00+00:00,2025-12-07 17:00:00+00:00,1,2.0567,2.0875505,149.99999999999903,138.49999999999903,TP
XRP,2025-12-07 19:00:00+00:00,2025-12-07 21:00:00+00:00,1,2.103,2.0714550000000003,-150.00000000000014,-161.50000000000014,SL
XRP,2025-12-08 01:00:00+00:00,2025-12-08 01:00:00+00:00,1,2.0429,2.0735434999999995,149.99999999999903,138.49999999999903,TP
XRP,2025-12-08 03:00:00+00:00,2025-12-08 09:00:00+00:00,1,2.0733,2.1043995,149.99999999999903,138.49999999999903,TP
XRP,2025-12-08 22:00:00+00:00,2025-12-09 04:00:00+00:00,1,2.0865,2.0552025,-150.00000000000014,-161.50000000000014,SL
XRP,2025-12-09 17:00:00+00:00,2025-12-09 19:00:00+00:00,1,2.1641,2.1316384999999998,-150.00000000000014,-161.50000000000014,SL
XRP,2025-12-11 06:00:00+00:00,2025-12-11 12:00:00+00:00,1,2.0132,2.0057,-37.25412278958839,-48.75412278958839,TIME
XRP,2025-12-11 20:00:00+00:00,2025-12-11 21:00:00+00:00,1,2.0106,2.040759,149.99999999999903,138.49999999999903,TP
XRP,2025-12-11 22:00:00+00:00,2025-12-12 04:00:00+00:00,1,2.0408,2.0287,-59.2904743237932,-70.7904743237932,TIME
XRP,2025-12-15 03:00:00+00:00,2025-12-15 09:00:00+00:00,1,1.9941,1.9974,16.548819016097838,5.048819016097838,TIME
XRP,2025-12-16 12:00:00+00:00,2025-12-16 18:00:00+00:00,1,1.9196,1.9295,51.57324442592204,40.07324442592204,TIME
XRP,2025-12-16 20:00:00+00:00,2025-12-17 02:00:00+00:00,1,1.9259,1.9303,22.84646139467217,11.346461394672168,TIME
XRP,2025-12-17 15:00:00+00:00,2025-12-17 15:00:00+00:00,1,1.9633,1.9338505,-150.00000000000014,-161.50000000000014,SL
XRP,2025-12-17 16:00:00+00:00,2025-12-17 16:00:00+00:00,1,1.9102,1.8815469999999999,-150.00000000000014,-161.50000000000014,SL
XRP,2025-12-18 04:00:00+00:00,2025-12-18 06:00:00+00:00,1,1.8543,1.8264855,-150.00000000000014,-161.50000000000014,SL
XRP,2025-12-18 15:00:00+00:00,2025-12-18 15:00:00+00:00,1,1.9013,1.9298194999999998,149.99999999999903,138.49999999999903,TP
XRP,2025-12-18 23:00:00+00:00,2025-12-19 00:00:00+00:00,1,1.8171,1.7898435,-150.00000000000014,-161.50000000000014,SL
XRP,2025-12-19 05:00:00+00:00,2025-12-19 07:00:00+00:00,1,1.8388,1.8663819999999998,149.99999999999903,138.49999999999903,TP
XRP,2025-12-19 21:00:00+00:00,2025-12-20 03:00:00+00:00,1,1.9087,1.9034,-27.76759050662769,-39.26759050662769,TIME
XRP,2025-12-23 17:00:00+00:00,2025-12-23 23:00:00+00:00,1,1.8902,1.8725,-93.64088456248032,-105.14088456248032,TIME
XRP,2025-12-25 17:00:00+00:00,2025-12-25 22:00:00+00:00,1,1.8703,1.8422455,-150.00000000000014,-161.50000000000014,SL
XRP,2025-12-26 04:00:00+00:00,2025-12-26 10:00:00+00:00,1,1.8638,1.8783,77.7980470007522,66.2980470007522,TIME
XRP,2025-12-29 04:00:00+00:00,2025-12-29 09:00:00+00:00,1,1.9139,1.8851915,-150.00000000000014,-161.50000000000014,SL
XRP,2025-12-30 16:00:00+00:00,2025-12-30 22:00:00+00:00,1,1.877,1.8707,-33.56419818859813,-45.06419818859813,TIME
XRP,2026-01-02 18:00:00+00:00,2026-01-02 22:00:00+00:00,1,1.9921,2.0219815,149.99999999999903,138.49999999999903,TP
XRP,2026-01-04 02:00:00+00:00,2026-01-04 04:00:00+00:00,1,2.0338,2.0643069999999994,149.99999999999903,138.49999999999903,TP
XRP,2026-01-05 02:00:00+00:00,2026-01-05 04:00:00+00:00,1,2.156,2.12366,-150.00000000000014,-161.50000000000014,SL
XRP,2026-01-05 16:00:00+00:00,2026-01-05 17:00:00+00:00,1,2.164,2.19646,149.99999999999903,138.49999999999903,TP
XRP,2026-01-05 19:00:00+00:00,2026-01-05 20:00:00+00:00,1,2.2662,2.3001929999999997,149.99999999999903,138.49999999999903,TP
XRP,2026-01-06 23:00:00+00:00,2026-01-07 01:00:00+00:00,1,2.2916,2.2572259999999997,-150.00000000000014,-161.50000000000014,SL
XRP,2026-01-08 09:00:00+00:00,2026-01-08 12:00:00+00:00,1,2.1112,2.079532,-150.00000000000125,-161.50000000000125,SL
XRP,2026-01-08 17:00:00+00:00,2026-01-08 23:00:00+00:00,1,2.1414,2.1224,-88.72700102736553,-100.22700102736553,TIME
XRP,2026-01-09 17:00:00+00:00,2026-01-09 17:00:00+00:00,1,2.132,2.10002,-149.99999999999903,-161.49999999999903,SL
XRP,2026-01-12 04:00:00+00:00,2026-01-12 08:00:00+00:00,1,2.0817,2.0504745,-150.00000000000014,-161.50000000000014,SL
XRP,2026-01-12 17:00:00+00:00,2026-01-12 17:00:00+00:00,1,2.0933,2.0619005,-150.00000000000014,-161.50000000000014,SL
XRP,2026-01-13 17:00:00+00:00,2026-01-13 19:00:00+00:00,1,2.1053,2.1368795,149.99999999999903,138.49999999999903,TP
XRP,2026-01-13 21:00:00+00:00,2026-01-13 22:00:00+00:00,1,2.1326,2.164589,149.99999999999903,138.49999999999903,TP
XRP,2026-01-14 00:00:00+00:00,2026-01-14 06:00:00+00:00,1,2.1644,2.148,-75.77157641840637,-87.27157641840637,TIME
XRP,2026-01-14 16:00:00+00:00,2026-01-14 22:00:00+00:00,1,2.1551,2.1349,-93.7311493666182,-105.2311493666182,TIME
XRP,2026-01-15 17:00:00+00:00,2026-01-15 19:00:00+00:00,1,2.091,2.059635,-150.00000000000014,-161.50000000000014,SL
XRP,2026-01-21 16:00:00+00:00,2026-01-21 16:00:00+00:00,1,1.9575,1.9281375,-150.00000000000014,-161.50000000000014,SL
XRP,2026-01-21 20:00:00+00:00,2026-01-21 23:00:00+00:00,1,1.9726,1.9430109999999998,-150.00000000000014,-161.50000000000014,SL
XRP,2026-01-23 17:00:00+00:00,2026-01-23 17:00:00+00:00,1,1.9353,1.9643294999999998,149.99999999999903,138.49999999999903,TP
XRP,2026-01-26 03:00:00+00:00,2026-01-26 09:00:00+00:00,1,1.8755,1.8788,17.595307917888103,6.095307917888103,TIME
XRP,2026-01-26 20:00:00+00:00,2026-01-27 02:00:00+00:00,1,1.9067,1.9143,39.859443016729834,28.359443016729834,TIME
XRP,2026-01-27 18:00:00+00:00,2026-01-27 18:00:00+00:00,1,1.8794,1.9075909999999998,149.99999999999903,138.49999999999903,TP
XRP,2026-01-27 20:00:00+00:00,2026-01-28 02:00:00+00:00,1,1.9057,1.9014,-22.56388728551162,-34.06388728551162,TIME
XRP,2026-01-28 11:00:00+00:00,2026-01-28 17:00:00+00:00,1,1.9269,1.9205,-33.21397062639453,-44.71397062639453,TIME
XRP,2026-01-28 19:00:00+00:00,2026-01-29 01:00:00+00:00,1,1.9151,1.891,-125.84199258524387,-137.34199258524387,TIME
XRP,2026-01-29 21:00:00+00:00,2026-01-30 01:00:00+00:00,1,1.8014,1.774379,-150.00000000000014,-161.50000000000014,SL
XRP,2026-01-30 05:00:00+00:00,2026-01-30 06:00:00+00:00,1,1.7619,1.7354715,-150.00000000000014,-161.50000000000014,SL
XRP,2026-01-30 20:00:00+00:00,2026-01-30 20:00:00+00:00,1,1.7703,1.7437455,-150.00000000000014,-161.50000000000014,SL
XRP,2026-02-01 01:00:00+00:00,2026-02-01 07:00:00+00:00,1,1.6624,1.6583,-24.663137632339183,-36.163137632339186,TIME
XRP,2026-02-01 13:00:00+00:00,2026-02-01 14:00:00+00:00,1,1.6396,1.615006,-150.00000000000014,-161.50000000000014,SL
XRP,2026-02-02 00:00:00+00:00,2026-02-02 00:00:00+00:00,1,1.5913,1.6151694999999997,149.99999999999903,138.49999999999903,TP
XRP,2026-02-02 02:00:00+00:00,2026-02-02 03:00:00+00:00,1,1.6019,1.5778715,-150.00000000000014,-161.50000000000014,SL
XRP,2026-02-02 08:00:00+00:00,2026-02-02 09:00:00+00:00,1,1.5794,1.6030909999999998,149.99999999999903,138.49999999999903,TP
XRP,2026-02-02 11:00:00+00:00,2026-02-02 12:00:00+00:00,1,1.611,1.6351649999999998,149.99999999999903,138.49999999999903,TP
XRP,2026-02-02 17:00:00+00:00,2026-02-02 20:00:00+00:00,1,1.6429,1.6182565,-150.00000000000014,-161.50000000000014,SL
XRP,2026-02-02 23:00:00+00:00,2026-02-03 02:00:00+00:00,1,1.6255,1.6011175,-150.00000000000014,-161.50000000000014,SL
XRP,2026-02-03 05:00:00+00:00,2026-02-03 09:00:00+00:00,1,1.6211,1.5967835,-150.00000000000014,-161.50000000000014,SL
XRP,2026-02-03 17:00:00+00:00,2026-02-03 17:00:00+00:00,1,1.5855,1.5617174999999999,-150.00000000000014,-161.50000000000014,SL
XRP,2026-02-03 21:00:00+00:00,2026-02-03 22:00:00+00:00,1,1.618,1.59373,-150.00000000000014,-161.50000000000014,SL
XRP,2026-02-04 03:00:00+00:00,2026-02-04 08:00:00+00:00,1,1.5849,1.6086734999999999,149.99999999999903,138.49999999999903,TP
XRP,2026-02-04 20:00:00+00:00,2026-02-04 21:00:00+00:00,1,1.554,1.53069,-150.00000000000014,-161.50000000000014,SL
XRP,2026-02-05 01:00:00+00:00,2026-02-05 01:00:00+00:00,1,1.4893,1.4669605000000001,-150.00000000000014,-161.50000000000014,SL
XRP,2026-02-05 11:00:00+00:00,2026-02-05 11:00:00+00:00,1,1.3663,1.3458055,-150.00000000000014,-161.50000000000014,SL
XRP,2026-02-05 18:00:00+00:00,2026-02-05 18:00:00+00:00,1,1.2495,1.2307575,-150.00000000000125,-161.50000000000125,SL
XRP,2026-02-06 00:00:00+00:00,2026-02-06 00:00:00+00:00,1,1.2148,1.1965780000000001,-150.00000000000014,-161.50000000000014,SL
XRP,2026-02-06 02:00:00+00:00,2026-02-06 02:00:00+00:00,1,1.2793,1.2601105000000001,-150.00000000000014,-161.50000000000014,SL
XRP,2026-02-06 03:00:00+00:00,2026-02-06 04:00:00+00:00,1,1.2595,1.2783925,149.99999999999903,138.49999999999903,TP
XRP,2026-02-06 06:00:00+00:00,2026-02-06 06:00:00+00:00,1,1.3285,1.3085725,-150.00000000000125,-161.50000000000125,SL
XRP,2026-02-06 07:00:00+00:00,2026-02-06 09:00:00+00:00,1,1.3021,1.3216314999999998,149.99999999999903,138.49999999999903,TP
XRP,2026-02-06 11:00:00+00:00,2026-02-06 12:00:00+00:00,1,1.3576,1.3779639999999997,149.99999999999903,138.49999999999903,TP
XRP,2026-02-06 13:00:00+00:00,2026-02-06 13:00:00+00:00,1,1.3816,1.402324,149.99999999999903,138.49999999999903,TP
XRP,2026-02-06 15:00:00+00:00,2026-02-06 15:00:00+00:00,1,1.476,1.4981399999999998,149.99999999999903,138.49999999999903,TP
XRP,2026-02-06 16:00:00+00:00,2026-02-06 16:00:00+00:00,1,1.5128,1.490108,-149.99999999999903,-161.49999999999903,SL
XRP,2026-02-06 17:00:00+00:00,2026-02-06 17:00:00+00:00,1,1.4884,1.5107259999999998,149.99999999999903,138.49999999999903,TP
XRP,2026-02-06 18:00:00+00:00,2026-02-06 18:00:00+00:00,1,1.4935,1.4710975,-150.00000000000014,-161.50000000000014,SL
XRP,2026-02-06 19:00:00+00:00,2026-02-06 22:00:00+00:00,1,1.4571,1.4789565,149.99999999999903,138.49999999999903,TP
XRP,2026-02-07 00:00:00+00:00,2026-02-07 00:00:00+00:00,1,1.4682,1.4461769999999998,-150.00000000000125,-161.50000000000125,SL
XRP,2026-02-07 03:00:00+00:00,2026-02-07 03:00:00+00:00,1,1.4597,1.4815954999999998,149.99999999999903,138.49999999999903,TP
XRP,2026-02-07 05:00:00+00:00,2026-02-07 06:00:00+00:00,1,1.4602,1.438297,-150.00000000000014,-161.50000000000014,SL
XRP,2026-02-07 14:00:00+00:00,2026-02-07 16:00:00+00:00,1,1.4035,1.4245524999999999,149.99999999999903,138.49999999999903,TP
XRP,2026-02-07 17:00:00+00:00,2026-02-07 18:00:00+00:00,1,1.4179,1.4391684999999999,149.99999999999903,138.49999999999903,TP
XRP,2026-02-08 10:00:00+00:00,2026-02-08 13:00:00+00:00,1,1.438,1.4595699999999998,149.99999999999903,138.49999999999903,TP
XRP,2026-02-09 05:00:00+00:00,2026-02-09 07:00:00+00:00,1,1.4465,1.4248025,-149.99999999999903,-161.49999999999903,SL
XRP,2026-02-09 16:00:00+00:00,2026-02-09 22:00:00+00:00,1,1.445,1.4436,-9.688581314879485,-21.188581314879485,TIME
XRP,2026-02-10 03:00:00+00:00,2026-02-10 06:00:00+00:00,1,1.4468,1.425098,-150.00000000000125,-161.50000000000125,SL
XRP,2026-02-10 15:00:00+00:00,2026-02-10 17:00:00+00:00,1,1.402,1.4230299999999998,149.99999999999903,138.49999999999903,TP
XRP,2026-02-10 19:00:00+00:00,2026-02-11 01:00:00+00:00,1,1.4011,1.4096,60.66661908500359,49.16661908500359,TIME
XRP,2026-02-11 13:00:00+00:00,2026-02-11 14:00:00+00:00,1,1.3721,1.3926815,149.99999999999903,138.49999999999903,TP
XRP,2026-02-11 19:00:00+00:00,2026-02-12 01:00:00+00:00,1,1.3777,1.3809,23.227117659867513,11.727117659867513,TIME
XRP,2026-02-12 11:00:00+00:00,2026-02-12 15:00:00+00:00,1,1.403,1.381955,-150.00000000000014,-161.50000000000014,SL
XRP,2026-02-12 23:00:00+00:00,2026-02-13 05:00:00+00:00,1,1.3627,1.3527,-73.38372349013022,-84.88372349013022,TIME
XRP,2026-02-13 10:00:00+00:00,2026-02-13 14:00:00+00:00,1,1.3677,1.3882154999999998,149.99999999999903,138.49999999999903,TP
XRP,2026-02-13 16:00:00+00:00,2026-02-13 16:00:00+00:00,1,1.4034,1.424451,149.99999999999903,138.49999999999903,TP
XRP,2026-02-13 17:00:00+00:00,2026-02-13 23:00:00+00:00,1,1.4156,1.4066,-63.57728171799914,-75.07728171799914,TIME
XRP,2026-02-14 10:00:00+00:00,2026-02-14 12:00:00+00:00,1,1.4512,1.4729679999999998,149.99999999999903,138.49999999999903,TP
XRP,2026-02-14 13:00:00+00:00,2026-02-14 18:00:00+00:00,1,1.4641,1.4860615,149.99999999999903,138.49999999999903,TP
XRP,2026-02-15 05:00:00+00:00,2026-02-15 05:00:00+00:00,1,1.5439,1.5670585,149.99999999999903,138.49999999999903,TP
XRP,2026-02-16 06:00:00+00:00,2026-02-16 09:00:00+00:00,1,1.4552,1.477028,149.99999999999903,138.49999999999903,TP
XRP,2026-02-16 14:00:00+00:00,2026-02-16 15:00:00+00:00,1,1.4894,1.4670590000000001,-150.00000000000014,-161.50000000000014,SL
XRP,2026-02-16 22:00:00+00:00,2026-02-17 04:00:00+00:00,1,1.4906,1.4851,-36.89789346571715,-48.39789346571715,TIME
XRP,2026-02-17 17:00:00+00:00,2026-02-17 23:00:00+00:00,1,1.4765,1.4727,-25.736539112767296,-37.236539112767296,TIME
XRP,2026-02-18 17:00:00+00:00,2026-02-18 19:00:00+00:00,1,1.4592,1.437312,-150.00000000000125,-161.50000000000125,SL
XRP,2026-02-19 03:00:00+00:00,2026-02-19 09:00:00+00:00,1,1.4252,1.4144,-75.77883805781616,-87.27883805781616,TIME
XRP,2026-02-19 16:00:00+00:00,2026-02-19 19:00:00+00:00,1,1.397,1.4179549999999999,149.99999999999903,138.49999999999903,TP
XRP,2026-02-19 20:00:00+00:00,2026-02-20 02:00:00+00:00,1,1.4116,1.4167,36.12921507509359,24.62921507509359,TIME
XRP,2026-02-20 07:00:00+00:00,2026-02-20 13:00:00+00:00,1,1.4198,1.3985029999999998,-150.00000000000125,-161.50000000000125,SL
XRP,2026-02-20 17:00:00+00:00,2026-02-20 17:00:00+00:00,1,1.4322,1.410717,-149.99999999999903,-161.49999999999903,SL
XRP,2026-02-23 08:00:00+00:00,2026-02-23 09:00:00+00:00,1,1.3702,1.390753,149.99999999999903,138.49999999999903,TP
XRP,2026-02-23 11:00:00+00:00,2026-02-23 12:00:00+00:00,1,1.3921,1.4129814999999997,149.99999999999903,138.49999999999903,TP
XRP,2026-02-24 16:00:00+00:00,2026-02-24 22:00:00+00:00,1,1.3509,1.352,8.142719668369214,-3.357280331630786,TIME
XRP,2026-02-25 03:00:00+00:00,2026-02-25 04:00:00+00:00,1,1.3803,1.3595955,-150.00000000000125,-161.50000000000125,SL
XRP,2026-02-25 10:00:00+00:00,2026-02-25 12:00:00+00:00,1,1.3797,1.4003954999999997,149.99999999999903,138.49999999999903,TP
XRP,2026-02-25 14:00:00+00:00,2026-02-25 14:00:00+00:00,1,1.413,1.4341949999999999,149.99999999999903,138.49999999999903,TP
XRP,2026-02-25 16:00:00+00:00,2026-02-25 17:00:00+00:00,1,1.4407,1.4623104999999998,149.99999999999903,138.49999999999903,TP
XRP,2026-02-25 18:00:00+00:00,2026-02-25 21:00:00+00:00,1,1.4656,1.4875839999999998,149.99999999999903,138.49999999999903,TP
XRP,2026-02-26 11:00:00+00:00,2026-02-26 15:00:00+00:00,1,1.442,1.42037,-150.00000000000014,-161.50000000000014,SL
XRP,2026-02-26 20:00:00+00:00,2026-02-27 02:00:00+00:00,1,1.4064,1.406,-2.8441410693980096,-14.34414106939801,TIME
XRP,2026-02-28 09:00:00+00:00,2026-02-28 11:00:00+00:00,1,1.2853,1.3045795,149.99999999999903,138.49999999999903,TP
XRP,2026-02-28 15:00:00+00:00,2026-02-28 18:00:00+00:00,1,1.3176,1.337364,149.99999999999903,138.49999999999903,TP
XRP,2026-02-28 20:00:00+00:00,2026-02-28 20:00:00+00:00,1,1.3532,1.3734979999999999,149.99999999999903,138.49999999999903,TP
XRP,2026-02-28 21:00:00+00:00,2026-03-01 01:00:00+00:00,1,1.3804,1.401106,149.99999999999903,138.49999999999903,TP
XRP,2026-03-01 03:00:00+00:00,2026-03-01 06:00:00+00:00,1,1.4247,1.4033295000000001,-150.00000000000014,-161.50000000000014,SL
XRP,2026-03-01 15:00:00+00:00,2026-03-01 16:00:00+00:00,1,1.3796,1.358906,-150.00000000000014,-161.50000000000014,SL
XRP,2026-03-02 01:00:00+00:00,2026-03-02 07:00:00+00:00,1,1.3648,1.344328,-150.00000000000014,-161.50000000000014,SL
XRP,2026-03-02 16:00:00+00:00,2026-03-02 16:00:00+00:00,1,1.4,1.4209999999999998,149.99999999999903,138.49999999999903,TP
XRP,2026-03-02 17:00:00+00:00,2026-03-02 17:00:00+00:00,1,1.407,1.385895,-149.99999999999903,-161.49999999999903,SL
XRP,2026-03-03 17:00:00+00:00,2026-03-03 23:00:00+00:00,1,1.3684,1.3598,-62.84712072493592,-74.34712072493592,TIME
XRP,2026-03-04 07:00:00+00:00,2026-03-04 08:00:00+00:00,1,1.3588,1.379182,149.99999999999903,138.49999999999903,TP
XRP,2026-03-04 09:00:00+00:00,2026-03-04 09:00:00+00:00,1,1.4032,1.424248,149.99999999999903,138.49999999999903,TP
XRP,2026-03-04 10:00:00+00:00,2026-03-04 11:00:00+00:00,1,1.4156,1.394366,-150.00000000000014,-161.50000000000014,SL
XRP,2026-03-04 17:00:00+00:00,2026-03-04 22:00:00+00:00,1,1.4492,1.427462,-150.00000000000014,-161.50000000000014,SL
XRP,2026-03-05 12:00:00+00:00,2026-03-05 15:00:00+00:00,1,1.436,1.4144599999999998,-150.00000000000125,-161.50000000000125,SL
XRP,2026-03-06 09:00:00+00:00,2026-03-06 13:00:00+00:00,1,1.4044,1.383334,-150.00000000000014,-161.50000000000014,SL
XRP,2026-03-08 07:00:00+00:00,2026-03-08 13:00:00+00:00,1,1.3516,1.3496,-14.797277300976353,-26.297277300976354,TIME
XRP,2026-03-08 21:00:00+00:00,2026-03-08 22:00:00+00:00,1,1.3529,1.3326065,-150.00000000000014,-161.50000000000014,SL
XRP,2026-03-09 05:00:00+00:00,2026-03-09 11:00:00+00:00,1,1.3432,1.3493,45.41393686718243,33.91393686718243,TIME
XRP,2026-03-09 15:00:00+00:00,2026-03-09 21:00:00+00:00,1,1.3641,1.3732,66.71065171174995,55.21065171174995,TIME
XRP,2026-03-10 02:00:00+00:00,2026-03-10 08:00:00+00:00,1,1.3723,1.3928844999999999,149.99999999999903,138.49999999999903,TP
XRP,2026-03-10 09:00:00+00:00,2026-03-10 14:00:00+00:00,1,1.401,1.4220149999999998,149.99999999999903,138.49999999999903,TP
XRP,2026-03-10 16:00:00+00:00,2026-03-10 17:00:00+00:00,1,1.4302,1.408747,-150.00000000000014,-161.50000000000014,SL
XRP,2026-03-11 06:00:00+00:00,2026-03-11 12:00:00+00:00,1,1.3758,1.3845,63.23593545573658,51.73593545573658,TIME
XRP,2026-03-11 15:00:00+00:00,2026-03-11 21:00:00+00:00,1,1.3917,1.3915,-1.437091327153306,-12.937091327153306,TIME
XRP,2026-03-12 12:00:00+00:00,2026-03-12 14:00:00+00:00,1,1.3878,1.3669829999999998,-150.00000000000014,-161.50000000000014,SL
XRP,2026-03-12 17:00:00+00:00,2026-03-12 23:00:00+00:00,1,1.3811,1.384,20.997755412350827,9.497755412350827,TIME
XRP,2026-03-13 02:00:00+00:00,2026-03-13 08:00:00+00:00,1,1.4136,1.4254,83.47481607243967,71.97481607243967,TIME
XRP,2026-03-13 12:00:00+00:00,2026-03-13 13:00:00+00:00,1,1.4191,1.4403864999999998,149.99999999999903,138.49999999999903,TP
XRP,2026-03-13 14:00:00+00:00,2026-03-13 14:00:00+00:00,1,1.4432,1.421552,-150.00000000000125,-161.50000000000125,SL
XRP,2026-03-13 15:00:00+00:00,2026-03-13 16:00:00+00:00,1,1.4223,1.4009654999999999,-150.00000000000014,-161.50000000000014,SL
XRP,2026-03-15 01:00:00+00:00,2026-03-15 07:00:00+00:00,1,1.4044,1.4071,19.225291939617417,7.725291939617417,TIME
XRP,2026-03-16 00:00:00+00:00,2026-03-16 03:00:00+00:00,1,1.4482,1.4699229999999999,149.99999999999903,138.49999999999903,TP
XRP,2026-03-16 05:00:00+00:00,2026-03-16 11:00:00+00:00,1,1.4794,1.469,-70.2987697715285,-81.7987697715285,TIME
XRP,2026-03-16 12:00:00+00:00,2026-03-16 13:00:00+00:00,1,1.4691,1.4911364999999999,149.99999999999903,138.49999999999903,TP
XRP,2026-03-16 18:00:00+00:00,2026-03-16 18:00:00+00:00,1,1.5175,1.5402624999999999,149.99999999999903,138.49999999999903,TP
XRP,2026-03-17 16:00:00+00:00,2026-03-17 16:00:00+00:00,1,1.5123,1.5349844999999998,149.99999999999903,138.49999999999903,TP
XRP,2026-03-19 11:00:00+00:00,2026-03-19 12:00:00+00:00,1,1.4625,1.4405625,-150.00000000000014,-161.50000000000014,SL
XRP,2026-03-19 15:00:00+00:00,2026-03-19 16:00:00+00:00,1,1.4444,1.422734,-150.00000000000014,-161.50000000000014,SL
XRP,2026-03-19 21:00:00+00:00,2026-03-20 03:00:00+00:00,1,1.4489,1.4523,23.46607771412712,11.96607771412712,TIME
XRP,2026-03-20 23:00:00+00:00,2026-03-21 05:00:00+00:00,1,1.4472,1.4502,20.729684908789014,9.229684908789014,TIME
XRP,2026-03-22 14:00:00+00:00,2026-03-22 20:00:00+00:00,1,1.3977,1.3862,-82.27802818916663,-93.77802818916663,TIME
XRP,2026-03-23 00:00:00+00:00,2026-03-23 06:00:00+00:00,1,1.3842,1.371,-95.36194191590907,-106.86194191590907,TIME
XRP,2026-03-23 09:00:00+00:00,2026-03-23 11:00:00+00:00,1,1.368,1.38852,149.99999999999903,138.49999999999903,TP
XRP,2026-03-23 13:00:00+00:00,2026-03-23 14:00:00+00:00,1,1.4241,1.4454614999999997,149.99999999999903,138.49999999999903,TP
XRP,2026-03-23 15:00:00+00:00,2026-03-23 15:00:00+00:00,1,1.4552,1.433372,-150.00000000000014,-161.50000000000014,SL
XRP,2026-03-23 18:00:00+00:00,2026-03-24 00:00:00+00:00,1,1.4438,1.422143,-150.00000000000014,-161.50000000000014,SL
XRP,2026-03-24 09:00:00+00:00,2026-03-24 14:00:00+00:00,1,1.4166,1.395351,-150.00000000000014,-161.50000000000014,SL
XRP,2026-03-24 22:00:00+00:00,2026-03-25 04:00:00+00:00,1,1.4125,1.4156,21.946902654865763,10.446902654865763,TIME
XRP,2026-03-25 18:00:00+00:00,2026-03-26 00:00:00+00:00,1,1.4109,1.4134,17.7191863349635,6.219186334963499,TIME
XRP,2026-03-26 22:00:00+00:00,2026-03-27 04:00:00+00:00,1,1.3665,1.3624,-30.003658982802328,-41.50365898280233,TIME
XRP,2026-03-30 04:00:00+00:00,2026-03-30 10:00:00+00:00,1,1.3514,1.3473,-30.338907799318804,-41.838907799318804,TIME
XRP,2026-03-31 03:00:00+00:00,2026-03-31 06:00:00+00:00,1,1.336,1.31596,-150.00000000000014,-161.50000000000014,SL
XRP,2026-03-31 15:00:00+00:00,2026-03-31 16:00:00+00:00,1,1.3143,1.3340144999999999,149.99999999999903,138.49999999999903,TP
XRP,2026-03-31 18:00:00+00:00,2026-04-01 00:00:00+00:00,1,1.3306,1.3447,105.96723282729536,94.46723282729536,TIME
XRP,2026-04-01 05:00:00+00:00,2026-04-01 06:00:00+00:00,1,1.338,1.3580699999999999,149.99999999999903,138.49999999999903,TP
XRP,2026-04-01 08:00:00+00:00,2026-04-01 14:00:00+00:00,1,1.356,1.3555,-3.6873156342198676,-15.187315634219868,TIME
XRP,2026-04-01 16:00:00+00:00,2026-04-01 22:00:00+00:00,1,1.3567,1.348,-64.1261885457356,-75.6261885457356,TIME
XRP,2026-04-02 02:00:00+00:00,2026-04-02 03:00:00+00:00,1,1.3273,1.3073905,-150.00000000000014,-161.50000000000014,SL
XRP,2026-04-02 16:00:00+00:00,2026-04-02 20:00:00+00:00,1,1.2989,1.3183834999999997,149.99999999999903,138.49999999999903,TP
XRP,2026-04-06 00:00:00+00:00,2026-04-06 02:00:00+00:00,1,1.3256,1.3454839999999997,149.99999999999903,138.49999999999903,TP
XRP,2026-04-06 11:00:00+00:00,2026-04-06 17:00:00+00:00,1,1.3521,1.3387,-99.10509577694016,-110.60509577694016,TIME
XRP,2026-04-07 19:00:00+00:00,2026-04-07 20:00:00+00:00,1,1.3008,1.320312,149.99999999999903,138.49999999999903,TP
XRP,2026-04-07 21:00:00+00:00,2026-04-07 21:00:00+00:00,1,1.3176,1.337364,149.99999999999903,138.49999999999903,TP
XRP,2026-04-07 23:00:00+00:00,2026-04-07 23:00:00+00:00,1,1.3727,1.3932905,149.99999999999903,138.49999999999903,TP
XRP,2026-04-08 00:00:00+00:00,2026-04-08 06:00:00+00:00,1,1.3782,1.3798,11.609345523144743,0.10934552314474288,TIME
XRP,2026-04-09 17:00:00+00:00,2026-04-09 23:00:00+00:00,1,1.351,1.3424,-63.656550703182766,-75.15655070318277,TIME
XRP,2026-04-10 16:00:00+00:00,2026-04-10 22:00:00+00:00,1,1.347,1.3556,63.84558277654051,52.34558277654051,TIME
XRP,2026-04-11 20:00:00+00:00,2026-04-12 01:00:00+00:00,1,1.3703,1.3497455,-150.00000000000014,-161.50000000000014,SL
XRP,2026-04-13 15:00:00+00:00,2026-04-13 21:00:00+00:00,1,1.3455,1.3504,36.41768859160344,24.917688591603437,TIME
XRP,2026-04-14 00:00:00+00:00,2026-04-14 06:00:00+00:00,1,1.3758,1.3706,-37.796191306874725,-49.296191306874725,TIME
XRP,2026-04-14 15:00:00+00:00,2026-04-14 21:00:00+00:00,1,1.3717,1.36,-85.2956185754894,-96.7956185754894,TIME
XRP,2026-04-15 21:00:00+00:00,2026-04-16 02:00:00+00:00,1,1.388,1.4088199999999997,149.99999999999903,138.49999999999903,TP
XRP,2026-04-16 17:00:00+00:00,2026-04-16 18:00:00+00:00,1,1.4189,1.4401834999999998,149.99999999999903,138.49999999999903,TP
XRP,2026-04-16 20:00:00+00:00,2026-04-17 00:00:00+00:00,1,1.4642,1.442237,-150.00000000000014,-161.50000000000014,SL
XRP,2026-04-17 10:00:00+00:00,2026-04-17 13:00:00+00:00,1,1.4511,1.4728664999999999,149.99999999999903,138.49999999999903,TP
XRP,2026-04-17 14:00:00+00:00,2026-04-17 14:00:00+00:00,1,1.4864,1.5086959999999998,149.99999999999903,138.49999999999903,TP
XRP,2026-04-17 15:00:00+00:00,2026-04-17 18:00:00+00:00,1,1.498,1.47553,-150.00000000000014,-161.50000000000014,SL
XRP,2026-04-20 02:00:00+00:00,2026-04-20 07:00:00+00:00,1,1.4078,1.4289169999999998,149.99999999999903,138.49999999999903,TP
XRP,2026-04-20 08:00:00+00:00,2026-04-20 14:00:00+00:00,1,1.4146,1.4158,8.482963381872821,-3.017036618127179,TIME
XRP,2026-04-20 17:00:00+00:00,2026-04-20 23:00:00+00:00,1,1.4226,1.4237,7.73232110220734,-3.76767889779266,TIME
XRP,2026-04-21 22:00:00+00:00,2026-04-22 02:00:00+00:00,1,1.4219,1.4432284999999998,149.99999999999903,138.49999999999903,TP
XRP,2026-04-22 04:00:00+00:00,2026-04-22 10:00:00+00:00,1,1.4434,1.4507,50.57503117638973,39.07503117638973,TIME
XRP,2026-04-22 15:00:00+00:00,2026-04-22 20:00:00+00:00,1,1.4572,1.4353420000000001,-149.99999999999903,-161.49999999999903,SL
SOL,2025-06-27 17:00:00+00:00,2025-06-27 17:00:00+00:00,1,143.64,141.4854,-149.99999999999903,-161.49999999999903,SL
SOL,2025-06-30 17:00:00+00:00,2025-06-30 23:00:00+00:00,1,156.97,154.61545,-149.99999999999903,-161.49999999999903,SL
SOL,2025-07-02 10:00:00+00:00,2025-07-02 15:00:00+00:00,1,148.6,150.82899999999998,149.99999999999903,138.49999999999903,TP
SOL,2025-07-03 15:00:00+00:00,2025-07-03 15:00:00+00:00,1,152.23,149.94655,-149.99999999999903,-161.49999999999903,SL
SOL,2025-07-09 21:00:00+00:00,2025-07-10 02:00:00+00:00,1,155.91,158.24864999999997,149.99999999999903,138.49999999999903,TP
SOL,2025-07-10 18:00:00+00:00,2025-07-10 18:00:00+00:00,1,160.89,158.47664999999998,-150.00000000000014,-161.50000000000014,SL
SOL,2025-07-10 19:00:00+00:00,2025-07-10 21:00:00+00:00,1,159.05,161.43574999999998,149.99999999999903,138.49999999999903,TP
SOL,2025-07-10 23:00:00+00:00,2025-07-11 00:00:00+00:00,1,164.61,162.14085,-150.00000000000125,-161.50000000000125,SL
SOL,2025-07-11 07:00:00+00:00,2025-07-11 13:00:00+00:00,1,163.46,165.9119,149.99999999999903,138.49999999999903,TP
SOL,2025-07-14 05:00:00+00:00,2025-07-14 11:00:00+00:00,1,167.42,166.59,-49.57591685581075,-61.07591685581075,TIME
SOL,2025-07-15 15:00:00+00:00,2025-07-15 15:00:00+00:00,1,157.63,159.99444999999997,149.99999999999903,138.49999999999903,TP
SOL,2025-07-15 18:00:00+00:00,2025-07-15 19:00:00+00:00,1,162.78,160.3383,-150.00000000000014,-161.50000000000014,SL
SOL,2025-07-15 23:00:00+00:00,2025-07-16 00:00:00+00:00,1,162.48,164.91719999999998,149.99999999999903,138.49999999999903,TP
SOL,2025-07-17 19:00:00+00:00,2025-07-17 20:00:00+00:00,1,174.84,172.2174,-150.00000000000014,-161.50000000000014,SL
SOL,2025-07-17 23:00:00+00:00,2025-07-18 00:00:00+00:00,1,175.43,178.06144999999998,149.99999999999903,138.49999999999903,TP
SOL,2025-07-21 04:00:00+00:00,2025-07-21 06:00:00+00:00,1,186.73,189.53094999999996,149.99999999999903,138.49999999999903,TP
SOL,2025-07-21 08:00:00+00:00,2025-07-21 11:00:00+00:00,1,190.02,192.8703,149.99999999999903,138.49999999999903,TP
SOL,2025-07-22 07:00:00+00:00,2025-07-22 08:00:00+00:00,1,199.05,196.06425000000002,-150.00000000000014,-161.50000000000014,SL
SOL,2025-07-22 16:00:00+00:00,2025-07-22 19:00:00+00:00,1,201.83,198.80255,-150.00000000000125,-161.50000000000125,SL
SOL,2025-07-23 16:00:00+00:00,2025-07-23 16:00:00+00:00,1,192.75,189.85875,-150.00000000000125,-161.50000000000125,SL
SOL,2025-07-24 09:00:00+00:00,2025-07-24 10:00:00+00:00,1,185.99,183.20015,-150.00000000000014,-161.50000000000014,SL
SOL,2025-07-24 16:00:00+00:00,2025-07-24 16:00:00+00:00,1,188.52,185.6922,-150.00000000000014,-161.50000000000014,SL
SOL,2025-07-25 06:00:00+00:00,2025-07-25 07:00:00+00:00,1,178.59,175.91115,-150.00000000000014,-161.50000000000014,SL
SOL,2025-07-25 11:00:00+00:00,2025-07-25 14:00:00+00:00,1,180.67,177.95995,-150.00000000000014,-161.50000000000014,SL
SOL,2025-07-25 17:00:00+00:00,2025-07-25 18:00:00+00:00,1,179.64,182.33459999999997,149.99999999999903,138.49999999999903,TP
SOL,2025-07-30 16:00:00+00:00,2025-07-30 18:00:00+00:00,1,179.18,176.4923,-150.00000000000014,-161.50000000000014,SL
SOL,2025-08-01 16:00:00+00:00,2025-08-01 17:00:00+00:00,1,168.48,165.9528,-150.00000000000014,-161.50000000000014,SL
SOL,2025-08-04 02:00:00+00:00,2025-08-04 08:00:00+00:00,1,163.23,163.67,26.955829198063164,15.455829198063164,TIME
SOL,2025-08-06 07:00:00+00:00,2025-08-06 13:00:00+00:00,1,163.85,164.22,22.581629539213388,11.081629539213388,TIME
SOL,2025-08-06 16:00:00+00:00,2025-08-06 22:00:00+00:00,1,168.95,168.3,-38.4729209825374,-49.9729209825374,TIME
SOL,2025-08-07 12:00:00+00:00,2025-08-07 14:00:00+00:00,1,172.76,170.1686,-150.00000000000014,-161.50000000000014,SL
SOL,2025-08-07 21:00:00+00:00,2025-08-07 23:00:00+00:00,1,172.84,175.43259999999998,149.99999999999903,138.49999999999903,TP
SOL,2025-08-10 04:00:00+00:00,2025-08-10 05:00:00+00:00,1,184.9,182.1265,-150.00000000000014,-161.50000000000014,SL
SOL,2025-08-11 03:00:00+00:00,2025-08-11 08:00:00+00:00,1,185.2,182.422,-149.99999999999903,-161.49999999999903,SL
SOL,2025-08-12 14:00:00+00:00,2025-08-12 14:00:00+00:00,1,176.44,179.08659999999998,149.99999999999903,138.49999999999903,TP
SOL,2025-08-13 15:00:00+00:00,2025-08-13 16:00:00+00:00,1,196.27,199.21405,149.99999999999903,138.49999999999903,TP
SOL,2025-08-13 21:00:00+00:00,2025-08-14 00:00:00+00:00,1,200.42,203.42629999999997,149.99999999999903,138.49999999999903,TP
SOL,2025-08-18 16:00:00+00:00,2025-08-18 22:00:00+00:00,1,183.02,184.03,55.18522565839845,43.68522565839845,TIME
SOL,2025-08-20 16:00:00+00:00,2025-08-20 17:00:00+00:00,1,182.9,185.6435,149.99999999999903,138.49999999999903,TP
SOL,2025-08-20 21:00:00+00:00,2025-08-21 03:00:00+00:00,1,187.16,189.96739999999997,149.99999999999903,138.49999999999903,TP
SOL,2025-08-22 16:00:00+00:00,2025-08-22 16:00:00+00:00,1,193.36,196.2604,149.99999999999903,138.49999999999903,TP
SOL,2025-08-22 19:00:00+00:00,2025-08-22 21:00:00+00:00,1,196.81,199.76215,149.99999999999903,138.49999999999903,TP
SOL,2025-08-25 16:00:00+00:00,2025-08-25 19:00:00+00:00,1,196.51,193.56234999999998,-150.00000000000014,-161.50000000000014,SL
SOL,2025-08-26 03:00:00+00:00,2025-08-26 09:00:00+00:00,1,187.5,187.93,22.933333333334804,11.433333333334804,TIME
SOL,2025-08-26 20:00:00+00:00,2025-08-27 01:00:00+00:00,1,197.32,194.3602,-150.00000000000014,-161.50000000000014,SL
SOL,2025-08-28 06:00:00+00:00,2025-08-28 08:00:00+00:00,1,211.62,214.7943,149.99999999999903,138.49999999999903,TP
SOL,2025-08-29 23:00:00+00:00,2025-08-30 03:00:00+00:00,1,203.07,206.11604999999997,149.99999999999903,138.49999999999903,TP
SOL,2025-09-01 09:00:00+00:00,2025-09-01 10:00:00+00:00,1,203.05,200.00425,-150.00000000000014,-161.50000000000014,SL
SOL,2025-09-02 00:00:00+00:00,2025-09-02 02:00:00+00:00,1,197.23,200.18844999999996,149.99999999999903,138.49999999999903,TP
SOL,2025-09-02 04:00:00+00:00,2025-09-02 10:00:00+00:00,1,201.83,203.6,87.69756725957478,76.19756725957478,TIME
SOL,2025-09-02 15:00:00+00:00,2025-09-02 15:00:00+00:00,1,204.29,201.22565,-149.99999999999903,-161.49999999999903,SL
SOL,2025-09-03 16:00:00+00:00,2025-09-03 22:00:00+00:00,1,211.21,209.75,-69.12551489039353,-80.62551489039353,TIME
SOL,2025-09-05 00:00:00+00:00,2025-09-05 06:00:00+00:00,1,202.23,204.81,127.57751075508139,116.07751075508139,TIME
SOL,2025-09-05 09:00:00+00:00,2025-09-05 12:00:00+00:00,1,206.49,209.58735,149.99999999999903,138.49999999999903,TP
SOL,2025-09-05 14:00:00+00:00,2025-09-05 14:00:00+00:00,1,209.53,206.38705,-150.00000000000014,-161.50000000000014,SL
SOL,2025-09-08 16:00:00+00:00,2025-09-08 22:00:00+00:00,1,214.96,214.59,-17.212504652028837,-28.712504652028837,TIME
SOL,2025-09-09 08:00:00+00:00,2025-09-09 14:00:00+00:00,1,219.22,215.9317,-150.00000000000014,-161.50000000000014,SL
SOL,2025-09-10 09:00:00+00:00,2025-09-10 12:00:00+00:00,1,220.7,224.01049999999998,149.99999999999903,138.49999999999903,TP
SOL,2025-09-10 14:00:00+00:00,2025-09-10 19:00:00+00:00,1,224.11,220.74835000000002,-150.00000000000014,-161.50000000000014,SL
SOL,2025-09-17 07:00:00+00:00,2025-09-17 13:00:00+00:00,1,235.96,235.35,-25.85183929479595,-37.35183929479595,TIME
SOL,2025-09-24 16:00:00+00:00,2025-09-24 22:00:00+00:00,1,213.45,211.63,-85.2658702272191,-96.7658702272191,TIME
SOL,2025-09-25 20:00:00+00:00,2025-09-25 21:00:00+00:00,1,198.02,195.0497,-150.00000000000014,-161.50000000000014,SL
SOL,2025-09-29 00:00:00+00:00,2025-09-29 06:00:00+00:00,1,210.69,208.08,-123.8786843229378,-135.3786843229378,TIME
SOL,2025-09-29 15:00:00+00:00,2025-09-29 16:00:00+00:00,1,212.37,209.18445,-150.00000000000014,-161.50000000000014,SL
SOL,2025-10-01 10:00:00+00:00,2025-10-01 16:00:00+00:00,1,217.5,220.7625,149.99999999999903,138.49999999999903,TP
SOL,2025-10-02 01:00:00+00:00,2025-10-02 02:00:00+00:00,1,219.66,222.95489999999998,149.99999999999903,138.49999999999903,TP
SOL,2025-10-02 17:00:00+00:00,2025-10-02 18:00:00+00:00,1,227.84,231.25759999999997,149.99999999999903,138.49999999999903,TP
SOL,2025-10-03 17:00:00+00:00,2025-10-03 17:00:00+00:00,1,233.73,230.22404999999998,-150.00000000000014,-161.50000000000014,SL
SOL,2025-10-05 04:00:00+00:00,2025-10-05 04:00:00+00:00,1,230.79,234.25184999999996,149.99999999999903,138.49999999999903,TP
SOL,2025-10-05 06:00:00+00:00,2025-10-05 10:00:00+00:00,1,234.4,230.88400000000001,-150.00000000000014,-161.50000000000014,SL
SOL,2025-10-08 10:00:00+00:00,2025-10-08 16:00:00+00:00,1,221.3,223.5,99.4125621328501,87.9125621328501,TIME
SOL,2025-10-08 18:00:00+00:00,2025-10-09 00:00:00+00:00,1,226.8,228.23,63.05114638447851,51.55114638447851,TIME
SOL,2025-10-09 14:00:00+00:00,2025-10-09 15:00:00+00:00,1,222.14,218.8079,-150.00000000000014,-161.50000000000014,SL
SOL,2025-10-09 19:00:00+00:00,2025-10-09 22:00:00+00:00,1,217.43,220.69144999999997,149.99999999999903,138.49999999999903,TP
SOL,2025-10-11 04:00:00+00:00,2025-10-11 05:00:00+00:00,1,184.12,181.3582,-150.00000000000014,-161.50000000000014,SL
SOL,2025-10-11 10:00:00+00:00,2025-10-11 13:00:00+00:00,1,184.14,181.37789999999998,-150.00000000000014,-161.50000000000014,SL
SOL,2025-10-12 06:00:00+00:00,2025-10-12 12:00:00+00:00,1,181.12,181.52,22.084805653710404,10.584805653710404,TIME
SOL,2025-10-12 16:00:00+00:00,2025-10-12 16:00:00+00:00,1,191.05,193.91575,149.99999999999903,138.49999999999903,TP
SOL,2025-10-12 17:00:00+00:00,2025-10-12 20:00:00+00:00,1,193.46,196.3619,149.99999999999903,138.49999999999903,TP
SOL,2025-10-13 15:00:00+00:00,2025-10-13 15:00:00+00:00,1,193.24,196.1386,149.99999999999903,138.49999999999903,TP
SOL,2025-10-14 17:00:00+00:00,2025-10-14 19:00:00+00:00,1,202.2,199.16699999999997,-150.00000000000125,-161.50000000000125,SL
SOL,2025-10-16 03:00:00+00:00,2025-10-16 04:00:00+00:00,1,195.37,192.43945,-150.00000000000014,-161.50000000000014,SL
SOL,2025-10-16 08:00:00+00:00,2025-10-16 09:00:00+00:00,1,192.79,189.89815,-150.00000000000014,-161.50000000000014,SL
SOL,2025-10-16 18:00:00+00:00,2025-10-16 19:00:00+00:00,1,189.49,186.64765,-150.00000000000014,-161.50000000000014,SL
SOL,2025-10-17 13:00:00+00:00,2025-10-17 14:00:00+00:00,1,179.99,177.29015,-150.00000000000014,-161.50000000000014,SL
SOL,2025-10-17 17:00:00+00:00,2025-10-17 18:00:00+00:00,1,182.26,184.99389999999997,149.99999999999903,138.49999999999903,TP
SOL,2025-10-19 11:00:00+00:00,2025-10-19 17:00:00+00:00,1,188.94,191.77409999999998,149.99999999999903,138.49999999999903,TP
SOL,2025-10-20 04:00:00+00:00,2025-10-20 06:00:00+00:00,1,191.12,193.9868,149.99999999999903,138.49999999999903,TP
SOL,2025-10-21 12:00:00+00:00,2025-10-21 14:00:00+00:00,1,186.18,188.97269999999997,149.99999999999903,138.49999999999903,TP
SOL,2025-10-21 16:00:00+00:00,2025-10-21 16:00:00+00:00,1,196.17,193.22744999999998,-150.00000000000014,-161.50000000000014,SL
SOL,2025-10-21 17:00:00+00:00,2025-10-21 18:00:00+00:00,1,192.5,195.3875,149.99999999999903,138.49999999999903,TP
SOL,2025-10-22 15:00:00+00:00,2025-10-22 15:00:00+00:00,1,185.38,182.5993,-150.00000000000014,-161.50000000000014,SL
SOL,2025-10-23 08:00:00+00:00,2025-10-23 13:00:00+00:00,1,187.4,190.21099999999998,149.99999999999903,138.49999999999903,TP
SOL,2025-10-23 19:00:00+00:00,2025-10-23 20:00:00+00:00,1,191.42,188.5487,-149.99999999999903,-161.49999999999903,SL
SOL,2025-10-24 06:00:00+00:00,2025-10-24 12:00:00+00:00,1,193.25,196.14874999999998,149.99999999999903,138.49999999999903,TP
SOL,2025-10-26 11:00:00+00:00,2025-10-26 11:00:00+00:00,1,194.75,197.67125,149.99999999999903,138.49999999999903,TP
SOL,2025-10-26 13:00:00+00:00,2025-10-26 19:00:00+00:00,1,197.98,198.78,40.40812203252919,28.908122032529192,TIME
SOL,2025-10-27 00:00:00+00:00,2025-10-27 00:00:00+00:00,1,199.97,202.96954999999997,149.99999999999903,138.49999999999903,TP
SOL,2025-10-28 15:00:00+00:00,2025-10-28 19:00:00+00:00,1,199.5,196.5075,-150.00000000000014,-161.50000000000014,SL
SOL,2025-10-29 19:00:00+00:00,2025-10-29 21:00:00+00:00,1,193.53,196.43294999999998,149.99999999999903,138.49999999999903,TP
SOL,2025-10-29 22:00:00+00:00,2025-10-29 23:00:00+00:00,1,196.01,193.06985,-149.99999999999903,-161.49999999999903,SL
SOL,2025-10-30 07:00:00+00:00,2025-10-30 10:00:00+00:00,1,194.1,191.1885,-149.99999999999903,-161.49999999999903,SL
SOL,2025-10-30 22:00:00+00:00,2025-10-31 00:00:00+00:00,1,182.29,185.02434999999997,149.99999999999903,138.49999999999903,TP
SOL,2025-10-31 02:00:00+00:00,2025-10-31 08:00:00+00:00,1,186.07,186.42,18.81012522169101,7.31012522169101,TIME
SOL,2025-11-02 13:00:00+00:00,2025-11-02 16:00:00+00:00,1,185.36,182.5796,-150.00000000000125,-161.50000000000125,SL
SOL,2025-11-03 01:00:00+00:00,2025-11-03 02:00:00+00:00,1,186.51,183.71235,-150.00000000000014,-161.50000000000014,SL
SOL,2025-11-03 13:00:00+00:00,2025-11-03 15:00:00+00:00,1,175.42,172.78869999999998,-150.00000000000014,-161.50000000000014,SL
SOL,2025-11-03 18:00:00+00:00,2025-11-03 19:00:00+00:00,1,169.72,167.17419999999998,-150.00000000000125,-161.50000000000125,SL
SOL,2025-11-04 05:00:00+00:00,2025-11-04 05:00:00+00:00,1,164.86,162.3871,-150.00000000000014,-161.50000000000014,SL
SOL,2025-11-04 13:00:00+00:00,2025-11-04 14:00:00+00:00,1,161.35,163.77024999999998,149.99999999999903,138.49999999999903,TP
SOL,2025-11-05 00:00:00+00:00,2025-11-05 00:00:00+00:00,1,154.95,152.62574999999998,-150.00000000000014,-161.50000000000014,SL
SOL,2025-11-05 04:00:00+00:00,2025-11-05 08:00:00+00:00,1,156.75,154.39875,-149.99999999999903,-161.49999999999903,SL
SOL,2025-11-05 13:00:00+00:00,2025-11-05 15:00:00+00:00,1,158.07,160.44105,149.99999999999903,138.49999999999903,TP
SOL,2025-11-06 15:00:00+00:00,2025-11-06 16:00:00+00:00,1,157.64,155.2754,-150.00000000000014,-161.50000000000014,SL
SOL,2025-11-06 19:00:00+00:00,2025-11-06 20:00:00+00:00,1,157.35,154.98975,-150.00000000000014,-161.50000000000014,SL
SOL,2025-11-07 15:00:00+00:00,2025-11-07 16:00:00+00:00,1,154.56,156.8784,149.99999999999903,138.49999999999903,TP
SOL,2025-11-07 19:00:00+00:00,2025-11-08 01:00:00+00:00,1,161.98,161.92,-3.704161007531681,-15.204161007531681,TIME
SOL,2025-11-09 15:00:00+00:00,2025-11-09 15:00:00+00:00,1,160.13,162.53194999999997,149.99999999999903,138.49999999999903,TP
SOL,2025-11-09 17:00:00+00:00,2025-11-09 19:00:00+00:00,1,162.87,165.31304999999998,149.99999999999903,138.49999999999903,TP
SOL,2025-11-09 20:00:00+00:00,2025-11-10 00:00:00+00:00,1,166.09,163.59865,-150.00000000000014,-161.50000000000014,SL
SOL,2025-11-10 02:00:00+00:00,2025-11-10 08:00:00+00:00,1,167.0,166.59,-24.550898203592464,-36.05089820359247,TIME
SOL,2025-11-10 19:00:00+00:00,2025-11-10 20:00:00+00:00,1,165.56,168.0434,149.99999999999903,138.49999999999903,TP
SOL,2025-11-12 10:00:00+00:00,2025-11-12 10:00:00+00:00,1,157.86,160.2279,149.99999999999903,138.49999999999903,TP
SOL,2025-11-13 07:00:00+00:00,2025-11-13 09:00:00+00:00,1,156.64,154.29039999999998,-150.00000000000014,-161.50000000000014,SL
SOL,2025-11-13 23:00:00+00:00,2025-11-14 04:00:00+00:00,1,144.44,142.2734,-149.99999999999903,-161.49999999999903,SL
SOL,2025-11-14 16:00:00+00:00,2025-11-14 20:00:00+00:00,1,142.17,140.03744999999998,-150.00000000000014,-161.50000000000014,SL
SOL,2025-11-14 21:00:00+00:00,2025-11-14 22:00:00+00:00,1,139.57,141.66355,149.99999999999903,138.49999999999903,TP
SOL,2025-11-14 23:00:00+00:00,2025-11-14 23:00:00+00:00,1,140.23,138.12654999999998,-150.00000000000014,-161.50000000000014,SL
SOL,2025-11-15 04:00:00+00:00,2025-11-15 10:00:00+00:00,1,142.43,141.16,-89.16660815839417,-100.66660815839417,TIME
SOL,2025-11-15 15:00:00+00:00,2025-11-15 17:00:00+00:00,1,141.41,143.53115,149.99999999999903,138.49999999999903,TP
SOL,2025-11-16 04:00:00+00:00,2025-11-16 10:00:00+00:00,1,141.3,142.82,107.57254069355903,96.07254069355903,TIME
SOL,2025-11-17 00:00:00+00:00,2025-11-17 00:00:00+00:00,1,137.1,139.1565,149.99999999999903,138.49999999999903,TP
SOL,2025-11-17 02:00:00+00:00,2025-11-17 03:00:00+00:00,1,138.19,140.26285,149.99999999999903,138.49999999999903,TP
SOL,2025-11-17 16:00:00+00:00,2025-11-17 16:00:00+00:00,1,137.05,134.99425000000002,-149.99999999999903,-161.49999999999903,SL
SOL,2025-11-18 09:00:00+00:00,2025-11-18 14:00:00+00:00,1,137.67,139.73504999999997,149.99999999999903,138.49999999999903,TP
SOL,2025-11-18 17:00:00+00:00,2025-11-18 23:00:00+00:00,1,140.95,140.61,-24.122029088327057,-35.622029088327054,TIME
SOL,2025-11-19 00:00:00+00:00,2025-11-19 02:00:00+00:00,1,140.6,142.70899999999997,149.99999999999903,138.49999999999903,TP
SOL,2025-11-19 09:00:00+00:00,2025-11-19 13:00:00+00:00,1,140.12,138.0182,-150.00000000000014,-161.50000000000014,SL
SOL,2025-11-19 22:00:00+00:00,2025-11-20 00:00:00+00:00,1,135.31,137.33964999999998,149.99999999999903,138.49999999999903,TP
SOL,2025-11-20 01:00:00+00:00,2025-11-20 01:00:00+00:00,1,137.6,139.664,149.99999999999903,138.49999999999903,TP
SOL,2025-11-20 03:00:00+00:00,2025-11-20 09:00:00+00:00,1,143.68,141.5248,-150.00000000000014,-161.50000000000014,SL
SOL,2025-11-20 23:00:00+00:00,2025-11-20 23:00:00+00:00,1,136.31,134.26535,-149.99999999999903,-161.49999999999903,SL
SOL,2025-11-21 00:00:00+00:00,2025-11-21 02:00:00+00:00,1,133.55,131.54675,-150.00000000000014,-161.50000000000014,SL
SOL,2025-11-21 12:00:00+00:00,2025-11-21 12:00:00+00:00,1,124.22,122.3567,-150.00000000000014,-161.50000000000014,SL
SOL,2025-11-21 14:00:00+00:00,2025-11-21 14:00:00+00:00,1,127.1,129.0065,149.99999999999903,138.49999999999903,TP
SOL,2025-11-21 15:00:00+00:00,2025-11-21 15:00:00+00:00,1,128.53,126.60205,-150.00000000000014,-161.50000000000014,SL
SOL,2025-11-21 16:00:00+00:00,2025-11-21 16:00:00+00:00,1,125.41,123.52884999999999,-150.00000000000014,-161.50000000000014,SL
SOL,2025-11-21 18:00:00+00:00,2025-11-21 18:00:00+00:00,1,129.17,127.23244999999999,-150.00000000000014,-161.50000000000014,SL
SOL,2025-11-21 23:00:00+00:00,2025-11-21 23:00:00+00:00,1,125.41,127.29114999999999,149.99999999999903,138.49999999999903,TP
SOL,2025-11-22 01:00:00+00:00,2025-11-22 04:00:00+00:00,1,128.38,126.45429999999999,-150.00000000000014,-161.50000000000014,SL
SOL,2025-11-22 16:00:00+00:00,2025-11-22 22:00:00+00:00,1,127.04,128.17,88.9483627204024,77.4483627204024,TIME
SOL,2025-11-23 00:00:00+00:00,2025-11-23 01:00:00+00:00,1,127.5,129.4125,149.99999999999903,138.49999999999903,TP
SOL,2025-11-23 03:00:00+00:00,2025-11-23 09:00:00+00:00,1,129.91,129.98,5.38834577784586,-6.11165422215414,TIME
SOL,2025-11-23 17:00:00+00:00,2025-11-23 23:00:00+00:00,1,131.72,130.49,-93.3798967506827,-104.8798967506827,TIME
SOL,2025-11-24 07:00:00+00:00,2025-11-24 09:00:00+00:00,1,131.01,129.04485,-149.99999999999903,-161.49999999999903,SL
SOL,2025-11-24 18:00:00+00:00,2025-11-24 20:00:00+00:00,1,136.85,138.90274999999997,149.99999999999903,138.49999999999903,TP
SOL,2025-11-24 22:00:00+00:00,2025-11-25 04:00:00+00:00,1,138.94,138.54,-28.789405498776954,-40.28940549877696,TIME
SOL,2025-11-25 06:00:00+00:00,2025-11-25 07:00:00+00:00,1,138.52,136.4422,-150.00000000000014,-161.50000000000014,SL
SOL,2025-11-26 00:00:00+00:00,2025-11-26 06:00:00+00:00,1,138.9,139.51,43.91648668106374,32.41648668106374,TIME
SOL,2025-11-26 18:00:00+00:00,2025-11-26 18:00:00+00:00,1,140.71,142.82065,149.99999999999903,138.49999999999903,TP
SOL,2025-11-26 19:00:00+00:00,2025-11-27 00:00:00+00:00,1,144.57,142.40144999999998,-150.00000000000125,-161.50000000000125,SL
SOL,2025-11-27 03:00:00+00:00,2025-11-27 09:00:00+00:00,1,142.9,141.62,-89.57312806158191,-101.07312806158191,TIME
SOL,2025-11-28 10:00:00+00:00,2025-11-28 16:00:00+00:00,1,141.51,139.38735,-149.99999999999903,-161.49999999999903,SL
SOL,2025-12-01 15:00:00+00:00,2025-12-01 15:00:00+00:00,1,126.07,124.17894999999999,-150.00000000000014,-161.50000000000014,SL
SOL,2025-12-01 23:00:00+00:00,2025-12-02 05:00:00+00:00,1,126.76,126.64,-9.466708740928365,-20.966708740928365,TIME
SOL,2025-12-02 16:00:00+00:00,2025-12-02 17:00:00+00:00,1,137.82,139.88729999999998,149.99999999999903,138.49999999999903,TP
SOL,2025-12-02 19:00:00+00:00,2025-12-03 00:00:00+00:00,1,139.85,137.75225,-149.99999999999903,-161.49999999999903,SL
SOL,2025-12-03 03:00:00+00:00,2025-12-03 04:00:00+00:00,1,139.96,142.05939999999998,149.99999999999903,138.49999999999903,TP
SOL,2025-12-03 06:00:00+00:00,2025-12-03 11:00:00+00:00,1,142.99,140.84515000000002,-149.99999999999903,-161.49999999999903,SL
SOL,2025-12-03 19:00:00+00:00,2025-12-03 21:00:00+00:00,1,141.04,143.15559999999996,149.99999999999903,138.49999999999903,TP
SOL,2025-12-03 23:00:00+00:00,2025-12-04 01:00:00+00:00,1,144.48,146.64719999999997,149.99999999999903,138.49999999999903,TP
SOL,2025-12-04 04:00:00+00:00,2025-12-04 10:00:00+00:00,1,144.6,143.32,-88.52005532503426,-100.02005532503426,TIME
SOL,2025-12-04 17:00:00+00:00,2025-12-04 18:00:00+00:00,1,142.51,140.37234999999998,-150.00000000000014,-161.50000000000014,SL
SOL,2025-12-05 21:00:00+00:00,2025-12-06 03:00:00+00:00,1,132.44,133.67,92.8722440350338,81.3722440350338,TIME
SOL,2025-12-07 17:00:00+00:00,2025-12-07 17:00:00+00:00,1,131.85,133.82774999999998,149.99999999999903,138.49999999999903,TP
SOL,2025-12-07 19:00:00+00:00,2025-12-07 21:00:00+00:00,1,135.93,133.89105,-150.00000000000014,-161.50000000000014,SL
SOL,2025-12-08 01:00:00+00:00,2025-12-08 01:00:00+00:00,1,131.52,133.4928,149.99999999999903,138.49999999999903,TP
SOL,2025-12-08 03:00:00+00:00,2025-12-08 08:00:00+00:00,1,133.97,135.97955,149.99999999999903,138.49999999999903,TP
SOL,2025-12-08 22:00:00+00:00,2025-12-09 04:00:00+00:00,1,134.36,132.3446,-150.00000000000014,-161.50000000000014,SL
SOL,2025-12-09 17:00:00+00:00,2025-12-09 20:00:00+00:00,1,143.75,141.59375,-150.00000000000014,-161.50000000000014,SL
SOL,2025-12-11 06:00:00+00:00,2025-12-11 12:00:00+00:00,1,131.1,131.17,5.339435545383964,-6.160564454616036,TIME
SOL,2025-12-11 20:00:00+00:00,2025-12-11 20:00:00+00:00,1,133.84,135.8476,149.99999999999903,138.49999999999903,TP
SOL,2025-12-11 22:00:00+00:00,2025-12-12 04:00:00+00:00,1,137.03,136.97,-4.378603225571043,-15.878603225571043,TIME
SOL,2025-12-15 03:00:00+00:00,2025-12-15 09:00:00+00:00,1,131.42,132.69,96.63673717851262,85.13673717851262,TIME
SOL,2025-12-16 12:00:00+00:00,2025-12-16 14:00:00+00:00,1,128.66,126.7301,-150.00000000000014,-161.50000000000014,SL
SOL,2025-12-16 16:00:00+00:00,2025-12-16 17:00:00+00:00,1,129.64,127.69539999999998,-150.00000000000014,-161.50000000000014,SL
SOL,2025-12-16 20:00:00+00:00,2025-12-17 01:00:00+00:00,1,127.66,129.57489999999999,149.99999999999903,138.49999999999903,TP
SOL,2025-12-17 15:00:00+00:00,2025-12-17 15:00:00+00:00,1,132.66,130.6701,-150.00000000000014,-161.50000000000014,SL
SOL,2025-12-17 16:00:00+00:00,2025-12-17 16:00:00+00:00,1,126.66,124.7601,-150.00000000000014,-161.50000000000014,SL
SOL,2025-12-18 04:00:00+00:00,2025-12-18 10:00:00+00:00,1,123.6,123.83,18.608414239482673,7.1084142394826735,TIME
SOL,2025-12-18 15:00:00+00:00,2025-12-18 15:00:00+00:00,1,125.84,127.7276,149.99999999999903,138.49999999999903,TP
SOL,2025-12-18 23:00:00+00:00,2025-12-19 00:00:00+00:00,1,119.72,117.9242,-150.00000000000014,-161.50000000000014,SL
SOL,2025-12-19 05:00:00+00:00,2025-12-19 07:00:00+00:00,1,122.73,124.57095,149.99999999999903,138.49999999999903,TP
SOL,2025-12-19 21:00:00+00:00,2025-12-20 02:00:00+00:00,1,127.16,125.2526,-150.00000000000014,-161.50000000000014,SL
SOL,2025-12-23 17:00:00+00:00,2025-12-23 23:00:00+00:00,1,124.54,123.94,-48.177292436165644,-59.677292436165644,TIME
SOL,2025-12-25 17:00:00+00:00,2025-12-25 22:00:00+00:00,1,123.45,121.59825000000001,-150.00000000000014,-161.50000000000014,SL
SOL,2025-12-26 04:00:00+00:00,2025-12-26 10:00:00+00:00,1,122.63,123.71,88.06980347386472,76.56980347386472,TIME
SOL,2025-12-29 04:00:00+00:00,2025-12-29 09:00:00+00:00,1,128.55,126.62175,-150.00000000000014,-161.50000000000014,SL
SOL,2025-12-30 16:00:00+00:00,2025-12-30 22:00:00+00:00,1,125.09,124.36,-58.357982252777994,-69.85798225277799,TIME
SOL,2026-01-02 18:00:00+00:00,2026-01-03 00:00:00+00:00,1,131.3,132.47,89.10891089108918,77.60891089108918,TIME
SOL,2026-01-04 02:00:00+00:00,2026-01-04 08:00:00+00:00,1,133.89,134.08,14.190753603706696,2.690753603706696,TIME
SOL,2026-01-05 02:00:00+00:00,2026-01-05 06:00:00+00:00,1,136.7,134.6495,-150.00000000000014,-161.50000000000014,SL
SOL,2026-01-05 16:00:00+00:00,2026-01-05 19:00:00+00:00,1,136.1,138.14149999999998,149.99999999999903,138.49999999999903,TP
SOL,2026-01-06 23:00:00+00:00,2026-01-07 05:00:00+00:00,1,140.19,138.41,-126.97053998145358,-138.47053998145358,TIME
SOL,2026-01-08 09:00:00+00:00,2026-01-08 14:00:00+00:00,1,135.01,132.98485,-150.00000000000014,-161.50000000000014,SL
SOL,2026-01-08 17:00:00+00:00,2026-01-08 23:00:00+00:00,1,138.18,138.26,5.789549862496024,-5.710450137503976,TIME
SOL,2026-01-09 17:00:00+00:00,2026-01-09 17:00:00+00:00,1,139.88,137.7818,-149.99999999999903,-161.49999999999903,SL
SOL,2026-01-12 04:00:00+00:00,2026-01-12 08:00:00+00:00,1,142.51,140.37234999999998,-150.00000000000014,-161.50000000000014,SL
SOL,2026-01-12 17:00:00+00:00,2026-01-12 18:00:00+00:00,1,142.9,140.75650000000002,-149.99999999999903,-161.49999999999903,SL
SOL,2026-01-13 17:00:00+00:00,2026-01-13 22:00:00+00:00,1,143.13,145.27694999999997,149.99999999999903,138.49999999999903,TP
SOL,2026-01-14 00:00:00+00:00,2026-01-14 06:00:00+00:00,1,145.46,144.63,-57.06036023649163,-68.56036023649163,TIME
SOL,2026-01-14 16:00:00+00:00,2026-01-14 22:00:00+00:00,1,147.03,146.09,-63.932530776031896,-75.4325307760319,TIME
SOL,2026-01-15 17:00:00+00:00,2026-01-15 19:00:00+00:00,1,143.48,141.3278,-149.99999999999903,-161.49999999999903,SL
SOL,2026-01-21 16:00:00+00:00,2026-01-21 16:00:00+00:00,1,130.36,128.40460000000002,-150.00000000000014,-161.50000000000014,SL
SOL,2026-01-21 20:00:00+00:00,2026-01-21 23:00:00+00:00,1,131.55,129.57675,-150.00000000000014,-161.50000000000014,SL
SOL,2026-01-23 17:00:00+00:00,2026-01-23 23:00:00+00:00,1,128.34,127.35,-77.13884992987418,-88.63884992987418,TIME
SOL,2026-01-26 03:00:00+00:00,2026-01-26 09:00:00+00:00,1,121.95,121.87,-6.560065600655918,-18.060065600655918,TIME
SOL,2026-01-26 20:00:00+00:00,2026-01-27 02:00:00+00:00,1,124.21,125.04,66.82231704371766,55.32231704371766,TIME
SOL,2026-01-27 18:00:00+00:00,2026-01-27 18:00:00+00:00,1,123.92,125.77879999999999,149.99999999999903,138.49999999999903,TP
SOL,2026-01-27 20:00:00+00:00,2026-01-27 21:00:00+00:00,1,125.76,127.6464,149.99999999999903,138.49999999999903,TP
SOL,2026-01-27 22:00:00+00:00,2026-01-28 04:00:00+00:00,1,126.98,126.76,-17.325563080800023,-28.825563080800023,TIME
SOL,2026-01-28 11:00:00+00:00,2026-01-28 17:00:00+00:00,1,127.27,125.36094999999999,-150.00000000000014,-161.50000000000014,SL
SOL,2026-01-28 19:00:00+00:00,2026-01-29 01:00:00+00:00,1,125.98,124.0903,-150.00000000000014,-161.50000000000014,SL
SOL,2026-01-29 21:00:00+00:00,2026-01-30 01:00:00+00:00,1,116.91,115.15634999999999,-150.00000000000014,-161.50000000000014,SL
SOL,2026-01-30 05:00:00+00:00,2026-01-30 06:00:00+00:00,1,115.5,113.7675,-150.00000000000014,-161.50000000000014,SL
SOL,2026-01-30 20:00:00+00:00,2026-01-30 20:00:00+00:00,1,118.23,116.45655000000001,-150.00000000000014,-161.50000000000014,SL
SOL,2026-02-01 01:00:00+00:00,2026-02-01 07:00:00+00:00,1,105.6,104.01599999999999,-150.00000000000014,-161.50000000000014,SL
SOL,2026-02-01 13:00:00+00:00,2026-02-01 13:00:00+00:00,1,104.93,106.50395,149.99999999999903,138.49999999999903,TP
SOL,2026-02-02 00:00:00+00:00,2026-02-02 00:00:00+00:00,1,100.73,102.24095,149.99999999999903,138.49999999999903,TP
SOL,2026-02-02 02:00:00+00:00,2026-02-02 02:00:00+00:00,1,102.06,100.5291,-150.00000000000014,-161.50000000000014,SL
SOL,2026-02-02 08:00:00+00:00,2026-02-02 09:00:00+00:00,1,101.47,102.99204999999999,149.99999999999903,138.49999999999903,TP
SOL,2026-02-02 11:00:00+00:00,2026-02-02 14:00:00+00:00,1,102.83,104.37244999999999,149.99999999999903,138.49999999999903,TP
SOL,2026-02-02 17:00:00+00:00,2026-02-02 20:00:00+00:00,1,104.93,103.35605000000001,-150.00000000000014,-161.50000000000014,SL
SOL,2026-02-02 23:00:00+00:00,2026-02-03 02:00:00+00:00,1,104.96,103.3856,-150.00000000000014,-161.50000000000014,SL
SOL,2026-02-03 05:00:00+00:00,2026-02-03 06:00:00+00:00,1,104.64,103.07039999999999,-150.00000000000125,-161.50000000000125,SL
SOL,2026-02-03 17:00:00+00:00,2026-02-03 17:00:00+00:00,1,100.72,99.2092,-150.00000000000014,-161.50000000000014,SL
SOL,2026-02-03 21:00:00+00:00,2026-02-03 22:00:00+00:00,1,101.03,99.51455,-150.00000000000014,-161.50000000000014,SL
SOL,2026-02-04 03:00:00+00:00,2026-02-04 03:00:00+00:00,1,97.84,99.3076,149.99999999999903,138.49999999999903,TP
SOL,2026-02-04 05:00:00+00:00,2026-02-04 05:00:00+00:00,1,98.01,96.53985,-150.00000000000014,-161.50000000000014,SL
SOL,2026-02-04 20:00:00+00:00,2026-02-04 21:00:00+00:00,1,94.32,92.9052,-150.00000000000014,-161.50000000000014,SL
SOL,2026-02-05 01:00:00+00:00,2026-02-05 03:00:00+00:00,1,91.67,90.29495,-150.00000000000014,-161.50000000000014,SL
SOL,2026-02-05 11:00:00+00:00,2026-02-05 11:00:00+00:00,1,90.24,88.8864,-150.00000000000014,-161.50000000000014,SL
SOL,2026-02-05 18:00:00+00:00,2026-02-05 18:00:00+00:00,1,82.68,81.4398,-150.00000000000014,-161.50000000000014,SL
SOL,2026-02-06 00:00:00+00:00,2026-02-06 00:00:00+00:00,1,78.29,77.11565,-150.00000000000014,-161.50000000000014,SL
SOL,2026-02-06 02:00:00+00:00,2026-02-06 02:00:00+00:00,1,79.46,78.26809999999999,-150.00000000000014,-161.50000000000014,SL
SOL,2026-02-06 03:00:00+00:00,2026-02-06 03:00:00+00:00,1,76.9,75.7465,-150.00000000000125,-161.50000000000125,SL
SOL,2026-02-06 06:00:00+00:00,2026-02-06 06:00:00+00:00,1,81.14,79.9229,-150.00000000000014,-161.50000000000014,SL
SOL,2026-02-06 07:00:00+00:00,2026-02-06 09:00:00+00:00,1,79.41,80.60114999999999,149.99999999999903,138.49999999999903,TP
SOL,2026-02-06 11:00:00+00:00,2026-02-06 13:00:00+00:00,1,80.7,81.9105,149.99999999999903,138.49999999999903,TP
SOL,2026-02-06 15:00:00+00:00,2026-02-06 16:00:00+00:00,1,84.12,85.3818,149.99999999999903,138.49999999999903,TP
SOL,2026-02-06 17:00:00+00:00,2026-02-06 17:00:00+00:00,1,86.58,87.8787,149.99999999999903,138.49999999999903,TP
SOL,2026-02-06 18:00:00+00:00,2026-02-06 18:00:00+00:00,1,86.56,85.2616,-150.00000000000014,-161.50000000000014,SL
SOL,2026-02-06 19:00:00+00:00,2026-02-06 20:00:00+00:00,1,86.1,87.39149999999998,149.99999999999903,138.49999999999903,TP
SOL,2026-02-06 21:00:00+00:00,2026-02-06 22:00:00+00:00,1,86.9,88.20349999999999,149.99999999999903,138.49999999999903,TP
SOL,2026-02-07 00:00:00+00:00,2026-02-07 01:00:00+00:00,1,87.38,86.0693,-150.00000000000014,-161.50000000000014,SL
SOL,2026-02-07 03:00:00+00:00,2026-02-07 04:00:00+00:00,1,87.25,88.55874999999999,149.99999999999903,138.49999999999903,TP
SOL,2026-02-07 05:00:00+00:00,2026-02-07 06:00:00+00:00,1,87.66,86.3451,-149.99999999999903,-161.49999999999903,SL
SOL,2026-02-07 14:00:00+00:00,2026-02-07 16:00:00+00:00,1,86.07,87.36104999999999,149.99999999999903,138.49999999999903,TP
SOL,2026-02-07 17:00:00+00:00,2026-02-07 18:00:00+00:00,1,86.99,88.29484999999998,149.99999999999903,138.49999999999903,TP
SOL,2026-02-08 10:00:00+00:00,2026-02-08 16:00:00+00:00,1,87.59,86.27615,-150.00000000000014,-161.50000000000014,SL
SOL,2026-02-09 05:00:00+00:00,2026-02-09 07:00:00+00:00,1,87.05,85.74425,-150.00000000000014,-161.50000000000014,SL
SOL,2026-02-09 16:00:00+00:00,2026-02-09 16:00:00+00:00,1,85.2,86.478,149.99999999999903,138.49999999999903,TP
SOL,2026-02-09 18:00:00+00:00,2026-02-09 21:00:00+00:00,1,87.82,86.50269999999999,-150.00000000000014,-161.50000000000014,SL
SOL,2026-02-10 03:00:00+00:00,2026-02-10 03:00:00+00:00,1,86.6,85.30099999999999,-150.00000000000125,-161.50000000000125,SL
SOL,2026-02-10 15:00:00+00:00,2026-02-10 17:00:00+00:00,1,83.64,84.8946,149.99999999999903,138.49999999999903,TP
SOL,2026-02-10 19:00:00+00:00,2026-02-11 01:00:00+00:00,1,82.88,83.68,96.52509652509744,85.02509652509744,TIME
SOL,2026-02-11 13:00:00+00:00,2026-02-11 14:00:00+00:00,1,81.13,79.91305,-150.00000000000014,-161.50000000000014,SL
SOL,2026-02-11 19:00:00+00:00,2026-02-11 21:00:00+00:00,1,79.77,80.96654999999998,149.99999999999903,138.49999999999903,TP
SOL,2026-02-12 11:00:00+00:00,2026-02-12 12:00:00+00:00,1,82.11,80.87835,-150.00000000000014,-161.50000000000014,SL
SOL,2026-02-12 15:00:00+00:00,2026-02-12 16:00:00+00:00,1,81.1,79.8835,-149.99999999999903,-161.49999999999903,SL
SOL,2026-02-12 23:00:00+00:00,2026-02-13 02:00:00+00:00,1,78.07,79.24104999999999,149.99999999999903,138.49999999999903,TP
SOL,2026-02-13 03:00:00+00:00,2026-02-13 06:00:00+00:00,1,79.11,77.92335,-150.00000000000014,-161.50000000000014,SL
SOL,2026-02-13 10:00:00+00:00,2026-02-13 14:00:00+00:00,1,79.85,81.04775,149.99999999999903,138.49999999999903,TP
SOL,2026-02-13 16:00:00+00:00,2026-02-13 16:00:00+00:00,1,83.2,84.448,149.99999999999903,138.49999999999903,TP
SOL,2026-02-13 17:00:00+00:00,2026-02-13 18:00:00+00:00,1,84.16,85.42239999999998,149.99999999999903,138.49999999999903,TP
SOL,2026-02-14 10:00:00+00:00,2026-02-14 11:00:00+00:00,1,85.92,87.2088,149.99999999999903,138.49999999999903,TP
SOL,2026-02-14 13:00:00+00:00,2026-02-14 15:00:00+00:00,1,86.34,87.6351,149.99999999999903,138.49999999999903,TP
SOL,2026-02-15 05:00:00+00:00,2026-02-15 06:00:00+00:00,1,88.74,90.07109999999999,149.99999999999903,138.49999999999903,TP
SOL,2026-02-16 06:00:00+00:00,2026-02-16 09:00:00+00:00,1,84.63,85.89944999999999,149.99999999999903,138.49999999999903,TP
SOL,2026-02-16 14:00:00+00:00,2026-02-16 15:00:00+00:00,1,84.11,82.84835,-150.00000000000014,-161.50000000000014,SL
SOL,2026-02-16 22:00:00+00:00,2026-02-17 02:00:00+00:00,1,85.97,87.25954999999999,149.99999999999903,138.49999999999903,TP
SOL,2026-02-17 17:00:00+00:00,2026-02-17 18:00:00+00:00,1,84.12,85.3818,149.99999999999903,138.49999999999903,TP
SOL,2026-02-17 20:00:00+00:00,2026-02-18 02:00:00+00:00,1,84.76,84.62,-16.51722510618181,-28.01722510618181,TIME
SOL,2026-02-18 17:00:00+00:00,2026-02-18 18:00:00+00:00,1,82.23,80.99655,-150.00000000000014,-161.50000000000014,SL
SOL,2026-02-19 03:00:00+00:00,2026-02-19 09:00:00+00:00,1,81.63,81.14,-60.02695087590326,-71.52695087590325,TIME
SOL,2026-02-19 16:00:00+00:00,2026-02-19 17:00:00+00:00,1,80.58,81.78869999999999,149.99999999999903,138.49999999999903,TP
SOL,2026-02-19 20:00:00+00:00,2026-02-20 00:00:00+00:00,1,81.91,83.13864999999998,149.99999999999903,138.49999999999903,TP
SOL,2026-02-20 07:00:00+00:00,2026-02-20 13:00:00+00:00,1,83.67,82.41495,-150.00000000000014,-161.50000000000014,SL
SOL,2026-02-20 17:00:00+00:00,2026-02-20 17:00:00+00:00,1,84.45,83.18325,-150.00000000000014,-161.50000000000014,SL
SOL,2026-02-23 08:00:00+00:00,2026-02-23 10:00:00+00:00,1,79.33,80.51995,149.99999999999903,138.49999999999903,TP
SOL,2026-02-23 11:00:00+00:00,2026-02-23 16:00:00+00:00,1,80.21,79.00684999999999,-150.00000000000125,-161.50000000000125,SL
SOL,2026-02-24 16:00:00+00:00,2026-02-24 17:00:00+00:00,1,77.26,78.4189,149.99999999999903,138.49999999999903,TP
SOL,2026-02-25 03:00:00+00:00,2026-02-25 05:00:00+00:00,1,82.43,81.19355,-150.00000000000014,-161.50000000000014,SL
SOL,2026-02-25 10:00:00+00:00,2026-02-25 12:00:00+00:00,1,82.52,83.75779999999999,149.99999999999903,138.49999999999903,TP
SOL,2026-02-25 14:00:00+00:00,2026-02-25 14:00:00+00:00,1,83.8,85.05699999999999,149.99999999999903,138.49999999999903,TP
SOL,2026-02-25 16:00:00+00:00,2026-02-25 16:00:00+00:00,1,86.0,87.28999999999999,149.99999999999903,138.49999999999903,TP
SOL,2026-02-25 17:00:00+00:00,2026-02-25 17:00:00+00:00,1,87.52,88.83279999999999,149.99999999999903,138.49999999999903,TP
SOL,2026-02-25 18:00:00+00:00,2026-02-25 20:00:00+00:00,1,88.52,89.84779999999999,149.99999999999903,138.49999999999903,TP
SOL,2026-02-26 11:00:00+00:00,2026-02-26 15:00:00+00:00,1,87.4,86.089,-150.00000000000125,-161.50000000000125,SL
SOL,2026-02-26 20:00:00+00:00,2026-02-27 02:00:00+00:00,1,86.4,86.53,15.046296296294948,3.5462962962949476,TIME
SOL,2026-02-28 09:00:00+00:00,2026-02-28 10:00:00+00:00,1,77.93,79.09895,149.99999999999903,138.49999999999903,TP
SOL,2026-02-28 15:00:00+00:00,2026-02-28 17:00:00+00:00,1,80.19,81.39285,149.99999999999903,138.49999999999903,TP
SOL,2026-02-28 20:00:00+00:00,2026-02-28 20:00:00+00:00,1,82.14,83.37209999999999,149.99999999999903,138.49999999999903,TP
SOL,2026-02-28 21:00:00+00:00,2026-02-28 21:00:00+00:00,1,84.88,83.60679999999999,-150.00000000000014,-161.50000000000014,SL
SOL,2026-02-28 22:00:00+00:00,2026-03-01 01:00:00+00:00,1,84.48,85.74719999999999,149.99999999999903,138.49999999999903,TP
SOL,2026-03-01 03:00:00+00:00,2026-03-01 06:00:00+00:00,1,87.93,86.61105,-150.00000000000014,-161.50000000000014,SL
SOL,2026-03-01 15:00:00+00:00,2026-03-01 16:00:00+00:00,1,85.74,84.45389999999999,-150.00000000000014,-161.50000000000014,SL
SOL,2026-03-02 01:00:00+00:00,2026-03-02 02:00:00+00:00,1,85.0,83.725,-150.00000000000014,-161.50000000000014,SL
SOL,2026-03-02 05:00:00+00:00,2026-03-02 06:00:00+00:00,1,84.25,82.98625,-150.00000000000014,-161.50000000000014,SL
SOL,2026-03-02 16:00:00+00:00,2026-03-02 16:00:00+00:00,1,88.76,90.0914,149.99999999999903,138.49999999999903,TP
SOL,2026-03-02 17:00:00+00:00,2026-03-02 17:00:00+00:00,1,88.84,87.5074,-150.00000000000014,-161.50000000000014,SL
SOL,2026-03-03 17:00:00+00:00,2026-03-03 23:00:00+00:00,1,85.38,86.66069999999999,149.99999999999903,138.49999999999903,TP
SOL,2026-03-04 07:00:00+00:00,2026-03-04 07:00:00+00:00,1,85.56,86.84339999999999,149.99999999999903,138.49999999999903,TP
SOL,2026-03-04 09:00:00+00:00,2026-03-04 09:00:00+00:00,1,89.72,91.0658,149.99999999999903,138.49999999999903,TP
SOL,2026-03-04 10:00:00+00:00,2026-03-04 12:00:00+00:00,1,90.52,89.1622,-150.00000000000014,-161.50000000000014,SL
SOL,2026-03-04 17:00:00+00:00,2026-03-04 19:00:00+00:00,1,91.49,92.86234999999999,149.99999999999903,138.49999999999903,TP
SOL,2026-03-04 20:00:00+00:00,2026-03-04 22:00:00+00:00,1,93.14,91.7429,-149.99999999999903,-161.49999999999903,SL
SOL,2026-03-05 12:00:00+00:00,2026-03-05 13:00:00+00:00,1,91.78,90.4033,-150.00000000000014,-161.50000000000014,SL
SOL,2026-03-06 09:00:00+00:00,2026-03-06 12:00:00+00:00,1,88.32,86.9952,-150.00000000000014,-161.50000000000014,SL
SOL,2026-03-08 07:00:00+00:00,2026-03-08 10:00:00+00:00,1,82.4,83.636,149.99999999999903,138.49999999999903,TP
SOL,2026-03-08 21:00:00+00:00,2026-03-08 22:00:00+00:00,1,82.28,81.0458,-150.00000000000014,-161.50000000000014,SL
SOL,2026-03-09 05:00:00+00:00,2026-03-09 05:00:00+00:00,1,83.16,84.40739999999998,149.99999999999903,138.49999999999903,TP
SOL,2026-03-09 07:00:00+00:00,2026-03-09 09:00:00+00:00,1,83.09,84.33635,149.99999999999903,138.49999999999903,TP
SOL,2026-03-09 15:00:00+00:00,2026-03-09 19:00:00+00:00,1,85.28,86.55919999999999,149.99999999999903,138.49999999999903,TP
SOL,2026-03-09 21:00:00+00:00,2026-03-10 03:00:00+00:00,1,85.76,85.51,-29.15111940298476,-40.65111940298476,TIME
SOL,2026-03-10 04:00:00+00:00,2026-03-10 05:00:00+00:00,1,85.52,86.80279999999999,149.99999999999903,138.49999999999903,TP
SOL,2026-03-10 06:00:00+00:00,2026-03-10 12:00:00+00:00,1,86.36,86.65,33.580361278371385,22.080361278371385,TIME
SOL,2026-03-10 16:00:00+00:00,2026-03-10 18:00:00+00:00,1,88.3,86.9755,-150.00000000000014,-161.50000000000014,SL
SOL,2026-03-11 06:00:00+00:00,2026-03-11 11:00:00+00:00,1,85.67,84.38495,-150.00000000000014,-161.50000000000014,SL
SOL,2026-03-11 15:00:00+00:00,2026-03-11 15:00:00+00:00,1,86.52,85.2222,-149.99999999999903,-161.49999999999903,SL
SOL,2026-03-12 12:00:00+00:00,2026-03-12 14:00:00+00:00,1,86.75,85.44875,-149.99999999999903,-161.49999999999903,SL
SOL,2026-03-12 17:00:00+00:00,2026-03-12 23:00:00+00:00,1,86.77,86.8,3.457416157657267,-8.042583842342733,TIME
SOL,2026-03-13 02:00:00+00:00,2026-03-13 02:00:00+00:00,1,90.48,89.1228,-150.00000000000014,-161.50000000000014,SL
SOL,2026-03-13 12:00:00+00:00,2026-03-13 13:00:00+00:00,1,90.28,91.63419999999999,149.99999999999903,138.49999999999903,TP
SOL,2026-03-13 14:00:00+00:00,2026-03-13 14:00:00+00:00,1,91.84,90.4624,-150.00000000000014,-161.50000000000014,SL
SOL,2026-03-13 15:00:00+00:00,2026-03-13 15:00:00+00:00,1,90.64,89.2804,-150.00000000000014,-161.50000000000014,SL
SOL,2026-03-15 01:00:00+00:00,2026-03-15 07:00:00+00:00,1,87.73,88.17,50.153881226489005,38.653881226489005,TIME
SOL,2026-03-16 00:00:00+00:00,2026-03-16 03:00:00+00:00,1,92.3,93.68449999999999,149.99999999999903,138.49999999999903,TP
SOL,2026-03-16 05:00:00+00:00,2026-03-16 11:00:00+00:00,1,93.64,93.7,6.40751815463414,-5.09248184536586,TIME
SOL,2026-03-16 12:00:00+00:00,2026-03-16 18:00:00+00:00,1,93.7,94.34,68.30309498399245,56.80309498399245,TIME
SOL,2026-03-17 16:00:00+00:00,2026-03-17 18:00:00+00:00,1,93.75,95.15624999999999,149.99999999999903,138.49999999999903,TP
SOL,2026-03-19 11:00:00+00:00,2026-03-19 12:00:00+00:00,1,89.76,88.4136,-150.00000000000014,-161.50000000000014,SL
SOL,2026-03-19 15:00:00+00:00,2026-03-19 21:00:00+00:00,1,88.12,89.08,108.94235133908303,97.44235133908303,TIME
SOL,2026-03-20 23:00:00+00:00,2026-03-21 05:00:00+00:00,1,90.05,89.92,-14.436424208772447,-25.936424208772447,TIME
SOL,2026-03-22 14:00:00+00:00,2026-03-22 20:00:00+00:00,1,87.27,86.54,-83.64844734731203,-95.14844734731203,TIME
SOL,2026-03-23 00:00:00+00:00,2026-03-23 06:00:00+00:00,1,86.14,85.67,-54.56234037613194,-66.06234037613194,TIME
SOL,2026-03-23 09:00:00+00:00,2026-03-23 11:00:00+00:00,1,85.98,87.2697,149.99999999999903,138.49999999999903,TP
SOL,2026-03-23 13:00:00+00:00,2026-03-23 14:00:00+00:00,1,90.29,91.64435,149.99999999999903,138.49999999999903,TP
SOL,2026-03-23 15:00:00+00:00,2026-03-23 15:00:00+00:00,1,91.49,90.11765,-150.00000000000014,-161.50000000000014,SL
SOL,2026-03-23 18:00:00+00:00,2026-03-24 00:00:00+00:00,1,91.21,90.96,-27.409275298760917,-38.90927529876092,TIME
SOL,2026-03-24 09:00:00+00:00,2026-03-24 13:00:00+00:00,1,91.54,90.1669,-150.00000000000125,-161.50000000000125,SL
SOL,2026-03-24 22:00:00+00:00,2026-03-25 03:00:00+00:00,1,90.38,91.73569999999998,149.99999999999903,138.49999999999903,TP
SOL,2026-03-25 18:00:00+00:00,2026-03-26 00:00:00+00:00,1,91.68,91.64,-4.3630017452012115,-15.863001745201212,TIME
SOL,2026-03-26 22:00:00+00:00,2026-03-27 04:00:00+00:00,1,86.76,86.11,-74.91931765790771,-86.41931765790771,TIME
SOL,2026-03-30 04:00:00+00:00,2026-03-30 08:00:00+00:00,1,83.25,84.49874999999999,149.99999999999903,138.49999999999903,TP
SOL,2026-03-31 03:00:00+00:00,2026-03-31 08:00:00+00:00,1,83.75,82.49375,-149.99999999999903,-161.49999999999903,SL
SOL,2026-03-31 15:00:00+00:00,2026-03-31 16:00:00+00:00,1,80.64,81.8496,149.99999999999903,138.49999999999903,TP
SOL,2026-03-31 18:00:00+00:00,2026-04-01 00:00:00+00:00,1,82.36,83.35,120.20398251578301,108.70398251578301,TIME
SOL,2026-04-01 05:00:00+00:00,2026-04-01 11:00:00+00:00,1,83.69,83.32,-44.21077787071348,-55.71077787071348,TIME
SOL,2026-04-01 16:00:00+00:00,2026-04-01 16:00:00+00:00,1,83.59,84.84384999999999,149.99999999999903,138.49999999999903,TP
SOL,2026-04-02 02:00:00+00:00,2026-04-02 08:00:00+00:00,1,79.25,79.06,-23.974763406939825,-35.47476340693983,TIME
SOL,2026-04-02 16:00:00+00:00,2026-04-02 22:00:00+00:00,1,78.99,78.94,-6.329915179136281,-17.82991517913628,TIME
SOL,2026-04-06 00:00:00+00:00,2026-04-06 06:00:00+00:00,1,81.84,81.45,-47.653958944281484,-59.153958944281484,TIME
SOL,2026-04-06 11:00:00+00:00,2026-04-06 17:00:00+00:00,1,82.62,81.3807,-150.00000000000014,-161.50000000000014,SL
SOL,2026-04-07 19:00:00+00:00,2026-04-07 19:00:00+00:00,1,79.87,81.06805,149.99999999999903,138.49999999999903,TP
SOL,2026-04-07 21:00:00+00:00,2026-04-07 21:00:00+00:00,1,81.9,83.1285,149.99999999999903,138.49999999999903,TP
SOL,2026-04-07 23:00:00+00:00,2026-04-07 23:00:00+00:00,1,85.06,86.3359,149.99999999999903,138.49999999999903,TP
SOL,2026-04-08 00:00:00+00:00,2026-04-08 00:00:00+00:00,1,85.63,84.34554999999999,-150.00000000000125,-161.50000000000125,SL
SOL,2026-04-09 17:00:00+00:00,2026-04-09 22:00:00+00:00,1,83.62,84.87429999999999,149.99999999999903,138.49999999999903,TP
SOL,2026-04-10 16:00:00+00:00,2026-04-10 19:00:00+00:00,1,84.17,85.43254999999999,149.99999999999903,138.49999999999903,TP
SOL,2026-04-11 20:00:00+00:00,2026-04-11 23:00:00+00:00,1,86.0,84.71,-150.00000000000125,-161.50000000000125,SL
SOL,2026-04-13 15:00:00+00:00,2026-04-13 15:00:00+00:00,1,83.74,82.48389999999999,-150.00000000000014,-161.50000000000014,SL
SOL,2026-04-13 16:00:00+00:00,2026-04-13 19:00:00+00:00,1,82.65,83.88974999999999,149.99999999999903,138.49999999999903,TP
SOL,2026-04-13 21:00:00+00:00,2026-04-13 22:00:00+00:00,1,83.92,85.1788,149.99999999999903,138.49999999999903,TP
SOL,2026-04-14 00:00:00+00:00,2026-04-14 06:00:00+00:00,1,86.55,85.94,-70.47949162333866,-81.97949162333866,TIME
SOL,2026-04-14 15:00:00+00:00,2026-04-14 17:00:00+00:00,1,85.98,84.69030000000001,-149.99999999999903,-161.49999999999903,SL
SOL,2026-04-15 21:00:00+00:00,2026-04-16 03:00:00+00:00,1,84.77,85.25,56.62380559160019,45.12380559160019,TIME
SOL,2026-04-16 17:00:00+00:00,2026-04-16 18:00:00+00:00,1,85.85,87.13774999999998,149.99999999999903,138.49999999999903,TP
SOL,2026-04-16 20:00:00+00:00,2026-04-17 00:00:00+00:00,1,90.04,88.6894,-150.00000000000014,-161.50000000000014,SL
SOL,2026-04-17 10:00:00+00:00,2026-04-17 13:00:00+00:00,1,88.63,89.95944999999999,149.99999999999903,138.49999999999903,TP
SOL,2026-04-17 14:00:00+00:00,2026-04-17 20:00:00+00:00,1,90.06,88.7091,-149.99999999999903,-161.49999999999903,SL
SOL,2026-04-20 02:00:00+00:00,2026-04-20 07:00:00+00:00,1,84.3,85.5645,149.99999999999903,138.49999999999903,TP
SOL,2026-04-20 08:00:00+00:00,2026-04-20 14:00:00+00:00,1,84.67,84.7,3.5431675918262684,-7.956832408173732,TIME
SOL,2026-04-20 17:00:00+00:00,2026-04-20 23:00:00+00:00,1,85.26,85.24,-2.345765892565188,-13.845765892565188,TIME
SOL,2026-04-21 22:00:00+00:00,2026-04-22 00:00:00+00:00,1,85.1,86.3765,149.99999999999903,138.49999999999903,TP
SOL,2026-04-22 01:00:00+00:00,2026-04-22 03:00:00+00:00,1,86.43,87.72645,149.99999999999903,138.49999999999903,TP
SOL,2026-04-22 04:00:00+00:00,2026-04-22 09:00:00+00:00,1,87.22,88.52829999999999,149.99999999999903,138.49999999999903,TP
SOL,2026-04-22 15:00:00+00:00,2026-04-22 19:00:00+00:00,1,88.73,87.39905,-150.00000000000014,-161.50000000000014,SL
