symbol,entry_ts,exit_ts,side,entry,exit,gross_bps,net_bps,exit_reason,m
1000PEPE,2026-06-01 08:00:00+00:00,2026-06-01 16:00:00+00:00,1,0.0033387,0.0033887805,149.99999999999903,138.49999999999903,TP,6
1000PEPE,2026-06-02 07:00:00+00:00,2026-06-02 14:00:00+00:00,1,0.0033321,0.0032821185000000003,-150.00000000000014,-161.50000000000014,SL,6
1000PEPE,2026-06-02 17:00:00+00:00,2026-06-02 19:00:00+00:00,1,0.0032137,0.0031654944999999998,-150.00000000000014,-161.50000000000014,SL,6
1000PEPE,2026-06-02 23:00:00+00:00,2026-06-03 00:00:00+00:00,1,0.0030841,0.0031303615,149.99999999999903,138.49999999999903,TP,6
1000PEPE,2026-06-03 17:00:00+00:00,2026-06-03 20:00:00+00:00,1,0.0031467,0.0030994995,-150.00000000000014,-161.50000000000014,SL,6
1000PEPE,2026-06-04 03:00:00+00:00,2026-06-04 03:00:00+00:00,1,0.0029999,0.0030448984999999996,149.99999999999903,138.49999999999903,TP,6
1000PEPE,2026-06-04 08:00:00+00:00,2026-06-04 09:00:00+00:00,1,0.0029949,0.0029499765,-149.99999999999903,-161.49999999999903,SL,6
1000PEPE,2026-06-04 10:00:00+00:00,2026-06-04 10:00:00+00:00,1,0.0029506,0.002906341,-150.00000000000014,-161.50000000000014,SL,6
1000PEPE,2026-06-04 11:00:00+00:00,2026-06-04 11:00:00+00:00,1,0.0029172,0.0029609579999999996,149.99999999999903,138.49999999999903,TP,6
1000PEPE,2026-06-05 04:00:00+00:00,2026-06-05 04:00:00+00:00,1,0.0028677,0.0029107154999999997,149.99999999999903,138.49999999999903,TP,6
1000PEPE,2026-06-05 06:00:00+00:00,2026-06-05 06:00:00+00:00,1,0.002832,0.0027895199999999998,-150.00000000000014,-161.50000000000014,SL,6
1000PEPE,2026-06-05 07:00:00+00:00,2026-06-05 07:00:00+00:00,1,0.002757,0.002715645,-149.99999999999903,-161.49999999999903,SL,6
1000PEPE,2026-06-05 09:00:00+00:00,2026-06-05 09:00:00+00:00,1,0.0027459,0.0027870885,149.99999999999903,138.49999999999903,TP,6
1000PEPE,2026-06-06 03:00:00+00:00,2026-06-06 04:00:00+00:00,1,0.0026756,0.0026354660000000004,-149.99999999999903,-161.49999999999903,SL,6
1000PEPE,2026-06-06 05:00:00+00:00,2026-06-06 05:00:00+00:00,1,0.0025418,0.0025799269999999997,149.99999999999903,138.49999999999903,TP,6
1000PEPE,2026-06-07 20:00:00+00:00,2026-06-07 20:00:00+00:00,1,0.0026992,0.0027396879999999997,149.99999999999903,138.49999999999903,TP,6
1000PEPE,2026-06-09 01:00:00+00:00,2026-06-09 04:00:00+00:00,1,0.0027568,0.0027981519999999995,149.99999999999903,138.49999999999903,TP,6
1000PEPE,2026-06-10 05:00:00+00:00,2026-06-10 12:00:00+00:00,1,0.002723,0.002763845,149.99999999999903,138.49999999999903,TP,6
1000PEPE,2026-06-10 20:00:00+00:00,2026-06-10 21:00:00+00:00,1,0.0026898,0.002649453,-150.00000000000014,-161.50000000000014,SL,6
1000PEPE,2026-06-10 22:00:00+00:00,2026-06-10 23:00:00+00:00,1,0.0026538,0.0026936069999999998,149.99999999999903,138.49999999999903,TP,6
1000PEPE,2026-06-15 20:00:00+00:00,2026-06-15 22:00:00+00:00,1,0.0029852,0.002940422,-150.00000000000014,-161.50000000000014,SL,6
1000PEPE,2026-06-16 15:00:00+00:00,2026-06-16 17:00:00+00:00,1,0.0029146,0.0029583189999999996,149.99999999999903,138.49999999999903,TP,6
1000PEPE,2026-06-17 20:00:00+00:00,2026-06-17 22:00:00+00:00,1,0.0029003,0.0029438045,149.99999999999903,138.49999999999903,TP,6
1000PEPE,2026-06-18 19:00:00+00:00,2026-06-18 20:00:00+00:00,1,0.0028058,0.0028478869999999995,149.99999999999903,138.49999999999903,TP,6
1000PEPE,2026-06-22 18:00:00+00:00,2026-06-22 22:00:00+00:00,1,0.0028414,0.002798779,-150.00000000000014,-161.50000000000014,SL,6
1000PEPE,2026-06-23 07:00:00+00:00,2026-06-23 08:00:00+00:00,1,0.0027278,0.0026868829999999997,-150.00000000000014,-161.50000000000014,SL,6
1000PEPE,2026-06-23 09:00:00+00:00,2026-06-23 13:00:00+00:00,1,0.0026934,0.0027338009999999997,149.99999999999903,138.49999999999903,TP,6
1000PEPE,2026-06-24 17:00:00+00:00,2026-06-24 17:00:00+00:00,1,0.0024672,0.0024301920000000003,-149.99999999999903,-161.49999999999903,SL,6
1000PEPE,2026-06-24 18:00:00+00:00,2026-06-24 18:00:00+00:00,1,0.0024359,0.0024724384999999997,149.99999999999903,138.49999999999903,TP,6
1000PEPE,2026-06-24 19:00:00+00:00,2026-06-24 20:00:00+00:00,1,0.0024746,0.002511719,149.99999999999903,138.49999999999903,TP,6
1000PEPE,2026-06-25 12:00:00+00:00,2026-06-25 13:00:00+00:00,1,0.0024889,0.0024515665,-150.00000000000125,-161.50000000000125,SL,6
1000PEPE,2026-06-25 14:00:00+00:00,2026-06-25 14:00:00+00:00,1,0.0023236,0.002358454,149.99999999999903,138.49999999999903,TP,6
1000PEPE,2026-06-25 15:00:00+00:00,2026-06-25 16:00:00+00:00,1,0.0023657,0.0023302145,-150.00000000000125,-161.50000000000125,SL,6
1000PEPE,2026-06-25 17:00:00+00:00,2026-06-25 17:00:00+00:00,1,0.0023164,0.0023511459999999997,149.99999999999903,138.49999999999903,TP,6
1000PEPE,2026-06-27 20:00:00+00:00,2026-06-28 04:00:00+00:00,1,0.00239,0.0023806,-39.330543933054905,-50.830543933054905,TIME,6
1000PEPE,2026-07-02 02:00:00+00:00,2026-07-02 03:00:00+00:00,1,0.0023346,0.002369619,149.99999999999903,138.49999999999903,TP,7
1000PEPE,2026-07-07 02:00:00+00:00,2026-07-07 03:00:00+00:00,1,0.0027142,0.002673487,-150.00000000000014,-161.50000000000014,SL,7
1000PEPE,2026-07-07 04:00:00+00:00,2026-07-07 07:00:00+00:00,1,0.0026762,0.002716343,149.99999999999903,138.49999999999903,TP,7
1000PEPE,2026-07-07 22:00:00+00:00,2026-07-08 01:00:00+00:00,1,0.0026646,0.002624631,-150.00000000000014,-161.50000000000014,SL,7
1000PEPE,2026-07-08 05:00:00+00:00,2026-07-08 08:00:00+00:00,1,0.0026178,0.002578533,-150.00000000000014,-161.50000000000014,SL,7
1000PEPE,2026-07-13 19:00:00+00:00,2026-07-13 23:00:00+00:00,1,0.0026812,0.0027214179999999998,149.99999999999903,138.49999999999903,TP,7
1000PEPE,2026-07-16 10:00:00+00:00,2026-07-16 18:00:00+00:00,1,0.0027262,0.0027347,31.1789303792831,19.6789303792831,TIME,7
1000PEPE,2026-07-20 07:00:00+00:00,2026-07-20 10:00:00+00:00,1,0.0028262,0.0028685929999999996,149.99999999999903,138.49999999999903,TP,7
1000PEPE,2026-07-23 14:00:00+00:00,2026-07-23 22:00:00+00:00,1,0.0027942,0.0027855,-31.13592441485902,-42.63592441485902,TIME,7
1000PEPE,2026-07-24 15:00:00+00:00,2026-07-24 23:00:00+00:00,1,0.0027062,0.0027178,42.864533293915926,31.364533293915926,TIME,7
1000PEPE,2026-07-27 23:00:00+00:00,2026-07-28 01:00:00+00:00,1,0.0028282,0.0027857769999999997,-150.00000000000125,-161.50000000000125,SL,7
1000PEPE,2026-07-28 02:00:00+00:00,2026-07-28 06:00:00+00:00,1,0.0027891,0.0028309364999999998,149.99999999999903,138.49999999999903,TP,7
1000PEPE,2026-08-03 04:00:00+00:00,2026-08-03 12:00:00+00:00,1,0.0028539,0.0028634,33.28778163215196,21.78778163215196,TIME,8
1000SHIB,2026-06-01 08:00:00+00:00,2026-06-01 16:00:00+00:00,1,0.005408,0.005489119999999999,149.99999999999903,138.49999999999903,TP,6
1000SHIB,2026-06-02 23:00:00+00:00,2026-06-03 00:00:00+00:00,1,0.005128,0.005204919999999999,149.99999999999903,138.49999999999903,TP,6
1000SHIB,2026-06-04 08:00:00+00:00,2026-06-04 09:00:00+00:00,1,0.004991,0.004916134999999999,-150.00000000000125,-161.50000000000125,SL,6
1000SHIB,2026-06-04 10:00:00+00:00,2026-06-04 12:00:00+00:00,1,0.00493,0.00500395,149.99999999999903,138.49999999999903,TP,6
1000SHIB,2026-06-05 06:00:00+00:00,2026-06-05 06:00:00+00:00,1,0.004799,0.004727015,-150.00000000000014,-161.50000000000014,SL,6
1000SHIB,2026-06-05 07:00:00+00:00,2026-06-05 09:00:00+00:00,1,0.004713,0.004783695,149.99999999999903,138.49999999999903,TP,6
1000SHIB,2026-06-05 19:00:00+00:00,2026-06-05 19:00:00+00:00,1,0.004451,0.004517765,149.99999999999903,138.49999999999903,TP,6
1000SHIB,2026-06-06 05:00:00+00:00,2026-06-06 05:00:00+00:00,1,0.004345,0.004410175,149.99999999999903,138.49999999999903,TP,6
1000SHIB,2026-06-07 13:00:00+00:00,2026-06-07 19:00:00+00:00,1,0.004656,0.004586160000000001,-150.00000000000014,-161.50000000000014,SL,6
1000SHIB,2026-06-07 20:00:00+00:00,2026-06-07 22:00:00+00:00,1,0.004595,0.004663924999999999,149.99999999999903,138.49999999999903,TP,6
1000SHIB,2026-06-09 01:00:00+00:00,2026-06-09 04:00:00+00:00,1,0.004655,0.004724825,149.99999999999903,138.49999999999903,TP,6
1000SHIB,2026-06-10 20:00:00+00:00,2026-06-10 21:00:00+00:00,1,0.004641,0.004571385,-150.00000000000014,-161.50000000000014,SL,6
1000SHIB,2026-06-10 22:00:00+00:00,2026-06-11 00:00:00+00:00,1,0.004568,0.00463652,149.99999999999903,138.49999999999903,TP,6
1000SHIB,2026-06-15 20:00:00+00:00,2026-06-16 02:00:00+00:00,1,0.005064,0.00498804,-150.00000000000014,-161.50000000000014,SL,6
1000SHIB,2026-06-18 16:00:00+00:00,2026-06-18 19:00:00+00:00,1,0.004647,0.004716705,149.99999999999903,138.49999999999903,TP,6
1000SHIB,2026-06-23 10:00:00+00:00,2026-06-23 12:00:00+00:00,1,0.004513,0.004580694999999999,149.99999999999903,138.49999999999903,TP,6
1000SHIB,2026-06-24 18:00:00+00:00,2026-06-24 18:00:00+00:00,1,0.004226,0.00428939,149.99999999999903,138.49999999999903,TP,6
1000SHIB,2026-06-24 19:00:00+00:00,2026-06-24 20:00:00+00:00,1,0.004271,0.004335064999999999,149.99999999999903,138.49999999999903,TP,6
1000SHIB,2026-06-25 15:00:00+00:00,2026-06-25 16:00:00+00:00,1,0.004149,0.004211235,149.99999999999903,138.49999999999903,TP,6
1000SHIB,2026-06-26 12:00:00+00:00,2026-06-26 13:00:00+00:00,1,0.004143,0.0042051449999999995,149.99999999999903,138.49999999999903,TP,6
1000SHIB,2026-07-07 22:00:00+00:00,2026-07-08 02:00:00+00:00,1,0.004377,0.004311344999999999,-150.00000000000125,-161.50000000000125,SL,7
1000SHIB,2026-07-08 05:00:00+00:00,2026-07-08 08:00:00+00:00,1,0.004303,0.004238455,-150.00000000000014,-161.50000000000014,SL,7
1000SHIB,2026-07-08 09:00:00+00:00,2026-07-08 10:00:00+00:00,1,0.004203,0.004139955,-150.00000000000014,-161.50000000000014,SL,7
1000SHIB,2026-07-13 19:00:00+00:00,2026-07-14 03:00:00+00:00,1,0.004119,0.004155,87.39985433357411,75.89985433357411,TIME,7
1000SHIB,2026-07-23 15:00:00+00:00,2026-07-23 23:00:00+00:00,1,0.004147,0.004135,-28.9365806607178,-40.4365806607178,TIME,7
1000SHIB,2026-07-28 00:00:00+00:00,2026-07-28 00:00:00+00:00,1,0.004831,0.004758535,-150.00000000000014,-161.50000000000014,SL,7
1000SHIB,2026-07-28 01:00:00+00:00,2026-07-28 01:00:00+00:00,1,0.004713,0.004642305,-150.00000000000014,-161.50000000000014,SL,7
1000SHIB,2026-07-28 02:00:00+00:00,2026-07-28 02:00:00+00:00,1,0.004635,0.004704525,149.99999999999903,138.49999999999903,TP,7
AAVE,2026-06-01 08:00:00+00:00,2026-06-01 13:00:00+00:00,1,80.69,79.47964999999999,-150.00000000000014,-161.50000000000014,SL,6
AAVE,2026-06-02 07:00:00+00:00,2026-06-02 14:00:00+00:00,1,77.96,76.7906,-149.99999999999903,-161.49999999999903,SL,6
AAVE,2026-06-02 23:00:00+00:00,2026-06-03 00:00:00+00:00,1,73.11,74.20665,149.99999999999903,138.49999999999903,TP,6
AAVE,2026-06-04 03:00:00+00:00,2026-06-04 03:00:00+00:00,1,71.09,72.15635,149.99999999999903,138.49999999999903,TP,6
AAVE,2026-06-04 08:00:00+00:00,2026-06-04 09:00:00+00:00,1,71.04,69.9744,-150.00000000000014,-161.50000000000014,SL,6
AAVE,2026-06-05 04:00:00+00:00,2026-06-05 04:00:00+00:00,1,68.85,69.88274999999999,149.99999999999903,138.49999999999903,TP,6
AAVE,2026-06-05 06:00:00+00:00,2026-06-05 06:00:00+00:00,1,67.81,66.79285,-150.00000000000014,-161.50000000000014,SL,6
AAVE,2026-06-05 07:00:00+00:00,2026-06-05 07:00:00+00:00,1,67.18,68.1877,149.99999999999903,138.49999999999903,TP,6
AAVE,2026-06-05 09:00:00+00:00,2026-06-05 09:00:00+00:00,1,67.73,68.74595,149.99999999999903,138.49999999999903,TP,6
AAVE,2026-06-05 12:00:00+00:00,2026-06-05 12:00:00+00:00,1,66.08,65.08879999999999,-150.00000000000125,-161.50000000000125,SL,6
AAVE,2026-06-05 14:00:00+00:00,2026-06-05 14:00:00+00:00,1,62.16,63.09239999999999,149.99999999999903,138.49999999999903,TP,6
AAVE,2026-06-05 15:00:00+00:00,2026-06-05 15:00:00+00:00,1,62.02,61.0897,-150.00000000000014,-161.50000000000014,SL,6
AAVE,2026-06-05 16:00:00+00:00,2026-06-05 16:00:00+00:00,1,62.22,61.286699999999996,-150.00000000000014,-161.50000000000014,SL,6
AAVE,2026-06-06 03:00:00+00:00,2026-06-06 04:00:00+00:00,1,60.3,59.3955,-150.00000000000014,-161.50000000000014,SL,6
AAVE,2026-06-06 05:00:00+00:00,2026-06-06 05:00:00+00:00,1,58.34,59.2151,149.99999999999903,138.49999999999903,TP,6
AAVE,2026-06-07 13:00:00+00:00,2026-06-07 14:00:00+00:00,1,62.38,63.3157,149.99999999999903,138.49999999999903,TP,6
AAVE,2026-06-07 20:00:00+00:00,2026-06-07 20:00:00+00:00,1,61.37,62.29054999999999,149.99999999999903,138.49999999999903,TP,6
AAVE,2026-06-08 05:00:00+00:00,2026-06-08 09:00:00+00:00,1,62.24,63.17359999999999,149.99999999999903,138.49999999999903,TP,6
AAVE,2026-06-09 01:00:00+00:00,2026-06-09 05:00:00+00:00,1,62.06,62.990899999999996,149.99999999999903,138.49999999999903,TP,6
AAVE,2026-06-09 17:00:00+00:00,2026-06-09 17:00:00+00:00,1,60.24,61.1436,149.99999999999903,138.49999999999903,TP,6
AAVE,2026-06-10 12:00:00+00:00,2026-06-10 12:00:00+00:00,1,60.56,61.468399999999995,149.99999999999903,138.49999999999903,TP,6
AAVE,2026-06-10 20:00:00+00:00,2026-06-10 21:00:00+00:00,1,61.68,60.754799999999996,-150.00000000000014,-161.50000000000014,SL,6
AAVE,2026-06-10 22:00:00+00:00,2026-06-11 00:00:00+00:00,1,60.44,61.346599999999995,149.99999999999903,138.49999999999903,TP,6
AAVE,2026-06-12 07:00:00+00:00,2026-06-12 08:00:00+00:00,1,63.22,64.16829999999999,149.99999999999903,138.49999999999903,TP,6
AAVE,2026-06-15 20:00:00+00:00,2026-06-15 22:00:00+00:00,1,74.27,73.15594999999999,-150.00000000000125,-161.50000000000125,SL,6
AAVE,2026-06-16 15:00:00+00:00,2026-06-16 15:00:00+00:00,1,73.24,74.33859999999999,149.99999999999903,138.49999999999903,TP,6
AAVE,2026-06-17 12:00:00+00:00,2026-06-17 15:00:00+00:00,1,74.5,75.61749999999999,149.99999999999903,138.49999999999903,TP,6
AAVE,2026-06-17 20:00:00+00:00,2026-06-18 02:00:00+00:00,1,73.61,74.71414999999999,149.99999999999903,138.49999999999903,TP,6
AAVE,2026-06-18 19:00:00+00:00,2026-06-18 19:00:00+00:00,1,71.86,72.9379,149.99999999999903,138.49999999999903,TP,6
AAVE,2026-06-23 06:00:00+00:00,2026-06-23 06:00:00+00:00,1,73.84,72.7324,-150.00000000000014,-161.50000000000014,SL,6
AAVE,2026-06-23 07:00:00+00:00,2026-06-23 08:00:00+00:00,1,72.26,71.1761,-150.00000000000014,-161.50000000000014,SL,6
AAVE,2026-06-23 09:00:00+00:00,2026-06-23 11:00:00+00:00,1,71.37,72.44055,149.99999999999903,138.49999999999903,TP,6
AAVE,2026-06-27 20:00:00+00:00,2026-06-27 22:00:00+00:00,1,93.74,95.14609999999999,149.99999999999903,138.49999999999903,TP,6
AAVE,2026-06-29 15:00:00+00:00,2026-06-29 16:00:00+00:00,1,90.02,91.37029999999999,149.99999999999903,138.49999999999903,TP,6
AAVE,2026-06-30 04:00:00+00:00,2026-06-30 06:00:00+00:00,1,89.78,91.12669999999999,149.99999999999903,138.49999999999903,TP,6
AAVE,2026-06-30 13:00:00+00:00,2026-06-30 14:00:00+00:00,1,86.44,85.1434,-150.00000000000014,-161.50000000000014,SL,6
AAVE,2026-06-30 15:00:00+00:00,2026-06-30 16:00:00+00:00,1,84.94,86.21409999999999,149.99999999999903,138.49999999999903,TP,6
AAVE,2026-07-02 02:00:00+00:00,2026-07-02 02:00:00+00:00,1,84.35,85.61524999999999,149.99999999999903,138.49999999999903,TP,7
AAVE,2026-07-07 02:00:00+00:00,2026-07-07 02:00:00+00:00,1,92.91,91.51634999999999,-150.00000000000125,-161.50000000000125,SL,7
AAVE,2026-07-07 03:00:00+00:00,2026-07-07 07:00:00+00:00,1,91.82,93.19729999999998,149.99999999999903,138.49999999999903,TP,7
AAVE,2026-07-07 22:00:00+00:00,2026-07-08 01:00:00+00:00,1,90.46,89.1031,-149.99999999999903,-161.49999999999903,SL,7
AAVE,2026-07-27 15:00:00+00:00,2026-07-27 22:00:00+00:00,1,99.49,97.99765,-150.00000000000014,-161.50000000000014,SL,7
AAVE,2026-07-31 10:00:00+00:00,2026-07-31 15:00:00+00:00,1,97.65,96.18525000000001,-149.99999999999903,-161.49999999999903,SL,7
ADA,2026-06-01 08:00:00+00:00,2026-06-01 13:00:00+00:00,1,0.2309,0.22743649999999999,-150.00000000000014,-161.50000000000014,SL,6
ADA,2026-06-02 07:00:00+00:00,2026-06-02 14:00:00+00:00,1,0.2238,0.220443,-150.00000000000014,-161.50000000000014,SL,6
ADA,2026-06-03 17:00:00+00:00,2026-06-03 19:00:00+00:00,1,0.2093,0.20616050000000002,-149.99999999999903,-161.49999999999903,SL,6
ADA,2026-06-03 21:00:00+00:00,2026-06-03 21:00:00+00:00,1,0.2019,0.20492849999999999,149.99999999999903,138.49999999999903,TP,6
ADA,2026-06-03 23:00:00+00:00,2026-06-04 00:00:00+00:00,1,0.2026,0.199561,-150.00000000000014,-161.50000000000014,SL,6
ADA,2026-06-04 08:00:00+00:00,2026-06-04 09:00:00+00:00,1,0.1946,0.191681,-150.00000000000014,-161.50000000000014,SL,6
ADA,2026-06-04 10:00:00+00:00,2026-06-04 10:00:00+00:00,1,0.1902,0.187347,-150.00000000000014,-161.50000000000014,SL,6
ADA,2026-06-04 11:00:00+00:00,2026-06-04 12:00:00+00:00,1,0.1878,0.19061699999999998,149.99999999999903,138.49999999999903,TP,6
ADA,2026-06-05 03:00:00+00:00,2026-06-05 03:00:00+00:00,1,0.1639,0.1614415,-150.00000000000014,-161.50000000000014,SL,6
ADA,2026-06-05 04:00:00+00:00,2026-06-05 04:00:00+00:00,1,0.1583,0.16067449999999997,149.99999999999903,138.49999999999903,TP,6
ADA,2026-06-05 06:00:00+00:00,2026-06-05 06:00:00+00:00,1,0.1645,0.1620325,-150.00000000000014,-161.50000000000014,SL,6
ADA,2026-06-05 09:00:00+00:00,2026-06-05 09:00:00+00:00,1,0.161,0.16341499999999998,149.99999999999903,138.49999999999903,TP,6
ADA,2026-06-06 03:00:00+00:00,2026-06-06 04:00:00+00:00,1,0.1554,0.153069,-150.00000000000014,-161.50000000000014,SL,6
ADA,2026-06-06 05:00:00+00:00,2026-06-06 05:00:00+00:00,1,0.1495,0.15174249999999997,149.99999999999903,138.49999999999903,TP,6
ADA,2026-06-07 20:00:00+00:00,2026-06-07 20:00:00+00:00,1,0.1582,0.160573,149.99999999999903,138.49999999999903,TP,6
ADA,2026-06-08 05:00:00+00:00,2026-06-08 09:00:00+00:00,1,0.1614,0.16382099999999997,149.99999999999903,138.49999999999903,TP,6
ADA,2026-06-09 01:00:00+00:00,2026-06-09 05:00:00+00:00,1,0.1668,0.16930199999999998,149.99999999999903,138.49999999999903,TP,6
ADA,2026-06-09 17:00:00+00:00,2026-06-09 17:00:00+00:00,1,0.162,0.16443,149.99999999999903,138.49999999999903,TP,6
ADA,2026-06-10 05:00:00+00:00,2026-06-10 08:00:00+00:00,1,0.1616,0.15917599999999998,-150.00000000000014,-161.50000000000014,SL,6
ADA,2026-06-10 20:00:00+00:00,2026-06-10 21:00:00+00:00,1,0.1607,0.1582895,-150.00000000000014,-161.50000000000014,SL,6
ADA,2026-06-12 07:00:00+00:00,2026-06-12 09:00:00+00:00,1,0.1684,0.17092599999999997,149.99999999999903,138.49999999999903,TP,6
ADA,2026-06-15 20:00:00+00:00,2026-06-15 20:00:00+00:00,1,0.186,0.18320999999999998,-150.00000000000125,-161.50000000000125,SL,6
ADA,2026-06-16 15:00:00+00:00,2026-06-16 23:00:00+00:00,1,0.174,0.1723,-97.70114942528663,-109.20114942528663,TIME,6
ADA,2026-06-17 09:00:00+00:00,2026-06-17 16:00:00+00:00,1,0.169,0.171535,149.99999999999903,138.49999999999903,TP,6
ADA,2026-06-17 20:00:00+00:00,2026-06-18 01:00:00+00:00,1,0.1655,0.16798249999999998,149.99999999999903,138.49999999999903,TP,6
ADA,2026-06-22 00:00:00+00:00,2026-06-22 00:00:00+00:00,1,0.1564,0.158746,149.99999999999903,138.49999999999903,TP,6
ADA,2026-06-23 08:00:00+00:00,2026-06-23 08:00:00+00:00,1,0.1546,0.15228099999999997,-150.00000000000125,-161.50000000000125,SL,6
ADA,2026-06-23 09:00:00+00:00,2026-06-23 12:00:00+00:00,1,0.1525,0.1502125,-150.00000000000014,-161.50000000000014,SL,6
ADA,2026-06-24 14:00:00+00:00,2026-06-24 16:00:00+00:00,1,0.1452,0.14302199999999998,-150.00000000000125,-161.50000000000125,SL,6
ADA,2026-06-25 12:00:00+00:00,2026-06-25 13:00:00+00:00,1,0.1477,0.1454845,-150.00000000000014,-161.50000000000014,SL,6
ADA,2026-06-27 20:00:00+00:00,2026-06-28 04:00:00+00:00,1,0.1452,0.1449,-20.661157024792765,-32.161157024792765,TIME,6
ADA,2026-07-02 02:00:00+00:00,2026-07-02 09:00:00+00:00,1,0.1546,0.15691899999999998,149.99999999999903,138.49999999999903,TP,7
ADA,2026-07-06 13:00:00+00:00,2026-07-06 14:00:00+00:00,1,0.1789,0.18158349999999998,149.99999999999903,138.49999999999903,TP,7
ADA,2026-07-07 05:00:00+00:00,2026-07-07 10:00:00+00:00,1,0.1797,0.1770045,-149.99999999999903,-161.49999999999903,SL,7
ADA,2026-07-07 22:00:00+00:00,2026-07-08 02:00:00+00:00,1,0.1741,0.17148850000000002,-149.99999999999903,-161.49999999999903,SL,7
ADA,2026-07-08 05:00:00+00:00,2026-07-08 08:00:00+00:00,1,0.1705,0.16794250000000002,-149.99999999999903,-161.49999999999903,SL,7
ADA,2026-07-08 09:00:00+00:00,2026-07-08 14:00:00+00:00,1,0.1658,0.168287,149.99999999999903,138.49999999999903,TP,7
ADA,2026-07-20 07:00:00+00:00,2026-07-20 11:00:00+00:00,1,0.1615,0.1639225,149.99999999999903,138.49999999999903,TP,7
ADA,2026-07-23 15:00:00+00:00,2026-07-23 23:00:00+00:00,1,0.1689,0.1684,-29.60331557134377,-41.10331557134377,TIME,7
ADA,2026-07-27 15:00:00+00:00,2026-07-27 22:00:00+00:00,1,0.1587,0.1563195,-150.00000000000014,-161.50000000000014,SL,7
ADA,2026-08-03 04:00:00+00:00,2026-08-03 07:00:00+00:00,1,0.1855,0.1827175,-150.00000000000014,-161.50000000000014,SL,8
ALLO,2026-06-01 08:00:00+00:00,2026-06-01 08:00:00+00:00,1,0.1835,0.1807475,-149.99999999999903,-161.49999999999903,SL,6
ALLO,2026-06-01 16:00:00+00:00,2026-06-01 16:00:00+00:00,1,0.1749,0.1722765,-150.00000000000014,-161.50000000000014,SL,6
ALLO,2026-06-02 10:00:00+00:00,2026-06-02 10:00:00+00:00,1,0.1668,0.16930199999999998,149.99999999999903,138.49999999999903,TP,6
ALLO,2026-06-02 13:00:00+00:00,2026-06-02 13:00:00+00:00,1,0.1645,0.1620325,-150.00000000000014,-161.50000000000014,SL,6
ALLO,2026-06-03 23:00:00+00:00,2026-06-03 23:00:00+00:00,1,0.185,0.182225,-150.00000000000014,-161.50000000000014,SL,6
ALLO,2026-06-04 08:00:00+00:00,2026-06-04 08:00:00+00:00,1,0.1778,0.180467,149.99999999999903,138.49999999999903,TP,6
ALLO,2026-06-04 09:00:00+00:00,2026-06-04 09:00:00+00:00,1,0.1844,0.18163400000000002,-149.99999999999903,-161.49999999999903,SL,6
ALLO,2026-06-04 10:00:00+00:00,2026-06-04 10:00:00+00:00,1,0.1768,0.174148,-150.00000000000125,-161.50000000000125,SL,6
ALLO,2026-06-04 12:00:00+00:00,2026-06-04 12:00:00+00:00,1,0.173,0.17040499999999997,-150.00000000000125,-161.50000000000125,SL,6
ALLO,2026-06-05 07:00:00+00:00,2026-06-05 07:00:00+00:00,1,0.1788,0.176118,-149.99999999999903,-161.49999999999903,SL,6
ALLO,2026-06-05 09:00:00+00:00,2026-06-05 09:00:00+00:00,1,0.1806,0.183309,149.99999999999903,138.49999999999903,TP,6
ALLO,2026-06-06 03:00:00+00:00,2026-06-06 03:00:00+00:00,1,0.2226,0.21926099999999998,-150.00000000000014,-161.50000000000014,SL,6
ALLO,2026-06-10 05:00:00+00:00,2026-06-10 05:00:00+00:00,1,0.3859,0.3916885,149.99999999999903,138.49999999999903,TP,6
ALLO,2026-06-10 12:00:00+00:00,2026-06-10 12:00:00+00:00,1,0.414,0.40779,-150.00000000000014,-161.50000000000014,SL,6
ALLO,2026-06-10 20:00:00+00:00,2026-06-10 20:00:00+00:00,1,0.3834,0.377649,-150.00000000000014,-161.50000000000014,SL,6
ALLO,2026-06-10 22:00:00+00:00,2026-06-10 22:00:00+00:00,1,0.3835,0.38925249999999995,149.99999999999903,138.49999999999903,TP,6
ALLO,2026-06-17 09:00:00+00:00,2026-06-17 10:00:00+00:00,1,0.3529,0.35819349999999994,149.99999999999903,138.49999999999903,TP,6
ALLO,2026-06-23 06:00:00+00:00,2026-06-23 06:00:00+00:00,1,0.404,0.39794,-150.00000000000014,-161.50000000000014,SL,6
ALLO,2026-06-23 07:00:00+00:00,2026-06-23 07:00:00+00:00,1,0.3968,0.40275199999999994,149.99999999999903,138.49999999999903,TP,6
ALLO,2026-06-23 08:00:00+00:00,2026-06-23 09:00:00+00:00,1,0.3976,0.403564,149.99999999999903,138.49999999999903,TP,6
ALLO,2026-06-25 16:00:00+00:00,2026-06-25 18:00:00+00:00,1,0.3854,0.37961900000000004,-149.99999999999903,-161.49999999999903,SL,6
ALLO,2026-06-28 17:00:00+00:00,2026-06-28 18:00:00+00:00,1,0.2961,0.30054149999999996,149.99999999999903,138.49999999999903,TP,6
ALLO,2026-06-29 15:00:00+00:00,2026-06-29 15:00:00+00:00,1,0.2771,0.28125649999999996,149.99999999999903,138.49999999999903,TP,6
ALLO,2026-06-30 14:00:00+00:00,2026-06-30 14:00:00+00:00,1,0.2713,0.2672305,-150.00000000000014,-161.50000000000014,SL,6
ALLO,2026-06-30 15:00:00+00:00,2026-06-30 16:00:00+00:00,1,0.2656,0.269584,149.99999999999903,138.49999999999903,TP,6
ALLO,2026-07-07 04:00:00+00:00,2026-07-07 04:00:00+00:00,1,0.4134,0.41960099999999995,149.99999999999903,138.49999999999903,TP,7
ALLO,2026-07-07 22:00:00+00:00,2026-07-07 22:00:00+00:00,1,0.3961,0.4020415,149.99999999999903,138.49999999999903,TP,7
ALLO,2026-07-24 14:00:00+00:00,2026-07-24 14:00:00+00:00,1,0.4868,0.479498,-150.00000000000014,-161.50000000000014,SL,7
ALLO,2026-07-24 15:00:00+00:00,2026-07-24 15:00:00+00:00,1,0.4703,0.4632455,-150.00000000000014,-161.50000000000014,SL,7
ALLO,2026-07-24 16:00:00+00:00,2026-07-24 17:00:00+00:00,1,0.4807,0.48791049999999997,149.99999999999903,138.49999999999903,TP,7
ARB,2026-06-01 08:00:00+00:00,2026-06-01 13:00:00+00:00,1,0.1006,0.099091,-150.00000000000014,-161.50000000000014,SL,6
ARB,2026-06-02 07:00:00+00:00,2026-06-02 09:00:00+00:00,1,0.0989,0.0974165,-150.00000000000014,-161.50000000000014,SL,6
ARB,2026-06-02 10:00:00+00:00,2026-06-02 14:00:00+00:00,1,0.0974,0.095939,-150.00000000000014,-161.50000000000014,SL,6
ARB,2026-06-02 23:00:00+00:00,2026-06-03 00:00:00+00:00,1,0.092,0.09337999999999999,149.99999999999903,138.49999999999903,TP,6
ARB,2026-06-03 04:00:00+00:00,2026-06-03 04:00:00+00:00,1,0.0898,0.09114699999999999,149.99999999999903,138.49999999999903,TP,6
ARB,2026-06-03 17:00:00+00:00,2026-06-03 20:00:00+00:00,1,0.0942,0.09278700000000001,-150.00000000000014,-161.50000000000014,SL,6
ARB,2026-06-04 03:00:00+00:00,2026-06-04 03:00:00+00:00,1,0.0898,0.09114699999999999,149.99999999999903,138.49999999999903,TP,6
ARB,2026-06-04 08:00:00+00:00,2026-06-04 09:00:00+00:00,1,0.0891,0.0877635,-150.00000000000014,-161.50000000000014,SL,6
ARB,2026-06-04 10:00:00+00:00,2026-06-04 10:00:00+00:00,1,0.0875,0.0861875,-149.99999999999903,-161.49999999999903,SL,6
ARB,2026-06-04 11:00:00+00:00,2026-06-04 11:00:00+00:00,1,0.0868,0.088102,149.99999999999903,138.49999999999903,TP,6
ARB,2026-06-05 04:00:00+00:00,2026-06-05 04:00:00+00:00,1,0.0859,0.0871885,149.99999999999903,138.49999999999903,TP,6
ARB,2026-06-05 06:00:00+00:00,2026-06-05 06:00:00+00:00,1,0.0845,0.0832325,-150.00000000000014,-161.50000000000014,SL,6
ARB,2026-06-05 07:00:00+00:00,2026-06-05 07:00:00+00:00,1,0.0824,0.081164,-150.00000000000014,-161.50000000000014,SL,6
ARB,2026-06-05 09:00:00+00:00,2026-06-05 09:00:00+00:00,1,0.0831,0.08434649999999999,149.99999999999903,138.49999999999903,TP,6
ARB,2026-06-05 19:00:00+00:00,2026-06-05 19:00:00+00:00,1,0.0783,0.0771255,-149.99999999999903,-161.49999999999903,SL,6
ARB,2026-06-06 03:00:00+00:00,2026-06-06 04:00:00+00:00,1,0.0794,0.078209,-150.00000000000014,-161.50000000000014,SL,6
ARB,2026-06-06 05:00:00+00:00,2026-06-06 05:00:00+00:00,1,0.075,0.073875,-150.00000000000014,-161.50000000000014,SL,6
ARB,2026-06-07 13:00:00+00:00,2026-06-07 14:00:00+00:00,1,0.0811,0.0823165,149.99999999999903,138.49999999999903,TP,6
ARB,2026-06-07 20:00:00+00:00,2026-06-07 22:00:00+00:00,1,0.0796,0.08079399999999999,149.99999999999903,138.49999999999903,TP,6
ARB,2026-06-08 05:00:00+00:00,2026-06-08 10:00:00+00:00,1,0.0814,0.08262099999999999,149.99999999999903,138.49999999999903,TP,6
ARB,2026-06-09 01:00:00+00:00,2026-06-09 04:00:00+00:00,1,0.0802,0.08140299999999999,149.99999999999903,138.49999999999903,TP,6
ARB,2026-06-09 10:00:00+00:00,2026-06-09 14:00:00+00:00,1,0.0805,0.0792925,-150.00000000000014,-161.50000000000014,SL,6
ARB,2026-06-10 05:00:00+00:00,2026-06-10 09:00:00+00:00,1,0.0794,0.078209,-150.00000000000014,-161.50000000000014,SL,6
ARB,2026-06-10 12:00:00+00:00,2026-06-10 12:00:00+00:00,1,0.0781,0.0792715,149.99999999999903,138.49999999999903,TP,6
ARB,2026-06-10 20:00:00+00:00,2026-06-10 20:00:00+00:00,1,0.0784,0.077224,-149.99999999999903,-161.49999999999903,SL,6
ARB,2026-06-10 22:00:00+00:00,2026-06-10 23:00:00+00:00,1,0.0761,0.07724149999999999,149.99999999999903,138.49999999999903,TP,6
ARB,2026-06-12 07:00:00+00:00,2026-06-12 08:00:00+00:00,1,0.082,0.08323,149.99999999999903,138.49999999999903,TP,6
ARB,2026-06-15 20:00:00+00:00,2026-06-15 22:00:00+00:00,1,0.0873,0.0859905,-150.00000000000014,-161.50000000000014,SL,6
ARB,2026-06-16 15:00:00+00:00,2026-06-16 17:00:00+00:00,1,0.0841,0.08536149999999998,149.99999999999903,138.49999999999903,TP,6
ARB,2026-06-17 12:00:00+00:00,2026-06-17 13:00:00+00:00,1,0.0855,0.0867825,149.99999999999903,138.49999999999903,TP,6
ARB,2026-06-17 20:00:00+00:00,2026-06-17 20:00:00+00:00,1,0.0844,0.08566599999999999,149.99999999999903,138.49999999999903,TP,6
ARB,2026-06-18 19:00:00+00:00,2026-06-18 19:00:00+00:00,1,0.0824,0.08363599999999999,149.99999999999903,138.49999999999903,TP,6
ARB,2026-06-22 00:00:00+00:00,2026-06-22 00:00:00+00:00,1,0.0818,0.08302699999999999,149.99999999999903,138.49999999999903,TP,6
ARB,2026-06-22 18:00:00+00:00,2026-06-22 19:00:00+00:00,1,0.0848,0.083528,-149.99999999999903,-161.49999999999903,SL,6
ARB,2026-06-23 07:00:00+00:00,2026-06-23 08:00:00+00:00,1,0.0797,0.07850449999999999,-150.00000000000014,-161.50000000000014,SL,6
ARB,2026-06-23 09:00:00+00:00,2026-06-23 11:00:00+00:00,1,0.0773,0.07845949999999999,149.99999999999903,138.49999999999903,TP,6
ARB,2026-06-24 18:00:00+00:00,2026-06-24 18:00:00+00:00,1,0.0732,0.07429799999999999,149.99999999999903,138.49999999999903,TP,6
ARB,2026-06-24 19:00:00+00:00,2026-06-24 20:00:00+00:00,1,0.0739,0.07500849999999999,149.99999999999903,138.49999999999903,TP,6
ARB,2026-06-25 12:00:00+00:00,2026-06-25 13:00:00+00:00,1,0.0759,0.0747615,-150.00000000000014,-161.50000000000014,SL,6
ARB,2026-06-25 17:00:00+00:00,2026-06-25 17:00:00+00:00,1,0.0724,0.073486,149.99999999999903,138.49999999999903,TP,6
ARB,2026-06-26 11:00:00+00:00,2026-06-26 13:00:00+00:00,1,0.0718,0.07072300000000001,-149.99999999999903,-161.49999999999903,SL,6
ARB,2026-06-27 20:00:00+00:00,2026-06-28 04:00:00+00:00,1,0.0739,0.0738,-13.531799729362692,-25.031799729362692,TIME,6
ARB,2026-07-02 02:00:00+00:00,2026-07-02 03:00:00+00:00,1,0.0769,0.07805349999999998,149.99999999999903,138.49999999999903,TP,7
ARB,2026-07-07 02:00:00+00:00,2026-07-07 03:00:00+00:00,1,0.0796,0.078406,-150.00000000000014,-161.50000000000014,SL,7
ARB,2026-07-07 04:00:00+00:00,2026-07-07 12:00:00+00:00,1,0.0782,0.079373,149.99999999999903,138.49999999999903,TP,7
ARB,2026-07-07 22:00:00+00:00,2026-07-08 01:00:00+00:00,1,0.0769,0.07805349999999998,149.99999999999903,138.49999999999903,TP,7
ARB,2026-07-08 05:00:00+00:00,2026-07-08 05:00:00+00:00,1,0.0762,0.077343,149.99999999999903,138.49999999999903,TP,7
ARB,2026-07-10 18:00:00+00:00,2026-07-10 20:00:00+00:00,1,0.0907,0.09206049999999999,149.99999999999903,138.49999999999903,TP,7
ARB,2026-07-13 04:00:00+00:00,2026-07-13 05:00:00+00:00,1,0.0905,0.0918575,149.99999999999903,138.49999999999903,TP,7
ARB,2026-07-13 19:00:00+00:00,2026-07-13 21:00:00+00:00,1,0.0903,0.08894550000000001,-149.99999999999903,-161.49999999999903,SL,7
ARB,2026-07-17 08:00:00+00:00,2026-07-17 08:00:00+00:00,1,0.0883,0.0896245,149.99999999999903,138.49999999999903,TP,7
ARB,2026-07-20 07:00:00+00:00,2026-07-20 09:00:00+00:00,1,0.0858,0.087087,149.99999999999903,138.49999999999903,TP,7
ARB,2026-07-23 14:00:00+00:00,2026-07-23 22:00:00+00:00,1,0.0868,0.0864,-46.08294930875556,-57.58294930875556,TIME,7
ARB,2026-07-27 15:00:00+00:00,2026-07-27 22:00:00+00:00,1,0.0795,0.0783075,-150.00000000000014,-161.50000000000014,SL,7
ARB,2026-07-27 23:00:00+00:00,2026-07-28 06:00:00+00:00,1,0.0769,0.07805349999999998,149.99999999999903,138.49999999999903,TP,7
ARB,2026-07-31 10:00:00+00:00,2026-07-31 14:00:00+00:00,1,0.0761,0.07724149999999999,149.99999999999903,138.49999999999903,TP,7
AVAX,2026-06-01 08:00:00+00:00,2026-06-01 16:00:00+00:00,1,8.787,8.868,92.18163195629847,80.68163195629847,TIME,6
AVAX,2026-06-02 07:00:00+00:00,2026-06-02 14:00:00+00:00,1,8.713,8.582305,-149.99999999999903,-161.49999999999903,SL,6
AVAX,2026-06-02 23:00:00+00:00,2026-06-03 00:00:00+00:00,1,8.11,8.231649999999998,149.99999999999903,138.49999999999903,TP,6
AVAX,2026-06-03 18:00:00+00:00,2026-06-03 20:00:00+00:00,1,8.138,8.015929999999999,-150.00000000000125,-161.50000000000125,SL,6
AVAX,2026-06-04 08:00:00+00:00,2026-06-04 09:00:00+00:00,1,7.818,7.700729999999999,-150.00000000000014,-161.50000000000014,SL,6
AVAX,2026-06-04 10:00:00+00:00,2026-06-04 10:00:00+00:00,1,7.712,7.5963199999999995,-150.00000000000014,-161.50000000000014,SL,6
AVAX,2026-06-04 11:00:00+00:00,2026-06-04 12:00:00+00:00,1,7.575,7.688624999999999,149.99999999999903,138.49999999999903,TP,6
AVAX,2026-06-05 03:00:00+00:00,2026-06-05 03:00:00+00:00,1,7.426,7.31461,-150.00000000000014,-161.50000000000014,SL,6
AVAX,2026-06-05 04:00:00+00:00,2026-06-05 04:00:00+00:00,1,7.319,7.4287849999999995,149.99999999999903,138.49999999999903,TP,6
AVAX,2026-06-05 06:00:00+00:00,2026-06-05 06:00:00+00:00,1,7.259,7.150115,-150.00000000000014,-161.50000000000014,SL,6
AVAX,2026-06-05 07:00:00+00:00,2026-06-05 07:00:00+00:00,1,7.178,7.07033,-150.00000000000014,-161.50000000000014,SL,6
AVAX,2026-06-05 09:00:00+00:00,2026-06-05 09:00:00+00:00,1,7.153,7.260294999999999,149.99999999999903,138.49999999999903,TP,6
AVAX,2026-06-05 12:00:00+00:00,2026-06-05 13:00:00+00:00,1,7.068,7.174019999999999,149.99999999999903,138.49999999999903,TP,6
AVAX,2026-06-06 03:00:00+00:00,2026-06-06 03:00:00+00:00,1,6.642,6.54237,-150.00000000000014,-161.50000000000014,SL,6
AVAX,2026-06-06 05:00:00+00:00,2026-06-06 05:00:00+00:00,1,6.261,6.354914999999999,149.99999999999903,138.49999999999903,TP,6
AVAX,2026-06-07 13:00:00+00:00,2026-06-07 14:00:00+00:00,1,6.645,6.744674999999999,149.99999999999903,138.49999999999903,TP,6
AVAX,2026-06-07 20:00:00+00:00,2026-06-07 22:00:00+00:00,1,6.53,6.627949999999999,149.99999999999903,138.49999999999903,TP,6
AVAX,2026-06-08 05:00:00+00:00,2026-06-08 07:00:00+00:00,1,6.585,6.683774999999999,149.99999999999903,138.49999999999903,TP,6
AVAX,2026-06-09 01:00:00+00:00,2026-06-09 04:00:00+00:00,1,6.607,6.706105,149.99999999999903,138.49999999999903,TP,6
AVAX,2026-06-09 10:00:00+00:00,2026-06-09 14:00:00+00:00,1,6.672,6.5719199999999995,-150.00000000000014,-161.50000000000014,SL,6
AVAX,2026-06-09 17:00:00+00:00,2026-06-09 17:00:00+00:00,1,6.514,6.6117099999999995,149.99999999999903,138.49999999999903,TP,6
AVAX,2026-06-10 05:00:00+00:00,2026-06-10 08:00:00+00:00,1,6.544,6.44584,-150.00000000000014,-161.50000000000014,SL,6
AVAX,2026-06-10 12:00:00+00:00,2026-06-10 12:00:00+00:00,1,6.455,6.551824999999999,149.99999999999903,138.49999999999903,TP,6
AVAX,2026-06-10 20:00:00+00:00,2026-06-10 21:00:00+00:00,1,6.456,6.35916,-150.00000000000014,-161.50000000000014,SL,6
AVAX,2026-06-10 22:00:00+00:00,2026-06-11 00:00:00+00:00,1,6.335,6.430025,149.99999999999903,138.49999999999903,TP,6
AVAX,2026-06-12 07:00:00+00:00,2026-06-12 09:00:00+00:00,1,6.545,6.643174999999999,149.99999999999903,138.49999999999903,TP,6
AVAX,2026-06-15 20:00:00+00:00,2026-06-16 02:00:00+00:00,1,6.88,6.7768,-150.00000000000014,-161.50000000000014,SL,6
AVAX,2026-06-16 15:00:00+00:00,2026-06-16 18:00:00+00:00,1,6.754,6.8553099999999985,149.99999999999903,138.49999999999903,TP,6
AVAX,2026-06-17 20:00:00+00:00,2026-06-18 04:00:00+00:00,1,6.721,6.63,-135.39651837524258,-146.89651837524258,TIME,6
AVAX,2026-06-18 16:00:00+00:00,2026-06-18 16:00:00+00:00,1,6.236,6.329539999999999,149.99999999999903,138.49999999999903,TP,6
AVAX,2026-06-18 17:00:00+00:00,2026-06-19 01:00:00+00:00,1,6.329,6.301,-44.240796334333865,-55.740796334333865,TIME,6
AVAX,2026-06-22 00:00:00+00:00,2026-06-22 00:00:00+00:00,1,6.108,6.1996199999999995,149.99999999999903,138.49999999999903,TP,6
AVAX,2026-06-22 18:00:00+00:00,2026-06-22 21:00:00+00:00,1,6.313,6.218305,-150.00000000000014,-161.50000000000014,SL,6
AVAX,2026-06-24 19:00:00+00:00,2026-06-24 20:00:00+00:00,1,6.091,6.182365,149.99999999999903,138.49999999999903,TP,6
AVAX,2026-06-25 12:00:00+00:00,2026-06-25 13:00:00+00:00,1,6.4,6.304,-150.00000000000014,-161.50000000000014,SL,6
AVAX,2026-06-25 15:00:00+00:00,2026-06-25 17:00:00+00:00,1,6.119,6.210785,149.99999999999903,138.49999999999903,TP,6
AVAX,2026-06-26 02:00:00+00:00,2026-06-26 02:00:00+00:00,1,6.129,6.037064999999999,-150.00000000000014,-161.50000000000014,SL,6
AVAX,2026-06-26 03:00:00+00:00,2026-06-26 03:00:00+00:00,1,5.991,6.080864999999999,149.99999999999903,138.49999999999903,TP,6
AVAX,2026-06-26 12:00:00+00:00,2026-06-26 13:00:00+00:00,1,6.131,6.222964999999999,149.99999999999903,138.49999999999903,TP,6
AVAX,2026-06-27 20:00:00+00:00,2026-06-28 04:00:00+00:00,1,6.427,6.391,-56.013692235878935,-67.51369223587893,TIME,6
AVAX,2026-06-30 13:00:00+00:00,2026-06-30 14:00:00+00:00,1,6.392,6.48788,149.99999999999903,138.49999999999903,TP,6
AVAX,2026-06-30 15:00:00+00:00,2026-06-30 16:00:00+00:00,1,6.443,6.539644999999999,149.99999999999903,138.49999999999903,TP,6
AVAX,2026-07-07 02:00:00+00:00,2026-07-07 05:00:00+00:00,1,6.832,6.72952,-150.00000000000014,-161.50000000000014,SL,7
AVAX,2026-07-08 05:00:00+00:00,2026-07-08 13:00:00+00:00,1,6.399,6.448,76.57446476011964,65.07446476011964,TIME,7
AVAX,2026-07-13 19:00:00+00:00,2026-07-13 21:00:00+00:00,1,6.438,6.34143,-150.00000000000014,-161.50000000000014,SL,7
AVAX,2026-07-16 10:00:00+00:00,2026-07-16 18:00:00+00:00,1,6.576,6.575,-1.52068126520577,-13.02068126520577,TIME,7
AVAX,2026-07-20 07:00:00+00:00,2026-07-20 09:00:00+00:00,1,6.465,6.5619749999999994,149.99999999999903,138.49999999999903,TP,7
AVAX,2026-07-23 14:00:00+00:00,2026-07-23 17:00:00+00:00,1,6.446,6.34931,-149.99999999999903,-161.49999999999903,SL,7
AVAX,2026-07-27 15:00:00+00:00,2026-07-27 16:00:00+00:00,1,6.52,6.617799999999999,149.99999999999903,138.49999999999903,TP,7
AVAX,2026-07-28 00:00:00+00:00,2026-07-28 08:00:00+00:00,1,6.406,6.434,43.70902279113409,32.20902279113409,TIME,7
AVAX,2026-08-03 04:00:00+00:00,2026-08-03 12:00:00+00:00,1,6.414,6.439,38.97723729342051,27.477237293420508,TIME,8
BCH,2026-06-01 08:00:00+00:00,2026-06-01 10:00:00+00:00,1,288.78,284.44829999999996,-150.00000000000014,-161.50000000000014,SL,6
BCH,2026-06-02 07:00:00+00:00,2026-06-02 14:00:00+00:00,1,285.7,281.4145,-150.00000000000014,-161.50000000000014,SL,6
BCH,2026-06-02 23:00:00+00:00,2026-06-02 23:00:00+00:00,1,272.33,268.24505,-150.00000000000014,-161.50000000000014,SL,6
BCH,2026-06-03 04:00:00+00:00,2026-06-03 05:00:00+00:00,1,247.14,250.84709999999995,149.99999999999903,138.49999999999903,TP,6
BCH,2026-06-03 21:00:00+00:00,2026-06-03 21:00:00+00:00,1,241.56,245.18339999999998,149.99999999999903,138.49999999999903,TP,6
BCH,2026-06-03 23:00:00+00:00,2026-06-04 00:00:00+00:00,1,242.0,238.37,-150.00000000000014,-161.50000000000014,SL,6
BCH,2026-06-05 06:00:00+00:00,2026-06-05 06:00:00+00:00,1,233.67,230.16494999999998,-150.00000000000014,-161.50000000000014,SL,6
BCH,2026-06-05 07:00:00+00:00,2026-06-05 07:00:00+00:00,1,223.97,220.61045,-150.00000000000014,-161.50000000000014,SL,6
BCH,2026-06-05 09:00:00+00:00,2026-06-05 09:00:00+00:00,1,222.84,226.18259999999998,149.99999999999903,138.49999999999903,TP,6
BCH,2026-06-05 14:00:00+00:00,2026-06-05 14:00:00+00:00,1,216.4,219.646,149.99999999999903,138.49999999999903,TP,6
BCH,2026-06-05 16:00:00+00:00,2026-06-05 16:00:00+00:00,1,213.93,217.13895,149.99999999999903,138.49999999999903,TP,6
BCH,2026-06-06 05:00:00+00:00,2026-06-06 05:00:00+00:00,1,203.47,206.52204999999998,149.99999999999903,138.49999999999903,TP,6
BCH,2026-06-07 20:00:00+00:00,2026-06-07 20:00:00+00:00,1,219.26,222.54889999999997,149.99999999999903,138.49999999999903,TP,6
BCH,2026-06-08 05:00:00+00:00,2026-06-08 06:00:00+00:00,1,220.33,223.63495,149.99999999999903,138.49999999999903,TP,6
BCH,2026-06-09 01:00:00+00:00,2026-06-09 03:00:00+00:00,1,204.22,207.28329999999997,149.99999999999903,138.49999999999903,TP,6
BCH,2026-06-10 05:00:00+00:00,2026-06-10 08:00:00+00:00,1,199.96,196.9606,-150.00000000000014,-161.50000000000014,SL,6
BCH,2026-06-10 12:00:00+00:00,2026-06-10 12:00:00+00:00,1,193.84,196.74759999999998,149.99999999999903,138.49999999999903,TP,6
BCH,2026-06-10 20:00:00+00:00,2026-06-10 21:00:00+00:00,1,195.0,192.075,-150.00000000000014,-161.50000000000014,SL,6
BCH,2026-06-10 22:00:00+00:00,2026-06-10 23:00:00+00:00,1,192.21,195.09314999999998,149.99999999999903,138.49999999999903,TP,6
BCH,2026-06-12 07:00:00+00:00,2026-06-12 09:00:00+00:00,1,201.82,204.84729999999996,149.99999999999903,138.49999999999903,TP,6
BCH,2026-06-16 15:00:00+00:00,2026-06-16 18:00:00+00:00,1,215.8,219.03699999999998,149.99999999999903,138.49999999999903,TP,6
BCH,2026-06-18 16:00:00+00:00,2026-06-18 19:00:00+00:00,1,194.89,197.81334999999996,149.99999999999903,138.49999999999903,TP,6
BCH,2026-06-22 18:00:00+00:00,2026-06-22 22:00:00+00:00,1,198.97,195.98545,-150.00000000000014,-161.50000000000014,SL,6
BCH,2026-06-23 09:00:00+00:00,2026-06-23 11:00:00+00:00,1,188.63,191.45944999999998,149.99999999999903,138.49999999999903,TP,6
BCH,2026-06-24 18:00:00+00:00,2026-06-24 18:00:00+00:00,1,181.48,184.20219999999998,149.99999999999903,138.49999999999903,TP,6
BCH,2026-06-24 19:00:00+00:00,2026-06-24 20:00:00+00:00,1,183.93,186.68894999999998,149.99999999999903,138.49999999999903,TP,6
BCH,2026-06-30 13:00:00+00:00,2026-06-30 13:00:00+00:00,1,194.35,197.26524999999998,149.99999999999903,138.49999999999903,TP,6
BCH,2026-06-30 14:00:00+00:00,2026-06-30 15:00:00+00:00,1,197.27,200.22905,149.99999999999903,138.49999999999903,TP,6
BCH,2026-07-07 02:00:00+00:00,2026-07-07 02:00:00+00:00,1,241.6,237.976,-150.00000000000014,-161.50000000000014,SL,7
BCH,2026-07-07 03:00:00+00:00,2026-07-07 11:00:00+00:00,1,238.83,239.55,30.146966461499503,18.646966461499503,TIME,7
BCH,2026-07-10 18:00:00+00:00,2026-07-11 02:00:00+00:00,1,246.62,245.79,-33.655015813802706,-45.155015813802706,TIME,7
BCH,2026-07-27 15:00:00+00:00,2026-07-27 22:00:00+00:00,1,214.38,211.1643,-150.00000000000014,-161.50000000000014,SL,7
BCH,2026-07-31 10:00:00+00:00,2026-07-31 16:00:00+00:00,1,205.81,208.89714999999998,149.99999999999903,138.49999999999903,TP,7
BICO,2026-06-01 08:00:00+00:00,2026-06-01 08:00:00+00:00,1,0.0238,0.024156999999999998,149.99999999999903,138.49999999999903,TP,6
BICO,2026-06-02 07:00:00+00:00,2026-06-02 14:00:00+00:00,1,0.024,0.02364,-150.00000000000014,-161.50000000000014,SL,6
BICO,2026-06-02 16:00:00+00:00,2026-06-02 16:00:00+00:00,1,0.02258,0.022918699999999997,149.99999999999903,138.49999999999903,TP,6
BICO,2026-06-02 17:00:00+00:00,2026-06-02 19:00:00+00:00,1,0.02289,0.02254665,-150.00000000000014,-161.50000000000014,SL,6
BICO,2026-06-02 23:00:00+00:00,2026-06-02 23:00:00+00:00,1,0.02217,0.021837449999999998,-150.00000000000014,-161.50000000000014,SL,6
BICO,2026-06-03 21:00:00+00:00,2026-06-03 21:00:00+00:00,1,0.02237,0.022705549999999998,149.99999999999903,138.49999999999903,TP,6
BICO,2026-06-04 02:00:00+00:00,2026-06-04 02:00:00+00:00,1,0.02116,0.020842600000000003,-149.99999999999903,-161.49999999999903,SL,6
BICO,2026-06-04 03:00:00+00:00,2026-06-04 03:00:00+00:00,1,0.02122,0.021538299999999996,149.99999999999903,138.49999999999903,TP,6
BICO,2026-06-04 08:00:00+00:00,2026-06-04 08:00:00+00:00,1,0.02118,0.0208623,-150.00000000000014,-161.50000000000014,SL,6
BICO,2026-06-04 09:00:00+00:00,2026-06-04 09:00:00+00:00,1,0.02104,0.0207244,-150.00000000000014,-161.50000000000014,SL,6
BICO,2026-06-04 10:00:00+00:00,2026-06-04 11:00:00+00:00,1,0.02055,0.02024175,-150.00000000000014,-161.50000000000014,SL,6
BICO,2026-06-04 12:00:00+00:00,2026-06-04 12:00:00+00:00,1,0.02055,0.02085825,149.99999999999903,138.49999999999903,TP,6
BICO,2026-06-04 18:00:00+00:00,2026-06-04 19:00:00+00:00,1,0.02083,0.02114245,149.99999999999903,138.49999999999903,TP,6
BICO,2026-06-05 03:00:00+00:00,2026-06-05 04:00:00+00:00,1,0.0197,0.019995499999999996,149.99999999999903,138.49999999999903,TP,6
BICO,2026-06-05 06:00:00+00:00,2026-06-05 06:00:00+00:00,1,0.01955,0.01925675,-150.00000000000125,-161.50000000000125,SL,6
BICO,2026-06-05 07:00:00+00:00,2026-06-05 07:00:00+00:00,1,0.01892,0.0186362,-150.00000000000014,-161.50000000000014,SL,6
BICO,2026-06-05 09:00:00+00:00,2026-06-05 09:00:00+00:00,1,0.01897,0.01925455,149.99999999999903,138.49999999999903,TP,6
BICO,2026-06-05 19:00:00+00:00,2026-06-05 19:00:00+00:00,1,0.01775,0.01748375,-149.99999999999903,-161.49999999999903,SL,6
BICO,2026-06-06 05:00:00+00:00,2026-06-06 05:00:00+00:00,1,0.01736,0.017620399999999998,149.99999999999903,138.49999999999903,TP,6
BICO,2026-06-07 13:00:00+00:00,2026-06-07 18:00:00+00:00,1,0.01886,0.0185771,-149.99999999999903,-161.49999999999903,SL,6
BICO,2026-06-07 20:00:00+00:00,2026-06-07 20:00:00+00:00,1,0.01801,0.01828015,149.99999999999903,138.49999999999903,TP,6
BICO,2026-06-08 05:00:00+00:00,2026-06-08 07:00:00+00:00,1,0.01849,0.01876735,149.99999999999903,138.49999999999903,TP,6
BICO,2026-06-09 01:00:00+00:00,2026-06-09 04:00:00+00:00,1,0.01833,0.01860495,149.99999999999903,138.49999999999903,TP,6
BICO,2026-06-09 10:00:00+00:00,2026-06-09 11:00:00+00:00,1,0.01837,0.01864555,149.99999999999903,138.49999999999903,TP,6
BICO,2026-06-09 16:00:00+00:00,2026-06-09 16:00:00+00:00,1,0.01787,0.01760195,-149.99999999999903,-161.49999999999903,SL,6
BICO,2026-06-09 17:00:00+00:00,2026-06-09 17:00:00+00:00,1,0.01784,0.0181076,149.99999999999903,138.49999999999903,TP,6
BICO,2026-06-10 05:00:00+00:00,2026-06-10 06:00:00+00:00,1,0.01793,0.01819895,149.99999999999903,138.49999999999903,TP,6
BICO,2026-06-10 12:00:00+00:00,2026-06-10 12:00:00+00:00,1,0.01771,0.01797565,149.99999999999903,138.49999999999903,TP,6
BICO,2026-06-10 20:00:00+00:00,2026-06-10 21:00:00+00:00,1,0.01773,0.01746405,-150.00000000000014,-161.50000000000014,SL,6
BICO,2026-06-10 22:00:00+00:00,2026-06-10 23:00:00+00:00,1,0.01755,0.01781325,149.99999999999903,138.49999999999903,TP,6
BICO,2026-06-17 20:00:00+00:00,2026-06-18 04:00:00+00:00,1,0.01965,0.01966,5.089058524172518,-6.410941475827482,TIME,6
BICO,2026-06-18 16:00:00+00:00,2026-06-18 16:00:00+00:00,1,0.01861,0.01888915,149.99999999999903,138.49999999999903,TP,6
BICO,2026-06-18 19:00:00+00:00,2026-06-18 20:00:00+00:00,1,0.01911,0.019396649999999998,149.99999999999903,138.49999999999903,TP,6
BICO,2026-06-22 00:00:00+00:00,2026-06-22 00:00:00+00:00,1,0.04372,0.043064200000000004,-149.99999999999903,-161.49999999999903,SL,6
BICO,2026-06-22 18:00:00+00:00,2026-06-22 18:00:00+00:00,1,0.0304,0.029944,-150.00000000000014,-161.50000000000014,SL,6
BNB,2026-06-01 08:00:00+00:00,2026-06-01 09:00:00+00:00,1,686.72,697.0208,149.99999999999903,138.49999999999903,TP,6
BNB,2026-06-01 14:00:00+00:00,2026-06-01 14:00:00+00:00,1,686.93,676.62605,-150.00000000000014,-161.50000000000014,SL,6
BNB,2026-06-01 15:00:00+00:00,2026-06-01 18:00:00+00:00,1,679.0,689.185,149.99999999999903,138.49999999999903,TP,6
BNB,2026-06-03 04:00:00+00:00,2026-06-03 05:00:00+00:00,1,634.6,644.1189999999999,149.99999999999903,138.49999999999903,TP,6
BNB,2026-06-04 08:00:00+00:00,2026-06-04 10:00:00+00:00,1,600.81,591.7978499999999,-150.00000000000014,-161.50000000000014,SL,6
BNB,2026-06-05 06:00:00+00:00,2026-06-05 06:00:00+00:00,1,584.17,575.4074499999999,-150.00000000000014,-161.50000000000014,SL,6
BNB,2026-06-05 07:00:00+00:00,2026-06-05 07:00:00+00:00,1,581.04,589.7556,149.99999999999903,138.49999999999903,TP,6
BNB,2026-06-05 19:00:00+00:00,2026-06-05 20:00:00+00:00,1,562.01,570.4401499999999,149.99999999999903,138.49999999999903,TP,6
DEXE,2026-06-03 16:00:00+00:00,2026-06-03 16:00:00+00:00,1,18.8,18.518,-150.00000000000014,-161.50000000000014,SL,6
DEXE,2026-06-03 17:00:00+00:00,2026-06-03 17:00:00+00:00,1,18.084,17.812739999999998,-150.00000000000125,-161.50000000000125,SL,6
DEXE,2026-06-03 18:00:00+00:00,2026-06-03 18:00:00+00:00,1,18.037,18.307554999999997,149.99999999999903,138.49999999999903,TP,6
DEXE,2026-06-03 19:00:00+00:00,2026-06-03 19:00:00+00:00,1,18.809,18.526865,-150.00000000000014,-161.50000000000014,SL,6
DEXE,2026-06-03 23:00:00+00:00,2026-06-03 23:00:00+00:00,1,17.517,17.779754999999998,149.99999999999903,138.49999999999903,TP,6
DEXE,2026-06-05 07:00:00+00:00,2026-06-05 07:00:00+00:00,1,20.346,20.04081,-150.00000000000014,-161.50000000000014,SL,6
DEXE,2026-06-09 15:00:00+00:00,2026-06-09 15:00:00+00:00,1,21.564,21.24054,-150.00000000000014,-161.50000000000014,SL,6
DEXE,2026-06-09 16:00:00+00:00,2026-06-09 16:00:00+00:00,1,21.101,21.417514999999998,149.99999999999903,138.49999999999903,TP,6
DEXE,2026-06-09 17:00:00+00:00,2026-06-09 17:00:00+00:00,1,20.901,20.587485,-149.99999999999903,-161.49999999999903,SL,6
DEXE,2026-06-10 12:00:00+00:00,2026-06-10 12:00:00+00:00,1,18.581,18.859714999999998,149.99999999999903,138.49999999999903,TP,6
DEXE,2026-06-17 09:00:00+00:00,2026-06-17 10:00:00+00:00,1,17.32,17.060200000000002,-149.99999999999903,-161.49999999999903,SL,6
DEXE,2026-06-17 11:00:00+00:00,2026-06-17 11:00:00+00:00,1,15.849,15.611265,-150.00000000000014,-161.50000000000014,SL,6
DEXE,2026-06-17 12:00:00+00:00,2026-06-17 12:00:00+00:00,1,15.908,15.669379999999999,-150.00000000000014,-161.50000000000014,SL,6
DEXE,2026-06-17 20:00:00+00:00,2026-06-17 21:00:00+00:00,1,14.99,14.76515,-150.00000000000014,-161.50000000000014,SL,6
DEXE,2026-06-25 12:00:00+00:00,2026-06-25 13:00:00+00:00,1,23.134,23.481009999999998,149.99999999999903,138.49999999999903,TP,6
DEXE,2026-07-10 18:00:00+00:00,2026-07-10 19:00:00+00:00,1,34.566,35.08449,149.99999999999903,138.49999999999903,TP,7
DEXE,2026-07-13 14:00:00+00:00,2026-07-13 14:00:00+00:00,1,43.13,42.48305,-150.00000000000125,-161.50000000000125,SL,7
DOGE,2026-06-02 07:00:00+00:00,2026-06-02 14:00:00+00:00,1,0.09924,0.09775139999999999,-150.00000000000014,-161.50000000000014,SL,6
DOGE,2026-06-02 17:00:00+00:00,2026-06-02 19:00:00+00:00,1,0.09527,0.09384094999999999,-150.00000000000014,-161.50000000000014,SL,6
DOGE,2026-06-02 23:00:00+00:00,2026-06-03 03:00:00+00:00,1,0.0922,0.09081700000000001,-149.99999999999903,-161.49999999999903,SL,6
DOGE,2026-06-04 08:00:00+00:00,2026-06-04 09:00:00+00:00,1,0.08872,0.08738919999999999,-150.00000000000125,-161.50000000000125,SL,6
DOGE,2026-06-04 10:00:00+00:00,2026-06-04 12:00:00+00:00,1,0.0879,0.08921849999999999,149.99999999999903,138.49999999999903,TP,6
DOGE,2026-06-05 04:00:00+00:00,2026-06-05 06:00:00+00:00,1,0.0859,0.0846115,-150.00000000000014,-161.50000000000014,SL,6
DOGE,2026-06-05 07:00:00+00:00,2026-06-05 07:00:00+00:00,1,0.08366,0.0824051,-150.00000000000014,-161.50000000000014,SL,6
DOGE,2026-06-05 09:00:00+00:00,2026-06-05 09:00:00+00:00,1,0.08355,0.08480325,149.99999999999903,138.49999999999903,TP,6
DOGE,2026-06-06 03:00:00+00:00,2026-06-06 04:00:00+00:00,1,0.08141,0.08018884999999999,-150.00000000000014,-161.50000000000014,SL,6
DOGE,2026-06-06 05:00:00+00:00,2026-06-06 05:00:00+00:00,1,0.07854,0.07971809999999999,149.99999999999903,138.49999999999903,TP,6
DOGE,2026-06-10 05:00:00+00:00,2026-06-10 13:00:00+00:00,1,0.08357,0.08482355,149.99999999999903,138.49999999999903,TP,6
DOGE,2026-06-10 20:00:00+00:00,2026-06-10 21:00:00+00:00,1,0.08318,0.0819323,-150.00000000000014,-161.50000000000014,SL,6
DOGE,2026-06-10 22:00:00+00:00,2026-06-11 00:00:00+00:00,1,0.08218,0.08341269999999999,149.99999999999903,138.49999999999903,TP,6
DOGE,2026-06-15 20:00:00+00:00,2026-06-16 02:00:00+00:00,1,0.08895,0.08761575,-149.99999999999903,-161.49999999999903,SL,6
DOGE,2026-06-23 09:00:00+00:00,2026-06-23 17:00:00+00:00,1,0.07908,0.07855,-67.02073849266577,-78.52073849266577,TIME,6
DOGE,2026-06-24 18:00:00+00:00,2026-06-24 18:00:00+00:00,1,0.07302,0.0741153,149.99999999999903,138.49999999999903,TP,6
DOGE,2026-06-24 19:00:00+00:00,2026-06-24 20:00:00+00:00,1,0.07394,0.0750491,149.99999999999903,138.49999999999903,TP,6
DOGE,2026-06-25 12:00:00+00:00,2026-06-25 13:00:00+00:00,1,0.07591,0.07477135,-150.00000000000014,-161.50000000000014,SL,6
DOGE,2026-06-27 20:00:00+00:00,2026-06-28 04:00:00+00:00,1,0.07476,0.07397,-105.67148207597631,-117.17148207597631,TIME,6
DOGE,2026-06-30 13:00:00+00:00,2026-06-30 13:00:00+00:00,1,0.06967,0.07071504999999999,149.99999999999903,138.49999999999903,TP,6
DOGE,2026-06-30 14:00:00+00:00,2026-06-30 18:00:00+00:00,1,0.0707,0.07176049999999999,149.99999999999903,138.49999999999903,TP,6
DOGE,2026-07-06 13:00:00+00:00,2026-07-06 15:00:00+00:00,1,0.07493,0.07605395,149.99999999999903,138.49999999999903,TP,7
DOGE,2026-07-07 02:00:00+00:00,2026-07-07 04:00:00+00:00,1,0.07604,0.07489939999999999,-150.00000000000125,-161.50000000000125,SL,7
DOGE,2026-07-07 05:00:00+00:00,2026-07-07 13:00:00+00:00,1,0.07467,0.07424,-57.58671487880007,-69.08671487880008,TIME,7
DOGE,2026-07-07 22:00:00+00:00,2026-07-08 01:00:00+00:00,1,0.07392,0.07281119999999999,-150.00000000000125,-161.50000000000125,SL,7
DOGE,2026-07-08 05:00:00+00:00,2026-07-08 08:00:00+00:00,1,0.07257,0.07148144999999999,-150.00000000000125,-161.50000000000125,SL,7
DOGE,2026-07-23 14:00:00+00:00,2026-07-23 15:00:00+00:00,1,0.07012,0.0690682,-150.00000000000125,-161.50000000000125,SL,7
DOGE,2026-07-27 15:00:00+00:00,2026-07-27 23:00:00+00:00,1,0.07135,0.07027975,-149.99999999999903,-161.49999999999903,SL,7
EIGEN,2026-06-01 08:00:00+00:00,2026-06-01 09:00:00+00:00,1,0.2081,0.21122149999999998,149.99999999999903,138.49999999999903,TP,6
EIGEN,2026-06-01 14:00:00+00:00,2026-06-01 15:00:00+00:00,1,0.2069,0.21000349999999998,149.99999999999903,138.49999999999903,TP,6
EIGEN,2026-06-02 08:00:00+00:00,2026-06-02 10:00:00+00:00,1,0.2174,0.214139,-150.00000000000014,-161.50000000000014,SL,6
EIGEN,2026-06-02 15:00:00+00:00,2026-06-02 15:00:00+00:00,1,0.2105,0.20734249999999999,-150.00000000000014,-161.50000000000014,SL,6
EIGEN,2026-06-02 16:00:00+00:00,2026-06-02 16:00:00+00:00,1,0.2051,0.2081765,149.99999999999903,138.49999999999903,TP,6
EIGEN,2026-06-02 17:00:00+00:00,2026-06-02 18:00:00+00:00,1,0.2112,0.208032,-150.00000000000014,-161.50000000000014,SL,6
EIGEN,2026-06-02 23:00:00+00:00,2026-06-02 23:00:00+00:00,1,0.1989,0.1959165,-150.00000000000014,-161.50000000000014,SL,6
EIGEN,2026-06-03 21:00:00+00:00,2026-06-03 21:00:00+00:00,1,0.2068,0.209902,149.99999999999903,138.49999999999903,TP,6
EIGEN,2026-06-04 02:00:00+00:00,2026-06-04 02:00:00+00:00,1,0.1958,0.192863,-150.00000000000014,-161.50000000000014,SL,6
EIGEN,2026-06-04 03:00:00+00:00,2026-06-04 03:00:00+00:00,1,0.194,0.19690999999999997,149.99999999999903,138.49999999999903,TP,6
EIGEN,2026-06-04 08:00:00+00:00,2026-06-04 09:00:00+00:00,1,0.186,0.18320999999999998,-150.00000000000125,-161.50000000000125,SL,6
EIGEN,2026-06-04 10:00:00+00:00,2026-06-04 10:00:00+00:00,1,0.1831,0.1803535,-150.00000000000125,-161.50000000000125,SL,6
EIGEN,2026-06-04 11:00:00+00:00,2026-06-04 12:00:00+00:00,1,0.1814,0.18412099999999998,149.99999999999903,138.49999999999903,TP,6
EIGEN,2026-06-05 03:00:00+00:00,2026-06-05 04:00:00+00:00,1,0.1743,0.1769145,149.99999999999903,138.49999999999903,TP,6
EIGEN,2026-06-05 06:00:00+00:00,2026-06-05 06:00:00+00:00,1,0.174,0.17139,-150.00000000000014,-161.50000000000014,SL,6
EIGEN,2026-06-05 07:00:00+00:00,2026-06-05 07:00:00+00:00,1,0.1691,0.1665635,-150.00000000000014,-161.50000000000014,SL,6
EIGEN,2026-06-05 09:00:00+00:00,2026-06-05 09:00:00+00:00,1,0.1669,0.16940349999999998,149.99999999999903,138.49999999999903,TP,6
EIGEN,2026-06-05 16:00:00+00:00,2026-06-05 16:00:00+00:00,1,0.1603,0.1578955,-150.00000000000014,-161.50000000000014,SL,6
EIGEN,2026-06-05 19:00:00+00:00,2026-06-05 19:00:00+00:00,1,0.1547,0.15702049999999998,149.99999999999903,138.49999999999903,TP,6
EIGEN,2026-06-06 03:00:00+00:00,2026-06-06 03:00:00+00:00,1,0.1629,0.16045649999999997,-150.00000000000125,-161.50000000000125,SL,6
EIGEN,2026-06-06 05:00:00+00:00,2026-06-06 05:00:00+00:00,1,0.1541,0.15641149999999998,149.99999999999903,138.49999999999903,TP,6
EIGEN,2026-06-07 13:00:00+00:00,2026-06-07 14:00:00+00:00,1,0.1688,0.17133199999999998,149.99999999999903,138.49999999999903,TP,6
EIGEN,2026-06-07 20:00:00+00:00,2026-06-07 20:00:00+00:00,1,0.171,0.173565,149.99999999999903,138.49999999999903,TP,6
EIGEN,2026-06-09 10:00:00+00:00,2026-06-09 13:00:00+00:00,1,0.1844,0.187166,149.99999999999903,138.49999999999903,TP,6
EIGEN,2026-06-09 17:00:00+00:00,2026-06-09 17:00:00+00:00,1,0.1801,0.1828015,149.99999999999903,138.49999999999903,TP,6
EIGEN,2026-06-10 05:00:00+00:00,2026-06-10 06:00:00+00:00,1,0.1808,0.178088,-149.99999999999903,-161.49999999999903,SL,6
EIGEN,2026-06-10 12:00:00+00:00,2026-06-10 12:00:00+00:00,1,0.1771,0.17975649999999999,149.99999999999903,138.49999999999903,TP,6
EIGEN,2026-06-10 20:00:00+00:00,2026-06-10 20:00:00+00:00,1,0.1738,0.171193,-150.00000000000014,-161.50000000000014,SL,6
EIGEN,2026-06-10 22:00:00+00:00,2026-06-10 22:00:00+00:00,1,0.1683,0.1708245,149.99999999999903,138.49999999999903,TP,6
EIGEN,2026-06-12 07:00:00+00:00,2026-06-12 08:00:00+00:00,1,0.1765,0.17914749999999996,149.99999999999903,138.49999999999903,TP,6
EIGEN,2026-06-15 20:00:00+00:00,2026-06-15 20:00:00+00:00,1,0.2162,0.21944299999999997,149.99999999999903,138.49999999999903,TP,6
EIGEN,2026-06-16 15:00:00+00:00,2026-06-16 18:00:00+00:00,1,0.2112,0.21436799999999998,149.99999999999903,138.49999999999903,TP,6
EIGEN,2026-06-17 09:00:00+00:00,2026-06-17 12:00:00+00:00,1,0.2061,0.20919149999999997,149.99999999999903,138.49999999999903,TP,6
EIGEN,2026-06-17 20:00:00+00:00,2026-06-17 22:00:00+00:00,1,0.2056,0.202516,-150.00000000000014,-161.50000000000014,SL,6
EIGEN,2026-06-17 23:00:00+00:00,2026-06-18 02:00:00+00:00,1,0.203,0.206045,149.99999999999903,138.49999999999903,TP,6
EIGEN,2026-06-18 19:00:00+00:00,2026-06-18 19:00:00+00:00,1,0.2081,0.21122149999999998,149.99999999999903,138.49999999999903,TP,6
EIGEN,2026-06-22 00:00:00+00:00,2026-06-22 00:00:00+00:00,1,0.2694,0.27344099999999993,149.99999999999903,138.49999999999903,TP,6
EIGEN,2026-06-22 18:00:00+00:00,2026-06-22 19:00:00+00:00,1,0.2925,0.2881125,-150.00000000000014,-161.50000000000014,SL,6
EIGEN,2026-06-23 06:00:00+00:00,2026-06-23 06:00:00+00:00,1,0.262,0.25807,-149.99999999999903,-161.49999999999903,SL,6
EIGEN,2026-06-23 07:00:00+00:00,2026-06-23 07:00:00+00:00,1,0.2576,0.261464,149.99999999999903,138.49999999999903,TP,6
EIGEN,2026-06-23 08:00:00+00:00,2026-06-23 08:00:00+00:00,1,0.2607,0.2567895,-149.99999999999903,-161.49999999999903,SL,6
EIGEN,2026-06-24 14:00:00+00:00,2026-06-24 15:00:00+00:00,1,0.2379,0.2343315,-150.00000000000014,-161.50000000000014,SL,6
EIGEN,2026-06-24 16:00:00+00:00,2026-06-24 16:00:00+00:00,1,0.2307,0.22723949999999998,-150.00000000000014,-161.50000000000014,SL,6
EIGEN,2026-06-24 17:00:00+00:00,2026-06-24 17:00:00+00:00,1,0.2247,0.2213295,-150.00000000000014,-161.50000000000014,SL,6
EIGEN,2026-06-24 18:00:00+00:00,2026-06-24 18:00:00+00:00,1,0.2209,0.22421349999999998,149.99999999999903,138.49999999999903,TP,6
EIGEN,2026-06-24 19:00:00+00:00,2026-06-24 20:00:00+00:00,1,0.2218,0.22512699999999997,149.99999999999903,138.49999999999903,TP,6
EIGEN,2026-06-25 12:00:00+00:00,2026-06-25 12:00:00+00:00,1,0.226,0.22938999999999998,149.99999999999903,138.49999999999903,TP,6
EIGEN,2026-06-25 14:00:00+00:00,2026-06-25 14:00:00+00:00,1,0.2108,0.21396199999999996,149.99999999999903,138.49999999999903,TP,6
EIGEN,2026-06-25 17:00:00+00:00,2026-06-25 17:00:00+00:00,1,0.2181,0.22137149999999997,149.99999999999903,138.49999999999903,TP,6
EIGEN,2026-06-26 12:00:00+00:00,2026-06-26 12:00:00+00:00,1,0.2147,0.2114795,-150.00000000000125,-161.50000000000125,SL,6
EIGEN,2026-06-26 13:00:00+00:00,2026-06-26 13:00:00+00:00,1,0.2134,0.216601,149.99999999999903,138.49999999999903,TP,6
EIGEN,2026-06-27 20:00:00+00:00,2026-06-27 22:00:00+00:00,1,0.2352,0.23872799999999997,149.99999999999903,138.49999999999903,TP,6
EIGEN,2026-06-28 17:00:00+00:00,2026-06-28 18:00:00+00:00,1,0.2295,0.2260575,-150.00000000000014,-161.50000000000014,SL,6
EIGEN,2026-06-29 15:00:00+00:00,2026-06-29 17:00:00+00:00,1,0.2262,0.229593,149.99999999999903,138.49999999999903,TP,6
EIGEN,2026-06-30 13:00:00+00:00,2026-06-30 13:00:00+00:00,1,0.2068,0.209902,149.99999999999903,138.49999999999903,TP,6
EIGEN,2026-06-30 14:00:00+00:00,2026-06-30 14:00:00+00:00,1,0.2108,0.207638,-150.00000000000014,-161.50000000000014,SL,6
EIGEN,2026-06-30 15:00:00+00:00,2026-06-30 20:00:00+00:00,1,0.2077,0.2045845,-150.00000000000014,-161.50000000000014,SL,6
EIGEN,2026-07-02 08:00:00+00:00,2026-07-02 09:00:00+00:00,1,0.1985,0.2014775,149.99999999999903,138.49999999999903,TP,7
EIGEN,2026-07-07 02:00:00+00:00,2026-07-07 02:00:00+00:00,1,0.2308,0.227338,-150.00000000000014,-161.50000000000014,SL,7
EIGEN,2026-07-07 03:00:00+00:00,2026-07-07 03:00:00+00:00,1,0.2255,0.2221175,-150.00000000000014,-161.50000000000014,SL,7
EIGEN,2026-07-07 04:00:00+00:00,2026-07-07 06:00:00+00:00,1,0.2215,0.22482249999999998,149.99999999999903,138.49999999999903,TP,7
EIGEN,2026-07-07 22:00:00+00:00,2026-07-08 01:00:00+00:00,1,0.2228,0.219458,-150.00000000000014,-161.50000000000014,SL,7
EIGEN,2026-07-08 05:00:00+00:00,2026-07-08 05:00:00+00:00,1,0.218,0.22126999999999997,149.99999999999903,138.49999999999903,TP,7
EIGEN,2026-07-10 18:00:00+00:00,2026-07-10 21:00:00+00:00,1,0.2358,0.239337,149.99999999999903,138.49999999999903,TP,7
EIGEN,2026-07-13 19:00:00+00:00,2026-07-13 19:00:00+00:00,1,0.2399,0.2363015,-150.00000000000014,-161.50000000000014,SL,7
EIGEN,2026-07-17 06:00:00+00:00,2026-07-17 06:00:00+00:00,1,0.2271,0.23050649999999998,149.99999999999903,138.49999999999903,TP,7
EIGEN,2026-07-20 07:00:00+00:00,2026-07-20 07:00:00+00:00,1,0.2266,0.22999899999999998,149.99999999999903,138.49999999999903,TP,7
ENA,2026-06-01 08:00:00+00:00,2026-06-01 16:00:00+00:00,1,0.0858,0.087087,149.99999999999903,138.49999999999903,TP,6
ENA,2026-06-02 07:00:00+00:00,2026-06-02 13:00:00+00:00,1,0.0861,0.08739149999999998,149.99999999999903,138.49999999999903,TP,6
ENA,2026-06-02 23:00:00+00:00,2026-06-02 23:00:00+00:00,1,0.0916,0.090226,-150.00000000000014,-161.50000000000014,SL,6
ENA,2026-06-03 04:00:00+00:00,2026-06-03 04:00:00+00:00,1,0.0902,0.091553,149.99999999999903,138.49999999999903,TP,6
ENA,2026-06-03 19:00:00+00:00,2026-06-03 19:00:00+00:00,1,0.1101,0.11175149999999999,149.99999999999903,138.49999999999903,TP,6
ENA,2026-06-03 21:00:00+00:00,2026-06-03 21:00:00+00:00,1,0.1079,0.10951849999999999,149.99999999999903,138.49999999999903,TP,6
ENA,2026-06-04 03:00:00+00:00,2026-06-04 03:00:00+00:00,1,0.1058,0.107387,149.99999999999903,138.49999999999903,TP,6
ENA,2026-06-04 08:00:00+00:00,2026-06-04 08:00:00+00:00,1,0.1018,0.10332699999999999,149.99999999999903,138.49999999999903,TP,6
ENA,2026-06-04 09:00:00+00:00,2026-06-04 09:00:00+00:00,1,0.1032,0.10165199999999999,-150.00000000000125,-161.50000000000125,SL,6
ENA,2026-06-04 11:00:00+00:00,2026-06-04 11:00:00+00:00,1,0.0967,0.09524949999999999,-150.00000000000125,-161.50000000000125,SL,6
ENA,2026-06-04 12:00:00+00:00,2026-06-04 12:00:00+00:00,1,0.0944,0.092984,-150.00000000000014,-161.50000000000014,SL,6
ENA,2026-06-05 03:00:00+00:00,2026-06-05 03:00:00+00:00,1,0.091,0.08963499999999999,-150.00000000000014,-161.50000000000014,SL,6
ENA,2026-06-05 04:00:00+00:00,2026-06-05 04:00:00+00:00,1,0.0893,0.0879605,-150.00000000000125,-161.50000000000125,SL,6
ENA,2026-06-05 06:00:00+00:00,2026-06-05 06:00:00+00:00,1,0.0866,0.085301,-149.99999999999903,-161.49999999999903,SL,6
ENA,2026-06-05 07:00:00+00:00,2026-06-05 07:00:00+00:00,1,0.0862,0.084907,-150.00000000000014,-161.50000000000014,SL,6
ENA,2026-06-05 12:00:00+00:00,2026-06-05 12:00:00+00:00,1,0.0854,0.086681,149.99999999999903,138.49999999999903,TP,6
ENA,2026-06-06 05:00:00+00:00,2026-06-06 05:00:00+00:00,1,0.0888,0.087468,-150.00000000000014,-161.50000000000014,SL,6
ENA,2026-06-07 13:00:00+00:00,2026-06-07 14:00:00+00:00,1,0.0893,0.0906395,149.99999999999903,138.49999999999903,TP,6
ENA,2026-06-07 20:00:00+00:00,2026-06-07 21:00:00+00:00,1,0.0868,0.088102,149.99999999999903,138.49999999999903,TP,6
ENA,2026-06-08 05:00:00+00:00,2026-06-08 06:00:00+00:00,1,0.0866,0.08789899999999999,149.99999999999903,138.49999999999903,TP,6
ENA,2026-06-09 01:00:00+00:00,2026-06-09 03:00:00+00:00,1,0.0811,0.07988350000000001,-149.99999999999903,-161.49999999999903,SL,6
ENA,2026-06-09 17:00:00+00:00,2026-06-09 17:00:00+00:00,1,0.0785,0.0796775,149.99999999999903,138.49999999999903,TP,6
ENA,2026-06-10 12:00:00+00:00,2026-06-10 12:00:00+00:00,1,0.0772,0.078358,149.99999999999903,138.49999999999903,TP,6
ENA,2026-06-10 20:00:00+00:00,2026-06-10 21:00:00+00:00,1,0.0723,0.0712155,-150.00000000000014,-161.50000000000014,SL,6
ENA,2026-06-10 22:00:00+00:00,2026-06-10 22:00:00+00:00,1,0.0707,0.07176049999999999,149.99999999999903,138.49999999999903,TP,6
ENA,2026-06-12 07:00:00+00:00,2026-06-12 07:00:00+00:00,1,0.0778,0.07896699999999998,149.99999999999903,138.49999999999903,TP,6
ENA,2026-06-15 20:00:00+00:00,2026-06-15 22:00:00+00:00,1,0.086,0.08471,-150.00000000000014,-161.50000000000014,SL,6
ENA,2026-06-16 15:00:00+00:00,2026-06-16 18:00:00+00:00,1,0.0847,0.08597049999999999,149.99999999999903,138.49999999999903,TP,6
ENA,2026-06-17 22:00:00+00:00,2026-06-17 22:00:00+00:00,1,0.0901,0.09145149999999999,149.99999999999903,138.49999999999903,TP,6
ENA,2026-06-18 18:00:00+00:00,2026-06-18 18:00:00+00:00,1,0.0887,0.09003049999999999,149.99999999999903,138.49999999999903,TP,6
ENA,2026-06-18 19:00:00+00:00,2026-06-18 19:00:00+00:00,1,0.0895,0.09084249999999999,149.99999999999903,138.49999999999903,TP,6
ENA,2026-06-22 00:00:00+00:00,2026-06-22 00:00:00+00:00,1,0.0869,0.08820349999999999,149.99999999999903,138.49999999999903,TP,6
ENA,2026-06-22 18:00:00+00:00,2026-06-22 18:00:00+00:00,1,0.0943,0.0928855,-150.00000000000014,-161.50000000000014,SL,6
ENA,2026-06-23 07:00:00+00:00,2026-06-23 08:00:00+00:00,1,0.0874,0.086089,-150.00000000000125,-161.50000000000125,SL,6
ENA,2026-06-23 09:00:00+00:00,2026-06-23 10:00:00+00:00,1,0.0857,0.0844145,-149.99999999999903,-161.49999999999903,SL,6
ENA,2026-06-25 12:00:00+00:00,2026-06-25 13:00:00+00:00,1,0.0843,0.0830355,-150.00000000000014,-161.50000000000014,SL,6
ENA,2026-06-26 12:00:00+00:00,2026-06-26 13:00:00+00:00,1,0.078,0.07683,-150.00000000000014,-161.50000000000014,SL,6
ENA,2026-06-27 20:00:00+00:00,2026-06-28 04:00:00+00:00,1,0.0772,0.0767,-64.76683937823857,-76.26683937823857,TIME,6
ENA,2026-06-30 04:00:00+00:00,2026-06-30 06:00:00+00:00,1,0.0767,0.0755495,-150.00000000000014,-161.50000000000014,SL,6
ENA,2026-06-30 15:00:00+00:00,2026-06-30 16:00:00+00:00,1,0.0709,0.0719635,149.99999999999903,138.49999999999903,TP,6
ENA,2026-07-06 13:00:00+00:00,2026-07-06 14:00:00+00:00,1,0.0752,0.076328,149.99999999999903,138.49999999999903,TP,7
ENA,2026-07-06 15:00:00+00:00,2026-07-06 15:00:00+00:00,1,0.0758,0.076937,149.99999999999903,138.49999999999903,TP,7
ENA,2026-07-07 02:00:00+00:00,2026-07-07 03:00:00+00:00,1,0.0778,0.07663299999999999,-150.00000000000014,-161.50000000000014,SL,7
ENA,2026-07-07 04:00:00+00:00,2026-07-07 05:00:00+00:00,1,0.0765,0.0753525,-149.99999999999903,-161.49999999999903,SL,7
ENA,2026-07-07 06:00:00+00:00,2026-07-07 14:00:00+00:00,1,0.0763,0.0751555,-150.00000000000125,-161.50000000000125,SL,7
ENA,2026-07-07 22:00:00+00:00,2026-07-08 00:00:00+00:00,1,0.0755,0.07663249999999999,149.99999999999903,138.49999999999903,TP,7
ENA,2026-07-08 05:00:00+00:00,2026-07-08 08:00:00+00:00,1,0.0743,0.0731855,-150.00000000000014,-161.50000000000014,SL,7
ENA,2026-07-08 09:00:00+00:00,2026-07-08 11:00:00+00:00,1,0.0726,0.07368899999999999,149.99999999999903,138.49999999999903,TP,7
ENA,2026-07-13 04:00:00+00:00,2026-07-13 05:00:00+00:00,1,0.0781,0.0792715,149.99999999999903,138.49999999999903,TP,7
ENA,2026-07-16 10:00:00+00:00,2026-07-16 13:00:00+00:00,1,0.0817,0.08292549999999999,149.99999999999903,138.49999999999903,TP,7
ENA,2026-07-23 14:00:00+00:00,2026-07-23 22:00:00+00:00,1,0.089,0.0891,11.235955056179137,-0.2640449438208634,TIME,7
ENA,2026-07-24 14:00:00+00:00,2026-07-24 16:00:00+00:00,1,0.0862,0.08749299999999999,149.99999999999903,138.49999999999903,TP,7
ENA,2026-07-27 23:00:00+00:00,2026-07-27 23:00:00+00:00,1,0.0834,0.082149,-150.00000000000014,-161.50000000000014,SL,7
ENA,2026-07-28 00:00:00+00:00,2026-07-28 05:00:00+00:00,1,0.0822,0.083433,149.99999999999903,138.49999999999903,TP,7
ETH,2026-06-02 23:00:00+00:00,2026-06-02 23:00:00+00:00,1,1868.0,1839.98,-150.00000000000014,-161.50000000000014,SL,6
ETH,2026-06-03 17:00:00+00:00,2026-06-03 19:00:00+00:00,1,1832.46,1804.9731,-150.00000000000014,-161.50000000000014,SL,6
ETH,2026-06-03 21:00:00+00:00,2026-06-03 21:00:00+00:00,1,1780.41,1807.1161499999998,149.99999999999903,138.49999999999903,TP,6
ETH,2026-06-05 06:00:00+00:00,2026-06-05 06:00:00+00:00,1,1684.09,1658.82865,-150.00000000000014,-161.50000000000014,SL,6
ETH,2026-06-05 07:00:00+00:00,2026-06-05 09:00:00+00:00,1,1655.74,1680.5760999999998,149.99999999999903,138.49999999999903,TP,6
ETH,2026-06-05 15:00:00+00:00,2026-06-05 15:00:00+00:00,1,1599.2,1575.212,-150.00000000000014,-161.50000000000014,SL,6
ETH,2026-06-05 16:00:00+00:00,2026-06-05 16:00:00+00:00,1,1582.0,1558.27,-150.00000000000014,-161.50000000000014,SL,6
ETH,2026-06-06 05:00:00+00:00,2026-06-06 05:00:00+00:00,1,1521.24,1544.0585999999998,149.99999999999903,138.49999999999903,TP,6
ETH,2026-06-08 05:00:00+00:00,2026-06-08 11:00:00+00:00,1,1656.96,1681.8144,149.99999999999903,138.49999999999903,TP,6
ETH,2026-06-10 20:00:00+00:00,2026-06-10 21:00:00+00:00,1,1629.31,1604.87035,-150.00000000000014,-161.50000000000014,SL,6
ETH,2026-06-18 18:00:00+00:00,2026-06-18 19:00:00+00:00,1,1679.18,1704.3677,149.99999999999903,138.49999999999903,TP,6
ETH,2026-06-23 09:00:00+00:00,2026-06-23 16:00:00+00:00,1,1647.16,1671.8673999999999,149.99999999999903,138.49999999999903,TP,6
ETH,2026-06-24 18:00:00+00:00,2026-06-24 19:00:00+00:00,1,1560.5,1583.9074999999998,149.99999999999903,138.49999999999903,TP,6
ETH,2026-06-27 20:00:00+00:00,2026-06-28 04:00:00+00:00,1,1577.72,1573.64,-25.860101919225052,-37.36010191922505,TIME,6
ETH,2026-06-30 04:00:00+00:00,2026-06-30 12:00:00+00:00,1,1586.51,1562.71235,-150.00000000000014,-161.50000000000014,SL,6
ETH,2026-07-07 22:00:00+00:00,2026-07-08 02:00:00+00:00,1,1772.61,1746.0208499999999,-150.00000000000014,-161.50000000000014,SL,7
ETH,2026-07-16 10:00:00+00:00,2026-07-16 18:00:00+00:00,1,1884.33,1875.57,-46.48867236630494,-57.98867236630494,TIME,7
ETH,2026-07-27 15:00:00+00:00,2026-07-27 22:00:00+00:00,1,1931.17,1902.20245,-150.00000000000014,-161.50000000000014,SL,7
ETH,2026-07-28 00:00:00+00:00,2026-07-28 08:00:00+00:00,1,1892.0,1883.41,-45.40169133192329,-56.90169133192329,TIME,7
GIGGLE,2026-06-01 14:00:00+00:00,2026-06-01 14:00:00+00:00,1,30.48,30.0228,-150.00000000000014,-161.50000000000014,SL,6
GIGGLE,2026-06-01 15:00:00+00:00,2026-06-01 16:00:00+00:00,1,30.07,30.52105,149.99999999999903,138.49999999999903,TP,6
GIGGLE,2026-06-04 02:00:00+00:00,2026-06-04 02:00:00+00:00,1,28.41,27.98385,-150.00000000000014,-161.50000000000014,SL,6
GIGGLE,2026-06-04 03:00:00+00:00,2026-06-04 03:00:00+00:00,1,27.78,28.1967,149.99999999999903,138.49999999999903,TP,6
GIGGLE,2026-06-04 08:00:00+00:00,2026-06-04 09:00:00+00:00,1,27.36,26.9496,-150.00000000000014,-161.50000000000014,SL,6
GIGGLE,2026-06-04 10:00:00+00:00,2026-06-04 10:00:00+00:00,1,26.94,26.5359,-150.00000000000014,-161.50000000000014,SL,6
GIGGLE,2026-06-04 11:00:00+00:00,2026-06-04 11:00:00+00:00,1,26.65,26.250249999999998,-150.00000000000014,-161.50000000000014,SL,6
GIGGLE,2026-06-04 12:00:00+00:00,2026-06-04 12:00:00+00:00,1,26.56,26.958399999999997,149.99999999999903,138.49999999999903,TP,6
GIGGLE,2026-06-05 03:00:00+00:00,2026-06-05 03:00:00+00:00,1,26.43,26.826449999999998,149.99999999999903,138.49999999999903,TP,6
GIGGLE,2026-06-05 06:00:00+00:00,2026-06-05 06:00:00+00:00,1,26.01,25.61985,-150.00000000000125,-161.50000000000125,SL,6
GIGGLE,2026-06-05 07:00:00+00:00,2026-06-05 07:00:00+00:00,1,25.29,24.91065,-149.99999999999903,-161.49999999999903,SL,6
GIGGLE,2026-06-05 09:00:00+00:00,2026-06-05 09:00:00+00:00,1,25.35,25.730249999999998,149.99999999999903,138.49999999999903,TP,6
GIGGLE,2026-06-05 19:00:00+00:00,2026-06-05 19:00:00+00:00,1,24.88,24.5068,-150.00000000000014,-161.50000000000014,SL,6
GIGGLE,2026-06-06 03:00:00+00:00,2026-06-06 03:00:00+00:00,1,25.12,24.7432,-150.00000000000014,-161.50000000000014,SL,6
GIGGLE,2026-06-06 05:00:00+00:00,2026-06-06 05:00:00+00:00,1,23.93,24.288949999999996,149.99999999999903,138.49999999999903,TP,6
GIGGLE,2026-06-07 20:00:00+00:00,2026-06-07 21:00:00+00:00,1,29.08,29.516199999999994,149.99999999999903,138.49999999999903,TP,6
GIGGLE,2026-06-08 05:00:00+00:00,2026-06-08 10:00:00+00:00,1,28.79,29.221849999999996,149.99999999999903,138.49999999999903,TP,6
GIGGLE,2026-06-09 01:00:00+00:00,2026-06-09 04:00:00+00:00,1,28.86,29.292899999999996,149.99999999999903,138.49999999999903,TP,6
GIGGLE,2026-06-09 10:00:00+00:00,2026-06-09 14:00:00+00:00,1,28.96,28.5256,-150.00000000000014,-161.50000000000014,SL,6
GIGGLE,2026-06-09 17:00:00+00:00,2026-06-09 17:00:00+00:00,1,28.13,28.551949999999998,149.99999999999903,138.49999999999903,TP,6
GIGGLE,2026-06-10 05:00:00+00:00,2026-06-10 07:00:00+00:00,1,27.43,27.84145,149.99999999999903,138.49999999999903,TP,6
GIGGLE,2026-06-10 12:00:00+00:00,2026-06-10 12:00:00+00:00,1,27.28,27.6892,149.99999999999903,138.49999999999903,TP,6
GIGGLE,2026-06-10 20:00:00+00:00,2026-06-10 21:00:00+00:00,1,27.19,26.78215,-150.00000000000014,-161.50000000000014,SL,6
GIGGLE,2026-06-10 22:00:00+00:00,2026-06-10 23:00:00+00:00,1,26.69,27.090349999999997,149.99999999999903,138.49999999999903,TP,6
GIGGLE,2026-06-15 20:00:00+00:00,2026-06-16 02:00:00+00:00,1,28.6,28.171,-150.00000000000125,-161.50000000000125,SL,6
GIGGLE,2026-06-16 15:00:00+00:00,2026-06-16 18:00:00+00:00,1,28.4,28.825999999999997,149.99999999999903,138.49999999999903,TP,6
GIGGLE,2026-06-17 20:00:00+00:00,2026-06-17 20:00:00+00:00,1,28.03,28.45045,149.99999999999903,138.49999999999903,TP,6
GIGGLE,2026-06-18 16:00:00+00:00,2026-06-18 16:00:00+00:00,1,26.62,27.019299999999998,149.99999999999903,138.49999999999903,TP,6
GIGGLE,2026-06-18 19:00:00+00:00,2026-06-18 20:00:00+00:00,1,26.92,27.3238,149.99999999999903,138.49999999999903,TP,6
GIGGLE,2026-06-22 00:00:00+00:00,2026-06-22 00:00:00+00:00,1,26.07,26.461049999999997,149.99999999999903,138.49999999999903,TP,6
GIGGLE,2026-06-23 10:00:00+00:00,2026-06-23 14:00:00+00:00,1,25.06,25.435899999999997,149.99999999999903,138.49999999999903,TP,6
GIGGLE,2026-06-25 12:00:00+00:00,2026-06-25 13:00:00+00:00,1,25.33,24.950049999999997,-150.00000000000014,-161.50000000000014,SL,6
GIGGLE,2026-06-25 14:00:00+00:00,2026-06-25 14:00:00+00:00,1,23.45,23.80175,149.99999999999903,138.49999999999903,TP,6
GIGGLE,2026-07-06 13:00:00+00:00,2026-07-06 13:00:00+00:00,1,27.2,26.791999999999998,-150.00000000000014,-161.50000000000014,SL,7
GIGGLE,2026-07-06 14:00:00+00:00,2026-07-06 15:00:00+00:00,1,27.03,27.43545,149.99999999999903,138.49999999999903,TP,7
GIGGLE,2026-07-07 06:00:00+00:00,2026-07-07 10:00:00+00:00,1,27.09,27.496349999999996,149.99999999999903,138.49999999999903,TP,7
GIGGLE,2026-07-07 22:00:00+00:00,2026-07-07 22:00:00+00:00,1,25.84,25.4524,-150.00000000000014,-161.50000000000014,SL,7
GIGGLE,2026-07-08 05:00:00+00:00,2026-07-08 08:00:00+00:00,1,25.19,25.56785,149.99999999999903,138.49999999999903,TP,7
GIGGLE,2026-07-13 19:00:00+00:00,2026-07-13 21:00:00+00:00,1,26.1,25.7085,-150.00000000000014,-161.50000000000014,SL,7
HYPE,2026-06-01 16:00:00+00:00,2026-06-01 16:00:00+00:00,1,70.96,72.02439999999999,149.99999999999903,138.49999999999903,TP,6
HYPE,2026-06-02 07:00:00+00:00,2026-06-02 09:00:00+00:00,1,72.013,70.932805,-150.00000000000014,-161.50000000000014,SL,6
HYPE,2026-06-02 10:00:00+00:00,2026-06-02 10:00:00+00:00,1,70.903,71.966545,149.99999999999903,138.49999999999903,TP,6
HYPE,2026-06-02 23:00:00+00:00,2026-06-03 00:00:00+00:00,1,68.85,69.88274999999999,149.99999999999903,138.49999999999903,TP,6
HYPE,2026-06-04 08:00:00+00:00,2026-06-04 08:00:00+00:00,1,68.0,66.98,-149.99999999999903,-161.49999999999903,SL,6
HYPE,2026-06-04 09:00:00+00:00,2026-06-04 09:00:00+00:00,1,68.544,67.51584,-150.00000000000014,-161.50000000000014,SL,6
HYPE,2026-06-04 10:00:00+00:00,2026-06-04 10:00:00+00:00,1,67.029,66.02356499999999,-150.00000000000125,-161.50000000000125,SL,6
HYPE,2026-06-04 11:00:00+00:00,2026-06-04 11:00:00+00:00,1,65.189,66.16683499999999,149.99999999999903,138.49999999999903,TP,6
HYPE,2026-06-05 04:00:00+00:00,2026-06-05 04:00:00+00:00,1,61.818,62.74526999999999,149.99999999999903,138.49999999999903,TP,6
HYPE,2026-06-05 06:00:00+00:00,2026-06-05 06:00:00+00:00,1,61.741,60.814885,-150.00000000000014,-161.50000000000014,SL,6
HYPE,2026-06-05 07:00:00+00:00,2026-06-05 07:00:00+00:00,1,60.895,59.981575,-150.00000000000014,-161.50000000000014,SL,6
HYPE,2026-06-05 09:00:00+00:00,2026-06-05 09:00:00+00:00,1,61.35,62.27025,149.99999999999903,138.49999999999903,TP,6
HYPE,2026-06-05 16:00:00+00:00,2026-06-05 16:00:00+00:00,1,57.739,58.60508499999999,149.99999999999903,138.49999999999903,TP,6
HYPE,2026-06-05 19:00:00+00:00,2026-06-05 19:00:00+00:00,1,57.187,58.04480499999999,149.99999999999903,138.49999999999903,TP,6
HYPE,2026-06-06 05:00:00+00:00,2026-06-06 05:00:00+00:00,1,57.806,58.673089999999995,149.99999999999903,138.49999999999903,TP,6
HYPE,2026-06-07 13:00:00+00:00,2026-06-07 14:00:00+00:00,1,57.78,58.646699999999996,149.99999999999903,138.49999999999903,TP,6
HYPE,2026-06-09 01:00:00+00:00,2026-06-09 04:00:00+00:00,1,62.33,61.39505,-150.00000000000014,-161.50000000000014,SL,6
HYPE,2026-06-09 15:00:00+00:00,2026-06-09 15:00:00+00:00,1,60.04,59.139399999999995,-150.00000000000125,-161.50000000000125,SL,6
HYPE,2026-06-09 16:00:00+00:00,2026-06-09 19:00:00+00:00,1,58.933,58.049005,-150.00000000000014,-161.50000000000014,SL,6
HYPE,2026-06-10 05:00:00+00:00,2026-06-10 10:00:00+00:00,1,55.666,56.500989999999994,149.99999999999903,138.49999999999903,TP,6
HYPE,2026-06-10 20:00:00+00:00,2026-06-10 22:00:00+00:00,1,53.811,53.003835,-149.99999999999903,-161.49999999999903,SL,6
HYPE,2026-06-12 07:00:00+00:00,2026-06-12 08:00:00+00:00,1,57.325,58.184875,149.99999999999903,138.49999999999903,TP,6
HYPE,2026-06-16 15:00:00+00:00,2026-06-16 15:00:00+00:00,1,73.488,74.59031999999999,149.99999999999903,138.49999999999903,TP,6
HYPE,2026-06-17 09:00:00+00:00,2026-06-17 11:00:00+00:00,1,72.499,71.411515,-150.00000000000014,-161.50000000000014,SL,6
HYPE,2026-06-17 12:00:00+00:00,2026-06-17 12:00:00+00:00,1,71.084,70.01774,-150.00000000000014,-161.50000000000014,SL,6
HYPE,2026-06-17 21:00:00+00:00,2026-06-17 21:00:00+00:00,1,72.462,71.37507000000001,-149.99999999999903,-161.49999999999903,SL,6
HYPE,2026-06-17 22:00:00+00:00,2026-06-18 00:00:00+00:00,1,70.804,71.86605999999999,149.99999999999903,138.49999999999903,TP,6
HYPE,2026-06-18 16:00:00+00:00,2026-06-18 17:00:00+00:00,1,67.692,66.67661999999999,-150.00000000000125,-161.50000000000125,SL,6
HYPE,2026-06-18 18:00:00+00:00,2026-06-18 18:00:00+00:00,1,66.683,67.683245,149.99999999999903,138.49999999999903,TP,6
HYPE,2026-06-22 00:00:00+00:00,2026-06-22 01:00:00+00:00,1,67.083,68.08924499999999,149.99999999999903,138.49999999999903,TP,6
HYPE,2026-06-23 06:00:00+00:00,2026-06-23 06:00:00+00:00,1,65.215,64.23677500000001,-149.99999999999903,-161.49999999999903,SL,6
HYPE,2026-06-23 07:00:00+00:00,2026-06-23 07:00:00+00:00,1,64.524,63.55614,-150.00000000000014,-161.50000000000014,SL,6
HYPE,2026-06-23 08:00:00+00:00,2026-06-23 09:00:00+00:00,1,63.613,62.658805,-150.00000000000014,-161.50000000000014,SL,6
HYPE,2026-06-23 10:00:00+00:00,2026-06-23 15:00:00+00:00,1,63.13,62.18305,-150.00000000000014,-161.50000000000014,SL,6
HYPE,2026-06-26 02:00:00+00:00,2026-06-26 02:00:00+00:00,1,63.25,62.301249999999996,-150.00000000000014,-161.50000000000014,SL,6
HYPE,2026-06-26 03:00:00+00:00,2026-06-26 03:00:00+00:00,1,61.599,62.52298499999999,149.99999999999903,138.49999999999903,TP,6
HYPE,2026-06-26 11:00:00+00:00,2026-06-26 12:00:00+00:00,1,62.25,61.31625,-150.00000000000014,-161.50000000000014,SL,6
HYPE,2026-06-26 13:00:00+00:00,2026-06-26 13:00:00+00:00,1,61.627,62.551404999999995,149.99999999999903,138.49999999999903,TP,6
HYPE,2026-06-27 20:00:00+00:00,2026-06-28 04:00:00+00:00,1,62.214,61.972,-38.897997235348704,-50.397997235348704,TIME,6
HYPE,2026-06-30 04:00:00+00:00,2026-06-30 12:00:00+00:00,1,65.75,64.76375,-150.00000000000014,-161.50000000000014,SL,6
HYPE,2026-07-07 22:00:00+00:00,2026-07-08 01:00:00+00:00,1,69.0,67.965,-149.99999999999903,-161.49999999999903,SL,7
HYPE,2026-07-08 05:00:00+00:00,2026-07-08 13:00:00+00:00,1,68.208,67.626,-85.32723434201195,-96.82723434201195,TIME,7
HYPE,2026-07-13 05:00:00+00:00,2026-07-13 13:00:00+00:00,1,65.212,64.23382000000001,-149.99999999999903,-161.49999999999903,SL,7
HYPE,2026-07-17 08:00:00+00:00,2026-07-17 08:00:00+00:00,1,58.645,59.524674999999995,149.99999999999903,138.49999999999903,TP,7
HYPE,2026-07-27 15:00:00+00:00,2026-07-27 16:00:00+00:00,1,58.251,57.377235,-150.00000000000014,-161.50000000000014,SL,7
HYPE,2026-07-31 10:00:00+00:00,2026-07-31 12:00:00+00:00,1,54.242,55.055629999999994,149.99999999999903,138.49999999999903,TP,7
HYPE,2026-07-31 17:00:00+00:00,2026-07-31 19:00:00+00:00,1,53.413,52.611805,-150.00000000000014,-161.50000000000014,SL,7
INJ,2026-06-01 08:00:00+00:00,2026-06-01 09:00:00+00:00,1,6.453,6.549795,149.99999999999903,138.49999999999903,TP,6
INJ,2026-06-02 15:00:00+00:00,2026-06-02 15:00:00+00:00,1,6.991,6.8861349999999995,-150.00000000000014,-161.50000000000014,SL,6
INJ,2026-06-02 17:00:00+00:00,2026-06-02 17:00:00+00:00,1,6.77,6.871549999999999,149.99999999999903,138.49999999999903,TP,6
INJ,2026-06-02 18:00:00+00:00,2026-06-02 18:00:00+00:00,1,6.838,6.73543,-150.00000000000014,-161.50000000000014,SL,6
INJ,2026-06-03 04:00:00+00:00,2026-06-03 04:00:00+00:00,1,6.397,6.492954999999999,149.99999999999903,138.49999999999903,TP,6
INJ,2026-06-03 18:00:00+00:00,2026-06-03 18:00:00+00:00,1,6.531,6.628964999999999,149.99999999999903,138.49999999999903,TP,6
INJ,2026-06-03 19:00:00+00:00,2026-06-03 19:00:00+00:00,1,6.595,6.693924999999999,149.99999999999903,138.49999999999903,TP,6
INJ,2026-06-04 03:00:00+00:00,2026-06-04 03:00:00+00:00,1,6.293,6.387395,149.99999999999903,138.49999999999903,TP,6
INJ,2026-06-04 08:00:00+00:00,2026-06-04 09:00:00+00:00,1,6.15,6.05775,-150.00000000000014,-161.50000000000014,SL,6
INJ,2026-06-04 10:00:00+00:00,2026-06-04 11:00:00+00:00,1,6.05,5.95925,-150.00000000000014,-161.50000000000014,SL,6
INJ,2026-06-04 12:00:00+00:00,2026-06-04 12:00:00+00:00,1,5.868,5.95602,149.99999999999903,138.49999999999903,TP,6
INJ,2026-06-04 18:00:00+00:00,2026-06-04 19:00:00+00:00,1,5.604,5.51994,-150.00000000000014,-161.50000000000014,SL,6
INJ,2026-06-05 07:00:00+00:00,2026-06-05 07:00:00+00:00,1,5.173,5.095405,-149.99999999999903,-161.49999999999903,SL,6
INJ,2026-06-05 09:00:00+00:00,2026-06-05 09:00:00+00:00,1,5.043,5.118645,149.99999999999903,138.49999999999903,TP,6
INJ,2026-06-05 12:00:00+00:00,2026-06-05 12:00:00+00:00,1,4.911,4.984664999999999,149.99999999999903,138.49999999999903,TP,6
INJ,2026-06-05 19:00:00+00:00,2026-06-05 19:00:00+00:00,1,4.86,4.787100000000001,-149.99999999999903,-161.49999999999903,SL,6
INJ,2026-06-06 03:00:00+00:00,2026-06-06 04:00:00+00:00,1,5.075,4.998875,-150.00000000000014,-161.50000000000014,SL,6
INJ,2026-06-06 05:00:00+00:00,2026-06-06 05:00:00+00:00,1,4.898,4.971469999999999,149.99999999999903,138.49999999999903,TP,6
INJ,2026-06-07 13:00:00+00:00,2026-06-07 14:00:00+00:00,1,5.126,5.20289,149.99999999999903,138.49999999999903,TP,6
INJ,2026-06-07 20:00:00+00:00,2026-06-07 21:00:00+00:00,1,5.191,5.268864999999999,149.99999999999903,138.49999999999903,TP,6
INJ,2026-06-08 05:00:00+00:00,2026-06-08 07:00:00+00:00,1,5.402,5.483029999999999,149.99999999999903,138.49999999999903,TP,6
INJ,2026-06-09 01:00:00+00:00,2026-06-09 03:00:00+00:00,1,5.465,5.546974999999999,149.99999999999903,138.49999999999903,TP,6
INJ,2026-06-09 16:00:00+00:00,2026-06-09 16:00:00+00:00,1,5.51,5.42735,-150.00000000000014,-161.50000000000014,SL,6
INJ,2026-06-09 17:00:00+00:00,2026-06-09 17:00:00+00:00,1,5.499,5.581484999999999,149.99999999999903,138.49999999999903,TP,6
INJ,2026-06-10 05:00:00+00:00,2026-06-10 05:00:00+00:00,1,5.333,5.253005,-150.00000000000014,-161.50000000000014,SL,6
INJ,2026-06-10 12:00:00+00:00,2026-06-10 12:00:00+00:00,1,5.059,5.134885,149.99999999999903,138.49999999999903,TP,6
INJ,2026-06-10 20:00:00+00:00,2026-06-10 21:00:00+00:00,1,5.049,4.9732650000000005,-150.00000000000014,-161.50000000000014,SL,6
INJ,2026-06-10 22:00:00+00:00,2026-06-11 00:00:00+00:00,1,4.916,4.98974,149.99999999999903,138.49999999999903,TP,6
INJ,2026-06-12 07:00:00+00:00,2026-06-12 09:00:00+00:00,1,5.375,5.4556249999999995,149.99999999999903,138.49999999999903,TP,6
INJ,2026-06-16 15:00:00+00:00,2026-06-16 15:00:00+00:00,1,5.691,5.6056349999999995,-150.00000000000014,-161.50000000000014,SL,6
INJ,2026-06-17 09:00:00+00:00,2026-06-17 11:00:00+00:00,1,5.405,5.486075,149.99999999999903,138.49999999999903,TP,6
INJ,2026-06-17 12:00:00+00:00,2026-06-17 15:00:00+00:00,1,5.413,5.4941949999999995,149.99999999999903,138.49999999999903,TP,6
INJ,2026-06-22 00:00:00+00:00,2026-06-22 00:00:00+00:00,1,4.816,4.88824,149.99999999999903,138.49999999999903,TP,6
INJ,2026-06-22 18:00:00+00:00,2026-06-22 21:00:00+00:00,1,4.878,4.80483,-150.00000000000014,-161.50000000000014,SL,6
INJ,2026-06-23 06:00:00+00:00,2026-06-23 06:00:00+00:00,1,4.644,4.57434,-150.00000000000014,-161.50000000000014,SL,6
INJ,2026-06-23 07:00:00+00:00,2026-06-23 08:00:00+00:00,1,4.598,4.52903,-150.00000000000014,-161.50000000000014,SL,6
INJ,2026-06-24 14:00:00+00:00,2026-06-24 14:00:00+00:00,1,4.3,4.3645,149.99999999999903,138.49999999999903,TP,6
INJ,2026-06-25 12:00:00+00:00,2026-06-25 12:00:00+00:00,1,4.168,4.230519999999999,149.99999999999903,138.49999999999903,TP,6
INJ,2026-06-27 20:00:00+00:00,2026-06-27 22:00:00+00:00,1,4.753,4.681705,-150.00000000000014,-161.50000000000014,SL,6
INJ,2026-07-02 02:00:00+00:00,2026-07-02 03:00:00+00:00,1,4.48,4.5472,149.99999999999903,138.49999999999903,TP,7
INJ,2026-07-07 02:00:00+00:00,2026-07-07 03:00:00+00:00,1,4.817,4.744745,-150.00000000000014,-161.50000000000014,SL,7
INJ,2026-07-07 22:00:00+00:00,2026-07-08 02:00:00+00:00,1,4.703,4.632455,-150.00000000000014,-161.50000000000014,SL,7
INJ,2026-07-08 05:00:00+00:00,2026-07-08 08:00:00+00:00,1,4.666,4.73599,149.99999999999903,138.49999999999903,TP,7
INJ,2026-07-13 04:00:00+00:00,2026-07-13 09:00:00+00:00,1,4.706,4.77659,149.99999999999903,138.49999999999903,TP,7
INJ,2026-07-13 19:00:00+00:00,2026-07-14 02:00:00+00:00,1,4.664,4.733959999999999,149.99999999999903,138.49999999999903,TP,7
INJ,2026-07-16 10:00:00+00:00,2026-07-16 17:00:00+00:00,1,5.065,4.989025000000001,-149.99999999999903,-161.49999999999903,SL,7
INJ,2026-07-24 15:00:00+00:00,2026-07-24 15:00:00+00:00,1,5.157,5.234355,149.99999999999903,138.49999999999903,TP,7
INJ,2026-07-24 17:00:00+00:00,2026-07-25 00:00:00+00:00,1,5.165,5.242475,149.99999999999903,138.49999999999903,TP,7
LINK,2026-06-01 08:00:00+00:00,2026-06-01 16:00:00+00:00,1,8.967,9.004,41.26240660198288,29.76240660198288,TIME,6
LINK,2026-06-02 07:00:00+00:00,2026-06-02 14:00:00+00:00,1,8.835,8.702475000000002,-149.99999999999903,-161.49999999999903,SL,6
LINK,2026-06-02 23:00:00+00:00,2026-06-03 03:00:00+00:00,1,8.341,8.215884999999998,-150.00000000000125,-161.50000000000125,SL,6
LINK,2026-06-03 17:00:00+00:00,2026-06-03 19:00:00+00:00,1,8.322,8.19717,-149.99999999999903,-161.49999999999903,SL,6
LINK,2026-06-04 08:00:00+00:00,2026-06-04 09:00:00+00:00,1,8.065,7.944024999999999,-150.00000000000014,-161.50000000000014,SL,6
LINK,2026-06-04 10:00:00+00:00,2026-06-04 10:00:00+00:00,1,7.962,7.842569999999999,-150.00000000000014,-161.50000000000014,SL,6
LINK,2026-06-04 11:00:00+00:00,2026-06-04 12:00:00+00:00,1,7.845,7.962674999999999,149.99999999999903,138.49999999999903,TP,6
LINK,2026-06-05 04:00:00+00:00,2026-06-05 05:00:00+00:00,1,7.784,7.66724,-150.00000000000014,-161.50000000000014,SL,6
LINK,2026-06-05 06:00:00+00:00,2026-06-05 06:00:00+00:00,1,7.648,7.5332799999999995,-150.00000000000014,-161.50000000000014,SL,6
LINK,2026-06-05 07:00:00+00:00,2026-06-05 07:00:00+00:00,1,7.488,7.37568,-150.00000000000014,-161.50000000000014,SL,6
LINK,2026-06-05 09:00:00+00:00,2026-06-05 09:00:00+00:00,1,7.516,7.62874,149.99999999999903,138.49999999999903,TP,6
LINK,2026-06-06 05:00:00+00:00,2026-06-06 05:00:00+00:00,1,7.058,7.163869999999999,149.99999999999903,138.49999999999903,TP,6
LINK,2026-06-08 05:00:00+00:00,2026-06-08 07:00:00+00:00,1,7.764,7.880459999999999,149.99999999999903,138.49999999999903,TP,6
LINK,2026-06-09 01:00:00+00:00,2026-06-09 04:00:00+00:00,1,7.825,7.942374999999999,149.99999999999903,138.49999999999903,TP,6
LINK,2026-06-09 10:00:00+00:00,2026-06-09 14:00:00+00:00,1,7.862,7.74407,-150.00000000000014,-161.50000000000014,SL,6
LINK,2026-06-10 05:00:00+00:00,2026-06-10 13:00:00+00:00,1,7.702,7.81753,149.99999999999903,138.49999999999903,TP,6
LINK,2026-06-10 20:00:00+00:00,2026-06-10 21:00:00+00:00,1,7.619,7.504715,-150.00000000000014,-161.50000000000014,SL,6
LINK,2026-06-10 22:00:00+00:00,2026-06-11 00:00:00+00:00,1,7.507,7.619604999999999,149.99999999999903,138.49999999999903,TP,6
LINK,2026-06-12 07:00:00+00:00,2026-06-12 09:00:00+00:00,1,7.778,7.894669999999999,149.99999999999903,138.49999999999903,TP,6
LINK,2026-06-15 20:00:00+00:00,2026-06-15 22:00:00+00:00,1,8.405,8.278925,-150.00000000000014,-161.50000000000014,SL,6
LINK,2026-06-16 15:00:00+00:00,2026-06-16 18:00:00+00:00,1,8.159,8.281385,149.99999999999903,138.49999999999903,TP,6
LINK,2026-06-22 00:00:00+00:00,2026-06-22 00:00:00+00:00,1,7.781,7.897714999999999,149.99999999999903,138.49999999999903,TP,6
LINK,2026-06-22 18:00:00+00:00,2026-06-22 22:00:00+00:00,1,7.955,7.835675,-150.00000000000014,-161.50000000000014,SL,6
LINK,2026-06-23 08:00:00+00:00,2026-06-23 08:00:00+00:00,1,7.659,7.544115,-150.00000000000014,-161.50000000000014,SL,6
LINK,2026-06-23 09:00:00+00:00,2026-06-23 14:00:00+00:00,1,7.524,7.6368599999999995,149.99999999999903,138.49999999999903,TP,6
LINK,2026-06-24 19:00:00+00:00,2026-06-24 20:00:00+00:00,1,7.188,7.295819999999999,149.99999999999903,138.49999999999903,TP,6
LINK,2026-06-27 20:00:00+00:00,2026-06-28 04:00:00+00:00,1,7.322,7.29,-43.70390603660179,-55.20390603660179,TIME,6
LINK,2026-07-07 22:00:00+00:00,2026-07-08 02:00:00+00:00,1,7.837,7.7194449999999994,-150.00000000000014,-161.50000000000014,SL,7
LINK,2026-07-08 05:00:00+00:00,2026-07-08 08:00:00+00:00,1,7.705,7.589425,-150.00000000000014,-161.50000000000014,SL,7
LINK,2026-07-24 14:00:00+00:00,2026-07-24 22:00:00+00:00,1,8.32,8.327,8.413461538461231,-3.086538461538769,TIME,7
LINK,2026-07-27 15:00:00+00:00,2026-07-27 22:00:00+00:00,1,8.602,8.47297,-150.00000000000014,-161.50000000000014,SL,7
LINK,2026-07-28 00:00:00+00:00,2026-07-28 08:00:00+00:00,1,8.377,8.319,-69.23719708726294,-80.73719708726294,TIME,7
LIT,2026-06-01 08:00:00+00:00,2026-06-01 08:00:00+00:00,1,1.266,1.24701,-150.00000000000014,-161.50000000000014,SL,6
LIT,2026-06-01 15:00:00+00:00,2026-06-01 15:00:00+00:00,1,1.23,1.2484499999999998,149.99999999999903,138.49999999999903,TP,6
LIT,2026-06-02 08:00:00+00:00,2026-06-02 08:00:00+00:00,1,1.365,1.3854749999999998,149.99999999999903,138.49999999999903,TP,6
LIT,2026-06-02 13:00:00+00:00,2026-06-02 14:00:00+00:00,1,1.32,1.3002,-150.00000000000014,-161.50000000000014,SL,6
LIT,2026-06-03 04:00:00+00:00,2026-06-03 04:00:00+00:00,1,1.548,1.5712199999999998,149.99999999999903,138.49999999999903,TP,6
LIT,2026-06-03 17:00:00+00:00,2026-06-03 17:00:00+00:00,1,1.683,1.657755,-150.00000000000014,-161.50000000000014,SL,6
LIT,2026-06-03 18:00:00+00:00,2026-06-03 18:00:00+00:00,1,1.684,1.7092599999999998,149.99999999999903,138.49999999999903,TP,6
LIT,2026-06-04 03:00:00+00:00,2026-06-04 03:00:00+00:00,1,1.706,1.7315899999999997,149.99999999999903,138.49999999999903,TP,6
LIT,2026-06-04 08:00:00+00:00,2026-06-04 08:00:00+00:00,1,1.54,1.5169,-150.00000000000125,-161.50000000000125,SL,6
LIT,2026-06-04 09:00:00+00:00,2026-06-04 09:00:00+00:00,1,1.564,1.54054,-150.00000000000014,-161.50000000000014,SL,6
LIT,2026-06-04 10:00:00+00:00,2026-06-04 10:00:00+00:00,1,1.497,1.474545,-150.00000000000125,-161.50000000000125,SL,6
LIT,2026-06-04 11:00:00+00:00,2026-06-04 11:00:00+00:00,1,1.499,1.521485,149.99999999999903,138.49999999999903,TP,6
LIT,2026-06-05 04:00:00+00:00,2026-06-05 04:00:00+00:00,1,1.384,1.4047599999999998,149.99999999999903,138.49999999999903,TP,6
LIT,2026-06-05 06:00:00+00:00,2026-06-05 06:00:00+00:00,1,1.402,1.3809699999999998,-150.00000000000125,-161.50000000000125,SL,6
LIT,2026-06-05 16:00:00+00:00,2026-06-05 16:00:00+00:00,1,1.383,1.4037449999999998,149.99999999999903,138.49999999999903,TP,6
LIT,2026-06-05 19:00:00+00:00,2026-06-05 19:00:00+00:00,1,1.392,1.4128799999999997,149.99999999999903,138.49999999999903,TP,6
LIT,2026-06-06 03:00:00+00:00,2026-06-06 03:00:00+00:00,1,1.424,1.4026399999999999,-150.00000000000014,-161.50000000000014,SL,6
LIT,2026-06-06 05:00:00+00:00,2026-06-06 05:00:00+00:00,1,1.416,1.4372399999999999,149.99999999999903,138.49999999999903,TP,6
LIT,2026-06-07 20:00:00+00:00,2026-06-07 22:00:00+00:00,1,1.335,1.355025,149.99999999999903,138.49999999999903,TP,6
LIT,2026-06-09 01:00:00+00:00,2026-06-09 01:00:00+00:00,1,1.457,1.478855,149.99999999999903,138.49999999999903,TP,6
LIT,2026-06-09 16:00:00+00:00,2026-06-09 16:00:00+00:00,1,1.487,1.464695,-150.00000000000014,-161.50000000000014,SL,6
LIT,2026-06-09 17:00:00+00:00,2026-06-09 17:00:00+00:00,1,1.491,1.5133649999999998,149.99999999999903,138.49999999999903,TP,6
LIT,2026-06-10 05:00:00+00:00,2026-06-10 05:00:00+00:00,1,1.525,1.502125,-150.00000000000014,-161.50000000000014,SL,6
LIT,2026-06-10 12:00:00+00:00,2026-06-10 12:00:00+00:00,1,1.426,1.4473899999999997,149.99999999999903,138.49999999999903,TP,6
LIT,2026-06-10 20:00:00+00:00,2026-06-10 20:00:00+00:00,1,1.454,1.4321899999999999,-150.00000000000125,-161.50000000000125,SL,6
LIT,2026-06-10 22:00:00+00:00,2026-06-10 22:00:00+00:00,1,1.419,1.4402849999999998,149.99999999999903,138.49999999999903,TP,6
LIT,2026-06-12 07:00:00+00:00,2026-06-12 08:00:00+00:00,1,1.526,1.5488899999999999,149.99999999999903,138.49999999999903,TP,6
LIT,2026-06-15 20:00:00+00:00,2026-06-15 20:00:00+00:00,1,1.664,1.6889599999999998,149.99999999999903,138.49999999999903,TP,6
LIT,2026-06-16 15:00:00+00:00,2026-06-16 15:00:00+00:00,1,1.725,1.699125,-150.00000000000014,-161.50000000000014,SL,6
LIT,2026-06-17 20:00:00+00:00,2026-06-17 20:00:00+00:00,1,1.78,1.7533,-150.00000000000014,-161.50000000000014,SL,6
LIT,2026-06-17 21:00:00+00:00,2026-06-17 21:00:00+00:00,1,1.765,1.7914749999999997,149.99999999999903,138.49999999999903,TP,6
LIT,2026-06-17 22:00:00+00:00,2026-06-17 22:00:00+00:00,1,1.746,1.71981,-150.00000000000014,-161.50000000000014,SL,6
LIT,2026-06-17 23:00:00+00:00,2026-06-17 23:00:00+00:00,1,1.773,1.746405,-150.00000000000014,-161.50000000000014,SL,6
LIT,2026-06-18 17:00:00+00:00,2026-06-18 18:00:00+00:00,1,1.572,1.59558,149.99999999999903,138.49999999999903,TP,6
LIT,2026-06-18 19:00:00+00:00,2026-06-18 19:00:00+00:00,1,1.591,1.6148649999999998,149.99999999999903,138.49999999999903,TP,6
LIT,2026-06-22 18:00:00+00:00,2026-06-22 20:00:00+00:00,1,1.613,1.6371949999999997,149.99999999999903,138.49999999999903,TP,6
LIT,2026-06-23 06:00:00+00:00,2026-06-23 06:00:00+00:00,1,1.576,1.55236,-150.00000000000014,-161.50000000000014,SL,6
LIT,2026-06-23 07:00:00+00:00,2026-06-23 08:00:00+00:00,1,1.523,1.500155,-150.00000000000014,-161.50000000000014,SL,6
LIT,2026-06-23 09:00:00+00:00,2026-06-23 11:00:00+00:00,1,1.534,1.5570099999999998,149.99999999999903,138.49999999999903,TP,6
LIT,2026-06-24 14:00:00+00:00,2026-06-24 14:00:00+00:00,1,1.506,1.52859,149.99999999999903,138.49999999999903,TP,6
LIT,2026-06-25 12:00:00+00:00,2026-06-25 13:00:00+00:00,1,1.639,1.614415,-150.00000000000014,-161.50000000000014,SL,6
LIT,2026-06-27 20:00:00+00:00,2026-06-28 04:00:00+00:00,1,1.744,1.745,5.733944954129377,-5.766055045870623,TIME,6
LIT,2026-07-02 02:00:00+00:00,2026-07-02 02:00:00+00:00,1,2.09,2.1213499999999996,149.99999999999903,138.49999999999903,TP,7
LIT,2026-07-06 13:00:00+00:00,2026-07-06 13:00:00+00:00,1,2.456,2.4191599999999998,-150.00000000000125,-161.50000000000125,SL,7
LIT,2026-07-06 14:00:00+00:00,2026-07-06 14:00:00+00:00,1,2.466,2.50299,149.99999999999903,138.49999999999903,TP,7
LIT,2026-07-07 02:00:00+00:00,2026-07-07 02:00:00+00:00,1,2.569,2.530465,-150.00000000000014,-161.50000000000014,SL,7
LIT,2026-07-07 22:00:00+00:00,2026-07-08 01:00:00+00:00,1,2.473,2.435905,-149.99999999999903,-161.49999999999903,SL,7
LIT,2026-07-08 09:00:00+00:00,2026-07-08 09:00:00+00:00,1,2.35,2.31475,-150.00000000000014,-161.50000000000014,SL,7
LIT,2026-07-13 04:00:00+00:00,2026-07-13 04:00:00+00:00,1,2.558,2.51963,-150.00000000000014,-161.50000000000014,SL,7
LIT,2026-07-13 05:00:00+00:00,2026-07-13 05:00:00+00:00,1,2.464,2.42704,-150.00000000000014,-161.50000000000014,SL,7
LIT,2026-07-13 19:00:00+00:00,2026-07-13 19:00:00+00:00,1,2.296,2.3304399999999994,149.99999999999903,138.49999999999903,TP,7
LIT,2026-07-16 10:00:00+00:00,2026-07-16 10:00:00+00:00,1,2.396,2.36006,-150.00000000000014,-161.50000000000014,SL,7
LIT,2026-07-24 16:00:00+00:00,2026-07-24 17:00:00+00:00,1,2.069,2.1000349999999997,149.99999999999903,138.49999999999903,TP,7
LIT,2026-07-27 15:00:00+00:00,2026-07-27 15:00:00+00:00,1,2.183,2.1502549999999996,-150.00000000000125,-161.50000000000125,SL,7
LIT,2026-07-27 23:00:00+00:00,2026-07-27 23:00:00+00:00,1,2.122,2.1538299999999997,149.99999999999903,138.49999999999903,TP,7
LIT,2026-07-28 00:00:00+00:00,2026-07-28 04:00:00+00:00,1,2.133,2.164995,149.99999999999903,138.49999999999903,TP,7
LIT,2026-07-31 16:00:00+00:00,2026-07-31 16:00:00+00:00,1,2.097,2.1284549999999998,149.99999999999903,138.49999999999903,TP,7
LIT,2026-08-03 04:00:00+00:00,2026-08-03 04:00:00+00:00,1,1.99,2.01985,149.99999999999903,138.49999999999903,TP,8
LTC,2026-06-01 08:00:00+00:00,2026-06-01 15:00:00+00:00,1,50.96,50.1956,-150.00000000000014,-161.50000000000014,SL,6
LTC,2026-06-02 23:00:00+00:00,2026-06-03 01:00:00+00:00,1,46.71,47.41065,149.99999999999903,138.49999999999903,TP,6
LTC,2026-06-05 06:00:00+00:00,2026-06-05 06:00:00+00:00,1,44.3,43.63549999999999,-150.00000000000125,-161.50000000000125,SL,6
LTC,2026-06-05 07:00:00+00:00,2026-06-05 07:00:00+00:00,1,43.33,42.680049999999994,-150.00000000000125,-161.50000000000125,SL,6
LTC,2026-06-05 09:00:00+00:00,2026-06-05 09:00:00+00:00,1,43.82,44.47729999999999,149.99999999999903,138.49999999999903,TP,6
LTC,2026-06-06 05:00:00+00:00,2026-06-06 05:00:00+00:00,1,40.95,41.56425,149.99999999999903,138.49999999999903,TP,6
LTC,2026-06-09 01:00:00+00:00,2026-06-09 04:00:00+00:00,1,42.32,42.9548,149.99999999999903,138.49999999999903,TP,6
LTC,2026-06-10 05:00:00+00:00,2026-06-10 13:00:00+00:00,1,42.35,42.98525,149.99999999999903,138.49999999999903,TP,6
LTC,2026-06-10 20:00:00+00:00,2026-06-11 01:00:00+00:00,1,41.6,42.224,149.99999999999903,138.49999999999903,TP,6
LTC,2026-06-24 18:00:00+00:00,2026-06-24 18:00:00+00:00,1,39.49,40.08235,149.99999999999903,138.49999999999903,TP,6
LTC,2026-06-24 19:00:00+00:00,2026-06-24 20:00:00+00:00,1,39.78,40.3767,149.99999999999903,138.49999999999903,TP,6
LTC,2026-06-27 20:00:00+00:00,2026-06-28 04:00:00+00:00,1,42.29,42.28,-2.3646252069042806,-13.86462520690428,TIME,6
LTC,2026-07-07 02:00:00+00:00,2026-07-07 04:00:00+00:00,1,44.66,43.9901,-150.00000000000014,-161.50000000000014,SL,7
LTC,2026-07-17 08:00:00+00:00,2026-07-17 16:00:00+00:00,1,44.72,44.86,31.305903398926027,19.805903398926027,TIME,7
ONDO,2026-06-01 08:00:00+00:00,2026-06-01 09:00:00+00:00,1,0.3535,0.3481975,-150.00000000000014,-161.50000000000014,SL,6
ONDO,2026-06-01 15:00:00+00:00,2026-06-01 15:00:00+00:00,1,0.3453,0.35047949999999994,149.99999999999903,138.49999999999903,TP,6
ONDO,2026-06-02 08:00:00+00:00,2026-06-02 10:00:00+00:00,1,0.3537,0.3590055,149.99999999999903,138.49999999999903,TP,6
ONDO,2026-06-03 04:00:00+00:00,2026-06-03 04:00:00+00:00,1,0.3788,0.384482,149.99999999999903,138.49999999999903,TP,6
ONDO,2026-06-04 03:00:00+00:00,2026-06-04 03:00:00+00:00,1,0.4024,0.40843599999999997,149.99999999999903,138.49999999999903,TP,6
ONDO,2026-06-04 08:00:00+00:00,2026-06-04 08:00:00+00:00,1,0.3792,0.37351199999999996,-150.00000000000125,-161.50000000000125,SL,6
ONDO,2026-06-04 09:00:00+00:00,2026-06-04 09:00:00+00:00,1,0.3678,0.362283,-150.00000000000014,-161.50000000000014,SL,6
ONDO,2026-06-04 10:00:00+00:00,2026-06-04 10:00:00+00:00,1,0.3592,0.353812,-150.00000000000014,-161.50000000000014,SL,6
ONDO,2026-06-04 11:00:00+00:00,2026-06-04 11:00:00+00:00,1,0.353,0.3582949999999999,149.99999999999903,138.49999999999903,TP,6
ONDO,2026-06-04 12:00:00+00:00,2026-06-04 12:00:00+00:00,1,0.3626,0.36803899999999995,149.99999999999903,138.49999999999903,TP,6
ONDO,2026-06-05 03:00:00+00:00,2026-06-05 04:00:00+00:00,1,0.3616,0.36702399999999996,149.99999999999903,138.49999999999903,TP,6
ONDO,2026-06-05 06:00:00+00:00,2026-06-05 06:00:00+00:00,1,0.3579,0.3525315,-150.00000000000014,-161.50000000000014,SL,6
ONDO,2026-06-05 09:00:00+00:00,2026-06-05 11:00:00+00:00,1,0.3547,0.3493795,-150.00000000000014,-161.50000000000014,SL,6
ONDO,2026-06-05 12:00:00+00:00,2026-06-05 13:00:00+00:00,1,0.3501,0.3553515,149.99999999999903,138.49999999999903,TP,6
ONDO,2026-06-05 16:00:00+00:00,2026-06-05 16:00:00+00:00,1,0.329,0.333935,149.99999999999903,138.49999999999903,TP,6
ONDO,2026-06-05 19:00:00+00:00,2026-06-05 19:00:00+00:00,1,0.3252,0.330078,149.99999999999903,138.49999999999903,TP,6
ONDO,2026-06-06 03:00:00+00:00,2026-06-06 03:00:00+00:00,1,0.3316,0.326626,-149.99999999999903,-161.49999999999903,SL,6
ONDO,2026-06-06 05:00:00+00:00,2026-06-06 05:00:00+00:00,1,0.316,0.32073999999999997,149.99999999999903,138.49999999999903,TP,6
ONDO,2026-06-07 13:00:00+00:00,2026-06-07 13:00:00+00:00,1,0.3368,0.34185199999999993,149.99999999999903,138.49999999999903,TP,6
ONDO,2026-06-07 20:00:00+00:00,2026-06-07 20:00:00+00:00,1,0.3323,0.33728449999999993,149.99999999999903,138.49999999999903,TP,6
ONDO,2026-06-09 01:00:00+00:00,2026-06-09 04:00:00+00:00,1,0.3546,0.359919,149.99999999999903,138.49999999999903,TP,6
ONDO,2026-06-09 10:00:00+00:00,2026-06-09 14:00:00+00:00,1,0.3634,0.357949,-149.99999999999903,-161.49999999999903,SL,6
ONDO,2026-06-09 17:00:00+00:00,2026-06-09 17:00:00+00:00,1,0.3511,0.3563665,149.99999999999903,138.49999999999903,TP,6
ONDO,2026-06-10 05:00:00+00:00,2026-06-10 06:00:00+00:00,1,0.3493,0.3440605,-150.00000000000014,-161.50000000000014,SL,6
ONDO,2026-06-10 12:00:00+00:00,2026-06-10 12:00:00+00:00,1,0.3407,0.34581049999999997,149.99999999999903,138.49999999999903,TP,6
ONDO,2026-06-10 20:00:00+00:00,2026-06-10 21:00:00+00:00,1,0.3344,0.32938399999999995,-150.00000000000014,-161.50000000000014,SL,6
ONDO,2026-06-10 22:00:00+00:00,2026-06-10 23:00:00+00:00,1,0.3292,0.33413799999999994,149.99999999999903,138.49999999999903,TP,6
ONDO,2026-06-12 07:00:00+00:00,2026-06-12 08:00:00+00:00,1,0.3556,0.360934,149.99999999999903,138.49999999999903,TP,6
ONDO,2026-06-15 20:00:00+00:00,2026-06-15 22:00:00+00:00,1,0.3753,0.3696705,-150.00000000000014,-161.50000000000014,SL,6
ONDO,2026-06-16 15:00:00+00:00,2026-06-16 20:00:00+00:00,1,0.3701,0.37565149999999997,149.99999999999903,138.49999999999903,TP,6
ONDO,2026-06-17 09:00:00+00:00,2026-06-17 12:00:00+00:00,1,0.3677,0.3732155,149.99999999999903,138.49999999999903,TP,6
ONDO,2026-06-17 20:00:00+00:00,2026-06-17 21:00:00+00:00,1,0.3666,0.36110099999999995,-150.00000000000125,-161.50000000000125,SL,6
ONDO,2026-06-17 22:00:00+00:00,2026-06-17 22:00:00+00:00,1,0.3632,0.357752,-150.00000000000014,-161.50000000000014,SL,6
ONDO,2026-06-17 23:00:00+00:00,2026-06-18 00:00:00+00:00,1,0.3626,0.36803899999999995,149.99999999999903,138.49999999999903,TP,6
ONDO,2026-06-18 18:00:00+00:00,2026-06-18 18:00:00+00:00,1,0.3577,0.3523345,-150.00000000000014,-161.50000000000014,SL,6
ONDO,2026-06-18 19:00:00+00:00,2026-06-18 19:00:00+00:00,1,0.3516,0.35687399999999997,149.99999999999903,138.49999999999903,TP,6
ONDO,2026-06-22 00:00:00+00:00,2026-06-22 00:00:00+00:00,1,0.3296,0.33454399999999995,149.99999999999903,138.49999999999903,TP,6
ONDO,2026-06-22 18:00:00+00:00,2026-06-22 22:00:00+00:00,1,0.3318,0.326823,-150.00000000000014,-161.50000000000014,SL,6
ONDO,2026-06-23 06:00:00+00:00,2026-06-23 06:00:00+00:00,1,0.3179,0.3131315,-150.00000000000014,-161.50000000000014,SL,6
ONDO,2026-06-23 07:00:00+00:00,2026-06-23 08:00:00+00:00,1,0.3138,0.309093,-150.00000000000014,-161.50000000000014,SL,6
ONDO,2026-06-25 12:00:00+00:00,2026-06-25 13:00:00+00:00,1,0.3124,0.307714,-150.00000000000125,-161.50000000000125,SL,6
ONDO,2026-06-26 02:00:00+00:00,2026-06-26 02:00:00+00:00,1,0.3085,0.3038725,-150.00000000000014,-161.50000000000014,SL,6
ONDO,2026-06-26 12:00:00+00:00,2026-06-26 12:00:00+00:00,1,0.3064,0.310996,149.99999999999903,138.49999999999903,TP,6
ONDO,2026-06-27 20:00:00+00:00,2026-06-28 04:00:00+00:00,1,0.3118,0.3091,-86.59397049390782,-98.09397049390782,TIME,6
ONDO,2026-06-30 04:00:00+00:00,2026-06-30 05:00:00+00:00,1,0.3117,0.3163754999999999,149.99999999999903,138.49999999999903,TP,6
ONDO,2026-07-07 02:00:00+00:00,2026-07-07 03:00:00+00:00,1,0.3333,0.3283005,-150.00000000000014,-161.50000000000014,SL,7
ONDO,2026-07-07 22:00:00+00:00,2026-07-08 00:00:00+00:00,1,0.3273,0.33220949999999994,149.99999999999903,138.49999999999903,TP,7
ONDO,2026-07-08 05:00:00+00:00,2026-07-08 06:00:00+00:00,1,0.3245,0.3196325,-150.00000000000125,-161.50000000000125,SL,7
ONDO,2026-07-08 09:00:00+00:00,2026-07-08 14:00:00+00:00,1,0.3162,0.311457,-150.00000000000014,-161.50000000000014,SL,7
ONDO,2026-07-13 19:00:00+00:00,2026-07-14 03:00:00+00:00,1,0.3115,0.3068275,-150.00000000000125,-161.50000000000125,SL,7
ONDO,2026-07-27 15:00:00+00:00,2026-07-27 16:00:00+00:00,1,0.4027,0.40874049999999995,149.99999999999903,138.49999999999903,TP,7
ONDO,2026-07-28 01:00:00+00:00,2026-07-28 07:00:00+00:00,1,0.3897,0.39554549999999994,149.99999999999903,138.49999999999903,TP,7
ONDO,2026-08-03 04:00:00+00:00,2026-08-03 06:00:00+00:00,1,0.3719,0.3663215,-150.00000000000014,-161.50000000000014,SL,8
PUMP,2026-06-01 08:00:00+00:00,2026-06-01 12:00:00+00:00,1,0.00174,0.0017660999999999998,149.99999999999903,138.49999999999903,TP,6
PUMP,2026-06-01 15:00:00+00:00,2026-06-01 16:00:00+00:00,1,0.001714,0.0017397099999999998,149.99999999999903,138.49999999999903,TP,6
PUMP,2026-06-02 15:00:00+00:00,2026-06-02 15:00:00+00:00,1,0.001739,0.001712915,-150.00000000000125,-161.50000000000125,SL,6
PUMP,2026-06-02 16:00:00+00:00,2026-06-02 16:00:00+00:00,1,0.001699,0.0017244849999999998,149.99999999999903,138.49999999999903,TP,6
PUMP,2026-06-02 17:00:00+00:00,2026-06-02 18:00:00+00:00,1,0.001715,0.0016892749999999998,-150.00000000000014,-161.50000000000014,SL,6
PUMP,2026-06-02 23:00:00+00:00,2026-06-02 23:00:00+00:00,1,0.001636,0.00161146,-150.00000000000014,-161.50000000000014,SL,6
PUMP,2026-06-04 08:00:00+00:00,2026-06-04 09:00:00+00:00,1,0.001685,0.0016597250000000001,-150.00000000000014,-161.50000000000014,SL,6
PUMP,2026-06-04 10:00:00+00:00,2026-06-04 10:00:00+00:00,1,0.001678,0.00165283,-149.99999999999903,-161.49999999999903,SL,6
PUMP,2026-06-04 11:00:00+00:00,2026-06-04 11:00:00+00:00,1,0.001634,0.00165851,149.99999999999903,138.49999999999903,TP,6
PUMP,2026-06-05 04:00:00+00:00,2026-06-05 04:00:00+00:00,1,0.001587,0.001563195,-150.00000000000014,-161.50000000000014,SL,6
PUMP,2026-06-05 06:00:00+00:00,2026-06-05 06:00:00+00:00,1,0.001566,0.00154251,-149.99999999999903,-161.49999999999903,SL,6
PUMP,2026-06-05 07:00:00+00:00,2026-06-05 07:00:00+00:00,1,0.001497,0.001474545,-150.00000000000014,-161.50000000000014,SL,6
PUMP,2026-06-05 09:00:00+00:00,2026-06-05 09:00:00+00:00,1,0.001521,0.0015438149999999998,149.99999999999903,138.49999999999903,TP,6
PUMP,2026-06-05 12:00:00+00:00,2026-06-05 13:00:00+00:00,1,0.001514,0.00149129,-150.00000000000014,-161.50000000000014,SL,6
PUMP,2026-06-05 16:00:00+00:00,2026-06-05 16:00:00+00:00,1,0.001409,0.001387865,-150.00000000000014,-161.50000000000014,SL,6
PUMP,2026-06-05 19:00:00+00:00,2026-06-05 19:00:00+00:00,1,0.001367,0.0013464949999999999,-150.00000000000014,-161.50000000000014,SL,6
PUMP,2026-06-06 03:00:00+00:00,2026-06-06 04:00:00+00:00,1,0.001389,0.001368165,-150.00000000000014,-161.50000000000014,SL,6
PUMP,2026-06-06 05:00:00+00:00,2026-06-06 05:00:00+00:00,1,0.001325,0.001344875,149.99999999999903,138.49999999999903,TP,6
PUMP,2026-06-07 20:00:00+00:00,2026-06-07 21:00:00+00:00,1,0.001464,0.00148596,149.99999999999903,138.49999999999903,TP,6
PUMP,2026-06-09 01:00:00+00:00,2026-06-09 04:00:00+00:00,1,0.001553,0.0015762949999999997,149.99999999999903,138.49999999999903,TP,6
PUMP,2026-06-09 10:00:00+00:00,2026-06-09 14:00:00+00:00,1,0.001559,0.001535615,-150.00000000000125,-161.50000000000125,SL,6
PUMP,2026-06-09 17:00:00+00:00,2026-06-09 17:00:00+00:00,1,0.001505,0.001527575,149.99999999999903,138.49999999999903,TP,6
PUMP,2026-06-10 05:00:00+00:00,2026-06-10 06:00:00+00:00,1,0.001475,0.001452875,-150.00000000000014,-161.50000000000014,SL,6
PUMP,2026-06-10 12:00:00+00:00,2026-06-10 12:00:00+00:00,1,0.001445,0.001466675,149.99999999999903,138.49999999999903,TP,6
PUMP,2026-06-10 20:00:00+00:00,2026-06-10 21:00:00+00:00,1,0.001388,0.00136718,-150.00000000000014,-161.50000000000014,SL,6
PUMP,2026-06-10 22:00:00+00:00,2026-06-11 01:00:00+00:00,1,0.001365,0.0013854749999999997,149.99999999999903,138.49999999999903,TP,6
PUMP,2026-06-15 20:00:00+00:00,2026-06-15 22:00:00+00:00,1,0.001582,0.00155827,-150.00000000000014,-161.50000000000014,SL,6
PUMP,2026-06-16 15:00:00+00:00,2026-06-16 15:00:00+00:00,1,0.001508,0.00153062,149.99999999999903,138.49999999999903,TP,6
PUMP,2026-06-17 10:00:00+00:00,2026-06-17 12:00:00+00:00,1,0.001483,0.001460755,-150.00000000000014,-161.50000000000014,SL,6
PUMP,2026-06-17 20:00:00+00:00,2026-06-17 22:00:00+00:00,1,0.00147,0.00144795,-150.00000000000014,-161.50000000000014,SL,6
PUMP,2026-06-17 23:00:00+00:00,2026-06-18 01:00:00+00:00,1,0.001466,0.00148799,149.99999999999903,138.49999999999903,TP,6
PUMP,2026-06-18 16:00:00+00:00,2026-06-18 19:00:00+00:00,1,0.001409,0.001430135,149.99999999999903,138.49999999999903,TP,6
PUMP,2026-06-22 00:00:00+00:00,2026-06-22 00:00:00+00:00,1,0.001465,0.0014869749999999998,149.99999999999903,138.49999999999903,TP,6
PUMP,2026-06-23 08:00:00+00:00,2026-06-23 08:00:00+00:00,1,0.001409,0.001387865,-150.00000000000014,-161.50000000000014,SL,6
PUMP,2026-06-23 09:00:00+00:00,2026-06-23 13:00:00+00:00,1,0.001378,0.0013986699999999999,149.99999999999903,138.49999999999903,TP,6
PUMP,2026-06-24 16:00:00+00:00,2026-06-24 16:00:00+00:00,1,0.001291,0.0012716350000000001,-149.99999999999903,-161.49999999999903,SL,6
PUMP,2026-06-24 17:00:00+00:00,2026-06-24 17:00:00+00:00,1,0.001252,0.0012332200000000001,-149.99999999999903,-161.49999999999903,SL,6
PUMP,2026-06-24 18:00:00+00:00,2026-06-24 18:00:00+00:00,1,0.001235,0.001253525,149.99999999999903,138.49999999999903,TP,6
PUMP,2026-06-24 19:00:00+00:00,2026-06-24 19:00:00+00:00,1,0.001248,0.00122928,-150.00000000000014,-161.50000000000014,SL,6
PUMP,2026-06-25 12:00:00+00:00,2026-06-25 13:00:00+00:00,1,0.001264,0.00124504,-149.99999999999903,-161.49999999999903,SL,6
PUMP,2026-06-25 14:00:00+00:00,2026-06-25 14:00:00+00:00,1,0.001173,0.0011905949999999998,149.99999999999903,138.49999999999903,TP,6
PUMP,2026-06-25 15:00:00+00:00,2026-06-25 15:00:00+00:00,1,0.001203,0.0011849550000000001,-150.00000000000014,-161.50000000000014,SL,6
PUMP,2026-06-25 16:00:00+00:00,2026-06-25 16:00:00+00:00,1,0.001184,0.00116624,-149.99999999999903,-161.49999999999903,SL,6
PUMP,2026-06-25 17:00:00+00:00,2026-06-25 17:00:00+00:00,1,0.00116,0.0011773999999999999,149.99999999999903,138.49999999999903,TP,6
PUMP,2026-06-27 20:00:00+00:00,2026-06-27 20:00:00+00:00,1,0.001359,0.001379385,149.99999999999903,138.49999999999903,TP,6
PUMP,2026-06-30 04:00:00+00:00,2026-06-30 08:00:00+00:00,1,0.001466,0.0014440100000000001,-150.00000000000014,-161.50000000000014,SL,6
PUMP,2026-06-30 13:00:00+00:00,2026-06-30 13:00:00+00:00,1,0.00139,0.0014108499999999997,149.99999999999903,138.49999999999903,TP,6
PUMP,2026-06-30 14:00:00+00:00,2026-06-30 14:00:00+00:00,1,0.001392,0.0014128799999999998,149.99999999999903,138.49999999999903,TP,6
PUMP,2026-06-30 15:00:00+00:00,2026-06-30 15:00:00+00:00,1,0.001401,0.0014220149999999998,149.99999999999903,138.49999999999903,TP,6
PUMP,2026-07-02 02:00:00+00:00,2026-07-02 02:00:00+00:00,1,0.001412,0.0014331799999999998,149.99999999999903,138.49999999999903,TP,7
PUMP,2026-07-07 06:00:00+00:00,2026-07-07 06:00:00+00:00,1,0.00161,0.00163415,149.99999999999903,138.49999999999903,TP,7
PUMP,2026-07-08 05:00:00+00:00,2026-07-08 06:00:00+00:00,1,0.001548,0.0015247799999999999,-150.00000000000014,-161.50000000000014,SL,7
PUMP,2026-07-08 09:00:00+00:00,2026-07-08 09:00:00+00:00,1,0.001475,0.0014971249999999998,149.99999999999903,138.49999999999903,TP,7
PUMP,2026-07-10 18:00:00+00:00,2026-07-10 21:00:00+00:00,1,0.001448,0.0014697199999999999,149.99999999999903,138.49999999999903,TP,7
PUMP,2026-07-13 19:00:00+00:00,2026-07-13 19:00:00+00:00,1,0.001453,0.0014747949999999999,149.99999999999903,138.49999999999903,TP,7
PUMP,2026-07-20 07:00:00+00:00,2026-07-20 07:00:00+00:00,1,0.001977,0.002006655,149.99999999999903,138.49999999999903,TP,7
PUMP,2026-07-27 15:00:00+00:00,2026-07-27 15:00:00+00:00,1,0.002102,0.00213353,149.99999999999903,138.49999999999903,TP,7
PUMP,2026-07-28 01:00:00+00:00,2026-07-28 02:00:00+00:00,1,0.002058,0.00202713,-150.00000000000014,-161.50000000000014,SL,7
RENDER,2026-06-01 08:00:00+00:00,2026-06-01 12:00:00+00:00,1,2.038,2.00743,-150.00000000000014,-161.50000000000014,SL,6
RENDER,2026-06-01 14:00:00+00:00,2026-06-01 14:00:00+00:00,1,1.99,1.96015,-150.00000000000014,-161.50000000000014,SL,6
RENDER,2026-06-01 15:00:00+00:00,2026-06-01 15:00:00+00:00,1,1.965,1.994475,149.99999999999903,138.49999999999903,TP,6
RENDER,2026-06-02 08:00:00+00:00,2026-06-02 10:00:00+00:00,1,2.16,2.1924,149.99999999999903,138.49999999999903,TP,6
RENDER,2026-06-02 15:00:00+00:00,2026-06-02 15:00:00+00:00,1,2.111,2.0793350000000004,-149.99999999999903,-161.49999999999903,SL,6
RENDER,2026-06-02 16:00:00+00:00,2026-06-02 16:00:00+00:00,1,2.029,2.0594349999999997,149.99999999999903,138.49999999999903,TP,6
RENDER,2026-06-02 17:00:00+00:00,2026-06-02 17:00:00+00:00,1,2.081,2.112215,149.99999999999903,138.49999999999903,TP,6
RENDER,2026-06-03 16:00:00+00:00,2026-06-03 16:00:00+00:00,1,2.158,2.1256299999999997,-150.00000000000125,-161.50000000000125,SL,6
RENDER,2026-06-03 17:00:00+00:00,2026-06-03 17:00:00+00:00,1,2.154,2.12169,-149.99999999999903,-161.49999999999903,SL,6
RENDER,2026-06-03 18:00:00+00:00,2026-06-03 19:00:00+00:00,1,2.129,2.160935,149.99999999999903,138.49999999999903,TP,6
RENDER,2026-06-03 21:00:00+00:00,2026-06-03 21:00:00+00:00,1,2.088,2.11932,149.99999999999903,138.49999999999903,TP,6
RENDER,2026-06-04 03:00:00+00:00,2026-06-04 03:00:00+00:00,1,2.045,2.075675,149.99999999999903,138.49999999999903,TP,6
RENDER,2026-06-04 08:00:00+00:00,2026-06-04 08:00:00+00:00,1,1.927,1.898095,-150.00000000000014,-161.50000000000014,SL,6
RENDER,2026-06-04 09:00:00+00:00,2026-06-04 09:00:00+00:00,1,1.906,1.8774099999999998,-150.00000000000014,-161.50000000000014,SL,6
RENDER,2026-06-04 10:00:00+00:00,2026-06-04 10:00:00+00:00,1,1.88,1.8518,-150.00000000000014,-161.50000000000014,SL,6
RENDER,2026-06-04 11:00:00+00:00,2026-06-04 12:00:00+00:00,1,1.852,1.87978,149.99999999999903,138.49999999999903,TP,6
RENDER,2026-06-05 03:00:00+00:00,2026-06-05 04:00:00+00:00,1,1.775,1.8016249999999998,149.99999999999903,138.49999999999903,TP,6
RENDER,2026-06-05 06:00:00+00:00,2026-06-05 06:00:00+00:00,1,1.778,1.75133,-150.00000000000014,-161.50000000000014,SL,6
RENDER,2026-06-05 07:00:00+00:00,2026-06-05 07:00:00+00:00,1,1.721,1.6951850000000002,-149.99999999999903,-161.49999999999903,SL,6
RENDER,2026-06-05 09:00:00+00:00,2026-06-05 09:00:00+00:00,1,1.712,1.73768,149.99999999999903,138.49999999999903,TP,6
RENDER,2026-06-05 16:00:00+00:00,2026-06-05 16:00:00+00:00,1,1.625,1.600625,-150.00000000000014,-161.50000000000014,SL,6
RENDER,2026-06-05 19:00:00+00:00,2026-06-05 19:00:00+00:00,1,1.583,1.6067449999999999,149.99999999999903,138.49999999999903,TP,6
RENDER,2026-06-06 03:00:00+00:00,2026-06-06 04:00:00+00:00,1,1.637,1.612445,-150.00000000000014,-161.50000000000014,SL,6
RENDER,2026-06-06 05:00:00+00:00,2026-06-06 05:00:00+00:00,1,1.565,1.5884749999999999,149.99999999999903,138.49999999999903,TP,6
RENDER,2026-06-07 13:00:00+00:00,2026-06-07 14:00:00+00:00,1,1.642,1.6666299999999998,149.99999999999903,138.49999999999903,TP,6
RENDER,2026-06-07 20:00:00+00:00,2026-06-07 22:00:00+00:00,1,1.608,1.63212,149.99999999999903,138.49999999999903,TP,6
RENDER,2026-06-08 05:00:00+00:00,2026-06-08 06:00:00+00:00,1,1.632,1.6564799999999997,149.99999999999903,138.49999999999903,TP,6
RENDER,2026-06-09 01:00:00+00:00,2026-06-09 01:00:00+00:00,1,1.594,1.61791,149.99999999999903,138.49999999999903,TP,6
RENDER,2026-06-09 02:00:00+00:00,2026-06-09 05:00:00+00:00,1,1.61,1.63415,149.99999999999903,138.49999999999903,TP,6
RENDER,2026-06-09 17:00:00+00:00,2026-06-09 17:00:00+00:00,1,1.593,1.6168949999999997,149.99999999999903,138.49999999999903,TP,6
RENDER,2026-06-10 05:00:00+00:00,2026-06-10 09:00:00+00:00,1,1.583,1.5592549999999998,-150.00000000000125,-161.50000000000125,SL,6
RENDER,2026-06-10 12:00:00+00:00,2026-06-10 12:00:00+00:00,1,1.534,1.5570099999999998,149.99999999999903,138.49999999999903,TP,6
RENDER,2026-06-10 20:00:00+00:00,2026-06-10 21:00:00+00:00,1,1.527,1.504095,-150.00000000000014,-161.50000000000014,SL,6
RENDER,2026-06-10 22:00:00+00:00,2026-06-10 23:00:00+00:00,1,1.485,1.507275,149.99999999999903,138.49999999999903,TP,6
RENDER,2026-06-12 07:00:00+00:00,2026-06-12 08:00:00+00:00,1,1.609,1.6331349999999998,149.99999999999903,138.49999999999903,TP,6
RENDER,2026-06-15 20:00:00+00:00,2026-06-16 02:00:00+00:00,1,1.781,1.7542849999999999,-150.00000000000014,-161.50000000000014,SL,6
RENDER,2026-06-16 15:00:00+00:00,2026-06-16 18:00:00+00:00,1,1.72,1.7457999999999998,149.99999999999903,138.49999999999903,TP,6
RENDER,2026-06-17 09:00:00+00:00,2026-06-17 13:00:00+00:00,1,1.702,1.7275299999999998,149.99999999999903,138.49999999999903,TP,6
RENDER,2026-06-17 20:00:00+00:00,2026-06-17 22:00:00+00:00,1,1.668,1.6930199999999997,149.99999999999903,138.49999999999903,TP,6
RENDER,2026-06-18 18:00:00+00:00,2026-06-18 19:00:00+00:00,1,1.641,1.6656149999999998,149.99999999999903,138.49999999999903,TP,6
RENDER,2026-06-22 18:00:00+00:00,2026-06-22 21:00:00+00:00,1,1.675,1.649875,-150.00000000000014,-161.50000000000014,SL,6
RENDER,2026-06-23 08:00:00+00:00,2026-06-23 08:00:00+00:00,1,1.572,1.5484200000000001,-149.99999999999903,-161.49999999999903,SL,6
RENDER,2026-06-23 09:00:00+00:00,2026-06-23 13:00:00+00:00,1,1.551,1.5742649999999998,149.99999999999903,138.49999999999903,TP,6
RENDER,2026-06-25 12:00:00+00:00,2026-06-25 12:00:00+00:00,1,1.544,1.5671599999999999,149.99999999999903,138.49999999999903,TP,6
RENDER,2026-06-26 02:00:00+00:00,2026-06-26 02:00:00+00:00,1,1.495,1.4725750000000002,-149.99999999999903,-161.49999999999903,SL,6
RENDER,2026-06-26 03:00:00+00:00,2026-06-26 03:00:00+00:00,1,1.463,1.484945,149.99999999999903,138.49999999999903,TP,6
RENDER,2026-06-30 13:00:00+00:00,2026-06-30 13:00:00+00:00,1,1.49,1.5123499999999999,149.99999999999903,138.49999999999903,TP,6
RENDER,2026-07-06 15:00:00+00:00,2026-07-06 15:00:00+00:00,1,1.571,1.5945649999999998,149.99999999999903,138.49999999999903,TP,7
RENDER,2026-07-07 06:00:00+00:00,2026-07-07 10:00:00+00:00,1,1.591,1.6148649999999998,149.99999999999903,138.49999999999903,TP,7
RENDER,2026-07-07 22:00:00+00:00,2026-07-08 01:00:00+00:00,1,1.57,1.54645,-150.00000000000014,-161.50000000000014,SL,7
RENDER,2026-07-13 19:00:00+00:00,2026-07-14 03:00:00+00:00,1,1.49,1.484,-40.268456375839314,-51.768456375839314,TIME,7
RENDER,2026-07-27 15:00:00+00:00,2026-07-27 22:00:00+00:00,1,1.459,1.4371150000000001,-149.99999999999903,-161.49999999999903,SL,7
RENDER,2026-08-03 04:00:00+00:00,2026-08-03 12:00:00+00:00,1,1.361,1.354,-51.43277002204183,-62.93277002204183,TIME,8
SOL,2026-06-01 08:00:00+00:00,2026-06-01 13:00:00+00:00,1,80.68,79.4698,-150.00000000000014,-161.50000000000014,SL,6
SOL,2026-06-02 23:00:00+00:00,2026-06-03 00:00:00+00:00,1,73.64,74.74459999999999,149.99999999999903,138.49999999999903,TP,6
SOL,2026-06-03 16:00:00+00:00,2026-06-03 16:00:00+00:00,1,73.25,72.15125,-149.99999999999903,-161.49999999999903,SL,6
SOL,2026-06-03 17:00:00+00:00,2026-06-03 19:00:00+00:00,1,72.97,71.87545,-150.00000000000014,-161.50000000000014,SL,6
SOL,2026-06-03 21:00:00+00:00,2026-06-03 21:00:00+00:00,1,71.16,72.22739999999999,149.99999999999903,138.49999999999903,TP,6
SOL,2026-06-04 08:00:00+00:00,2026-06-04 09:00:00+00:00,1,69.12,68.0832,-150.00000000000014,-161.50000000000014,SL,6
SOL,2026-06-04 10:00:00+00:00,2026-06-04 10:00:00+00:00,1,68.74,67.7089,-149.99999999999903,-161.49999999999903,SL,6
SOL,2026-06-04 18:00:00+00:00,2026-06-04 21:00:00+00:00,1,69.25,68.21124999999999,-150.00000000000125,-161.50000000000125,SL,6
SOL,2026-06-05 06:00:00+00:00,2026-06-05 06:00:00+00:00,1,66.05,65.05924999999999,-150.00000000000125,-161.50000000000125,SL,6
SOL,2026-06-05 07:00:00+00:00,2026-06-05 07:00:00+00:00,1,64.96,63.98559999999999,-150.00000000000014,-161.50000000000014,SL,6
SOL,2026-06-05 09:00:00+00:00,2026-06-05 09:00:00+00:00,1,65.25,66.22874999999999,149.99999999999903,138.49999999999903,TP,6
SOL,2026-06-06 05:00:00+00:00,2026-06-06 05:00:00+00:00,1,60.75,61.661249999999995,149.99999999999903,138.49999999999903,TP,6
SOL,2026-06-07 13:00:00+00:00,2026-06-07 14:00:00+00:00,1,64.24,65.2036,149.99999999999903,138.49999999999903,TP,6
SOL,2026-06-09 01:00:00+00:00,2026-06-09 04:00:00+00:00,1,65.35,66.33024999999999,149.99999999999903,138.49999999999903,TP,6
SOL,2026-06-09 10:00:00+00:00,2026-06-09 14:00:00+00:00,1,66.15,65.15775000000001,-150.00000000000014,-161.50000000000014,SL,6
SOL,2026-06-09 17:00:00+00:00,2026-06-09 17:00:00+00:00,1,64.07,65.03105,149.99999999999903,138.49999999999903,TP,6
SOL,2026-06-10 12:00:00+00:00,2026-06-10 12:00:00+00:00,1,63.48,64.4322,149.99999999999903,138.49999999999903,TP,6
SOL,2026-06-10 20:00:00+00:00,2026-06-10 21:00:00+00:00,1,63.56,62.6066,-150.00000000000014,-161.50000000000014,SL,6
SOL,2026-06-10 22:00:00+00:00,2026-06-11 00:00:00+00:00,1,62.54,63.47809999999999,149.99999999999903,138.49999999999903,TP,6
SOL,2026-06-16 15:00:00+00:00,2026-06-16 18:00:00+00:00,1,72.9,73.9935,149.99999999999903,138.49999999999903,TP,6
SOL,2026-06-17 12:00:00+00:00,2026-06-17 15:00:00+00:00,1,71.99,73.06984999999999,149.99999999999903,138.49999999999903,TP,6
SOL,2026-06-18 18:00:00+00:00,2026-06-18 20:00:00+00:00,1,68.64,69.66959999999999,149.99999999999903,138.49999999999903,TP,6
SOL,2026-06-22 00:00:00+00:00,2026-06-22 00:00:00+00:00,1,72.43,73.51645,149.99999999999903,138.49999999999903,TP,6
SOL,2026-06-22 18:00:00+00:00,2026-06-22 22:00:00+00:00,1,73.24,72.14139999999999,-150.00000000000014,-161.50000000000014,SL,6
SOL,2026-06-23 08:00:00+00:00,2026-06-23 08:00:00+00:00,1,69.96,68.91059999999999,-150.00000000000125,-161.50000000000125,SL,6
SOL,2026-06-23 09:00:00+00:00,2026-06-23 17:00:00+00:00,1,68.67,68.72,7.2811999417510265,-4.2188000582489735,TIME,6
SOL,2026-06-24 18:00:00+00:00,2026-06-24 18:00:00+00:00,1,64.97,65.94454999999999,149.99999999999903,138.49999999999903,TP,6
SOL,2026-06-24 19:00:00+00:00,2026-06-24 20:00:00+00:00,1,66.0,66.99,149.99999999999903,138.49999999999903,TP,6
SOL,2026-06-25 12:00:00+00:00,2026-06-25 13:00:00+00:00,1,68.16,67.13759999999999,-150.00000000000014,-161.50000000000014,SL,6
SOL,2026-06-26 12:00:00+00:00,2026-06-26 12:00:00+00:00,1,68.57,69.59854999999999,149.99999999999903,138.49999999999903,TP,6
SOL,2026-06-27 20:00:00+00:00,2026-06-28 04:00:00+00:00,1,71.05,70.73,-45.038705137225854,-56.538705137225854,TIME,6
SOL,2026-07-07 22:00:00+00:00,2026-07-08 01:00:00+00:00,1,80.71,79.49934999999999,-150.00000000000014,-161.50000000000014,SL,7
SOL,2026-07-08 05:00:00+00:00,2026-07-08 08:00:00+00:00,1,78.61,77.43084999999999,-150.00000000000125,-161.50000000000125,SL,7
SOL,2026-07-10 18:00:00+00:00,2026-07-11 02:00:00+00:00,1,77.55,77.73,23.21083172147187,11.71083172147187,TIME,7
SUI,2026-06-01 08:00:00+00:00,2026-06-01 13:00:00+00:00,1,0.8746,0.861481,-150.00000000000014,-161.50000000000014,SL,6
SUI,2026-06-02 07:00:00+00:00,2026-06-02 09:00:00+00:00,1,0.8542,0.841387,-149.99999999999903,-161.49999999999903,SL,6
SUI,2026-06-02 23:00:00+00:00,2026-06-02 23:00:00+00:00,1,0.8049,0.7928265,-149.99999999999903,-161.49999999999903,SL,6
SUI,2026-06-04 03:00:00+00:00,2026-06-04 03:00:00+00:00,1,0.7929,0.8047934999999999,149.99999999999903,138.49999999999903,TP,6
SUI,2026-06-04 08:00:00+00:00,2026-06-04 09:00:00+00:00,1,0.7853,0.7735204999999999,-150.00000000000014,-161.50000000000014,SL,6
SUI,2026-06-04 10:00:00+00:00,2026-06-04 10:00:00+00:00,1,0.7763,0.7646554999999999,-150.00000000000125,-161.50000000000125,SL,6
SUI,2026-06-04 11:00:00+00:00,2026-06-04 12:00:00+00:00,1,0.7633,0.7747494999999999,149.99999999999903,138.49999999999903,TP,6
SUI,2026-06-04 18:00:00+00:00,2026-06-04 21:00:00+00:00,1,0.7812,0.769482,-150.00000000000014,-161.50000000000014,SL,6
SUI,2026-06-05 03:00:00+00:00,2026-06-05 04:00:00+00:00,1,0.7353,0.7463294999999999,149.99999999999903,138.49999999999903,TP,6
SUI,2026-06-05 06:00:00+00:00,2026-06-05 06:00:00+00:00,1,0.7236,0.712746,-150.00000000000014,-161.50000000000014,SL,6
SUI,2026-06-05 07:00:00+00:00,2026-06-05 07:00:00+00:00,1,0.7002,0.689697,-150.00000000000014,-161.50000000000014,SL,6
SUI,2026-06-05 09:00:00+00:00,2026-06-05 09:00:00+00:00,1,0.7,0.7104999999999999,149.99999999999903,138.49999999999903,TP,6
SUI,2026-06-06 03:00:00+00:00,2026-06-06 04:00:00+00:00,1,0.6965,0.6860525,-150.00000000000125,-161.50000000000125,SL,6
SUI,2026-06-06 05:00:00+00:00,2026-06-06 05:00:00+00:00,1,0.6696,0.6796439999999999,149.99999999999903,138.49999999999903,TP,6
SUI,2026-06-07 13:00:00+00:00,2026-06-07 14:00:00+00:00,1,0.7402,0.7513029999999999,149.99999999999903,138.49999999999903,TP,6
SUI,2026-06-08 05:00:00+00:00,2026-06-08 07:00:00+00:00,1,0.739,0.7500849999999999,149.99999999999903,138.49999999999903,TP,6
SUI,2026-06-09 01:00:00+00:00,2026-06-09 01:00:00+00:00,1,0.7326,0.7435889999999999,149.99999999999903,138.49999999999903,TP,6
SUI,2026-06-09 02:00:00+00:00,2026-06-09 04:00:00+00:00,1,0.7431,0.7542464999999999,149.99999999999903,138.49999999999903,TP,6
SUI,2026-06-09 10:00:00+00:00,2026-06-09 12:00:00+00:00,1,0.7453,0.7564794999999999,149.99999999999903,138.49999999999903,TP,6
SUI,2026-06-10 05:00:00+00:00,2026-06-10 07:00:00+00:00,1,0.739,0.7500849999999999,149.99999999999903,138.49999999999903,TP,6
SUI,2026-06-10 12:00:00+00:00,2026-06-10 12:00:00+00:00,1,0.7377,0.7487655,149.99999999999903,138.49999999999903,TP,6
SUI,2026-06-10 20:00:00+00:00,2026-06-10 21:00:00+00:00,1,0.7334,0.722399,-150.00000000000014,-161.50000000000014,SL,6
SUI,2026-06-10 22:00:00+00:00,2026-06-11 00:00:00+00:00,1,0.7178,0.728567,149.99999999999903,138.49999999999903,TP,6
SUI,2026-06-15 20:00:00+00:00,2026-06-15 22:00:00+00:00,1,0.8027,0.7906595,-150.00000000000014,-161.50000000000014,SL,6
SUI,2026-06-16 15:00:00+00:00,2026-06-16 18:00:00+00:00,1,0.7798,0.791497,149.99999999999903,138.49999999999903,TP,6
SUI,2026-06-17 09:00:00+00:00,2026-06-17 15:00:00+00:00,1,0.7891,0.8009364999999999,149.99999999999903,138.49999999999903,TP,6
SUI,2026-06-17 20:00:00+00:00,2026-06-17 22:00:00+00:00,1,0.7732,0.761602,-150.00000000000014,-161.50000000000014,SL,6
SUI,2026-06-17 23:00:00+00:00,2026-06-18 04:00:00+00:00,1,0.7689,0.7573665,-150.00000000000014,-161.50000000000014,SL,6
SUI,2026-06-18 16:00:00+00:00,2026-06-18 18:00:00+00:00,1,0.7091,0.7197364999999999,149.99999999999903,138.49999999999903,TP,6
SUI,2026-06-18 19:00:00+00:00,2026-06-18 23:00:00+00:00,1,0.7181,0.7288714999999999,149.99999999999903,138.49999999999903,TP,6
SUI,2026-06-22 00:00:00+00:00,2026-06-22 00:00:00+00:00,1,0.6935,0.7039025,149.99999999999903,138.49999999999903,TP,6
SUI,2026-06-22 18:00:00+00:00,2026-06-23 02:00:00+00:00,1,0.7207,0.7251,61.05175523796191,49.55175523796191,TIME,6
SUI,2026-06-23 07:00:00+00:00,2026-06-23 08:00:00+00:00,1,0.6902,0.679847,-150.00000000000125,-161.50000000000125,SL,6
SUI,2026-06-23 09:00:00+00:00,2026-06-23 10:00:00+00:00,1,0.6827,0.6929405,149.99999999999903,138.49999999999903,TP,6
SUI,2026-06-25 12:00:00+00:00,2026-06-25 13:00:00+00:00,1,0.6889,0.6785665,-150.00000000000014,-161.50000000000014,SL,6
SUI,2026-06-26 12:00:00+00:00,2026-06-26 13:00:00+00:00,1,0.6756,0.685734,149.99999999999903,138.49999999999903,TP,6
SUI,2026-06-27 20:00:00+00:00,2026-06-28 04:00:00+00:00,1,0.6856,0.6835,-30.63010501750285,-42.13010501750285,TIME,6
SUI,2026-07-07 02:00:00+00:00,2026-07-07 02:00:00+00:00,1,0.7448,0.7336280000000001,-149.99999999999903,-161.49999999999903,SL,7
SUI,2026-07-07 03:00:00+00:00,2026-07-07 11:00:00+00:00,1,0.7348,0.7397,66.68481219379352,55.18481219379352,TIME,7
SUI,2026-07-07 22:00:00+00:00,2026-07-08 02:00:00+00:00,1,0.7236,0.712746,-150.00000000000014,-161.50000000000014,SL,7
SUI,2026-07-08 05:00:00+00:00,2026-07-08 08:00:00+00:00,1,0.7143,0.7035855000000001,-149.99999999999903,-161.49999999999903,SL,7
SUI,2026-07-13 19:00:00+00:00,2026-07-14 01:00:00+00:00,1,0.7162,0.7269429999999999,149.99999999999903,138.49999999999903,TP,7
SUI,2026-07-16 10:00:00+00:00,2026-07-16 14:00:00+00:00,1,0.7398,0.7508969999999999,149.99999999999903,138.49999999999903,TP,7
SUI,2026-07-23 14:00:00+00:00,2026-07-23 15:00:00+00:00,1,0.7533,0.7420005,-150.00000000000014,-161.50000000000014,SL,7
SUI,2026-07-24 15:00:00+00:00,2026-07-24 23:00:00+00:00,1,0.7172,0.7106,-92.02453987730009,-103.52453987730009,TIME,7
SUI,2026-07-27 15:00:00+00:00,2026-07-27 22:00:00+00:00,1,0.7002,0.689697,-150.00000000000014,-161.50000000000014,SL,7
SUI,2026-07-27 23:00:00+00:00,2026-07-28 07:00:00+00:00,1,0.6777,0.6808,45.74295410948892,34.24295410948892,TIME,7
TAO,2026-06-01 08:00:00+00:00,2026-06-01 13:00:00+00:00,1,248.98,245.2453,-150.00000000000014,-161.50000000000014,SL,6
TAO,2026-06-02 10:00:00+00:00,2026-06-02 10:00:00+00:00,1,246.59,250.28884999999997,149.99999999999903,138.49999999999903,TP,6
TAO,2026-06-02 23:00:00+00:00,2026-06-02 23:00:00+00:00,1,226.44,223.0434,-150.00000000000014,-161.50000000000014,SL,6
TAO,2026-06-04 03:00:00+00:00,2026-06-04 03:00:00+00:00,1,216.91,220.16364999999996,149.99999999999903,138.49999999999903,TP,6
TAO,2026-06-04 08:00:00+00:00,2026-06-04 08:00:00+00:00,1,215.41,218.64114999999998,149.99999999999903,138.49999999999903,TP,6
TAO,2026-06-04 10:00:00+00:00,2026-06-04 11:00:00+00:00,1,214.16,210.9476,-150.00000000000014,-161.50000000000014,SL,6
TAO,2026-06-05 04:00:00+00:00,2026-06-05 04:00:00+00:00,1,203.54,206.59309999999996,149.99999999999903,138.49999999999903,TP,6
TAO,2026-06-05 06:00:00+00:00,2026-06-05 06:00:00+00:00,1,201.2,198.182,-150.00000000000014,-161.50000000000014,SL,6
TAO,2026-06-05 07:00:00+00:00,2026-06-05 07:00:00+00:00,1,198.56,195.5816,-150.00000000000014,-161.50000000000014,SL,6
TAO,2026-06-05 09:00:00+00:00,2026-06-05 09:00:00+00:00,1,198.36,201.3354,149.99999999999903,138.49999999999903,TP,6
TAO,2026-06-05 12:00:00+00:00,2026-06-05 12:00:00+00:00,1,196.54,199.48809999999997,149.99999999999903,138.49999999999903,TP,6
TAO,2026-06-06 03:00:00+00:00,2026-06-06 04:00:00+00:00,1,193.11,190.21335000000002,-150.00000000000014,-161.50000000000014,SL,6
TAO,2026-06-06 05:00:00+00:00,2026-06-06 05:00:00+00:00,1,186.45,189.24674999999996,149.99999999999903,138.49999999999903,TP,6
TAO,2026-06-07 13:00:00+00:00,2026-06-07 14:00:00+00:00,1,206.82,209.92229999999998,149.99999999999903,138.49999999999903,TP,6
TAO,2026-06-07 20:00:00+00:00,2026-06-07 20:00:00+00:00,1,204.19,207.25284999999997,149.99999999999903,138.49999999999903,TP,6
TAO,2026-06-08 05:00:00+00:00,2026-06-08 09:00:00+00:00,1,209.13,212.26694999999998,149.99999999999903,138.49999999999903,TP,6
TAO,2026-06-09 01:00:00+00:00,2026-06-09 04:00:00+00:00,1,210.31,213.46464999999998,149.99999999999903,138.49999999999903,TP,6
TAO,2026-06-09 10:00:00+00:00,2026-06-09 14:00:00+00:00,1,214.21,210.99685,-150.00000000000014,-161.50000000000014,SL,6
TAO,2026-06-09 17:00:00+00:00,2026-06-09 17:00:00+00:00,1,206.9,210.00349999999997,149.99999999999903,138.49999999999903,TP,6
TAO,2026-06-10 05:00:00+00:00,2026-06-10 09:00:00+00:00,1,206.49,203.39265,-150.00000000000014,-161.50000000000014,SL,6
TAO,2026-06-10 20:00:00+00:00,2026-06-10 21:00:00+00:00,1,202.31,199.27535,-150.00000000000014,-161.50000000000014,SL,6
TAO,2026-06-10 22:00:00+00:00,2026-06-11 00:00:00+00:00,1,198.68,201.66019999999997,149.99999999999903,138.49999999999903,TP,6
TAO,2026-06-12 07:00:00+00:00,2026-06-12 08:00:00+00:00,1,209.39,212.53084999999996,149.99999999999903,138.49999999999903,TP,6
TAO,2026-06-15 20:00:00+00:00,2026-06-15 21:00:00+00:00,1,269.12,265.0832,-150.00000000000125,-161.50000000000125,SL,6
TAO,2026-06-16 15:00:00+00:00,2026-06-16 19:00:00+00:00,1,253.83,250.02255,-150.00000000000014,-161.50000000000014,SL,6
TAO,2026-06-17 10:00:00+00:00,2026-06-17 13:00:00+00:00,1,252.44,256.22659999999996,149.99999999999903,138.49999999999903,TP,6
TAO,2026-06-17 20:00:00+00:00,2026-06-17 21:00:00+00:00,1,246.34,242.6449,-150.00000000000014,-161.50000000000014,SL,6
TAO,2026-06-17 22:00:00+00:00,2026-06-17 23:00:00+00:00,1,243.8,247.457,149.99999999999903,138.49999999999903,TP,6
TAO,2026-06-18 18:00:00+00:00,2026-06-18 19:00:00+00:00,1,230.96,234.4244,149.99999999999903,138.49999999999903,TP,6
TAO,2026-06-22 00:00:00+00:00,2026-06-22 00:00:00+00:00,1,228.66,232.08989999999997,149.99999999999903,138.49999999999903,TP,6
TAO,2026-06-23 10:00:00+00:00,2026-06-23 14:00:00+00:00,1,218.42,215.1437,-150.00000000000014,-161.50000000000014,SL,6
TAO,2026-06-25 12:00:00+00:00,2026-06-25 13:00:00+00:00,1,217.97,214.70045,-150.00000000000014,-161.50000000000014,SL,6
TAO,2026-06-26 11:00:00+00:00,2026-06-26 13:00:00+00:00,1,209.64,212.78459999999995,149.99999999999903,138.49999999999903,TP,6
TAO,2026-06-27 20:00:00+00:00,2026-06-28 04:00:00+00:00,1,209.23,208.44,-37.757491755483485,-49.257491755483485,TIME,6
TAO,2026-07-06 15:00:00+00:00,2026-07-06 15:00:00+00:00,1,208.7,211.83049999999997,149.99999999999903,138.49999999999903,TP,7
TAO,2026-07-07 02:00:00+00:00,2026-07-07 03:00:00+00:00,1,214.14,210.9279,-150.00000000000014,-161.50000000000014,SL,7
TAO,2026-07-08 05:00:00+00:00,2026-07-08 08:00:00+00:00,1,208.29,205.16565,-150.00000000000014,-161.50000000000014,SL,7
TAO,2026-07-13 19:00:00+00:00,2026-07-14 01:00:00+00:00,1,198.57,201.54854999999998,149.99999999999903,138.49999999999903,TP,7
TAO,2026-07-16 10:00:00+00:00,2026-07-16 14:00:00+00:00,1,194.83,197.75244999999998,149.99999999999903,138.49999999999903,TP,7
TAO,2026-07-27 15:00:00+00:00,2026-07-27 22:00:00+00:00,1,194.6,191.68099999999998,-150.00000000000014,-161.50000000000014,SL,7
TAO,2026-07-28 00:00:00+00:00,2026-07-28 01:00:00+00:00,1,187.45,184.63825,-149.99999999999903,-161.49999999999903,SL,7
TAO,2026-07-31 10:00:00+00:00,2026-07-31 14:00:00+00:00,1,193.02,190.12470000000002,-149.99999999999903,-161.49999999999903,SL,7
UNI,2026-06-01 08:00:00+00:00,2026-06-01 13:00:00+00:00,1,2.958,2.91363,-150.00000000000125,-161.50000000000125,SL,6
UNI,2026-06-02 08:00:00+00:00,2026-06-02 14:00:00+00:00,1,2.907,2.863395,-150.00000000000014,-161.50000000000014,SL,6
UNI,2026-06-02 23:00:00+00:00,2026-06-03 00:00:00+00:00,1,2.766,2.8074899999999996,149.99999999999903,138.49999999999903,TP,6
UNI,2026-06-03 18:00:00+00:00,2026-06-03 20:00:00+00:00,1,2.847,2.8042949999999998,-150.00000000000125,-161.50000000000125,SL,6
UNI,2026-06-03 21:00:00+00:00,2026-06-03 21:00:00+00:00,1,2.78,2.8216999999999994,149.99999999999903,138.49999999999903,TP,6
UNI,2026-06-04 03:00:00+00:00,2026-06-04 03:00:00+00:00,1,2.691,2.7313649999999994,149.99999999999903,138.49999999999903,TP,6
UNI,2026-06-04 08:00:00+00:00,2026-06-04 09:00:00+00:00,1,2.672,2.63192,-150.00000000000014,-161.50000000000014,SL,6
UNI,2026-06-04 10:00:00+00:00,2026-06-04 11:00:00+00:00,1,2.649,2.609265,-149.99999999999903,-161.49999999999903,SL,6
UNI,2026-06-05 03:00:00+00:00,2026-06-05 04:00:00+00:00,1,2.573,2.611595,149.99999999999903,138.49999999999903,TP,6
UNI,2026-06-05 06:00:00+00:00,2026-06-05 06:00:00+00:00,1,2.521,2.4831849999999998,-150.00000000000014,-161.50000000000014,SL,6
UNI,2026-06-05 07:00:00+00:00,2026-06-05 07:00:00+00:00,1,2.495,2.532425,149.99999999999903,138.49999999999903,TP,6
UNI,2026-06-05 09:00:00+00:00,2026-06-05 09:00:00+00:00,1,2.519,2.556785,149.99999999999903,138.49999999999903,TP,6
UNI,2026-06-06 03:00:00+00:00,2026-06-06 04:00:00+00:00,1,2.426,2.3896100000000002,-150.00000000000014,-161.50000000000014,SL,6
UNI,2026-06-06 05:00:00+00:00,2026-06-06 05:00:00+00:00,1,2.336,2.37104,149.99999999999903,138.49999999999903,TP,6
UNI,2026-06-07 13:00:00+00:00,2026-06-07 21:00:00+00:00,1,2.512,2.5,-47.77070063694322,-59.27070063694322,TIME,6
UNI,2026-06-09 01:00:00+00:00,2026-06-09 04:00:00+00:00,1,2.465,2.5019749999999994,149.99999999999903,138.49999999999903,TP,6
UNI,2026-06-10 05:00:00+00:00,2026-06-10 13:00:00+00:00,1,2.446,2.48269,149.99999999999903,138.49999999999903,TP,6
UNI,2026-06-10 20:00:00+00:00,2026-06-11 01:00:00+00:00,1,2.398,2.43397,149.99999999999903,138.49999999999903,TP,6
UNI,2026-06-15 20:00:00+00:00,2026-06-15 21:00:00+00:00,1,2.685,2.725275,149.99999999999903,138.49999999999903,TP,6
UNI,2026-06-16 15:00:00+00:00,2026-06-16 15:00:00+00:00,1,2.959,3.0033849999999997,149.99999999999903,138.49999999999903,TP,6
UNI,2026-06-17 11:00:00+00:00,2026-06-17 11:00:00+00:00,1,3.526,3.4731099999999997,-150.00000000000014,-161.50000000000014,SL,6
UNI,2026-06-17 12:00:00+00:00,2026-06-17 12:00:00+00:00,1,3.245,3.293675,149.99999999999903,138.49999999999903,TP,6
UNI,2026-06-17 20:00:00+00:00,2026-06-17 20:00:00+00:00,1,3.195,3.2429249999999996,149.99999999999903,138.49999999999903,TP,6
UNI,2026-06-18 17:00:00+00:00,2026-06-18 19:00:00+00:00,1,2.955,2.999325,149.99999999999903,138.49999999999903,TP,6
UNI,2026-06-22 00:00:00+00:00,2026-06-22 00:00:00+00:00,1,2.983,3.027745,149.99999999999903,138.49999999999903,TP,6
UNI,2026-06-22 18:00:00+00:00,2026-06-22 21:00:00+00:00,1,3.028,2.98258,-150.00000000000014,-161.50000000000014,SL,6
UNI,2026-06-23 07:00:00+00:00,2026-06-23 08:00:00+00:00,1,2.889,2.845665,-150.00000000000014,-161.50000000000014,SL,6
UNI,2026-06-23 09:00:00+00:00,2026-06-23 11:00:00+00:00,1,2.829,2.871435,149.99999999999903,138.49999999999903,TP,6
UNI,2026-06-26 03:00:00+00:00,2026-06-26 03:00:00+00:00,1,2.795,2.8369249999999995,149.99999999999903,138.49999999999903,TP,6
UNI,2026-06-26 12:00:00+00:00,2026-06-26 13:00:00+00:00,1,2.84,2.8825999999999996,149.99999999999903,138.49999999999903,TP,6
UNI,2026-06-27 20:00:00+00:00,2026-06-28 04:00:00+00:00,1,2.946,2.916,-101.83299389002087,-113.33299389002087,TIME,6
UNI,2026-06-30 13:00:00+00:00,2026-06-30 21:00:00+00:00,1,2.765,2.782,61.4828209764906,49.9828209764906,TIME,6
UNI,2026-07-07 02:00:00+00:00,2026-07-07 05:00:00+00:00,1,3.163,3.1155549999999996,-150.00000000000014,-161.50000000000014,SL,7
UNI,2026-07-07 22:00:00+00:00,2026-07-08 00:00:00+00:00,1,3.194,3.24191,149.99999999999903,138.49999999999903,TP,7
UNI,2026-07-08 09:00:00+00:00,2026-07-08 09:00:00+00:00,1,3.205,3.253075,149.99999999999903,138.49999999999903,TP,7
UNI,2026-07-10 18:00:00+00:00,2026-07-11 00:00:00+00:00,1,3.535,3.4819750000000003,-150.00000000000014,-161.50000000000014,SL,7
UNI,2026-07-13 05:00:00+00:00,2026-07-13 08:00:00+00:00,1,3.496,3.54844,149.99999999999903,138.49999999999903,TP,7
UNI,2026-07-13 14:00:00+00:00,2026-07-13 15:00:00+00:00,1,3.48,3.5321999999999996,149.99999999999903,138.49999999999903,TP,7
UNI,2026-07-23 14:00:00+00:00,2026-07-23 22:00:00+00:00,1,3.774,3.766,-21.19766825649183,-32.69766825649183,TIME,7
UNI,2026-07-27 15:00:00+00:00,2026-07-27 21:00:00+00:00,1,3.832,3.77452,-150.00000000000014,-161.50000000000014,SL,7
UNI,2026-07-27 23:00:00+00:00,2026-07-28 03:00:00+00:00,1,3.679,3.7341849999999996,149.99999999999903,138.49999999999903,TP,7
UNI,2026-07-31 10:00:00+00:00,2026-07-31 10:00:00+00:00,1,4.278,4.342169999999999,149.99999999999903,138.49999999999903,TP,7
UNI,2026-07-31 17:00:00+00:00,2026-07-31 17:00:00+00:00,1,4.24,4.303599999999999,149.99999999999903,138.49999999999903,TP,7
WIF,2026-06-01 08:00:00+00:00,2026-06-01 13:00:00+00:00,1,0.1857,0.1829145,-150.00000000000014,-161.50000000000014,SL,6
WIF,2026-06-02 07:00:00+00:00,2026-06-02 14:00:00+00:00,1,0.1871,0.1842935,-149.99999999999903,-161.49999999999903,SL,6
WIF,2026-06-02 15:00:00+00:00,2026-06-02 15:00:00+00:00,1,0.1815,0.1787775,-149.99999999999903,-161.49999999999903,SL,6
WIF,2026-06-02 16:00:00+00:00,2026-06-02 16:00:00+00:00,1,0.178,0.18066999999999997,149.99999999999903,138.49999999999903,TP,6
WIF,2026-06-02 17:00:00+00:00,2026-06-02 17:00:00+00:00,1,0.1807,0.18341049999999998,149.99999999999903,138.49999999999903,TP,6
WIF,2026-06-02 23:00:00+00:00,2026-06-02 23:00:00+00:00,1,0.174,0.17139,-150.00000000000014,-161.50000000000014,SL,6
WIF,2026-06-03 17:00:00+00:00,2026-06-03 17:00:00+00:00,1,0.1856,0.18838399999999997,149.99999999999903,138.49999999999903,TP,6
WIF,2026-06-04 02:00:00+00:00,2026-06-04 02:00:00+00:00,1,0.175,0.172375,-149.99999999999903,-161.49999999999903,SL,6
WIF,2026-06-04 03:00:00+00:00,2026-06-04 03:00:00+00:00,1,0.1743,0.1769145,149.99999999999903,138.49999999999903,TP,6
WIF,2026-06-04 08:00:00+00:00,2026-06-04 09:00:00+00:00,1,0.1713,0.1687305,-150.00000000000014,-161.50000000000014,SL,6
WIF,2026-06-04 10:00:00+00:00,2026-06-04 10:00:00+00:00,1,0.1681,0.1655785,-150.00000000000014,-161.50000000000014,SL,6
WIF,2026-06-04 11:00:00+00:00,2026-06-04 12:00:00+00:00,1,0.1657,0.16818549999999996,149.99999999999903,138.49999999999903,TP,6
WIF,2026-06-05 03:00:00+00:00,2026-06-05 03:00:00+00:00,1,0.1588,0.161182,149.99999999999903,138.49999999999903,TP,6
WIF,2026-06-05 04:00:00+00:00,2026-06-05 04:00:00+00:00,1,0.1582,0.160573,149.99999999999903,138.49999999999903,TP,6
WIF,2026-06-05 06:00:00+00:00,2026-06-05 06:00:00+00:00,1,0.1586,0.156221,-149.99999999999903,-161.49999999999903,SL,6
WIF,2026-06-05 07:00:00+00:00,2026-06-05 07:00:00+00:00,1,0.1553,0.15297049999999998,-150.00000000000125,-161.50000000000125,SL,6
WIF,2026-06-05 09:00:00+00:00,2026-06-05 09:00:00+00:00,1,0.1549,0.1572235,149.99999999999903,138.49999999999903,TP,6
WIF,2026-06-05 19:00:00+00:00,2026-06-05 19:00:00+00:00,1,0.1465,0.1443025,-149.99999999999903,-161.49999999999903,SL,6
WIF,2026-06-06 03:00:00+00:00,2026-06-06 04:00:00+00:00,1,0.1504,0.148144,-150.00000000000014,-161.50000000000014,SL,6
WIF,2026-06-06 05:00:00+00:00,2026-06-06 05:00:00+00:00,1,0.1416,0.139476,-150.00000000000125,-161.50000000000125,SL,6
WIF,2026-06-07 13:00:00+00:00,2026-06-07 14:00:00+00:00,1,0.1565,0.15884749999999997,149.99999999999903,138.49999999999903,TP,6
WIF,2026-06-07 20:00:00+00:00,2026-06-07 20:00:00+00:00,1,0.1538,0.15610699999999997,149.99999999999903,138.49999999999903,TP,6
WIF,2026-06-09 01:00:00+00:00,2026-06-09 04:00:00+00:00,1,0.1539,0.1562085,149.99999999999903,138.49999999999903,TP,6
WIF,2026-06-09 10:00:00+00:00,2026-06-09 13:00:00+00:00,1,0.1563,0.15864449999999997,149.99999999999903,138.49999999999903,TP,6
WIF,2026-06-10 05:00:00+00:00,2026-06-10 11:00:00+00:00,1,0.1513,0.14903049999999998,-150.00000000000014,-161.50000000000014,SL,6
WIF,2026-06-10 12:00:00+00:00,2026-06-10 12:00:00+00:00,1,0.1496,0.151844,149.99999999999903,138.49999999999903,TP,6
WIF,2026-06-10 20:00:00+00:00,2026-06-10 21:00:00+00:00,1,0.1478,0.145583,-150.00000000000014,-161.50000000000014,SL,6
WIF,2026-06-10 22:00:00+00:00,2026-06-10 23:00:00+00:00,1,0.1451,0.1472765,149.99999999999903,138.49999999999903,TP,6
WIF,2026-06-15 20:00:00+00:00,2026-06-15 22:00:00+00:00,1,0.1695,0.1669575,-150.00000000000014,-161.50000000000014,SL,6
WIF,2026-06-16 15:00:00+00:00,2026-06-16 18:00:00+00:00,1,0.1665,0.1689975,149.99999999999903,138.49999999999903,TP,6
WIF,2026-06-17 09:00:00+00:00,2026-06-17 12:00:00+00:00,1,0.1685,0.1659725,-150.00000000000125,-161.50000000000125,SL,6
WIF,2026-06-17 20:00:00+00:00,2026-06-17 22:00:00+00:00,1,0.1663,0.1638055,-150.00000000000014,-161.50000000000014,SL,6
WIF,2026-06-18 16:00:00+00:00,2026-06-18 16:00:00+00:00,1,0.1595,0.1618925,149.99999999999903,138.49999999999903,TP,6
WIF,2026-06-18 18:00:00+00:00,2026-06-18 19:00:00+00:00,1,0.1606,0.163009,149.99999999999903,138.49999999999903,TP,6
WIF,2026-06-22 00:00:00+00:00,2026-06-22 00:00:00+00:00,1,0.1601,0.16250149999999997,149.99999999999903,138.49999999999903,TP,6
WIF,2026-06-22 18:00:00+00:00,2026-06-22 19:00:00+00:00,1,0.1683,0.1657755,-150.00000000000125,-161.50000000000125,SL,6
WIF,2026-06-23 07:00:00+00:00,2026-06-23 08:00:00+00:00,1,0.1599,0.1575015,-150.00000000000014,-161.50000000000014,SL,6
WIF,2026-06-23 09:00:00+00:00,2026-06-23 13:00:00+00:00,1,0.1555,0.1578325,149.99999999999903,138.49999999999903,TP,6
WIF,2026-06-24 14:00:00+00:00,2026-06-24 15:00:00+00:00,1,0.15,0.14775,-150.00000000000014,-161.50000000000014,SL,6
WIF,2026-06-24 17:00:00+00:00,2026-06-24 17:00:00+00:00,1,0.1434,0.14124899999999999,-150.00000000000125,-161.50000000000125,SL,6
WIF,2026-06-24 18:00:00+00:00,2026-06-24 18:00:00+00:00,1,0.1415,0.1436225,149.99999999999903,138.49999999999903,TP,6
WIF,2026-06-24 19:00:00+00:00,2026-06-24 20:00:00+00:00,1,0.1436,0.145754,149.99999999999903,138.49999999999903,TP,6
WIF,2026-06-25 12:00:00+00:00,2026-06-25 12:00:00+00:00,1,0.1488,0.15103199999999997,149.99999999999903,138.49999999999903,TP,6
WIF,2026-06-25 14:00:00+00:00,2026-06-25 14:00:00+00:00,1,0.1381,0.14017149999999998,149.99999999999903,138.49999999999903,TP,6
WIF,2026-06-25 15:00:00+00:00,2026-06-25 15:00:00+00:00,1,0.1423,0.1401655,-150.00000000000125,-161.50000000000125,SL,6
WIF,2026-06-25 17:00:00+00:00,2026-06-25 17:00:00+00:00,1,0.141,0.14311499999999996,149.99999999999903,138.49999999999903,TP,6
WIF,2026-06-26 12:00:00+00:00,2026-06-26 12:00:00+00:00,1,0.1431,0.1452465,149.99999999999903,138.49999999999903,TP,6
WIF,2026-06-27 20:00:00+00:00,2026-06-27 20:00:00+00:00,1,0.1701,0.1675485,-150.00000000000125,-161.50000000000125,SL,6
WIF,2026-06-30 13:00:00+00:00,2026-06-30 14:00:00+00:00,1,0.1672,0.16970799999999997,149.99999999999903,138.49999999999903,TP,6
WIF,2026-06-30 15:00:00+00:00,2026-06-30 23:00:00+00:00,1,0.1681,0.1657,-142.7721594289122,-154.2721594289122,TIME,6
WIF,2026-07-02 02:00:00+00:00,2026-07-02 03:00:00+00:00,1,0.1693,0.17183949999999998,149.99999999999903,138.49999999999903,TP,7
WIF,2026-07-06 13:00:00+00:00,2026-07-06 14:00:00+00:00,1,0.1688,0.17133199999999998,149.99999999999903,138.49999999999903,TP,7
WIF,2026-07-07 02:00:00+00:00,2026-07-07 04:00:00+00:00,1,0.1694,0.16685899999999998,-150.00000000000125,-161.50000000000125,SL,7
WIF,2026-07-07 22:00:00+00:00,2026-07-08 01:00:00+00:00,1,0.166,0.16351000000000002,-149.99999999999903,-161.49999999999903,SL,7
WIF,2026-07-08 05:00:00+00:00,2026-07-08 08:00:00+00:00,1,0.1592,0.156812,-150.00000000000014,-161.50000000000014,SL,7
WIF,2026-07-08 09:00:00+00:00,2026-07-08 11:00:00+00:00,1,0.1553,0.15762949999999998,149.99999999999903,138.49999999999903,TP,7
WIF,2026-07-10 18:00:00+00:00,2026-07-10 21:00:00+00:00,1,0.1527,0.15499049999999998,149.99999999999903,138.49999999999903,TP,7
WIF,2026-07-20 07:00:00+00:00,2026-07-20 15:00:00+00:00,1,0.1503,0.15255449999999998,149.99999999999903,138.49999999999903,TP,7
WLD,2026-06-01 08:00:00+00:00,2026-06-01 08:00:00+00:00,1,0.3779,0.3835685,149.99999999999903,138.49999999999903,TP,6
WLD,2026-06-02 08:00:00+00:00,2026-06-02 08:00:00+00:00,1,0.4238,0.417443,-150.00000000000014,-161.50000000000014,SL,6
WLD,2026-06-02 09:00:00+00:00,2026-06-02 09:00:00+00:00,1,0.4179,0.4116315,-150.00000000000014,-161.50000000000014,SL,6
WLD,2026-06-02 10:00:00+00:00,2026-06-02 10:00:00+00:00,1,0.4118,0.41797699999999993,149.99999999999903,138.49999999999903,TP,6
WLD,2026-06-02 23:00:00+00:00,2026-06-02 23:00:00+00:00,1,0.3959,0.38996149999999996,-150.00000000000014,-161.50000000000014,SL,6
WLD,2026-06-03 21:00:00+00:00,2026-06-03 21:00:00+00:00,1,0.5108,0.518462,149.99999999999903,138.49999999999903,TP,6
WLD,2026-06-04 03:00:00+00:00,2026-06-04 03:00:00+00:00,1,0.5199,0.5276985,149.99999999999903,138.49999999999903,TP,6
WLD,2026-06-04 08:00:00+00:00,2026-06-04 08:00:00+00:00,1,0.5134,0.5211009999999999,149.99999999999903,138.49999999999903,TP,6
WLD,2026-06-04 11:00:00+00:00,2026-06-04 11:00:00+00:00,1,0.4936,0.48619599999999996,-150.00000000000014,-161.50000000000014,SL,6
WLD,2026-06-04 12:00:00+00:00,2026-06-04 12:00:00+00:00,1,0.4771,0.4699435,-150.00000000000014,-161.50000000000014,SL,6
WLD,2026-06-05 03:00:00+00:00,2026-06-05 03:00:00+00:00,1,0.4898,0.482453,-150.00000000000014,-161.50000000000014,SL,6
WLD,2026-06-05 04:00:00+00:00,2026-06-05 04:00:00+00:00,1,0.491,0.49836499999999995,149.99999999999903,138.49999999999903,TP,6
WLD,2026-06-05 06:00:00+00:00,2026-06-05 06:00:00+00:00,1,0.506,0.49841,-150.00000000000014,-161.50000000000014,SL,6
WLD,2026-06-05 14:00:00+00:00,2026-06-05 14:00:00+00:00,1,0.5229,0.5150565,-150.00000000000014,-161.50000000000014,SL,6
WLD,2026-06-05 15:00:00+00:00,2026-06-05 15:00:00+00:00,1,0.5002,0.492697,-150.00000000000014,-161.50000000000014,SL,6
WLD,2026-06-05 16:00:00+00:00,2026-06-05 16:00:00+00:00,1,0.5086,0.500971,-150.00000000000014,-161.50000000000014,SL,6
WLD,2026-06-06 03:00:00+00:00,2026-06-06 03:00:00+00:00,1,0.4485,0.4417725,-150.00000000000014,-161.50000000000014,SL,6
WLD,2026-06-06 05:00:00+00:00,2026-06-06 05:00:00+00:00,1,0.422,0.42832999999999993,149.99999999999903,138.49999999999903,TP,6
WLD,2026-06-07 13:00:00+00:00,2026-06-07 13:00:00+00:00,1,0.4334,0.439901,149.99999999999903,138.49999999999903,TP,6
WLD,2026-06-07 20:00:00+00:00,2026-06-07 20:00:00+00:00,1,0.4651,0.47207649999999995,149.99999999999903,138.49999999999903,TP,6
WLD,2026-06-08 05:00:00+00:00,2026-06-08 05:00:00+00:00,1,0.4712,0.47826799999999997,149.99999999999903,138.49999999999903,TP,6
WLD,2026-06-09 01:00:00+00:00,2026-06-09 01:00:00+00:00,1,0.4907,0.48333950000000003,-150.00000000000014,-161.50000000000014,SL,6
WLD,2026-06-09 02:00:00+00:00,2026-06-09 02:00:00+00:00,1,0.4918,0.484423,-150.00000000000014,-161.50000000000014,SL,6
WLD,2026-06-09 17:00:00+00:00,2026-06-09 17:00:00+00:00,1,0.4849,0.49217349999999993,149.99999999999903,138.49999999999903,TP,6
WLD,2026-06-10 05:00:00+00:00,2026-06-10 05:00:00+00:00,1,0.5059,0.4983115,-150.00000000000014,-161.50000000000014,SL,6
WLD,2026-06-10 12:00:00+00:00,2026-06-10 12:00:00+00:00,1,0.4892,0.496538,149.99999999999903,138.49999999999903,TP,6
WLD,2026-06-10 20:00:00+00:00,2026-06-10 20:00:00+00:00,1,0.4475,0.45421249999999996,149.99999999999903,138.49999999999903,TP,6
WLD,2026-06-10 22:00:00+00:00,2026-06-10 23:00:00+00:00,1,0.4337,0.4402054999999999,149.99999999999903,138.49999999999903,TP,6
WLD,2026-06-12 07:00:00+00:00,2026-06-12 08:00:00+00:00,1,0.4955,0.4880675,-150.00000000000014,-161.50000000000014,SL,6
WLD,2026-06-16 15:00:00+00:00,2026-06-16 15:00:00+00:00,1,0.638,0.64757,149.99999999999903,138.49999999999903,TP,6
WLD,2026-06-17 09:00:00+00:00,2026-06-17 09:00:00+00:00,1,0.6603,0.6503955,-150.00000000000014,-161.50000000000014,SL,6
WLD,2026-06-17 10:00:00+00:00,2026-06-17 13:00:00+00:00,1,0.6515,0.6612724999999999,149.99999999999903,138.49999999999903,TP,6
WLD,2026-06-17 21:00:00+00:00,2026-06-17 22:00:00+00:00,1,0.6446,0.6349309999999999,-150.00000000000014,-161.50000000000014,SL,6
WLD,2026-06-22 00:00:00+00:00,2026-06-22 00:00:00+00:00,1,0.6048,0.613872,149.99999999999903,138.49999999999903,TP,6
WLD,2026-06-23 06:00:00+00:00,2026-06-23 06:00:00+00:00,1,0.5984,0.5894240000000001,-150.00000000000014,-161.50000000000014,SL,6
WLD,2026-06-23 07:00:00+00:00,2026-06-23 08:00:00+00:00,1,0.5846,0.575831,-150.00000000000014,-161.50000000000014,SL,6
WLD,2026-06-23 09:00:00+00:00,2026-06-23 09:00:00+00:00,1,0.5721,0.5635185,-150.00000000000014,-161.50000000000014,SL,6
WLD,2026-06-23 10:00:00+00:00,2026-06-23 10:00:00+00:00,1,0.5662,0.5577070000000001,-149.99999999999903,-161.49999999999903,SL,6
WLD,2026-06-24 18:00:00+00:00,2026-06-24 18:00:00+00:00,1,0.5039,0.5114584999999999,149.99999999999903,138.49999999999903,TP,6
WLD,2026-06-25 12:00:00+00:00,2026-06-25 12:00:00+00:00,1,0.5079,0.5002815,-149.99999999999903,-161.49999999999903,SL,6
WLD,2026-06-26 02:00:00+00:00,2026-06-26 02:00:00+00:00,1,0.4855,0.47821749999999996,-150.00000000000014,-161.50000000000014,SL,6
WLD,2026-06-26 03:00:00+00:00,2026-06-26 03:00:00+00:00,1,0.4583,0.46517449999999994,149.99999999999903,138.49999999999903,TP,6
WLD,2026-06-26 11:00:00+00:00,2026-06-26 12:00:00+00:00,1,0.4642,0.457237,-150.00000000000014,-161.50000000000014,SL,6
WLD,2026-06-26 13:00:00+00:00,2026-06-26 13:00:00+00:00,1,0.4554,0.462231,149.99999999999903,138.49999999999903,TP,6
WLD,2026-06-27 20:00:00+00:00,2026-06-27 20:00:00+00:00,1,0.4481,0.45482149999999993,149.99999999999903,138.49999999999903,TP,6
WLD,2026-06-28 17:00:00+00:00,2026-06-29 01:00:00+00:00,1,0.4395,0.4381,-31.854379977247493,-43.35437997724749,TIME,6
WLD,2026-06-30 14:00:00+00:00,2026-06-30 15:00:00+00:00,1,0.4089,0.41503349999999994,149.99999999999903,138.49999999999903,TP,6
WLD,2026-07-06 15:00:00+00:00,2026-07-06 15:00:00+00:00,1,0.412,0.41817999999999994,149.99999999999903,138.49999999999903,TP,7
WLD,2026-07-07 02:00:00+00:00,2026-07-07 03:00:00+00:00,1,0.4057,0.3996145,-150.00000000000014,-161.50000000000014,SL,7
WLD,2026-07-07 04:00:00+00:00,2026-07-07 05:00:00+00:00,1,0.3996,0.393606,-150.00000000000014,-161.50000000000014,SL,7
WLD,2026-07-07 06:00:00+00:00,2026-07-07 10:00:00+00:00,1,0.3978,0.391833,-150.00000000000014,-161.50000000000014,SL,7
WLD,2026-07-07 22:00:00+00:00,2026-07-07 22:00:00+00:00,1,0.3829,0.3771565,-150.00000000000014,-161.50000000000014,SL,7
WLD,2026-07-08 05:00:00+00:00,2026-07-08 06:00:00+00:00,1,0.3746,0.368981,-150.00000000000014,-161.50000000000014,SL,7
WLD,2026-07-08 09:00:00+00:00,2026-07-08 10:00:00+00:00,1,0.3661,0.37159149999999996,149.99999999999903,138.49999999999903,TP,7
WLD,2026-07-13 19:00:00+00:00,2026-07-13 21:00:00+00:00,1,0.3934,0.38749900000000004,-150.00000000000014,-161.50000000000014,SL,7
WLD,2026-07-17 06:00:00+00:00,2026-07-17 11:00:00+00:00,1,0.3766,0.38224899999999995,149.99999999999903,138.49999999999903,TP,7
WLD,2026-07-20 07:00:00+00:00,2026-07-20 09:00:00+00:00,1,0.3571,0.36245649999999996,149.99999999999903,138.49999999999903,TP,7
WLD,2026-07-23 15:00:00+00:00,2026-07-23 18:00:00+00:00,1,0.374,0.37960999999999995,149.99999999999903,138.49999999999903,TP,7
XLM,2026-06-01 08:00:00+00:00,2026-06-01 08:00:00+00:00,1,0.25476,0.25093859999999996,-150.00000000000125,-161.50000000000125,SL,6
XLM,2026-06-01 15:00:00+00:00,2026-06-01 15:00:00+00:00,1,0.24741,0.25112114999999996,149.99999999999903,138.49999999999903,TP,6
XLM,2026-06-01 16:00:00+00:00,2026-06-01 16:00:00+00:00,1,0.24949,0.25323234999999994,149.99999999999903,138.49999999999903,TP,6
XLM,2026-06-02 07:00:00+00:00,2026-06-02 07:00:00+00:00,1,0.23259,0.22910114999999998,-150.00000000000014,-161.50000000000014,SL,6
XLM,2026-06-02 08:00:00+00:00,2026-06-02 10:00:00+00:00,1,0.22999,0.23343984999999998,149.99999999999903,138.49999999999903,TP,6
XLM,2026-06-02 15:00:00+00:00,2026-06-02 15:00:00+00:00,1,0.2242,0.220837,-150.00000000000014,-161.50000000000014,SL,6
XLM,2026-06-02 16:00:00+00:00,2026-06-02 16:00:00+00:00,1,0.21844,0.22171659999999999,149.99999999999903,138.49999999999903,TP,6
XLM,2026-06-02 17:00:00+00:00,2026-06-02 18:00:00+00:00,1,0.22265,0.21931024999999998,-150.00000000000014,-161.50000000000014,SL,6
XLM,2026-06-03 16:00:00+00:00,2026-06-03 17:00:00+00:00,1,0.22184,0.2185124,-150.00000000000014,-161.50000000000014,SL,6
XLM,2026-06-03 18:00:00+00:00,2026-06-03 18:00:00+00:00,1,0.2196,0.216306,-150.00000000000014,-161.50000000000014,SL,6
XLM,2026-06-03 19:00:00+00:00,2026-06-03 19:00:00+00:00,1,0.2186,0.21532099999999998,-150.00000000000014,-161.50000000000014,SL,6
XLM,2026-06-03 21:00:00+00:00,2026-06-03 21:00:00+00:00,1,0.20991,0.21305865,149.99999999999903,138.49999999999903,TP,6
XLM,2026-06-03 23:00:00+00:00,2026-06-03 23:00:00+00:00,1,0.21178,0.2086033,-150.00000000000014,-161.50000000000014,SL,6
XLM,2026-06-04 08:00:00+00:00,2026-06-04 09:00:00+00:00,1,0.20841,0.20528385000000002,-150.00000000000014,-161.50000000000014,SL,6
XLM,2026-06-05 03:00:00+00:00,2026-06-05 06:00:00+00:00,1,0.19696,0.1940056,-150.00000000000014,-161.50000000000014,SL,6
XLM,2026-06-05 07:00:00+00:00,2026-06-05 07:00:00+00:00,1,0.191,0.188135,-150.00000000000014,-161.50000000000014,SL,6
XLM,2026-06-05 09:00:00+00:00,2026-06-05 09:00:00+00:00,1,0.19095,0.19381425,149.99999999999903,138.49999999999903,TP,6
XLM,2026-06-06 03:00:00+00:00,2026-06-06 03:00:00+00:00,1,0.19637,0.19342445,-149.99999999999903,-161.49999999999903,SL,6
XLM,2026-06-06 05:00:00+00:00,2026-06-06 05:00:00+00:00,1,0.18949,0.19233234999999999,149.99999999999903,138.49999999999903,TP,6
XLM,2026-06-08 05:00:00+00:00,2026-06-08 07:00:00+00:00,1,0.19958,0.2025737,149.99999999999903,138.49999999999903,TP,6
XLM,2026-06-09 01:00:00+00:00,2026-06-09 05:00:00+00:00,1,0.19871,0.20169064999999997,149.99999999999903,138.49999999999903,TP,6
XLM,2026-06-09 10:00:00+00:00,2026-06-09 13:00:00+00:00,1,0.19689,0.19984335,149.99999999999903,138.49999999999903,TP,6
XLM,2026-06-09 17:00:00+00:00,2026-06-09 17:00:00+00:00,1,0.19366,0.1965649,149.99999999999903,138.49999999999903,TP,6
XLM,2026-06-10 05:00:00+00:00,2026-06-10 06:00:00+00:00,1,0.18715,0.18434275,-150.00000000000014,-161.50000000000014,SL,6
XLM,2026-06-10 20:00:00+00:00,2026-06-10 21:00:00+00:00,1,0.18471,0.18193935,-150.00000000000125,-161.50000000000125,SL,6
XLM,2026-06-10 22:00:00+00:00,2026-06-10 22:00:00+00:00,1,0.18165,0.18437474999999998,149.99999999999903,138.49999999999903,TP,6
XLM,2026-06-12 07:00:00+00:00,2026-06-12 08:00:00+00:00,1,0.18933,0.19216994999999998,149.99999999999903,138.49999999999903,TP,6
XLM,2026-06-15 20:00:00+00:00,2026-06-15 21:00:00+00:00,1,0.22039,0.21708415,-150.00000000000014,-161.50000000000014,SL,6
XLM,2026-06-17 09:00:00+00:00,2026-06-17 11:00:00+00:00,1,0.21889,0.22217335,149.99999999999903,138.49999999999903,TP,6
XLM,2026-06-17 20:00:00+00:00,2026-06-17 20:00:00+00:00,1,0.2201,0.22340149999999998,149.99999999999903,138.49999999999903,TP,6
XLM,2026-06-18 18:00:00+00:00,2026-06-18 18:00:00+00:00,1,0.23122,0.2346883,149.99999999999903,138.49999999999903,TP,6
XLM,2026-06-18 19:00:00+00:00,2026-06-18 19:00:00+00:00,1,0.2327,0.23619049999999997,149.99999999999903,138.49999999999903,TP,6
XLM,2026-06-22 00:00:00+00:00,2026-06-22 00:00:00+00:00,1,0.20948,0.21262219999999998,149.99999999999903,138.49999999999903,TP,6
XLM,2026-06-22 18:00:00+00:00,2026-06-22 18:00:00+00:00,1,0.20768,0.2045648,-150.00000000000014,-161.50000000000014,SL,6
XLM,2026-06-23 06:00:00+00:00,2026-06-23 08:00:00+00:00,1,0.196,0.19306,-150.00000000000014,-161.50000000000014,SL,6
XLM,2026-06-25 12:00:00+00:00,2026-06-25 13:00:00+00:00,1,0.1821,0.17936850000000001,-150.00000000000014,-161.50000000000014,SL,6
XLM,2026-06-26 03:00:00+00:00,2026-06-26 03:00:00+00:00,1,0.17169,0.17426534999999999,149.99999999999903,138.49999999999903,TP,6
XLM,2026-06-26 13:00:00+00:00,2026-06-26 13:00:00+00:00,1,0.17258,0.17516869999999998,149.99999999999903,138.49999999999903,TP,6
XLM,2026-06-27 20:00:00+00:00,2026-06-28 04:00:00+00:00,1,0.17374,0.17267,-61.58627834695562,-73.08627834695562,TIME,6
XLM,2026-06-30 13:00:00+00:00,2026-06-30 13:00:00+00:00,1,0.17422,0.1768333,149.99999999999903,138.49999999999903,TP,6
XLM,2026-07-02 02:00:00+00:00,2026-07-02 02:00:00+00:00,1,0.19622,0.1991633,149.99999999999903,138.49999999999903,TP,7
XLM,2026-07-06 13:00:00+00:00,2026-07-06 16:00:00+00:00,1,0.19819,0.20116284999999998,149.99999999999903,138.49999999999903,TP,7
XLM,2026-07-07 02:00:00+00:00,2026-07-07 04:00:00+00:00,1,0.1984,0.195424,-150.00000000000014,-161.50000000000014,SL,7
XLM,2026-07-07 22:00:00+00:00,2026-07-08 02:00:00+00:00,1,0.18842,0.1855937,-150.00000000000014,-161.50000000000014,SL,7
XLM,2026-07-24 15:00:00+00:00,2026-07-24 23:00:00+00:00,1,0.17791,0.17781,-5.620819515486097,-17.120819515486097,TIME,7
XLM,2026-07-27 15:00:00+00:00,2026-07-27 22:00:00+00:00,1,0.17609,0.17344864999999998,-150.00000000000125,-161.50000000000125,SL,7
XLM,2026-07-28 00:00:00+00:00,2026-07-28 08:00:00+00:00,1,0.17194,0.17172,-12.795161102709951,-24.29516110270995,TIME,7
XLM,2026-08-03 04:00:00+00:00,2026-08-03 12:00:00+00:00,1,0.17105,0.17115,5.846243788365513,-5.653756211634487,TIME,8
XRP,2026-06-01 08:00:00+00:00,2026-06-01 14:00:00+00:00,1,1.3033,1.2837504999999998,-150.00000000000125,-161.50000000000125,SL,6
XRP,2026-06-04 08:00:00+00:00,2026-06-04 09:00:00+00:00,1,1.1671,1.1495935,-150.00000000000125,-161.50000000000125,SL,6
XRP,2026-06-04 10:00:00+00:00,2026-06-04 11:00:00+00:00,1,1.1607,1.1432895,-150.00000000000014,-161.50000000000014,SL,6
XRP,2026-06-05 03:00:00+00:00,2026-06-05 06:00:00+00:00,1,1.1348,1.117778,-150.00000000000125,-161.50000000000125,SL,6
XRP,2026-06-06 05:00:00+00:00,2026-06-06 05:00:00+00:00,1,1.0562,1.0720429999999999,149.99999999999903,138.49999999999903,TP,6
XRP,2026-06-07 13:00:00+00:00,2026-06-07 17:00:00+00:00,1,1.1225,1.1393375,149.99999999999903,138.49999999999903,TP,6
XRP,2026-06-09 02:00:00+00:00,2026-06-09 04:00:00+00:00,1,1.1507,1.1679605,149.99999999999903,138.49999999999903,TP,6
XRP,2026-06-09 17:00:00+00:00,2026-06-09 17:00:00+00:00,1,1.1276,1.1445139999999998,149.99999999999903,138.49999999999903,TP,6
XRP,2026-06-10 05:00:00+00:00,2026-06-10 13:00:00+00:00,1,1.1156,1.1323339999999997,149.99999999999903,138.49999999999903,TP,6
XRP,2026-06-10 20:00:00+00:00,2026-06-11 01:00:00+00:00,1,1.0985,1.1149775,149.99999999999903,138.49999999999903,TP,6
XRP,2026-06-16 15:00:00+00:00,2026-06-16 18:00:00+00:00,1,1.2088,1.226932,149.99999999999903,138.49999999999903,TP,6
XRP,2026-06-27 20:00:00+00:00,2026-06-28 04:00:00+00:00,1,1.0535,1.0479,-53.15614617940278,-64.65614617940278,TIME,6
XRP,2026-07-23 14:00:00+00:00,2026-07-23 22:00:00+00:00,1,1.1114,1.1121,6.2983624257695325,-5.2016375742304675,TIME,7
XRP,2026-07-27 15:00:00+00:00,2026-07-27 22:00:00+00:00,1,1.0896,1.073256,-149.99999999999903,-161.49999999999903,SL,7
ZAMA,2026-06-01 08:00:00+00:00,2026-06-01 08:00:00+00:00,1,0.03331,0.03281035,-149.99999999999903,-161.49999999999903,SL,6
ZAMA,2026-06-02 07:00:00+00:00,2026-06-02 12:00:00+00:00,1,0.03407,0.03458105,149.99999999999903,138.49999999999903,TP,6
ZAMA,2026-06-03 16:00:00+00:00,2026-06-03 16:00:00+00:00,1,0.033,0.032505,-150.00000000000125,-161.50000000000125,SL,6
ZAMA,2026-06-03 17:00:00+00:00,2026-06-03 17:00:00+00:00,1,0.03218,0.032662699999999996,149.99999999999903,138.49999999999903,TP,6
ZAMA,2026-06-04 03:00:00+00:00,2026-06-04 03:00:00+00:00,1,0.03164,0.0321146,149.99999999999903,138.49999999999903,TP,6
ZAMA,2026-06-04 08:00:00+00:00,2026-06-04 12:00:00+00:00,1,0.03113,0.03159695,149.99999999999903,138.49999999999903,TP,6
ZAMA,2026-06-05 07:00:00+00:00,2026-06-05 07:00:00+00:00,1,0.02996,0.030409399999999996,149.99999999999903,138.49999999999903,TP,6
ZAMA,2026-06-05 14:00:00+00:00,2026-06-05 14:00:00+00:00,1,0.02887,0.029303049999999997,149.99999999999903,138.49999999999903,TP,6
ZAMA,2026-06-05 15:00:00+00:00,2026-06-05 16:00:00+00:00,1,0.02903,0.029465449999999997,149.99999999999903,138.49999999999903,TP,6
ZAMA,2026-06-06 03:00:00+00:00,2026-06-06 04:00:00+00:00,1,0.02888,0.028446799999999998,-150.00000000000014,-161.50000000000014,SL,6
ZAMA,2026-06-06 05:00:00+00:00,2026-06-06 05:00:00+00:00,1,0.02786,0.0274421,-150.00000000000014,-161.50000000000014,SL,6
ZAMA,2026-06-07 13:00:00+00:00,2026-06-07 19:00:00+00:00,1,0.02969,0.02924465,-150.00000000000014,-161.50000000000014,SL,6
ZAMA,2026-06-07 20:00:00+00:00,2026-06-07 22:00:00+00:00,1,0.02911,0.029546649999999997,149.99999999999903,138.49999999999903,TP,6
ZAMA,2026-06-09 01:00:00+00:00,2026-06-09 02:00:00+00:00,1,0.03014,0.0296879,-150.00000000000014,-161.50000000000014,SL,6
ZAMA,2026-06-09 10:00:00+00:00,2026-06-09 12:00:00+00:00,1,0.02859,0.02901885,149.99999999999903,138.49999999999903,TP,6
ZAMA,2026-06-16 15:00:00+00:00,2026-06-16 15:00:00+00:00,1,0.03211,0.03259165,149.99999999999903,138.49999999999903,TP,6
ZAMA,2026-06-24 18:00:00+00:00,2026-06-24 20:00:00+00:00,1,0.03079,0.03125185,149.99999999999903,138.49999999999903,TP,6
ZAMA,2026-06-28 17:00:00+00:00,2026-06-29 00:00:00+00:00,1,0.03052,0.030977799999999996,149.99999999999903,138.49999999999903,TP,6
ZAMA,2026-07-07 04:00:00+00:00,2026-07-07 04:00:00+00:00,1,0.03392,0.034428799999999996,149.99999999999903,138.49999999999903,TP,7
ZAMA,2026-07-13 14:00:00+00:00,2026-07-13 15:00:00+00:00,1,0.0326,0.03308899999999999,149.99999999999903,138.49999999999903,TP,7
ZEC,2026-06-01 08:00:00+00:00,2026-06-01 11:00:00+00:00,1,550.38,542.1243,-150.00000000000125,-161.50000000000125,SL,6
ZEC,2026-06-02 08:00:00+00:00,2026-06-02 09:00:00+00:00,1,559.0,550.615,-150.00000000000014,-161.50000000000014,SL,6
ZEC,2026-06-03 17:00:00+00:00,2026-06-03 17:00:00+00:00,1,603.29,594.24065,-150.00000000000014,-161.50000000000014,SL,6
ZEC,2026-06-03 18:00:00+00:00,2026-06-03 18:00:00+00:00,1,605.0,614.0749999999999,149.99999999999903,138.49999999999903,TP,6
ZEC,2026-06-03 19:00:00+00:00,2026-06-03 19:00:00+00:00,1,614.41,605.19385,-149.99999999999903,-161.49999999999903,SL,6
ZEC,2026-06-04 03:00:00+00:00,2026-06-04 03:00:00+00:00,1,589.98,598.8297,149.99999999999903,138.49999999999903,TP,6
ZEC,2026-06-04 08:00:00+00:00,2026-06-04 08:00:00+00:00,1,569.0,560.465,-149.99999999999903,-161.49999999999903,SL,6
ZEC,2026-06-04 09:00:00+00:00,2026-06-04 09:00:00+00:00,1,563.0,554.555,-150.00000000000125,-161.50000000000125,SL,6
ZEC,2026-06-04 10:00:00+00:00,2026-06-04 10:00:00+00:00,1,542.0,533.87,-150.00000000000014,-161.50000000000014,SL,6
ZEC,2026-06-04 11:00:00+00:00,2026-06-04 12:00:00+00:00,1,536.0,527.96,-149.99999999999903,-161.49999999999903,SL,6
ZEC,2026-06-05 03:00:00+00:00,2026-06-05 03:00:00+00:00,1,412.0,405.82,-150.00000000000014,-161.50000000000014,SL,6
ZEC,2026-06-05 04:00:00+00:00,2026-06-05 04:00:00+00:00,1,403.5,397.4475,-150.00000000000014,-161.50000000000014,SL,6
ZEC,2026-06-05 06:00:00+00:00,2026-06-05 06:00:00+00:00,1,375.76,370.1236,-149.99999999999903,-161.49999999999903,SL,6
ZEC,2026-06-05 07:00:00+00:00,2026-06-05 07:00:00+00:00,1,320.0,315.2,-150.00000000000014,-161.50000000000014,SL,6
ZEC,2026-06-05 09:00:00+00:00,2026-06-05 09:00:00+00:00,1,314.57,309.85145,-150.00000000000014,-161.50000000000014,SL,6
ZEC,2026-06-05 14:00:00+00:00,2026-06-05 14:00:00+00:00,1,306.25,310.84374999999994,149.99999999999903,138.49999999999903,TP,6
ZEC,2026-06-05 19:00:00+00:00,2026-06-05 19:00:00+00:00,1,317.47,312.70795000000004,-150.00000000000014,-161.50000000000014,SL,6
ZEC,2026-06-06 05:00:00+00:00,2026-06-06 05:00:00+00:00,1,357.72,363.0858,149.99999999999903,138.49999999999903,TP,6
ZEC,2026-06-07 20:00:00+00:00,2026-06-07 20:00:00+00:00,1,408.1,414.2215,149.99999999999903,138.49999999999903,TP,6
ZEC,2026-06-09 01:00:00+00:00,2026-06-09 03:00:00+00:00,1,448.47,441.74295,-150.00000000000014,-161.50000000000014,SL,6
ZEC,2026-06-09 15:00:00+00:00,2026-06-09 15:00:00+00:00,1,462.42,455.4837,-150.00000000000014,-161.50000000000014,SL,6
ZEC,2026-06-09 16:00:00+00:00,2026-06-09 16:00:00+00:00,1,435.0,428.47499999999997,-150.00000000000125,-161.50000000000125,SL,6
ZEC,2026-06-09 17:00:00+00:00,2026-06-09 17:00:00+00:00,1,439.59,446.18384999999995,149.99999999999903,138.49999999999903,TP,6
ZEC,2026-06-10 05:00:00+00:00,2026-06-10 07:00:00+00:00,1,430.0,436.44999999999993,149.99999999999903,138.49999999999903,TP,6
ZEC,2026-06-10 12:00:00+00:00,2026-06-10 12:00:00+00:00,1,413.75,419.95624999999995,149.99999999999903,138.49999999999903,TP,6
ZEC,2026-06-10 20:00:00+00:00,2026-06-10 20:00:00+00:00,1,419.0,412.715,-150.00000000000014,-161.50000000000014,SL,6
ZEC,2026-06-10 22:00:00+00:00,2026-06-10 22:00:00+00:00,1,405.45,411.53174999999993,149.99999999999903,138.49999999999903,TP,6
ZEC,2026-06-12 07:00:00+00:00,2026-06-12 08:00:00+00:00,1,419.75,426.04625,149.99999999999903,138.49999999999903,TP,6
ZEC,2026-06-15 20:00:00+00:00,2026-06-15 22:00:00+00:00,1,522.58,514.7413,-150.00000000000014,-161.50000000000014,SL,6
ZEC,2026-06-16 15:00:00+00:00,2026-06-16 16:00:00+00:00,1,494.0,501.40999999999997,149.99999999999903,138.49999999999903,TP,6
ZEC,2026-06-17 12:00:00+00:00,2026-06-17 12:00:00+00:00,1,488.48,481.1528,-150.00000000000014,-161.50000000000014,SL,6
ZEC,2026-06-17 22:00:00+00:00,2026-06-17 22:00:00+00:00,1,475.68,482.81519999999995,149.99999999999903,138.49999999999903,TP,6
ZEC,2026-06-17 23:00:00+00:00,2026-06-18 02:00:00+00:00,1,480.29,487.49435,149.99999999999903,138.49999999999903,TP,6
ZEC,2026-06-18 16:00:00+00:00,2026-06-18 16:00:00+00:00,1,447.0,453.705,149.99999999999903,138.49999999999903,TP,6
ZEC,2026-06-18 17:00:00+00:00,2026-06-18 18:00:00+00:00,1,448.57,441.84145,-150.00000000000014,-161.50000000000014,SL,6
ZEC,2026-06-18 19:00:00+00:00,2026-06-18 19:00:00+00:00,1,444.34,451.0050999999999,149.99999999999903,138.49999999999903,TP,6
ZEC,2026-06-22 00:00:00+00:00,2026-06-22 00:00:00+00:00,1,433.85,440.35774999999995,149.99999999999903,138.49999999999903,TP,6
ZEC,2026-06-22 18:00:00+00:00,2026-06-22 19:00:00+00:00,1,452.14,445.3579,-150.00000000000014,-161.50000000000014,SL,6
ZEC,2026-06-23 07:00:00+00:00,2026-06-23 08:00:00+00:00,1,425.3,418.9205,-150.00000000000014,-161.50000000000014,SL,6
ZEC,2026-06-23 09:00:00+00:00,2026-06-23 15:00:00+00:00,1,422.14,415.80789999999996,-150.00000000000014,-161.50000000000014,SL,6
ZEC,2026-06-26 03:00:00+00:00,2026-06-26 03:00:00+00:00,1,402.91,408.95365,149.99999999999903,138.49999999999903,TP,6
ZEC,2026-06-26 11:00:00+00:00,2026-06-26 13:00:00+00:00,1,398.0,403.96999999999997,149.99999999999903,138.49999999999903,TP,6
ZEC,2026-06-27 20:00:00+00:00,2026-06-27 22:00:00+00:00,1,400.99,394.97515,-150.00000000000014,-161.50000000000014,SL,6
ZEC,2026-06-30 04:00:00+00:00,2026-06-30 09:00:00+00:00,1,398.0,392.03,-150.00000000000014,-161.50000000000014,SL,6
ZEC,2026-07-07 22:00:00+00:00,2026-07-08 01:00:00+00:00,1,484.09,476.82865,-150.00000000000014,-161.50000000000014,SL,7
ZEC,2026-07-08 09:00:00+00:00,2026-07-08 09:00:00+00:00,1,470.83,463.76754999999997,-150.00000000000014,-161.50000000000014,SL,7
ZEC,2026-07-13 04:00:00+00:00,2026-07-13 10:00:00+00:00,1,519.46,511.66810000000004,-150.00000000000014,-161.50000000000014,SL,7
ZEC,2026-07-13 14:00:00+00:00,2026-07-13 14:00:00+00:00,1,505.62,513.2043,149.99999999999903,138.49999999999903,TP,7
ZEC,2026-07-16 10:00:00+00:00,2026-07-16 13:00:00+00:00,1,547.2,555.408,149.99999999999903,138.49999999999903,TP,7
ZEC,2026-07-27 15:00:00+00:00,2026-07-27 15:00:00+00:00,1,491.0,483.635,-150.00000000000014,-161.50000000000014,SL,7
ZEC,2026-08-03 04:00:00+00:00,2026-08-03 11:00:00+00:00,1,475.56,482.69339999999994,149.99999999999903,138.49999999999903,TP,8
