{
  "k": 2.5,
  "hold": 12,
  "oos": {
    "n": 1813,
    "mean_pct": -0.10025639202744437,
    "total_pct": -181.7648387457566,
    "wr": 50.91009376723662,
    "sharpe": -1.5993035325112652,
    "median_pct": 0.05025792416688665
  }
}