{
  "types": {
    "spot": 1018,
    "swap": 1031
  },
  "n_spot": 1018,
  "n_swap": 1031,
  "n_spot_usdt": 496,
  "spot_maker": 0.001,
  "spot_taker": 0.001,
  "perp_maker": 0.0001,
  "perp_taker": 0.0006,
  "current": [
    [
      "BTC",
      -4.411e-05,
      8.0
    ],
    [
      "ETH",
      -0.00013166,
      8.0
    ],
    [
      "SOL",
      6.156e-05,
      8.0
    ],
    [
      "BNB",
      5.91e-05,
      8.0
    ],
    [
      "XRP",
      3.231e-05,
      8.0
    ],
    [
      "DOGE",
      0.0001,
      8.0
    ],
    [
      "ADA",
      -6.143e-05,
      8.0
    ],
    [
      "AVAX",
      4.785e-05,
      8.0
    ],
    [
      "LINK",
      0.0001,
      8.0
    ],
    [
      "LTC",
      0.0001,
      8.0
    ],
    [
      "ARB",
      0.0001,
      8.0
    ],
    [
      "OP",
      0.0001,
      8.0
    ],
    [
      "SUI",
      -0.00021773,
      8.0
    ],
    [
      "APT",
      6.469e-05,
      8.0
    ],
    [
      "TIA",
      5e-05,
      8.0
    ],
    [
      "SEI",
      0.0001,
      8.0
    ],
    [
      "NEAR",
      0.0001,
      8.0
    ],
    [
      "INJ",
      -7.826e-05,
      8.0
    ]
  ],
  "current_pos": 13,
  "current_neg": 5,
  "hist": {
    "BTC": {
      "n": 100,
      "span_d": 33.0,
      "mean_bps": 0.37988400000000005,
      "std_bps": 0.4002084463676398,
      "pctpos": 85.0,
      "med_apr": 4.067924999999999,
      "median_rate": 3.7149999999999995e-05
    },
    "ETH": {
      "n": 100,
      "span_d": 33.0,
      "mean_bps": 0.17669500000000002,
      "std_bps": 0.38767307035052095,
      "pctpos": 73.0,
      "med_apr": 2.5026225,
      "median_rate": 2.2855e-05
    },
    "SOL": {
      "n": 100,
      "span_d": 33.0,
      "mean_bps": 0.156461,
      "std_bps": 0.6193366870927315,
      "pctpos": 66.0,
      "med_apr": 2.6022675000000004,
      "median_rate": 2.3765e-05
    },
    "XRP": {
      "n": 100,
      "span_d": 33.0,
      "mean_bps": 0.184141,
      "std_bps": 0.6351925301977347,
      "pctpos": 65.0,
      "med_apr": 2.342205,
      "median_rate": 2.139e-05
    },
    "DOGE": {
      "n": 100,
      "span_d": 33.0,
      "mean_bps": 0.6646110000000001,
      "std_bps": 0.3514519175918664,
      "pctpos": 94.0,
      "med_apr": 8.2207125,
      "median_rate": 7.5075e-05
    },
    "ARB": {
      "n": 100,
      "span_d": 33.0,
      "mean_bps": 0.995054,
      "std_bps": 0.04921207863929342,
      "pctpos": 100.0,
      "med_apr": 10.950000000000001,
      "median_rate": 0.0001
    },
    "OP": {
      "n": 100,
      "span_d": 33.0,
      "mean_bps": 0.646066,
      "std_bps": 0.6728982101655495,
      "pctpos": 86.0,
      "med_apr": 10.950000000000001,
      "median_rate": 0.0001
    },
    "SUI": {
      "n": 100,
      "span_d": 33.0,
      "mean_bps": -0.034501999999999984,
      "std_bps": 0.8190147865551635,
      "pctpos": 49.0,
      "med_apr": -0.257325,
      "median_rate": -2.35e-06
    }
  },
  "balance": 46.36
}