sym,t,wk,fwd48,fwd24,abs,sgn,sa48,sa24
1000PEPE,2025-06-29 23:00:00+00:00,0.13917181041760318,-0.1097522251623767,-0.06268943949963923,0.13917181041760318,1.0,-1097.522251623767,-626.8943949963923
1000PEPE,2025-07-06 23:00:00+00:00,0.04285699418235556,0.01718459972456743,-0.01215496078079159,0.04285699418235556,1.0,171.84599724567428,-121.5496078079159
1000PEPE,2025-07-13 23:00:00+00:00,-0.033743102824894344,0.04600805303615729,-0.006206531907105517,0.033743102824894344,-1.0,-460.0805303615729,62.06531907105517
1000PEPE,2025-07-20 23:00:00+00:00,0.08643409052198026,0.009776954321955467,0.0050452504810090115,0.08643409052198026,1.0,97.76954321955466,50.45250481009012
1000PEPE,2025-07-27 23:00:00+00:00,0.03300770045006818,-0.09886758219413772,-0.07000187693558979,0.03300770045006818,1.0,-988.6758219413772,-700.0187693558979
1000PEPE,2025-08-03 23:00:00+00:00,-0.009270317920718862,-0.025120532639473447,0.028516491926226184,0.009270317920718862,-1.0,251.20532639473447,-285.16491926226183
1000PEPE,2025-08-10 23:00:00+00:00,0.013636516306720914,0.005426138246404699,-0.0706806282722513,0.013636516306720914,1.0,54.26138246404699,-706.806282722513
1000PEPE,2025-08-17 23:00:00+00:00,0.03542757092033466,-0.08231430242497861,-0.03874566968101856,0.03542757092033466,1.0,-823.1430242497861,-387.4566968101856
1000PEPE,2025-08-24 23:00:00+00:00,-0.04902830346087306,-0.06906798822411098,-0.10040883376247034,0.04902830346087306,-1.0,690.6798822411098,1004.0883376247034
1000PEPE,2025-08-31 23:00:00+00:00,0.0031838187096171477,0.015060990789146134,-0.019064807899759284,0.0031838187096171477,1.0,150.60990789146135,-190.64807899759285
1000PEPE,2025-09-07 23:00:00+00:00,0.009653791539396828,0.04305121435579973,0.04270729018096486,0.009653791539396828,1.0,430.51214355799726,427.0729018096486
1000PEPE,2025-09-14 23:00:00+00:00,0.016841660207173703,-0.04099965349965362,-0.06726437976437982,0.016841660207173703,1.0,-409.9965349965362,-672.6437976437983
1000PEPE,2025-09-21 23:00:00+00:00,-0.03755282455312969,-0.08053536402446071,-0.07155494019460795,0.03755282455312969,-1.0,805.353640244607,715.5494019460796
1000PEPE,2025-09-28 23:00:00+00:00,0.0073185324472746505,-0.011064904203178405,-0.003575141626530276,0.0073185324472746505,1.0,-110.64904203178405,-35.75141626530276
1000PEPE,2025-10-05 23:00:00+00:00,-0.03709349093805614,-0.03347870047899659,0.042415205335348816,0.03709349093805614,-1.0,334.7870047899659,-424.15205335348816
1000PEPE,2025-10-12 23:00:00+00:00,-0.07649092480553155,0.004490177736202083,0.047868501937725405,0.07649092480553155,-1.0,-44.90177736202084,-478.68501937725404
1000PEPE,2025-10-19 23:00:00+00:00,0.04192312851160218,-0.011099509390242068,0.022671033999399404,0.04192312851160218,1.0,-110.99509390242068,226.71033999399404
1000PEPE,2025-10-26 23:00:00+00:00,0.022379516390238274,-0.046466853280535236,-0.026735850344780543,0.022379516390238274,1.0,-464.66853280535236,-267.35850344780545
1000PEPE,2025-11-02 23:00:00+00:00,0.022503816793893128,-0.16490536748462603,-0.1469341453221088,0.022503816793893128,1.0,-1649.0536748462603,-1469.341453221088
1000PEPE,2025-11-09 23:00:00+00:00,-0.03783732330683931,-0.038049391671337585,0.024893666128128267,0.03783732330683931,-1.0,380.4939167133758,-248.93666128128268
1000PEPE,2025-11-16 23:00:00+00:00,-0.02763788968824943,0.00014388784969887602,-0.030360336286460066,0.02763788968824943,-1.0,-1.4388784969887602,303.6033628646007
1000PEPE,2025-11-23 23:00:00+00:00,0.012171076653440638,0.10030292830696741,0.09648026157618905,0.012171076653440638,1.0,1003.0292830696741,964.8026157618905
1000PEPE,2025-11-30 23:00:00+00:00,-0.027631183764534106,0.007415908890262113,-0.10554427474176742,0.027631183764534106,-1.0,-74.15908890262114,1055.4427474176741
1000PEPE,2025-12-07 23:00:00+00:00,0.012405584802014369,0.11890071643275246,0.07369991185843117,0.012405584802014369,1.0,1189.0071643275246,736.9991185843116
1000PEPE,2025-12-14 23:00:00+00:00,-0.024294340682488258,-0.018446555363653916,-0.024779312991748403,0.024294340682488258,-1.0,184.46555363653917,247.79312991748404
1000PEPE,2025-12-21 23:00:00+00:00,-0.0305337992529221,-0.02192502734413848,-0.0013423486129063855,0.0305337992529221,-1.0,219.25027344138482,13.423486129063855
1000PEPE,2025-12-28 23:00:00+00:00,0.03527778466420406,-0.008645878239210592,-0.025722086506682174,0.03527778466420406,1.0,-86.45878239210592,-257.2208650668217
1000PEPE,2026-01-04 23:00:00+00:00,0.20302013422818788,-0.06399096007365856,-0.023102033983426695,0.20302013422818788,1.0,-639.9096007365856,-231.02033983426696
1000PEPE,2026-01-11 23:00:00+00:00,-0.046439425051334804,0.13346321615144574,-0.01198255202496512,0.046439425051334804,-1.0,-1334.6321615144575,119.8255202496512
1000PEPE,2026-01-18 23:00:00+00:00,-0.0781384514103407,-0.0871603310627701,-0.03424155863180267,0.0781384514103407,-1.0,871.603310627701,342.4155863180267
1000PEPE,2026-01-25 23:00:00+00:00,-0.06079463858305412,0.0678286746731851,0.06406631948134756,0.06079463858305412,-1.0,-678.2867467318509,-640.6631948134756
1000PEPE,2026-02-01 23:00:00+00:00,-0.09923267004812075,-0.009187993072926837,0.021671156436405603,0.09923267004812075,-1.0,91.87993072926837,-216.71156436405602
1000PEPE,2026-02-08 23:00:00+00:00,-0.025509281970514608,-0.03353925285680193,0.011268128430150792,0.025509281970514608,-1.0,335.39252856801926,-112.68128430150793
1000PEPE,2026-02-15 23:00:00+00:00,0.1589852674702592,-0.0028132586156043304,0.01572248565011236,0.1589852674702592,1.0,-28.132586156043303,157.2248565011236
1000PEPE,2026-02-22 23:00:00+00:00,-0.0413019823059092,-0.026894322583828845,-0.02171284759061398,0.0413019823059092,-1.0,268.94322583828847,217.1284759061398
1000PEPE,2026-03-01 23:00:00+00:00,-0.06372229465449808,0.0028120832608569124,0.019017800197135726,0.06372229465449808,-1.0,-28.120832608569124,-190.17800197135725
1000PEPE,2026-03-08 23:00:00+00:00,-0.05622346899397401,0.037366715943761175,0.02607492215267504,0.05622346899397401,-1.0,-373.66715943761176,-260.7492215267504
1000PEPE,2026-03-15 23:00:00+00:00,0.014237905119774519,0.05938304085113777,0.15848969325508122,0.014237905119774519,1.0,593.8304085113776,1584.8969325508122
1000PEPE,2026-03-22 23:00:00+00:00,-0.03698803328334954,0.07596440977512331,0.0524712048266196,0.03698803328334954,-1.0,-759.6440977512331,-524.712048266196
1000PEPE,2026-03-29 23:00:00+00:00,-0.004441064638783243,0.03900265511032441,0.011841181676686796,0.004441064638783243,-1.0,-390.0265511032441,-118.41181676686796
1000PEPE,2026-04-05 23:00:00+00:00,0.0186681445614445,0.06404462242562925,-0.05017162471395886,0.0186681445614445,1.0,640.4462242562925,-501.71624713958863
1000PEPE,2026-04-12 23:00:00+00:00,-0.057389787071621456,0.030473877468413013,0.08396218232283803,0.057389787071621456,-1.0,-304.73877468413014,-839.6218232283803
1000PEPE,2026-04-19 23:00:00+00:00,-0.09277093442826934,0.04414865938159007,0.02829129351189974,0.09277093442826934,-1.0,-441.48659381590073,-282.9129351189974
1000SHIB,2025-06-29 23:00:00+00:00,0.05366980629109652,-0.05716212798246356,-0.03726498608886264,0.05366980629109652,1.0,-571.6212798246356,-372.6498608886264
1000SHIB,2025-07-06 23:00:00+00:00,0.04296806070231152,0.002368465572661238,-0.017509727626459082,0.04296806070231152,1.0,23.68465572661238,-175.09727626459082
1000SHIB,2025-07-13 23:00:00+00:00,-0.019610734296667598,0.0329951146185643,-0.0032318677189028255,0.019610734296667598,-1.0,-329.95114618564304,32.31867718902826
1000SHIB,2025-07-20 23:00:00+00:00,0.07259402654867264,-0.0025784825630116304,-0.0023206343067105895,0.07259402654867264,1.0,-25.784825630116302,-23.206343067105895
1000SHIB,2025-07-27 23:00:00+00:00,0.02291124602486283,-0.07332061877516416,-0.05770996680087592,0.02291124602486283,1.0,-733.2061877516416,-577.0996680087592
1000SHIB,2025-08-03 23:00:00+00:00,0.004615891856247778,-0.009515216143056282,0.026330899844147382,0.004615891856247778,1.0,-95.15216143056281,263.3089984414738
1000SHIB,2025-08-10 23:00:00+00:00,0.02153452300278591,-0.001768867924528239,-0.048054245283018826,0.02153452300278591,1.0,-17.68867924528239,-480.54245283018827
1000SHIB,2025-08-17 23:00:00+00:00,0.019027484143763207,-0.0710718401844026,-0.023972339608144377,0.019027484143763207,1.0,-710.7184018440261,-239.72339608144378
1000SHIB,2025-08-24 23:00:00+00:00,-0.029985792268002687,-0.033305065145324164,-0.0734715904710509,0.029985792268002687,-1.0,333.05065145324164,734.715904710509
1000SHIB,2025-08-31 23:00:00+00:00,0.009619371423832845,0.021851638872915524,-0.00599687833730389,0.009619371423832845,1.0,218.51638872915524,-59.9687833730389
1000SHIB,2025-09-07 23:00:00+00:00,0.0006420030495144502,0.03311948676824383,0.03279871692060943,0.0006420030495144502,1.0,331.1948676824383,327.9871692060943
1000SHIB,2025-09-14 23:00:00+00:00,0.002124230881922262,-0.03852339181286546,-0.04546783625730988,0.002124230881922262,1.0,-385.2339181286546,-454.6783625730988
1000SHIB,2025-09-21 23:00:00+00:00,-0.009415609680180514,-0.05043205027494113,-0.04799685781618224,0.009415609680180514,-1.0,504.32050274941133,479.9685781618224
1000SHIB,2025-09-28 23:00:00+00:00,0.012989203778677405,-0.01590341382181515,-0.003996669442131506,0.012989203778677405,1.0,-159.0341382181515,-39.96669442131506
1000SHIB,2025-10-05 23:00:00+00:00,-0.017828968128747236,-0.020324550128534846,0.0326156812339331,0.017828968128747236,-1.0,203.24550128534847,-326.15681233933105
1000SHIB,2025-10-12 23:00:00+00:00,-0.002054538662682237,0.004678581454103048,0.03976794235987646,0.002054538662682237,-1.0,-46.785814541030476,-397.67942359876463
1000SHIB,2025-10-19 23:00:00+00:00,0.03112521756936637,-0.0014897209256131694,0.01092462012116413,0.03112521756936637,1.0,-14.897209256131694,109.2462012116413
1000SHIB,2025-10-26 23:00:00+00:00,0.0357983522950176,-0.043280613694478665,-0.01685765697509245,0.0357983522950176,1.0,-432.80613694478666,-168.5765697509245
1000SHIB,2025-11-02 23:00:00+00:00,0.023045184663379237,-0.13042195337857787,-0.09668535457853855,0.023045184663379237,1.0,-1304.2195337857786,-966.8535457853856
1000SHIB,2025-11-09 23:00:00+00:00,-0.021366264824071335,-0.03555689102564097,0.015625,0.021366264824071335,-1.0,355.5689102564097,-156.25
1000SHIB,2025-11-16 23:00:00+00:00,-0.01767760468456525,-0.0019122609673790647,-0.03487064116985372,0.01767760468456525,-1.0,19.12260967379065,348.70641169853724
1000SHIB,2025-11-23 23:00:00+00:00,0.014460942543576438,0.11965376782077386,0.060208757637474575,0.014460942543576438,1.0,1196.5376782077385,602.0875763747457
1000SHIB,2025-11-30 23:00:00+00:00,-0.0376294591484464,0.01064338674958143,-0.04699832575938767,0.0376294591484464,-1.0,-106.4338674958143,469.9832575938767
1000SHIB,2025-12-07 23:00:00+00:00,0.009086503513447974,0.046464161363909184,0.028814983791571658,0.009086503513447974,1.0,464.6416136390918,288.1498379157166
1000SHIB,2025-12-14 23:00:00+00:00,-0.016461407145470064,-0.02516736920406648,-0.021076121993553132,0.016461407145470064,-1.0,251.6736920406648,210.76121993553133
1000SHIB,2025-12-21 23:00:00+00:00,-0.042231285357189896,-0.022118422860282982,-0.011265283692814876,0.042231285357189896,-1.0,221.18422860282982,112.65283692814876
1000SHIB,2025-12-28 23:00:00+00:00,0.03497481813094572,-0.040416328737496565,-0.02730467693971339,0.03497481813094572,1.0,-404.16328737496565,-273.0467693971339
1000SHIB,2026-01-04 23:00:00+00:00,0.10996436908711149,0.009186496956281154,0.02479247371333715,0.10996436908711149,1.0,91.86496956281154,247.92473713337148
1000SHIB,2026-01-11 23:00:00+00:00,-0.01215095221404372,0.062204351939451286,-0.010170293282875997,0.01215095221404372,-1.0,-622.0435193945128,101.70293282875997
1000SHIB,2026-01-18 23:00:00+00:00,-0.04699093157460843,-0.04441420264753182,0.006309538537671688,0.04699093157460843,-1.0,444.1420264753182,-63.095385376716884
1000SHIB,2026-01-25 23:00:00+00:00,-0.046366869918699316,0.0436867341502396,0.02530633990410225,0.046366869918699316,-1.0,-436.867341502396,-253.06339904102248
1000SHIB,2026-02-01 23:00:00+00:00,-0.08233989464929303,0.011935337664299661,0.03822329657047896,0.08233989464929303,-1.0,-119.35337664299661,-382.2329657047896
1000SHIB,2026-02-08 23:00:00+00:00,-0.021143680922633412,-0.016683022571148176,-0.0014720314033365156,0.021143680922633412,-1.0,166.83022571148177,14.720314033365156
1000SHIB,2026-02-15 23:00:00+00:00,0.03139296418993531,-0.004280691025837058,0.004280691025837058,0.03139296418993531,1.0,-42.80691025837058,42.80691025837058
1000SHIB,2026-02-22 23:00:00+00:00,-0.030378953961791466,-0.04859541491766228,-0.029706167258637395,0.030378953961791466,-1.0,485.9541491766228,297.06167258637396
1000SHIB,2026-03-01 23:00:00+00:00,-0.04024982650936859,-0.010663292969456006,-0.0057834809325862935,0.04024982650936859,-1.0,106.63292969456006,57.834809325862935
1000SHIB,2026-03-08 23:00:00+00:00,-0.019851576994434073,0.068319454958365,0.025738077214231714,0.019851576994434073,-1.0,-683.19454958365,-257.38077214231714
1000SHIB,2026-03-15 23:00:00+00:00,-0.00502092050209213,0.01968702675416445,0.040888440181726216,0.00502092050209213,-1.0,-196.8702675416445,-408.88440181726213
1000SHIB,2026-03-22 23:00:00+00:00,-0.0374936666103699,0.08776549060909256,0.07038792346849232,0.0374936666103699,-1.0,-877.6549060909256,-703.8792346849232
1000SHIB,2026-03-29 23:00:00+00:00,-0.0012089810017271718,0.028699861687413675,0.02403181189488257,0.0012089810017271718,-1.0,-286.99861687413676,-240.3181189488257
1000SHIB,2026-04-05 23:00:00+00:00,-0.002330614283336141,0.02284856571047378,-0.028018679119412915,0.002330614283336141,-1.0,-228.48565710473778,280.18679119412917
1000SHIB,2026-04-12 23:00:00+00:00,-0.0436804517522007,0.011464304325169428,0.04203578252562101,0.0436804517522007,-1.0,-114.64304325169428,-420.3578252562101
1000SHIB,2026-04-19 23:00:00+00:00,-0.07067360782457799,0.03256997455470745,0.01781170483460559,0.07067360782457799,-1.0,-325.6997455470745,-178.1170483460559
AAVE,2025-06-29 23:00:00+00:00,0.08499941540979772,-0.0675258472142447,-0.014969844916714603,0.08499941540979772,1.0,-675.2584721424471,-149.69844916714604
AAVE,2025-07-06 23:00:00+00:00,0.09238903046669944,0.016647551523998105,-0.01602196503666642,0.09238903046669944,1.0,166.47551523998106,-160.21965036666418
AAVE,2025-07-13 23:00:00+00:00,0.0058937802508973736,0.069992480957207,0.02978194775899845,0.0058937802508973736,1.0,699.92480957207,297.8194775899845
AAVE,2025-07-20 23:00:00+00:00,0.023217665615141936,-0.041315683914961876,-0.006078558425128722,0.023217665615141936,1.0,-413.15683914961875,-60.78558425128722
AAVE,2025-07-27 23:00:00+00:00,0.04565269625510604,-0.07425401306502977,-0.051997505170206404,0.04565269625510604,1.0,-742.5401306502977,-519.9750517020641
AAVE,2025-08-03 23:00:00+00:00,0.005535983895319507,-0.017126582765654375,0.02994265481276237,0.005535983895319507,1.0,-171.26582765654373,299.42654812762373
AAVE,2025-08-10 23:00:00+00:00,0.048380469766486245,0.05186444001437951,-0.04228896369162394,0.048380469766486245,1.0,518.6444001437951,-422.8896369162394
AAVE,2025-08-17 23:00:00+00:00,0.01763816563077447,-0.08424775251189853,-0.04676758328926489,0.01763816563077447,1.0,-842.4775251189853,-467.67583289264894
AAVE,2025-08-24 23:00:00+00:00,0.026606233628631237,-0.03775911006622901,-0.08804724906103967,0.026606233628631237,1.0,-377.59110066229005,-880.4724906103967
AAVE,2025-08-31 23:00:00+00:00,0.005833598979916976,0.0006977039198274859,-0.03425091970062166,0.005833598979916976,1.0,6.977039198274859,-342.50919700621665
AAVE,2025-09-07 23:00:00+00:00,-0.01796895382207142,-0.010925876726886385,0.0055127523910731835,0.01796895382207142,-1.0,109.25876726886385,-55.12752391073184
AAVE,2025-09-14 23:00:00+00:00,-0.03909458569771462,-0.02449379490529069,-0.02269758327890259,0.03909458569771462,-1.0,244.9379490529069,226.9758327890259
AAVE,2025-09-21 23:00:00+00:00,-0.015521287294669728,-0.06649424896209088,-0.0814333356019874,0.015521287294669728,-1.0,664.9424896209089,814.333356019874
AAVE,2025-09-28 23:00:00+00:00,0.022611476812079534,-0.0018922852983990213,0.007423580786026118,0.022611476812079534,1.0,-18.92285298399021,74.23580786026119
AAVE,2025-10-05 23:00:00+00:00,-0.022606610721013776,-0.03242542153047989,0.04213552073474269,0.022606610721013776,-1.0,324.25421530479895,-421.3552073474269
AAVE,2025-10-12 23:00:00+00:00,0.025642074267953507,0.01775242350500661,0.041927633941038156,0.025642074267953507,1.0,177.5242350500661,419.2763394103816
AAVE,2025-10-19 23:00:00+00:00,0.07585506264815423,-0.01673188503575762,0.028741060585615985,0.07585506264815423,1.0,-167.3188503575762,287.41060585615986
AAVE,2025-10-26 23:00:00+00:00,0.05218037877793824,-0.05087704713608787,-0.023651176323884027,0.05218037877793824,1.0,-508.77047136087873,-236.51176323884027
AAVE,2025-11-02 23:00:00+00:00,-0.0005615065653076234,-0.1875135018362496,-0.13791315618924171,0.0005615065653076234,-1.0,1875.1350183624959,1379.131561892417
AAVE,2025-11-09 23:00:00+00:00,0.005212529024309243,-0.022332155477031823,0.07429917550058907,0.005212529024309243,1.0,-223.32155477031824,742.9917550058907
AAVE,2025-11-16 23:00:00+00:00,-0.01768653321201097,0.03078525548290023,-0.021642266072565253,0.01768653321201097,-1.0,-307.8525548290023,216.42266072565252
AAVE,2025-11-23 23:00:00+00:00,0.07986581510870261,0.07002332117443055,0.06583746935358503,0.07986581510870261,1.0,700.2332117443055,658.3746935358503
AAVE,2025-11-30 23:00:00+00:00,-0.05004286326618079,0.06971370604147875,-0.034941388638412896,0.05004286326618079,-1.0,-697.1370604147875,349.41388638412894
AAVE,2025-12-07 23:00:00+00:00,0.022703705725044987,0.07931678676274356,0.021617293835068052,0.022703705725044987,1.0,793.1678676274356,216.1729383506805
AAVE,2025-12-14 23:00:00+00:00,-0.013558079882740937,-0.012418404712625342,0.02287321551769894,0.013558079882740937,-1.0,124.18404712625342,-228.7321551769894
AAVE,2025-12-21 23:00:00+00:00,-0.1168226798609252,-0.08635840252105931,-0.08769165505120902,0.1168226798609252,-1.0,863.584025210593,876.9165505120901
AAVE,2025-12-28 23:00:00+00:00,-0.006277504530157851,-0.02689677629436682,-0.026766525561706334,0.006277504530157851,-1.0,268.9677629436682,267.66525561706334
AAVE,2026-01-04 23:00:00+00:00,0.024030959365832327,0.07274278055318639,0.04008772998659693,0.024030959365832327,1.0,727.4278055318639,400.8772998659693
AAVE,2026-01-11 23:00:00+00:00,0.016979987871437174,0.0567938021454113,-0.017103694874851083,0.016979987871437174,1.0,567.938021454113,-171.03694874851084
AAVE,2026-01-18 23:00:00+00:00,-0.04358930699812702,-0.09150210520073543,-0.028464685998932482,0.04358930699812702,-1.0,915.0210520073542,284.6468599893248
AAVE,2026-01-25 23:00:00+00:00,-0.05302933265018561,0.07445729356867514,0.04240210996145244,0.05302933265018561,-1.0,-744.5729356867514,-424.02109961452436
AAVE,2026-02-01 23:00:00+00:00,-0.09994197853205689,0.006434488860291188,0.03120727097241227,0.09994197853205689,-1.0,-64.34488860291188,-312.0727097241227
AAVE,2026-02-08 23:00:00+00:00,-0.012126537785588698,-0.02801494130202764,0.001956599075062293,0.012126537785588698,-1.0,280.1494130202764,-19.56599075062293
AAVE,2026-02-15 23:00:00+00:00,0.053116621983914314,0.006844953836357748,0.01002865329512903,0.053116621983914314,1.0,68.44953836357747,100.28653295129031
AAVE,2026-02-22 23:00:00+00:00,0.009679629946890644,-0.030362140615723843,-0.028835552540072862,0.009679629946890644,1.0,-303.6214061572384,-288.3555254007286
AAVE,2026-03-01 23:00:00+00:00,0.017207384835992157,-0.021670190274841405,0.07558139534883712,0.017207384835992157,1.0,-216.70190274841406,755.8139534883712
AAVE,2026-03-08 23:00:00+00:00,-0.05386752711302312,0.05810977343824075,0.01061712010617133,0.05386752711302312,-1.0,-581.0977343824076,-106.17120106171329
AAVE,2026-03-15 23:00:00+00:00,0.025218234723569433,0.027045591139349234,0.048939641109298604,0.025218234723569433,1.0,270.45591139349233,489.39641109298606
AAVE,2026-03-22 23:00:00+00:00,-0.037674334359717454,0.054668420063873846,0.035412361450310126,0.037674334359717454,-1.0,-546.6842006387385,-354.12361450310124
AAVE,2026-03-29 23:00:00+00:00,-0.02921119592875321,0.02861635220125769,0.014570230607966472,0.02921119592875321,-1.0,-286.1635220125769,-145.7023060796647
AAVE,2026-04-05 23:00:00+00:00,-0.004023718763235817,0.016337789093995303,-0.013791640144281914,0.004023718763235817,-1.0,-163.37789093995303,137.91640144281914
AAVE,2026-04-12 23:00:00+00:00,-0.05316455696202527,0.11285650623885912,0.14995543672014255,0.05316455696202527,-1.0,-1128.5650623885913,-1499.5543672014255
AAVE,2026-04-19 23:00:00+00:00,-0.22345647119607326,0.018639742594031006,0.004992788194829734,0.22345647119607326,-1.0,-186.39742594031006,-49.92788194829734
ADA,2025-06-29 23:00:00+00:00,0.03922980025193468,-0.06167706167706177,-0.00935550935550944,0.03922980025193468,1.0,-616.7706167706177,-93.55509355509439
ADA,2025-07-06 23:00:00+00:00,0.02720252720252736,0.0046130189646333974,-0.00871348026652996,0.02720252720252736,1.0,46.130189646333974,-87.1348026652996
ADA,2025-07-13 23:00:00+00:00,0.02093442395674483,0.013985064494229427,-0.0021724372029872097,0.02093442395674483,1.0,139.85064494229425,-21.724372029872097
ADA,2025-07-20 23:00:00+00:00,0.05888161955314164,0.05363805970149249,0.03696361940298498,0.05888161955314164,1.0,536.3805970149249,369.63619402984983
ADA,2025-07-27 23:00:00+00:00,0.02984150569588917,-0.059622550787354234,-0.04724125495852871,0.02984150569588917,1.0,-596.2255078735424,-472.41254958528714
ADA,2025-08-03 23:00:00+00:00,0.0031759182546258202,-0.0015134837644468213,0.03797468354430378,0.0031759182546258202,1.0,-15.134837644468213,379.74683544303775
ADA,2025-08-10 23:00:00+00:00,0.006405425772418871,0.04991888181704729,-0.0360663921128167,0.006405425772418871,1.0,499.18881817047287,-360.66392112816703
ADA,2025-08-17 23:00:00+00:00,0.023548215237080505,-0.11950864043306264,-0.03966271080574646,0.023548215237080505,1.0,-1195.0864043306265,-396.62710805746457
ADA,2025-08-24 23:00:00+00:00,-0.030742954739538808,-0.04668575203699621,-0.07905747632680027,0.030742954739538808,-1.0,466.85752036996206,790.5747632680027
ADA,2025-08-31 23:00:00+00:00,-0.0034419176398279294,0.02960769800148033,-0.011966444608931703,0.0034419176398279294,-1.0,-296.0769800148033,119.66444608931704
ADA,2025-09-07 23:00:00+00:00,-0.003342485376626514,0.03592814371257491,0.03592814371257491,0.003342485376626514,-1.0,-359.2814371257491,-359.2814371257491
ADA,2025-09-14 23:00:00+00:00,-0.021285982133009806,-0.008338967771016392,-0.02772143340094657,0.021285982133009806,-1.0,83.38967771016392,277.2143340094657
ADA,2025-09-21 23:00:00+00:00,-0.010305813823233034,-0.08785237178761462,-0.06611570247933884,0.010305813823233034,-1.0,878.5237178761463,661.1570247933885
ADA,2025-09-28 23:00:00+00:00,0.026412698412698443,-0.002102919346858023,-0.0035873330034636997,0.026412698412698443,1.0,-21.02919346858023,-35.87333003463699
ADA,2025-10-05 23:00:00+00:00,-0.03958691910499146,-0.021027479091995205,0.04145758661887711,0.03958691910499146,-1.0,210.27479091995204,-414.57586618877104
ADA,2025-10-12 23:00:00+00:00,-0.02317788327282877,-0.0014293882218410214,0.04045168667810173,0.02317788327282877,-1.0,14.293882218410214,-404.51686678101726
ADA,2025-10-19 23:00:00+00:00,0.03770283168946853,-0.015483673156523103,0.015177065767284947,0.03770283168946853,1.0,-154.83673156523105,151.77065767284947
ADA,2025-10-26 23:00:00+00:00,0.03873722739057506,-0.052422907488986925,-0.021145374449339283,0.03873722739057506,1.0,-524.2290748898693,-211.45374449339283
ADA,2025-11-02 23:00:00+00:00,0.0056022408963585235,-0.14706845725515882,-0.09531608254176227,0.0056022408963585235,1.0,-1470.6845725515882,-953.1608254176227
ADA,2025-11-09 23:00:00+00:00,-0.004643962848297267,-0.03905979951607319,0.023677843069478177,0.004643962848297267,-1.0,390.5979951607319,-236.77843069478178
ADA,2025-11-16 23:00:00+00:00,-0.03411131059245953,-0.020016508460586002,-0.03858852661989265,0.03411131059245953,-1.0,200.16508460586002,385.8852661989265
ADA,2025-11-23 23:00:00+00:00,0.0064102564102563875,0.034076979651875616,0.04805099289041426,0.0064102564102563875,1.0,340.76979651875615,480.50992890414255
ADA,2025-11-30 23:00:00+00:00,-0.01662312989788639,0.046388016429089074,-0.06885721188692917,0.01662312989788639,-1.0,-463.8801642908907,688.5721188692917
ADA,2025-12-07 23:00:00+00:00,0.007489731819279921,0.12746039366298612,0.03792606817090727,0.007489731819279921,1.0,1274.6039366298612,379.2606817090727
ADA,2025-12-14 23:00:00+00:00,-0.03391898487066869,-0.026255995960616008,-0.02070184296894717,0.03391898487066869,-1.0,262.5599596061601,207.0184296894717
ADA,2025-12-21 23:00:00+00:00,-0.03508309153257705,-0.008743169398907069,0.013661202185792254,0.03508309153257705,-1.0,87.4316939890707,-136.61202185792254
ADA,2025-12-28 23:00:00+00:00,0.05376036602802392,-0.04747693977211054,-0.042593597395550686,0.05376036602802392,1.0,-474.7693977211054,-425.9359739555069
ADA,2026-01-04 23:00:00+00:00,0.037574501166105057,0.04745254745254757,0.05094905094905111,0.037574501166105057,1.0,474.52547452547566,509.4905094905111
ADA,2026-01-11 23:00:00+00:00,-0.0007676560900715668,0.08068647540983598,-0.01127049180327877,0.0007676560900715668,-1.0,-806.8647540983598,112.7049180327877
ADA,2026-01-18 23:00:00+00:00,-0.04818665990362658,-0.0655825113303119,-0.012796587576646146,0.04818665990362658,-1.0,655.825113303119,127.96587576646145
ADA,2026-01-25 23:00:00+00:00,-0.05571030640668517,0.06403068751844199,0.038654470345234504,0.05571030640668517,-1.0,-640.3068751844198,-386.54470345234506
ADA,2026-02-01 23:00:00+00:00,-0.1174652241112829,0.02065103255162759,0.04585229261463075,0.1174652241112829,-1.0,-206.5103255162759,-458.5229261463075
ADA,2026-02-08 23:00:00+00:00,-0.019963702359346636,-0.029651593773165286,-0.0003706449221645425,0.019963702359346636,-1.0,296.51593773165285,3.706449221645425
ADA,2026-02-15 23:00:00+00:00,0.03073545554335899,-0.002485795454545525,0.014559659090909172,0.03073545554335899,1.0,-24.85795454545525,145.59659090909173
ADA,2026-02-22 23:00:00+00:00,-0.04402958788305744,-0.04896907216494861,-0.03497790868924888,0.04402958788305744,-1.0,489.69072164948614,349.7790868924888
ADA,2026-03-01 23:00:00+00:00,-0.015140591204037435,-0.03989751098096639,0.013177159590043841,0.015140591204037435,-1.0,398.9751098096639,-131.7715959004384
ADA,2026-03-08 23:00:00+00:00,-0.03448275862068961,0.05138498594941798,0.022882376555600326,0.03448275862068961,-1.0,-513.8498594941798,-228.82376555600325
ADA,2026-03-15 23:00:00+00:00,0.008971962616822315,0.06765249537892792,0.07356746765249533,0.008971962616822315,1.0,676.5249537892793,735.6746765249534
ADA,2026-03-22 23:00:00+00:00,-0.05003790750568604,0.06185155626496419,0.0430965682362332,0.05003790750568604,-1.0,-618.5155626496419,-430.965682362332
ADA,2026-03-29 23:00:00+00:00,-0.026412027631044332,0.007926574885273263,0.015853149770546526,0.026412027631044332,-1.0,-79.26574885273263,-158.53149770546526
ADA,2026-04-05 23:00:00+00:00,0.014158576051779725,0.045400238948626104,-0.02110712863401032,0.014158576051779725,1.0,454.00238948626105,-211.0712863401032
ADA,2026-04-12 23:00:00+00:00,-0.08203732503888017,0.013977128335451061,0.05294366793731453,0.08203732503888017,-1.0,-139.77128335451062,-529.4366793731454
ADA,2026-04-19 23:00:00+00:00,-0.068793235972329,0.03054065208419332,0.021873710276516745,0.068793235972329,-1.0,-305.40652084193323,-218.73710276516744
BNB,2025-06-29 23:00:00+00:00,0.013650292506268036,-0.013769310618550579,0.0028393478659094473,0.013650292506268036,1.0,-137.6931061855058,28.393478659094473
BNB,2025-07-06 23:00:00+00:00,0.016414296223639102,-0.004131483715319684,-0.003377563329312383,0.016414296223639102,1.0,-41.314837153196834,-33.77563329312383
BNB,2025-07-13 23:00:00+00:00,0.0011134408213435698,-0.0031768035580198584,-0.0049384855311037645,0.0011134408213435698,1.0,-31.768035580198585,-49.38485531103765
BNB,2025-07-20 23:00:00+00:00,0.04331055763720526,0.040194900371050224,0.012174670874542937,0.04331055763720526,1.0,401.9490037105022,121.74670874542937
BNB,2025-07-27 23:00:00+00:00,0.08578664541177083,-0.046579295987888125,-0.024791824375473115,0.08578664541177083,1.0,-465.7929598788813,-247.91824375473115
BNB,2025-08-03 23:00:00+00:00,-0.010415157939089204,0.00497413185439366,0.022702788971791232,0.010415157939089204,-1.0,-49.7413185439366,-227.02788971791233
BNB,2025-08-10 23:00:00+00:00,0.013798038895654674,0.03163929960125822,-0.00286053941600406,0.013798038895654674,1.0,316.3929960125822,-28.605394160040596
BNB,2025-08-17 23:00:00+00:00,0.03476556829728561,-0.0364513942453778,-0.009887104691115534,0.03476556829728561,1.0,-364.513942453778,-98.87104691115533
BNB,2025-08-24 23:00:00+00:00,-0.022090883746863632,-0.014253298213206533,-0.042600257699631716,0.022090883746863632,-1.0,142.53298213206534,426.00257699631715
BNB,2025-08-31 23:00:00+00:00,0.002453041771796949,-0.006597197939249955,-0.013707252255402591,0.002453041771796949,1.0,-65.97197939249955,-137.0725225540259
BNB,2025-09-07 23:00:00+00:00,0.03350585032097553,-0.0003974246880215082,-0.0028046827983239098,0.03350585032097553,1.0,-3.974246880215082,-28.046827983239098
BNB,2025-09-14 23:00:00+00:00,0.0010366051182377767,0.03204644036340887,-0.0075638231295452885,0.0010366051182377767,1.0,320.4644036340887,-75.63823129545288
BNB,2025-09-21 23:00:00+00:00,0.06953301160073866,-0.03026111180011637,-0.052441781704047896,0.06953301160073866,1.0,-302.6111180011637,-524.417817040479
BNB,2025-09-28 23:00:00+00:00,0.04126628173825564,0.015554056638914293,0.037460611490873985,0.04126628173825564,1.0,155.54056638914292,374.60611490873987
BNB,2025-10-05 23:00:00+00:00,-0.011697787408373128,0.1176541095890411,0.04856164383561645,0.011697787408373128,-1.0,-1176.541095890411,-485.6164383561645
BNB,2025-10-12 23:00:00+00:00,0.08871008171654893,-0.07343110845056378,-0.006899515729207439,0.08871008171654893,1.0,-734.3110845056377,-68.9951572920744
BNB,2025-10-19 23:00:00+00:00,0.028972734272805667,-0.04726908753167358,-0.008187777847912914,0.028972734272805667,1.0,-472.6908753167358,-81.87777847912913
BNB,2025-10-26 23:00:00+00:00,0.02485926593109644,-0.030917959309223364,0.0006767148569670756,0.02485926593109644,1.0,-309.17959309223363,6.767148569670756
BNB,2025-11-02 23:00:00+00:00,-0.0021928208152133255,-0.1356569107192318,-0.0826701135629212,0.0021928208152133255,-1.0,1356.5691071923181,826.701135629212
BNB,2025-11-09 23:00:00+00:00,0.007973690867695504,-0.03843682868557885,-0.004728061193760125,0.007973690867695504,1.0,-384.3682868557885,-47.28061193760125
BNB,2025-11-16 23:00:00+00:00,0.00810478563113981,0.006320035374941968,-0.02185049772974834,0.00810478563113981,1.0,63.200353749419676,-218.5049772974834
BNB,2025-11-23 23:00:00+00:00,0.024729877382542176,0.022557638082600917,0.02555505532782032,0.024729877382542176,1.0,225.57638082600917,255.5505532782032
BNB,2025-11-30 23:00:00+00:00,-0.016235955056179807,0.001747672625506791,-0.055708492775144336,0.016235955056179807,-1.0,-17.47672625506791,557.0849277514434
BNB,2025-12-07 23:00:00+00:00,0.015548040039040423,0.0033637298287962913,0.0028161459031781355,0.015548040039040423,1.0,33.63729828796291,28.161459031781355
BNB,2025-12-14 23:00:00+00:00,0.00028491976659372753,-0.002039746570035028,-0.021514198459364642,0.00028491976659372753,1.0,-20.39746570035028,-215.1419845936464
BNB,2025-12-21 23:00:00+00:00,-0.0018820577164366803,-0.01742480677902969,-0.00019787689729022784,0.0018820577164366803,-1.0,174.2480677902969,1.9787689729022784
BNB,2025-12-28 23:00:00+00:00,0.02796141110088346,0.002418857787442885,-0.008245048900466179,0.02796141110088346,1.0,24.18857787442885,-82.45048900466179
BNB,2026-01-04 23:00:00+00:00,0.018296909981475817,0.024957585498705193,0.01672024287882845,0.018296909981475817,1.0,249.5758549870519,167.20242878828452
BNB,2026-01-11 23:00:00+00:00,0.012479294444195599,0.04339080459770117,0.0013483642793987727,0.012479294444195599,1.0,433.90804597701174,13.483642793987727
BNB,2026-01-18 23:00:00+00:00,-0.0026852099491843084,-0.05098472496352868,-0.009139277439285998,0.0026852099491843084,-1.0,509.8472496352868,91.39277439285998
BNB,2026-01-25 23:00:00+00:00,-0.02765685306525445,0.03715413195486117,0.015103962338171906,0.02765685306525445,-1.0,-371.5413195486117,-151.03962338171905
BNB,2026-02-01 23:00:00+00:00,-0.11859778769287965,-0.004665875840253131,0.020442862791617333,0.11859778769287965,-1.0,46.658758402531305,-204.42862791617333
BNB,2026-02-08 23:00:00+00:00,-0.026458729554963867,-0.031519207016775797,-0.0049717796782414725,0.026458729554963867,-1.0,315.19207016775795,49.71779678241472
BNB,2026-02-15 23:00:00+00:00,-0.004788636694546544,0.0043582905093346724,0.019905028296363758,0.004788636694546544,-1.0,-43.582905093346724,-199.05028296363758
BNB,2026-02-22 23:00:00+00:00,-0.02261889623601221,-0.05135543883043592,-0.030426227375473514,0.02261889623601221,-1.0,513.5543883043591,304.26227375473513
BNB,2026-03-01 23:00:00+00:00,0.011354712041884651,0.0247015432398332,0.03172215212397678,0.011354712041884651,1.0,247.01543239833202,317.22152123976775
BNB,2026-03-08 23:00:00+00:00,-0.027751287430860083,0.04925134039492618,0.03718778605989281,0.027751287430860083,-1.0,-492.5134039492618,-371.8778605989281
BNB,2026-03-15 23:00:00+00:00,0.025496310945462897,-0.009365737996443246,0.007276229994072514,0.025496310945462897,1.0,-93.65737996443247,72.76229994072514
BNB,2026-03-22 23:00:00+00:00,-0.02119975610900038,0.01891641657620835,0.020416959325713524,0.02119975610900038,-1.0,-189.1641657620835,-204.16959325713523
BNB,2026-03-29 23:00:00+00:00,-0.00812049770792389,0.019342487457089996,0.00574333245312908,0.00812049770792389,-1.0,-193.42487457089996,-57.43332453129079
BNB,2026-04-05 23:00:00+00:00,0.022460456344823854,0.02950204921432964,-0.0036836079446461722,0.022460456344823854,1.0,295.0204921432964,-36.836079446461724
BNB,2026-04-12 23:00:00+00:00,-0.02928356056633452,0.036715057393652994,0.03830182309250518,0.02928356056633452,-1.0,-367.15057393652995,-383.01823092505185
BNB,2026-04-19 23:00:00+00:00,-0.03903131237524948,0.025341921248600796,0.021415708097409114,0.03903131237524948,-1.0,-253.41921248600795,-214.15708097409114
BTC,2025-06-29 23:00:00+00:00,0.011647229707955065,-0.02453038898491633,-0.01122043463487421,0.011647229707955065,1.0,-245.30388984916328,-112.2043463487421
BTC,2025-07-06 23:00:00+00:00,0.01393542442108342,-0.0027016924742886417,-0.008539327077939585,0.01393542442108342,1.0,-27.016924742886417,-85.39327077939585
BTC,2025-07-13 23:00:00+00:00,0.011906330743312488,-0.010747068733012122,0.006838432680633666,0.011906330743312488,1.0,-107.47068733012122,68.38432680633666
BTC,2025-07-20 23:00:00+00:00,-0.0011646273618421965,0.023572240096349617,0.0009757795147713466,0.0011646273618421965,-1.0,-235.72240096349617,-9.757795147713466
BTC,2025-07-27 23:00:00+00:00,0.020245364175599967,-0.012889874526606393,-0.011554908637748551,0.020245364175599967,1.0,-128.89874526606394,-115.54908637748551
BTC,2025-08-03 23:00:00+00:00,0.0020664095212847844,-0.0006342370627464566,0.007440021234677463,0.0020664095212847844,1.0,-6.342370627464566,74.40021234677462
BTC,2025-08-10 23:00:00+00:00,0.020601961007495895,0.006844973057823722,-0.004949880676262786,0.020601961007495895,1.0,68.44973057823722,-49.49880676262786
BTC,2025-08-17 23:00:00+00:00,0.000795790583400624,-0.03842748090301906,-0.010042161225138568,0.000795790583400624,1.0,-384.2748090301906,-100.42161225138568
BTC,2025-08-24 23:00:00+00:00,-0.030285832965105675,-0.015515819013841137,-0.02986380911417741,0.030285832965105675,-1.0,155.15819013841136,298.6380911417741
BTC,2025-08-31 23:00:00+00:00,0.004095134846144655,0.027594105689741744,0.00931974719654205,0.004095134846144655,1.0,275.9410568974174,93.1974719654205
BTC,2025-09-07 23:00:00+00:00,-0.004281244706698439,0.003249269364430374,0.008174477664198543,0.004281244706698439,-1.0,-32.49269364430374,-81.74477664198542
BTC,2025-09-14 23:00:00+00:00,-0.007154787531408857,0.01280589695938028,0.0006428976725543212,0.007154787531408857,-1.0,-128.0589695938028,-6.428976725543212
BTC,2025-09-21 23:00:00+00:00,-0.0008318312952455553,-0.028248979946175923,-0.02245594235610726,0.0008318312952455553,-1.0,282.4897994617592,224.5594235610726
BTC,2025-09-28 23:00:00+00:00,0.026223316958062126,0.016844311644293786,0.01927663559737769,0.026223316958062126,1.0,168.44311644293785,192.76635597377688
BTC,2025-10-05 23:00:00+00:00,0.008028641396063962,-0.017003032233075088,0.009796819315535332,0.008028641396063962,1.0,-170.0303223307509,97.96819315535332
BTC,2025-10-12 23:00:00+00:00,0.006077345163431502,-0.016610003081245717,0.0019401402750141017,0.006077345163431502,1.0,-166.10003081245716,19.401402750141017
BTC,2025-10-19 23:00:00+00:00,0.015280150108963664,-0.003105990426956251,0.017471081046736225,0.015280150108963664,1.0,-31.05990426956251,174.71081046736225
BTC,2025-10-26 23:00:00+00:00,0.032933594232786856,-0.014540865342625997,-0.003866443081975257,0.032933594232786856,1.0,-145.40865342625997,-38.66443081975257
BTC,2025-11-02 23:00:00+00:00,0.009630883153812775,-0.08189343093174639,-0.03582107922992828,0.009630883153812775,1.0,-818.9343093174639,-358.2107922992828
BTC,2025-11-09 23:00:00+00:00,0.009177009561674554,-0.015943117204695434,0.012302442528735691,0.009177009561674554,1.0,-159.43117204695434,123.0244252873569
BTC,2025-11-16 23:00:00+00:00,-0.0010537016836966728,-0.01393860223463328,-0.02200781665352569,0.0010537016836966728,-1.0,139.3860223463328,220.0781665352569
BTC,2025-11-23 23:00:00+00:00,0.026781521223527616,0.005852541304771197,0.016688959319077545,0.026781521223527616,1.0,58.52541304771197,166.88959319077546
BTC,2025-11-30 23:00:00+00:00,-0.009063530289482258,0.01014622566826806,-0.04492284594765472,0.009063530289482258,-1.0,-101.4622566826806,449.2284594765472
BTC,2025-12-07 23:00:00+00:00,0.012113302451675079,0.025478461352852255,0.0027184109250013577,0.012113302451675079,1.0,254.78461352852256,27.184109250013577
BTC,2025-12-14 23:00:00+00:00,-0.023000628832467784,-0.0033123971970626664,-0.01935788533293681,0.023000628832467784,-1.0,33.12397197062666,193.5788533293681
BTC,2025-12-21 23:00:00+00:00,0.006342134469608851,-0.012670916268101906,-8.578972261685802e-05,0.006342134469608851,1.0,-126.70916268101907,-0.8578972261685802
BTC,2025-12-28 23:00:00+00:00,0.0042700187113178245,0.006151438217175009,-0.008170447617227516,0.0042700187113178245,1.0,61.51438217175009,-81.70447617227516
BTC,2026-01-04 23:00:00+00:00,0.01982602763851027,0.02425946125546763,0.02543658505129298,0.01982602763851027,1.0,242.5946125546763,254.36585051292982
BTC,2026-01-11 23:00:00+00:00,0.0078012055200009645,0.04845356858218586,0.0030989089509989576,0.0078012055200009645,1.0,484.5356858218586,30.989089509989576
BTC,2026-01-18 23:00:00+00:00,-0.019802996100964587,-0.05571061584392145,-0.011027617109683252,0.019802996100964587,-1.0,557.1061584392145,110.27617109683251
BTC,2026-01-25 23:00:00+00:00,-0.03183114303503021,0.029828517198502214,0.019565872463346512,0.03183114303503021,-1.0,-298.28517198502215,-195.6587246334651
BTC,2026-02-01 23:00:00+00:00,-0.08277515612667541,-0.01563856724674917,0.02294895725553614,0.08277515612667541,-1.0,156.3856724674917,-229.4895725553614
BTC,2026-02-08 23:00:00+00:00,0.004797040586165036,-0.021420380661334226,-0.0026761248687545702,0.004797040586165036,1.0,-214.20380661334227,-26.761248687545702
BTC,2026-02-15 23:00:00+00:00,0.00028356871960721897,-0.019267892756842264,0.0009753871022135652,0.00028356871960721897,1.0,-192.67892756842264,9.753871022135652
BTC,2026-02-22 23:00:00+00:00,-0.0015047475597689264,-0.053113312046993544,-0.04429905187547034,0.0015047475597689264,-1.0,531.1331204699354,442.99051875470343
BTC,2026-03-01 23:00:00+00:00,0.0027180627625402742,0.038846145655553554,0.046532322098403744,0.0027180627625402742,1.0,388.46145655553556,465.32322098403745
BTC,2026-03-08 23:00:00+00:00,-0.03166236600514327,0.06026141134218266,0.03723246135552927,0.03166236600514327,-1.0,-602.6141134218266,-372.3246135552927
BTC,2026-03-15 23:00:00+00:00,0.02066873648517875,0.014855954129562532,0.0283859745063475,0.02066873648517875,1.0,148.5595412956253,283.859745063475
BTC,2026-03-22 23:00:00+00:00,-0.031375366145909855,0.039797650063178924,0.04492569640727129,0.031375366145909855,-1.0,-397.97650063178924,-449.2569640727129
BTC,2026-03-29 23:00:00+00:00,2.2736505126408346e-05,0.034363120464177,0.011937891437336479,2.2736505126408346e-05,1.0,343.63120464177,119.37891437336478
BTC,2026-04-05 23:00:00+00:00,0.03272571055641049,0.04187336686912779,-0.0026477915505449534,0.03272571055641049,1.0,418.7336686912779,-26.477915505449534
BTC,2026-04-12 23:00:00+00:00,-0.035503644617097097,0.047974544811737685,0.05192009899239869,0.035503644617097097,-1.0,-479.74544811737684,-519.2009899239869
BTC,2026-04-19 23:00:00+00:00,-0.04582149566081384,0.03427288418021246,0.027726896173959403,0.04582149566081384,-1.0,-342.7288418021246,-277.26896173959403
DOGE,2025-06-29 23:00:00+00:00,0.055593642879401495,-0.06924847983942395,-0.02467678139205398,0.055593642879401495,1.0,-692.4847983942395,-246.76781392053982
DOGE,2025-07-06 23:00:00+00:00,0.05759291164164404,-0.0061660171019719545,-0.023675178872666014,0.05759291164164404,1.0,-61.66017101971954,-236.75178872666015
DOGE,2025-07-13 23:00:00+00:00,-0.03722216830049496,0.0035784486669017124,-0.005594476084874733,0.03722216830049496,-1.0,-35.78448666901713,55.944760848747336
DOGE,2025-07-20 23:00:00+00:00,0.18261132466634988,-0.010661603622024396,-0.00952972104571348,0.18261132466634988,1.0,-106.61603622024396,-95.2972104571348
DOGE,2025-07-27 23:00:00+00:00,0.03511489801187717,-0.07064494680851063,-0.06083776595744672,0.03511489801187717,1.0,-706.4494680851063,-608.3776595744672
DOGE,2025-08-03 23:00:00+00:00,-0.034388832141641124,0.005487866277313458,0.059057496727419334,0.034388832141641124,-1.0,-54.87866277313458,-590.5749672741933
DOGE,2025-08-10 23:00:00+00:00,0.01927101499825601,0.008385385471036066,-0.05018396508941558,0.01927101499825601,1.0,83.85385471036066,-501.83965089415585
DOGE,2025-08-17 23:00:00+00:00,0.03464407078864906,-0.1068077119945402,-0.050887220610817296,0.03464407078864906,1.0,-1068.077119945402,-508.872206108173
DOGE,2025-08-24 23:00:00+00:00,-0.031226486079759086,-0.05795788020024162,-0.09571897117210426,0.031226486079759086,-1.0,579.5788020024162,957.1897117210426
DOGE,2025-08-31 23:00:00+00:00,0.014148703826797115,0.006089278186331981,-0.013864818024263537,0.014148703826797115,1.0,60.89278186331981,-138.64818024263536
DOGE,2025-09-07 23:00:00+00:00,0.039374374829499015,0.05156127000787203,0.05672177031400327,0.039374374829499015,1.0,515.6127000787203,567.2177031400328
DOGE,2025-09-14 23:00:00+00:00,0.021095960895292087,-0.028975595709452184,-0.03455474767835287,0.021095960895292087,1.0,-289.7559570945218,-345.5474767835287
DOGE,2025-09-21 23:00:00+00:00,-0.019011406844106515,-0.09060904939171821,-0.0746056721802203,0.019011406844106515,-1.0,906.0904939171821,746.0567218022029
DOGE,2025-09-28 23:00:00+00:00,0.029247125189846068,-0.018423271500843108,-0.010328836424957855,0.029247125189846068,1.0,-184.2327150084311,-103.28836424957855
DOGE,2025-10-05 23:00:00+00:00,-0.02751799253357956,-0.023428842805129024,0.05299192654741147,0.02751799253357956,-1.0,234.28842805129025,-529.9192654741147
DOGE,2025-10-12 23:00:00+00:00,-0.05270622683808379,-0.01333140124619614,0.032024344297927776,0.05270622683808379,-1.0,133.3140124619614,-320.24344297927775
DOGE,2025-10-19 23:00:00+00:00,0.05091496232508064,-0.0053782717820006765,0.023613174204784038,0.05091496232508064,1.0,-53.782717820006766,236.13174204784036
DOGE,2025-10-26 23:00:00+00:00,0.04135661857757511,-0.059352517985611475,-0.026297880614427394,0.04135661857757511,1.0,-593.5251798561147,-262.97880614427396
DOGE,2025-11-02 23:00:00+00:00,0.002259522272433756,-0.12916733773554512,-0.10168035647178819,0.002259522272433756,1.0,-1291.673377355451,-1016.803564717882
DOGE,2025-11-09 23:00:00+00:00,-0.005493285983797502,-0.04046210514566362,0.013729210849425133,0.005493285983797502,-1.0,404.62105145663617,-137.29210849425132
DOGE,2025-11-16 23:00:00+00:00,-0.0011972274732199306,0.019683300738123632,-0.04081761403066053,0.0011972274732199306,-1.0,-196.8330073812363,408.1761403066053
DOGE,2025-11-23 23:00:00+00:00,0.044606182892556134,0.05535233625509006,0.04734626268203468,0.044606182892556134,1.0,553.5233625509006,473.46262682034677
DOGE,2025-11-30 23:00:00+00:00,-0.03254457479949624,-0.0015074688228038369,-0.07208441825407685,0.03254457479949624,-1.0,15.074688228038369,720.8441825407685
DOGE,2025-12-07 23:00:00+00:00,0.002749041452651424,0.06687829160955205,0.028280787821946207,0.002749041452651424,1.0,668.7829160955206,282.80787821946205
DOGE,2025-12-14 23:00:00+00:00,-0.015141492098493248,-0.017238805970149262,-0.032164179104477664,0.015141492098493248,-1.0,172.38805970149264,321.64179104477665
DOGE,2025-12-21 23:00:00+00:00,-0.014216939972920173,-0.014112441833854739,0.010832252650850416,0.014216939972920173,-1.0,141.1244183385474,-108.32252650850415
DOGE,2025-12-28 23:00:00+00:00,0.014413233969371886,-0.0048433968356473844,-0.008718114304165248,0.014413233969371886,1.0,-48.43396835647384,-87.18114304165248
DOGE,2026-01-04 23:00:00+00:00,0.07116239071234043,0.007092198581560183,0.014987287568580143,0.07116239071234043,1.0,70.92198581560183,149.87287568580143
DOGE,2026-01-11 23:00:00+00:00,-0.013374338435130917,0.07409018413803081,-0.01014934029288106,0.013374338435130917,-1.0,-740.9018413803082,101.4934029288106
DOGE,2026-01-18 23:00:00+00:00,-0.04569190600522188,-0.0628706097004712,-0.019157670670518434,0.04569190600522188,-1.0,628.706097004712,191.57670670518434
DOGE,2026-01-25 23:00:00+00:00,-0.03499555483714545,0.05627198124267285,0.024032825322391593,0.03499555483714545,-1.0,-562.7198124267285,-240.32825322391594
DOGE,2026-02-01 23:00:00+00:00,-0.10029371112646857,0.016599501055459598,0.03425446171560176,0.10029371112646857,-1.0,-165.99501055459598,-342.5446171560176
DOGE,2026-02-08 23:00:00+00:00,-0.020782643957826585,-0.03907140636335382,-0.0044564203544408265,0.020782643957826585,-1.0,390.7140636335382,44.564203544408265
DOGE,2026-02-15 23:00:00+00:00,0.059747777548066816,-0.019204523298888665,-0.015890037044258176,0.059747777548066816,1.0,-192.04523298888665,-158.90037044258176
DOGE,2026-02-22 23:00:00+00:00,-0.05058636453985288,-0.043364407667330074,-0.029747564680004168,0.05058636453985288,-1.0,433.64407667330073,297.47564680004166
DOGE,2026-03-01 23:00:00+00:00,-0.014271917587723948,-0.020690406185342458,0.01796798431885005,0.014271917587723948,-1.0,206.9040618534246,-179.6798431885005
DOGE,2026-03-08 23:00:00+00:00,-0.021421509392507865,0.060276125266584435,0.014928723762487328,0.021421509392507865,-1.0,-602.7612526658444,-149.28723762487328
DOGE,2026-03-15 23:00:00+00:00,0.00901834767285159,0.02824568611339351,0.058032046014790506,0.00901834767285159,1.0,282.4568611339351,580.320460147905
DOGE,2026-03-22 23:00:00+00:00,-0.03812066203950881,0.05538905538905525,0.0444000444000443,0.03812066203950881,-1.0,-553.8905538905525,-444.00044400044305
DOGE,2026-03-29 23:00:00+00:00,0.003998667110963083,0.020232172470978416,0.003758982863460325,0.003998667110963083,1.0,202.32172470978415,37.58982863460325
DOGE,2026-04-05 23:00:00+00:00,0.004459430063084691,0.028048516352609854,-0.01949317738791434,0.004459430063084691,1.0,280.4851635260985,-194.9317738791434
DOGE,2026-04-12 23:00:00+00:00,-0.039661554732945414,0.023237885462555008,0.03623348017621142,0.039661554732945414,-1.0,-232.37885462555008,-362.3348017621142
DOGE,2026-04-19 23:00:00+00:00,-0.071592611083375,0.02290815229081522,0.0233383523338353,0.071592611083375,-1.0,-229.0815229081522,-233.383523338353
ETH,2025-06-29 23:00:00+00:00,0.03038898394178635,-0.03822808007330314,-0.005933875104533026,0.03038898394178635,1.0,-382.2808007330314,-59.33875104533026
ETH,2025-07-06 23:00:00+00:00,0.03232389782980749,0.017342435257762467,-0.011146484420608505,0.03232389782980749,1.0,173.4243525776247,-111.46484420608505
ETH,2025-07-13 23:00:00+00:00,-0.000871109436906714,0.05663280077023036,0.01405468366021001,0.000871109436906714,-1.0,-566.3280077023036,-140.5468366021001
ETH,2025-07-20 23:00:00+00:00,0.06796701734432764,-0.0027289161277611607,0.001195398381819146,0.06796701734432764,1.0,-27.289161277611605,11.95398381819146
ETH,2025-07-27 23:00:00+00:00,0.05104154506484382,-0.0202584024714062,-0.019535164846518627,0.05104154506484382,1.0,-202.584024714062,-195.35164846518626
ETH,2025-08-03 23:00:00+00:00,-0.01240324536044024,0.03292417739628051,0.06398569384835473,0.01240324536044024,-1.0,-329.2417739628051,-639.8569384835473
ETH,2025-08-10 23:00:00+00:00,0.04719489923424436,0.08012624384549483,-0.006540485582218536,0.04719489923424436,1.0,801.2624384549483,-65.40485582218535
ETH,2025-08-17 23:00:00+00:00,0.010898911465564431,-0.08871819190437003,-0.03557048781360739,0.010898911465564431,1.0,-887.1819190437003,-355.7048781360739
ETH,2025-08-24 23:00:00+00:00,-0.014610299198630328,-0.03758405555357891,-0.08440192629272358,0.014610299198630328,-1.0,375.8405555357891,844.0192629272358
ETH,2025-08-31 23:00:00+00:00,0.016391165118007534,-0.014869304124768057,-0.01765772579608993,0.016391165118007534,1.0,-148.69304124768058,-176.5772579608993
ETH,2025-09-07 23:00:00+00:00,-0.007409645222589134,0.0010013707859946042,2.0910294834974863e-05,0.007409645222589134,-1.0,-10.013707859946042,-0.20910294834974863
ETH,2025-09-14 23:00:00+00:00,-0.014080131631662551,-0.022345409662222093,-0.017449541922361478,0.014080131631662551,-1.0,223.45409662222093,174.4954192236148
ETH,2025-09-21 23:00:00+00:00,-0.0032395203535653394,-0.06305529606410876,-0.055257796936375114,0.0032395203535653394,-1.0,630.5529606410876,552.5779693637511
ETH,2025-09-28 23:00:00+00:00,0.033281420805941986,0.0007729449928863819,0.017625561290914638,0.033281420805941986,1.0,7.7294499288638185,176.25561290914638
ETH,2025-10-05 23:00:00+00:00,-0.004467742896288818,-0.014722960992907819,0.037679521276595684,0.004467742896288818,-1.0,147.22960992907818,-376.7952127659568
ETH,2025-10-12 23:00:00+00:00,0.07410829360704363,-0.006664771166551731,0.021517139015656994,0.07410829360704363,1.0,-66.6477116655173,215.17139015656994
ETH,2025-10-19 23:00:00+00:00,0.03245978514034342,-0.027595510359934905,-0.0008088988926625573,0.03245978514034342,1.0,-275.95510359934906,-8.088988926625573
ETH,2025-10-26 23:00:00+00:00,0.05584807130103031,-0.04316531186174022,-0.009225824610699207,0.05584807130103031,1.0,-431.6531186174022,-92.25824610699208
ETH,2025-11-02 23:00:00+00:00,0.011989686848140169,-0.15912204289924547,-0.07757148380588053,0.011989686848140169,1.0,-1591.2204289924548,-775.7148380588053
ETH,2025-11-09 23:00:00+00:00,0.03397053346383383,-0.0460984293193718,-0.004152181500872598,0.03397053346383383,1.0,-460.98429319371803,-41.52181500872598
ETH,2025-11-16 23:00:00+00:00,-0.013013849337827565,0.008997072073527734,-0.020944692567720358,0.013013849337827565,-1.0,-89.97072073527734,209.44692567720358
ETH,2025-11-23 23:00:00+00:00,0.023158702323542446,0.05646713493477695,0.054088894761086914,0.023158702323542446,1.0,564.6713493477695,540.8889476108692
ETH,2025-11-30 23:00:00+00:00,-0.02100576217915151,0.001863218986770221,-0.06375754737493511,0.02100576217915151,-1.0,-18.63218986770221,637.5754737493511
ETH,2025-12-07 23:00:00+00:00,0.012665101602259421,0.0843812737462315,0.021177878484687884,0.012665101602259421,1.0,843.812737462315,211.77878484687884
ETH,2025-12-14 23:00:00+00:00,-0.0060394708644235795,-0.033028080236712665,-0.03222793392424406,0.0060394708644235795,-1.0,330.2808023671266,322.2793392424406
ETH,2025-12-21 23:00:00+00:00,0.002967934277635642,-0.01261967362798122,0.002292668459480174,0.002967934277635642,1.0,-126.1967362798122,22.92668459480174
ETH,2025-12-28 23:00:00+00:00,0.0065316875573739885,0.0076623676037810284,-0.004217692610222867,0.0065316875573739885,1.0,76.62367603781028,-42.17692610222868
ETH,2026-01-04 23:00:00+00:00,0.008872730073260282,0.04837878421541553,0.025578051232454824,0.008872730073260282,1.0,483.78784215415527,255.78051232454823
ETH,2026-01-11 23:00:00+00:00,0.01623965287701279,0.06487828315182576,-0.00894618834080707,0.01623965287701279,1.0,648.7828315182576,-89.4618834080707
ETH,2026-01-18 23:00:00+00:00,-0.0027830863698647956,-0.10482335487133565,-0.02876404768215146,0.0027830863698647956,-1.0,1048.2335487133564,287.6404768215146
ETH,2026-01-25 23:00:00+00:00,-0.04158271618383791,0.07447258208324303,0.04027167484272476,0.04158271618383791,-1.0,-744.7258208324304,-402.7167484272476
ETH,2026-02-01 23:00:00+00:00,-0.15299852929099889,-0.01625797694179032,0.03365299862496918,0.15299852929099889,-1.0,162.5797694179032,-336.5299862496918
ETH,2026-02-08 23:00:00+00:00,0.01730452654854342,-0.032311345595909424,0.007095186571808965,0.01730452654854342,1.0,-323.11345595909427,70.95186571808965
ETH,2026-02-15 23:00:00+00:00,-0.03931051344743286,0.012795856482894719,0.01620978081689972,0.03931051344743286,-1.0,-127.95856482894719,-162.0978081689972
ETH,2026-02-22 23:00:00+00:00,-0.0065228426395939065,-0.054147271175788325,-0.05182236711001642,0.0065228426395939065,-1.0,541.4727117578833,518.2236711001642
ETH,2026-03-01 23:00:00+00:00,0.008302813384384988,0.02232057650742547,0.045208581583332075,0.008302813384384988,1.0,223.2057650742547,452.08581583332074
ETH,2026-03-08 23:00:00+00:00,-0.021338118949523532,0.05141092062377006,0.029070698409582763,0.021338118949523532,-1.0,-514.1092062377006,-290.70698409582764
ETH,2026-03-15 23:00:00+00:00,0.031825224226401216,0.06362129373246472,0.07979409752356803,0.031825224226401216,1.0,636.2129373246472,797.9409752356803
ETH,2026-03-22 23:00:00+00:00,-0.03714750669461764,0.04991913168868645,0.047877937565766526,0.03714750669461764,-1.0,-499.19131688686446,-478.77937565766524
ETH,2026-03-29 23:00:00+00:00,-0.0007104384059979374,0.06096952280117973,0.021160099826060597,0.0007104384059979374,-1.0,-609.6952280117973,-211.60099826060596
ETH,2026-04-05 23:00:00+00:00,0.0281135459720816,0.06152103007547316,-0.0013558614935336166,0.0281135459720816,1.0,615.2103007547316,-13.558614935336166
ETH,2026-04-12 23:00:00+00:00,-0.02832046845887659,0.0597709965485127,0.08113278182581851,0.02832046845887659,-1.0,-597.709965485127,-811.3278182581851
ETH,2026-04-19 23:00:00+00:00,-0.06763402518704775,0.028255555408207123,0.022279098757409743,0.06763402518704775,-1.0,-282.55555408207124,-222.79098757409744
LINK,2025-06-29 23:00:00+00:00,0.0541621787967379,-0.05983654407472272,-0.02466433158201997,0.0541621787967379,1.0,-598.3654407472272,-246.64331582019972
LINK,2025-07-06 23:00:00+00:00,0.03390090504678622,0.036056087246828517,-0.004080421396245981,0.03390090504678622,1.0,360.56087246828514,-40.80421396245981
LINK,2025-07-13 23:00:00+00:00,0.00772897075872736,0.029205010224948813,0.00543200408997957,0.00772897075872736,1.0,292.05010224948813,54.3200408997957
LINK,2025-07-20 23:00:00+00:00,0.09581178609990348,0.019911848586984693,0.011200414830178973,0.09581178609990348,1.0,199.11848586984692,112.00414830178973
LINK,2025-07-27 23:00:00+00:00,0.06367559194512062,-0.07321131447587348,-0.05818427620632283,0.06367559194512062,1.0,-732.1131447587347,-581.8427620632283
LINK,2025-08-03 23:00:00+00:00,-0.000245549416819979,0.005216964340514441,0.0498373534646781,0.000245549416819979,-1.0,-52.169643405144406,-498.373534646781
LINK,2025-08-10 23:00:00+00:00,0.12246870865981485,0.069301545574038,-0.04546072610252461,0.12246870865981485,1.0,693.01545574038,-454.6072610252461
LINK,2025-08-17 23:00:00+00:00,0.1866987550330912,-0.08093026885706478,0.005150817497171056,0.1866987550330912,1.0,-809.3026885706478,51.50817497171056
LINK,2025-08-24 23:00:00+00:00,-0.04592986734656168,-0.05634075508228453,-0.0950242013552759,0.04592986734656168,-1.0,563.4075508228453,950.242013552759
LINK,2025-08-31 23:00:00+00:00,-0.001592493759146163,0.013198188483933615,-0.029199913737330108,0.001592493759146163,-1.0,-131.98188483933615,291.9991373733011
LINK,2025-09-07 23:00:00+00:00,-0.003727534945640154,0.02618920363442001,0.025832887938713522,0.003727534945640154,-1.0,-261.8920363442001,-258.3288793871352
LINK,2025-09-14 23:00:00+00:00,-0.04359218675559784,-0.02541000622794276,-0.022254515258459673,0.04359218675559784,-1.0,254.10006227942762,222.54515258459674
LINK,2025-09-21 23:00:00+00:00,-0.019949592037250552,-0.06230380188350182,-0.05628705964422742,0.019949592037250552,-1.0,623.0380188350182,562.8705964422742
LINK,2025-09-28 23:00:00+00:00,0.03645060990193727,-0.017031293270562187,0.0025385396473738275,0.03645060990193727,1.0,-170.31293270562188,25.385396473738275
LINK,2025-10-05 23:00:00+00:00,-0.026952865678247284,-0.008778313472209698,0.063040116437733,0.026952865678247284,-1.0,87.78313472209697,-630.4011643773299
LINK,2025-10-12 23:00:00+00:00,-0.026411610851838407,0.005636325326590752,0.04482722292456809,0.026411610851838407,-1.0,-56.36325326590752,-448.2722292456809
LINK,2025-10-19 23:00:00+00:00,0.04292959787465267,0.01876194336672654,0.07956453761074767,0.04292959787465267,1.0,187.6194336672654,795.6453761074766
LINK,2025-10-26 23:00:00+00:00,0.039183810751723946,-0.03878729028429617,-0.018071964179748434,0.039183810751723946,1.0,-387.8729028429617,-180.71964179748434
LINK,2025-11-02 23:00:00+00:00,0.023048716605552633,-0.1653108823027476,-0.13294271574037198,0.023048716605552633,1.0,-1653.1088230274759,-1329.4271574037198
LINK,2025-11-09 23:00:00+00:00,-0.011305050003105777,-0.040585537475654854,0.027831877866432153,0.011305050003105777,-1.0,405.85537475654854,-278.31877866432154
LINK,2025-11-16 23:00:00+00:00,-0.011090306783811066,0.005172288191156005,-0.029431048298972806,0.011090306783811066,-1.0,-51.72288191156005,294.3104829897281
LINK,2025-11-23 23:00:00+00:00,0.03834979662986626,0.045407306739147835,0.03573427132464624,0.03834979662986626,1.0,454.07306739147833,357.3427132464624
LINK,2025-11-30 23:00:00+00:00,-0.018796422616340847,0.04050711193568346,-0.06694495980210269,0.018796422616340847,-1.0,-405.0711193568346,669.4495980210269
LINK,2025-12-07 23:00:00+00:00,0.005826388376724001,0.05602405221089679,0.008652929529955333,0.005826388376724001,1.0,560.2405221089679,86.52929529955333
LINK,2025-12-14 23:00:00+00:00,-0.023257525575918092,-0.025789910263177673,-0.03106854686675209,0.023257525575918092,-1.0,257.8991026317767,310.68546866752087
LINK,2025-12-21 23:00:00+00:00,-0.015131109878792626,-0.0036992360273422342,0.01093687173301161,0.015131109878792626,-1.0,36.99236027342234,-109.36871733011611
LINK,2025-12-28 23:00:00+00:00,0.023341523341523285,-0.006802721088435271,-0.015926370548219326,0.023341523341523285,1.0,-68.02721088435271,-159.26370548219327
LINK,2026-01-04 23:00:00+00:00,0.014360214647418879,0.045159847976749434,0.036440867426782875,0.014360214647418879,1.0,451.5984797674943,364.40867426782876
LINK,2026-01-11 23:00:00+00:00,0.0074803450118310355,0.06556507238687193,-0.009702114757826119,0.0074803450118310355,1.0,655.6507238687193,-97.02114757826119
LINK,2026-01-18 23:00:00+00:00,-0.029053215563179746,-0.08774174128978862,-0.031003085258484386,0.029053215563179746,-1.0,877.4174128978863,310.03085258484384
LINK,2026-01-25 23:00:00+00:00,-0.052016460905349726,0.045154567558179926,0.03699201111497041,0.052016460905349726,-1.0,-451.54567558179923,-369.92011114970416
LINK,2026-02-01 23:00:00+00:00,-0.12548837209302333,0.008613356018715379,0.0421097405359423,0.12548837209302333,-1.0,-86.13356018715379,-421.09740535942296
LINK,2026-02-08 23:00:00+00:00,-0.004963338973491327,-0.028250510551395602,0.002042205582028611,0.004963338973491327,-1.0,282.50510551395604,-20.42205582028611
LINK,2026-02-15 23:00:00+00:00,-0.0015923566878980333,0.006155950752394057,0.01801185590515275,0.0015923566878980333,-1.0,-61.55950752394057,-180.1185590515275
LINK,2026-02-22 23:00:00+00:00,-0.02539040557240746,-0.055786076532964524,-0.04748732134624256,0.02539040557240746,-1.0,557.8607653296452,474.8732134624256
LINK,2026-03-01 23:00:00+00:00,-0.0026464158324704945,0.01499942309911173,0.03149878850813437,0.0026464158324704945,-1.0,-149.99423099111732,-314.9878850813437
LINK,2026-03-08 23:00:00+00:00,-0.029978342642197675,0.055849500293944754,0.04185773074661969,0.029978342642197675,-1.0,-558.4950029394475,-418.57730746619694
LINK,2026-03-15 23:00:00+00:00,0.034452682075883034,0.03107880320269696,0.04477454698693628,0.034452682075883034,1.0,310.7880320269696,447.7454698693628
LINK,2026-03-22 23:00:00+00:00,-0.037788120567375794,0.06434902728214587,0.04777253367100265,0.037788120567375794,-1.0,-643.4902728214587,-477.72533671002645
LINK,2026-03-29 23:00:00+00:00,-0.01430078537099988,0.04339555344192125,0.02496730472000963,0.01430078537099988,-1.0,-433.95553441921254,-249.6730472000963
LINK,2026-04-05 23:00:00+00:00,0.016249855940993374,0.05247053490480513,-0.0035131459655485253,0.016249855940993374,1.0,524.7053490480513,-35.13145965548525
LINK,2026-04-12 23:00:00+00:00,-0.04642271982523205,0.03276434872264877,0.07240233703746157,0.04642271982523205,-1.0,-327.6434872264877,-724.0233703746158
LINK,2026-04-19 23:00:00+00:00,-0.06137258967447656,0.03688569850911105,0.024848150193263363,0.06137258967447656,-1.0,-368.8569850911105,-248.48150193263362
LTC,2025-06-29 23:00:00+00:00,0.03802550779404812,-0.05402638762511369,-0.022179253867152027,0.03802550779404812,1.0,-540.2638762511369,-221.79253867152028
LTC,2025-07-06 23:00:00+00:00,0.00959648514279099,0.004581376703699291,-0.015118543122208283,0.00959648514279099,1.0,45.813767036992914,-151.18543122208283
LTC,2025-07-13 23:00:00+00:00,-0.012218045112782017,0.018495032762629426,0.010145846544070913,0.012218045112782017,-1.0,-184.95032762629427,-101.45846544070913
LTC,2025-07-20 23:00:00+00:00,0.14619998033625015,0.025975139305615125,-0.009858551221603173,0.14619998033625015,1.0,259.75139305615124,-98.58551221603173
LTC,2025-07-27 23:00:00+00:00,0.017378967902110354,-0.05471813191600594,-0.050971508233858986,0.017378967902110354,1.0,-547.1813191600594,-509.71508233858987
LTC,2025-08-03 23:00:00+00:00,0.034796473457137544,0.08964829586657008,0.09798767222625093,0.034796473457137544,1.0,896.4829586657008,979.8767222625094
LTC,2025-08-10 23:00:00+00:00,-0.008733974358974383,0.05415892005496725,-0.030151159970899566,0.008733974358974383,-1.0,-541.5892005496726,301.5115997089957
LTC,2025-08-17 23:00:00+00:00,0.01857010213556176,-0.06695392774279096,-0.024859131587669836,0.01857010213556176,1.0,-669.5392774279096,-248.59131587669836
LTC,2025-08-24 23:00:00+00:00,-0.041619341229920614,-0.04019632732504019,-0.07709232461707705,0.041619341229920614,-1.0,401.9632732504019,770.9232461707704
LTC,2025-08-31 23:00:00+00:00,-0.003935206369543254,0.02618763208674091,-0.001929614995865081,0.003935206369543254,-1.0,-261.8763208674091,19.29614995865081
LTC,2025-09-07 23:00:00+00:00,0.015107341637953908,-0.02612102742707878,-0.018807139747496704,0.015107341637953908,1.0,-261.2102742707878,-188.07139747496703
LTC,2025-09-14 23:00:00+00:00,-0.022269443263918443,-0.00034773537338095295,-0.01182300269494918,0.022269443263918443,-1.0,3.4773537338095295,118.2300269494918
LTC,2025-09-21 23:00:00+00:00,0.0012306610407877283,-0.0694346910112359,-0.0730337078651686,0.0012306610407877283,1.0,-694.346910112359,-730.337078651686
LTC,2025-09-28 23:00:00+00:00,0.027612083894554607,-0.0002808199943835632,-0.0010296733127398427,0.027612083894554607,1.0,-2.808199943835632,-10.296733127398427
LTC,2025-10-05 23:00:00+00:00,-0.02965443999673223,-0.016501094460346977,-0.004125273615086633,0.02965443999673223,-1.0,165.01094460346977,41.25273615086633
LTC,2025-10-12 23:00:00+00:00,-0.18476378926539705,-0.016089860352155316,0.005869257235377567,0.18476378926539705,-1.0,160.89860352155316,-58.692572353775674
LTC,2025-10-19 23:00:00+00:00,0.02450280188990206,-0.008584612082841447,0.008048073827663815,0.02450280188990206,1.0,-85.84612082841447,80.48073827663815
LTC,2025-10-26 23:00:00+00:00,0.03338846392391992,-0.034103410341034035,-0.006800680068006715,0.03338846392391992,1.0,-341.0341034103403,-68.00680068006714
LTC,2025-11-02 23:00:00+00:00,0.04052780395852973,-0.14261272141706927,-0.12087359098228667,0.04052780395852973,1.0,-1426.1272141706927,-1208.7359098228667
LTC,2025-11-09 23:00:00+00:00,0.09054923305294404,-0.09649918374750588,-0.055414474877562125,0.09054923305294404,1.0,-964.9918374750588,-554.1447487756212
LTC,2025-11-16 23:00:00+00:00,-0.023571428571428577,-0.0018791105543376485,-0.04854368932038844,0.023571428571428577,-1.0,18.791105543376485,485.4368932038844
LTC,2025-11-23 23:00:00+00:00,0.011700182815356674,0.027235478428536908,0.029284164859002093,0.011700182815356674,1.0,272.3547842853691,292.84164859002095
LTC,2025-11-30 23:00:00+00:00,-0.027186761229314405,0.005346294046172595,-0.05832320777642763,0.027186761229314405,-1.0,-53.46294046172595,583.2320777642764
LTC,2025-12-07 23:00:00+00:00,0.01737499999999992,0.053931203931203875,0.029729729729729648,0.01737499999999992,1.0,539.3120393120388,297.2972972972965
LTC,2025-12-14 23:00:00+00:00,-0.032254108413048876,0.001774397972116537,-0.018124207858048247,0.032254108413048876,-1.0,-17.74397972116537,181.24207858048246
LTC,2025-12-21 23:00:00+00:00,-0.013499614296734297,0.002605863192182367,0.0033876221498372328,0.013499614296734297,-1.0,-26.05863192182367,-33.87622149837233
LTC,2025-12-28 23:00:00+00:00,0.021428571428571574,0.00216092538451762,-0.005084530316512126,0.021428571428571574,1.0,21.6092538451762,-50.84530316512126
LTC,2026-01-04 23:00:00+00:00,0.012814194184327388,0.020802919708029055,0.014841849148418573,0.012814194184327388,1.0,208.02919708029054,148.41849148418572
LTC,2026-01-11 23:00:00+00:00,-0.026579305229323835,-0.007365079365079352,-0.03390476190476188,0.026579305229323835,-1.0,73.65079365079352,339.0476190476188
LTC,2026-01-18 23:00:00+00:00,-0.031379911492557144,-0.07016084303937886,-0.01885745978924014,0.031379911492557144,-1.0,701.6084303937886,188.57459789240139
LTC,2026-01-25 23:00:00+00:00,-0.0014843402107764803,0.040136762301174356,0.03567712204548834,0.0014843402107764803,-1.0,-401.36762301174355,-356.7712204548834
LTC,2026-02-01 23:00:00+00:00,-0.10061538461538455,0.016076620489139604,0.025996237386693988,0.10061538461538455,-1.0,-160.76620489139603,-259.96237386693986
LTC,2026-02-08 23:00:00+00:00,-0.007105119329568255,-0.021659324522760648,-0.0011013215859030367,0.007105119329568255,-1.0,216.59324522760647,11.013215859030367
LTC,2026-02-15 23:00:00+00:00,-0.0048806941431670525,-0.019643506729719817,0.00218261185885793,0.0048806941431670525,-1.0,196.43506729719817,-21.826118588579302
LTC,2026-02-22 23:00:00+00:00,-0.029950989290252417,-0.04359214218896179,-0.039663236669784885,0.029950989290252417,-1.0,435.92142188961793,396.63236669784885
LTC,2026-03-01 23:00:00+00:00,-0.015726179463459666,0.028753993610223683,0.02537117083255036,0.015726179463459666,-1.0,-287.5399361022368,-253.7117083255036
LTC,2026-03-08 23:00:00+00:00,-0.022143654633420273,0.024752475247524774,0.023038842345773025,0.022143654633420273,-1.0,-247.52475247524774,-230.38842345773025
LTC,2026-03-15 23:00:00+00:00,0.008609865470851963,0.03053435114503822,0.041540919581040336,0.008609865470851963,1.0,305.3435114503822,415.4091958104034
LTC,2026-03-22 23:00:00+00:00,-0.04020822114521638,0.05365488876425495,0.04094223219293314,0.04020822114521638,-1.0,-536.5488876425495,-409.42232192933136
LTC,2026-03-29 23:00:00+00:00,-0.004112149532710219,0.011446800525426903,0.0,0.004112149532710219,-1.0,-114.46800525426903,-0.0
LTC,2026-04-05 23:00:00+00:00,0.017682468021068543,0.02121771217712176,-0.013284132841328566,0.017682468021068543,1.0,212.17712177121763,-132.84132841328565
LTC,2026-04-12 23:00:00+00:00,-0.033984092552422296,0.014777403666292432,0.021137298915076652,0.033984092552422296,-1.0,-147.77403666292432,-211.37298915076653
LTC,2026-04-19 23:00:00+00:00,-0.04575971731448769,0.028142936493241955,0.018144788002221857,0.04575971731448769,-1.0,-281.42936493241956,-181.44788002221856
NEAR,2025-06-29 23:00:00+00:00,0.0824544582933846,-0.09743135518157675,-0.04915854738706826,0.0824544582933846,1.0,-974.3135518157675,-491.5854738706826
NEAR,2025-07-06 23:00:00+00:00,0.028315243039169324,0.02983019733822867,-0.009178522257916488,0.028315243039169324,1.0,298.3019733822867,-91.78522257916488
NEAR,2025-07-13 23:00:00+00:00,-0.015947102294827098,0.05410742496050558,0.018562401263823025,0.015947102294827098,-1.0,-541.0742496050558,-185.62401263823025
NEAR,2025-07-20 23:00:00+00:00,0.07287157287157298,0.019166106254203008,0.015803631472763868,0.07287157287157298,1.0,191.6610625420301,158.03631472763868
NEAR,2025-07-27 23:00:00+00:00,0.05823508395855681,-0.08136394328156649,-0.07224848075624579,0.05823508395855681,1.0,-813.6394328156649,-722.484807562458
NEAR,2025-08-03 23:00:00+00:00,-0.003263973888208871,0.009005321326238214,0.04502660663119107,0.003263973888208871,-1.0,-90.05321326238214,-450.26606631191066
NEAR,2025-08-10 23:00:00+00:00,0.014006634721710265,0.013449654671028766,-0.055252635405307005,0.014006634721710265,1.0,134.49654671028765,-552.52635405307
NEAR,2025-08-17 23:00:00+00:00,0.008212019410227756,-0.10329507589781561,-0.04738985560903375,0.008212019410227756,1.0,-1032.950758978156,-473.8985560903375
NEAR,2025-08-24 23:00:00+00:00,-0.01521900519673347,-0.0478703354692801,-0.09762532981530336,0.01521900519673347,-1.0,478.703354692801,976.2532981530336
NEAR,2025-08-31 23:00:00+00:00,-0.013755731554814465,0.031766200762388674,-0.009318085556967448,0.013755731554814465,-1.0,-317.6620076238867,93.18085556967448
NEAR,2025-09-07 23:00:00+00:00,0.019453642384106073,0.06899350649350655,0.045454545454545414,0.019453642384106073,1.0,689.9350649350655,454.54545454545416
NEAR,2025-09-14 23:00:00+00:00,-0.02768788205681405,0.001109467455621127,-0.02921597633136097,0.02768788205681405,-1.0,-11.09467455621127,292.1597633136097
NEAR,2025-09-21 23:00:00+00:00,-0.002549394518801762,-0.06896551724137934,-0.054597701149425415,0.002549394518801762,-1.0,689.6551724137934,545.9770114942542
NEAR,2025-09-28 23:00:00+00:00,0.018188432157147938,-0.060757684060042894,-0.0085775553967119,0.018188432157147938,1.0,-607.5768406004289,-85.775553967119
NEAR,2025-10-05 23:00:00+00:00,-0.028280170996382692,-0.003045685279187804,0.03181049069373931,0.028280170996382692,-1.0,30.456852791878042,-318.10490693739314
NEAR,2025-10-12 23:00:00+00:00,-0.11686443725278683,0.0012219959266803748,0.06680244399185331,0.11686443725278683,-1.0,-12.219959266803748,-668.0244399185331
NEAR,2025-10-19 23:00:00+00:00,0.04733178654292369,-0.01860877270713346,0.0008861320336728262,0.04733178654292369,1.0,-186.0877270713346,8.861320336728262
NEAR,2025-10-26 23:00:00+00:00,0.04549469964664321,-0.056986070071760375,-0.01646264246517526,0.04549469964664321,1.0,-569.8607007176038,-164.6264246517526
NEAR,2025-11-02 23:00:00+00:00,0.040380047505938155,-0.1631627056672761,-0.12797074954296173,0.040380047505938155,1.0,-1631.6270566727608,-1279.7074954296172
NEAR,2025-11-09 23:00:00+00:00,0.11709090909090913,-0.17100977198697065,-0.0928338762214983,0.11709090909090913,1.0,-1710.0977198697065,-928.338762214983
NEAR,2025-11-16 23:00:00+00:00,-0.03541315345699836,-0.006118881118881037,-0.008304195804195613,0.03541315345699836,-1.0,61.18881118881036,83.04195804195614
NEAR,2025-11-23 23:00:00+00:00,-0.011400651465798162,0.050000000000000044,0.04670329670329676,0.011400651465798162,-1.0,-500.00000000000045,-467.0329670329676
NEAR,2025-11-30 23:00:00+00:00,-0.04142326075411584,-0.0011086474501108556,-0.09922394678492241,0.04142326075411584,-1.0,11.086474501108556,992.2394678492241
NEAR,2025-12-07 23:00:00+00:00,0.01795332136445249,0.06411764705882361,0.02529411764705891,0.01795332136445249,1.0,641.1764705882362,252.9411764705891
NEAR,2025-12-14 23:00:00+00:00,-0.016089108910891103,-0.013207547169811429,-0.028930817610062887,0.016089108910891103,-1.0,132.07547169811428,289.3081761006289
NEAR,2025-12-21 23:00:00+00:00,-0.030225080385852032,-0.015241882041086785,-0.003313452617627499,0.030225080385852032,-1.0,152.41882041086785,33.13452617627499
NEAR,2025-12-28 23:00:00+00:00,0.03742613263296146,-0.041113219481340946,-0.03668564199873503,0.03742613263296146,1.0,-411.13219481340946,-366.8564199873503
NEAR,2026-01-04 23:00:00+00:00,0.029797377830750982,0.04571759259259256,0.0248842592592593,0.029797377830750982,1.0,457.1759259259256,248.842592592593
NEAR,2026-01-11 23:00:00+00:00,0.006512729425695696,0.0929411764705883,-0.01588235294117646,0.006512729425695696,1.0,929.411764705883,-158.82352941176458
NEAR,2026-01-18 23:00:00+00:00,-0.05687753917585614,-0.07332101047443007,-0.01663585951940849,0.05687753917585614,-1.0,733.2101047443007,166.3585951940849
NEAR,2026-01-25 23:00:00+00:00,-0.043362241494329656,0.03835425383542557,0.019525801952580135,0.043362241494329656,-1.0,-383.54253835425567,-195.25801952580136
NEAR,2026-02-01 23:00:00+00:00,-0.11212121212121218,0.0034129692832765013,0.023037542662116106,0.11212121212121218,-1.0,-34.129692832765016,-230.37542662116107
NEAR,2026-02-08 23:00:00+00:00,-0.04070305272895469,-0.0443587270973963,-0.0067502410800385215,0.04070305272895469,-1.0,443.587270973963,67.50241080038522
NEAR,2026-02-15 23:00:00+00:00,0.03033268101761255,-0.011385199240986688,0.002846299810246533,0.03033268101761255,1.0,-113.85199240986688,28.46299810246533
NEAR,2026-02-22 23:00:00+00:00,-0.022030651340996243,-0.0547945205479452,-0.04109589041095896,0.022030651340996243,-1.0,547.945205479452,410.9589041095896
NEAR,2026-03-01 23:00:00+00:00,0.05509641873278248,0.17826086956521747,0.18000000000000016,0.05509641873278248,1.0,1782.6086956521747,1800.0000000000016
NEAR,2026-03-08 23:00:00+00:00,-0.020226537216828433,0.06120760959470628,0.018196856906534276,0.020226537216828433,-1.0,-612.0760959470628,-181.96856906534276
NEAR,2026-03-15 23:00:00+00:00,0.0022288261515601704,0.07561156412157155,0.10452186805040764,0.0022288261515601704,1.0,756.1156412157155,1045.2186805040765
NEAR,2026-03-22 23:00:00+00:00,-0.0356330553449582,0.014139827179890041,0.030636292223095163,0.0356330553449582,-1.0,-141.3982717989004,-306.36292223095165
NEAR,2026-03-29 23:00:00+00:00,-0.010212765957446801,0.020618556701030855,-0.0034364261168384758,0.010212765957446801,-1.0,-206.18556701030855,34.36426116838476
NEAR,2026-04-05 23:00:00+00:00,0.02635914332784184,0.050561797752809,0.0016051364365972098,0.02635914332784184,1.0,505.61797752809,16.0513643659721
NEAR,2026-04-12 23:00:00+00:00,-0.013950073421439169,0.008915304606240682,0.0549777117384842,0.013950073421439169,-1.0,-89.15304606240682,-549.7771173848421
NEAR,2026-04-19 23:00:00+00:00,-0.0682137834036568,0.044528301886792354,0.027924528301886964,0.0682137834036568,-1.0,-445.28301886792354,-279.24528301886966
ONDO,2025-06-29 23:00:00+00:00,0.06413014251142779,-0.06369265765196508,-0.029066093769746004,0.06413014251142779,1.0,-636.9265765196508,-290.66093769746004
ONDO,2025-07-06 23:00:00+00:00,0.033238119968839186,0.007036943955767816,-0.020356873586328206,0.033238119968839186,1.0,70.36943955767816,-203.56873586328206
ONDO,2025-07-13 23:00:00+00:00,0.00044267374944673143,0.0371599203715991,0.019907100199070937,0.00044267374944673143,1.0,371.599203715991,199.07100199070936
ONDO,2025-07-20 23:00:00+00:00,0.04663936882053332,0.09221076746849954,0.026536846124474822,0.04663936882053332,1.0,922.1076746849955,265.36846124474823
ONDO,2025-07-27 23:00:00+00:00,0.03780001943445743,-0.10272242492281791,-0.07250444382075028,0.03780001943445743,1.0,-1027.2242492281791,-725.0444382075027
ONDO,2025-08-03 23:00:00+00:00,0.020390070921985748,-0.0017372421281216521,0.03148751357220414,0.020390070921985748,1.0,-17.37242128121652,314.8751357220414
ONDO,2025-08-10 23:00:00+00:00,-0.001168679392286598,0.03392804913717451,-0.041240128692600186,0.001168679392286598,-1.0,-339.2804913717451,412.4012869260019
ONDO,2025-08-17 23:00:00+00:00,0.029544060519321347,-0.09669413283033856,-0.047850689963268245,0.029544060519321347,1.0,-966.9413283033856,-478.50689963268246
ONDO,2025-08-24 23:00:00+00:00,-0.036471754212091145,-0.03249023236685178,-0.08297347316471315,0.036471754212091145,-1.0,324.9023236685178,829.7347316471315
ONDO,2025-08-31 23:00:00+00:00,0.00201207243460777,0.05828494863778477,-0.017865118356409027,0.00201207243460777,1.0,582.8494863778477,-178.65118356409027
ONDO,2025-09-07 23:00:00+00:00,-0.008924684370918534,0.047017466769196936,0.02460727232780391,0.008924684370918534,-1.0,-470.1746676919694,-246.0727232780391
ONDO,2025-09-14 23:00:00+00:00,-0.05015390186492863,-0.027166142407778038,-0.011819654942331503,0.05015390186492863,-1.0,271.6614240777804,118.19654942331503
ONDO,2025-09-21 23:00:00+00:00,-0.030469285784265554,-0.07267765086424738,-0.04942888911351451,0.030469285784265554,-1.0,726.7765086424738,494.2888911351451
ONDO,2025-09-28 23:00:00+00:00,0.013997760358342548,-0.024185532854776315,-0.0138045278851463,0.013997760358342548,1.0,-241.85532854776315,-138.045278851463
ONDO,2025-10-05 23:00:00+00:00,-0.03789628385471344,-0.008618808640628473,0.04996727034693449,0.03789628385471344,-1.0,86.18808640628473,-499.67270346934487
ONDO,2025-10-12 23:00:00+00:00,0.06084690553745942,-0.01805231487166903,0.021859265626918756,0.06084690553745942,1.0,-180.5231487166903,218.59265626918756
ONDO,2025-10-19 23:00:00+00:00,0.035405749893782756,-0.010396716826265306,0.02818057455540357,0.035405749893782756,1.0,-103.96716826265306,281.8057455540357
ONDO,2025-10-26 23:00:00+00:00,0.03247103206682844,-0.04907975460122693,-0.026758908758647615,0.03247103206682844,1.0,-490.7975460122693,-267.5890875864761
ONDO,2025-11-02 23:00:00+00:00,0.017805020431990615,-0.15030806705831778,-0.11964464823040555,0.017805020431990615,1.0,-1503.0806705831778,-1196.4464823040555
ONDO,2025-11-09 23:00:00+00:00,-0.018429135585783185,-0.03394372487717723,0.03096620515110926,0.018429135585783185,-1.0,339.43724877177226,-309.6620515110926
ONDO,2025-11-16 23:00:00+00:00,-0.04243257172307158,-0.0208071748878923,-0.04735426008968602,0.04243257172307158,-1.0,208.071748878923,473.54260089686016
ONDO,2025-11-23 23:00:00+00:00,0.02413273001508287,0.065359477124183,0.05313092979127143,0.02413273001508287,1.0,653.59477124183,531.3092979127143
ONDO,2025-11-30 23:00:00+00:00,-0.029304029304029533,-0.003973773097556088,-0.08126365984502282,0.029304029304029533,-1.0,39.73773097556088,812.6365984502281
ONDO,2025-12-07 23:00:00+00:00,-0.009567297238530004,0.09617918313570484,0.064558629776021,0.009567297238530004,-1.0,-961.7918313570484,-645.5862977602101
ONDO,2025-12-14 23:00:00+00:00,-0.029909830657576464,-0.06007708002720469,-0.05622307866696896,0.029909830657576464,-1.0,600.7708002720469,562.2307866696896
ONDO,2025-12-21 23:00:00+00:00,-0.02376782586940207,-0.010755441741357341,0.006914212548015275,0.02376782586940207,-1.0,107.55441741357342,-69.14212548015274
ONDO,2025-12-28 23:00:00+00:00,0.031150159744408823,-0.0335657113348824,-0.02736896462690419,0.031150159744408823,1.0,-335.657113348824,-273.68964626904193
ONDO,2026-01-04 23:00:00+00:00,0.04079696394686927,0.0435575826681871,0.037172177879133406,0.04079696394686927,1.0,435.575826681871,371.72177879133403
ONDO,2026-01-11 23:00:00+00:00,-0.0024993751562109034,0.042366507896716143,-0.03083479568814229,0.0024993751562109034,-1.0,-423.66507896716143,308.34795688142293
ONDO,2026-01-18 23:00:00+00:00,-0.0756192959582791,-0.07086391869000563,-0.01637492941840779,0.0756192959582791,-1.0,708.6391869000563,163.7492941840779
ONDO,2026-01-25 23:00:00+00:00,-0.06682094301417418,0.05581395348837215,0.027906976744185963,0.06682094301417418,-1.0,-558.1395348837215,-279.06976744185965
ONDO,2026-02-01 23:00:00+00:00,-0.11845906902086678,0.013828238719068464,0.033478893740902516,0.11845906902086678,-1.0,-138.28238719068463,-334.78893740902515
ONDO,2026-02-08 23:00:00+00:00,-0.0015497869043007428,-0.03920807453416153,-0.027950310559006097,0.0015497869043007428,-1.0,392.0807453416153,279.50310559006095
ONDO,2026-02-15 23:00:00+00:00,0.04474781949184692,-0.003629764065335772,0.009800362976406518,0.04474781949184692,1.0,-36.29764065335772,98.00362976406518
ONDO,2026-02-22 23:00:00+00:00,-0.01538461538461533,-0.06140350877192968,-0.05263157894736836,0.01538461538461533,-1.0,614.0350877192968,526.3157894736836
ONDO,2026-03-01 23:00:00+00:00,-0.019867549668874163,0.01548848292295446,0.02223987291501195,0.019867549668874163,-1.0,-154.8848292295446,-222.3987291501195
ONDO,2026-03-08 23:00:00+00:00,-0.042829076620825135,0.048499794492396164,0.030004110152075603,0.042829076620825135,-1.0,-484.99794492396165,-300.041101520756
ONDO,2026-03-15 23:00:00+00:00,0.016942771084337283,0.04035542391706781,0.06997408367271363,0.016942771084337283,1.0,403.5542391706781,699.7408367271363
ONDO,2026-03-22 23:00:00+00:00,-0.046249514185775276,0.04236252545824848,0.03462321792260692,0.046249514185775276,-1.0,-423.6252545824848,-346.2321792260692
ONDO,2026-03-29 23:00:00+00:00,-0.05195283714075172,0.05624515128006213,0.015128006206361677,0.05195283714075172,-1.0,-562.4515128006213,-151.28006206361678
ONDO,2026-04-05 23:00:00+00:00,-0.00614675374567808,0.04295665634674917,-0.010061919504643968,0.00614675374567808,-1.0,-429.5665634674917,100.61919504643969
ONDO,2026-04-12 23:00:00+00:00,-0.06048856145792958,0.03549319026000841,0.06273215022699152,0.06048856145792958,-1.0,-354.93190260008413,-627.3215022699152
ONDO,2026-04-19 23:00:00+00:00,-0.08424908424908428,0.030387844862055147,0.01959216313474621,0.08424908424908428,-1.0,-303.87844862055147,-195.9216313474621
SOL,2025-06-29 23:00:00+00:00,0.07297429792002252,-0.041574207022581966,0.009855110298916614,0.07297429792002252,1.0,-415.74207022581965,98.55110298916614
SOL,2025-07-06 23:00:00+00:00,0.03385789222699098,-0.0011201897733261745,-0.019372693726937285,0.03385789222699098,1.0,-11.201897733261745,-193.72693726937285
SOL,2025-07-13 23:00:00+00:00,-0.009596456692913424,0.0183229813664596,0.006770186335403716,0.009596456692913424,-1.0,-183.229813664596,-67.70186335403716
SOL,2025-07-20 23:00:00+00:00,0.03497062011523755,0.13398368606701938,0.07831790123456805,0.03497062011523755,1.0,1339.8368606701938,783.1790123456806
SOL,2025-07-27 23:00:00+00:00,0.026391685258747355,-0.03860021208907738,-0.02969247083775184,0.026391685258747355,1.0,-386.00212089077377,-296.9247083775184
SOL,2025-08-03 23:00:00+00:00,-0.01124282048148606,0.012787249814677493,0.046824808500123716,0.01124282048148606,-1.0,-127.87249814677493,-468.24808500123714
SOL,2025-08-10 23:00:00+00:00,0.024462772821635115,0.05027657593515533,-0.04304726436278006,0.024462772821635115,1.0,502.7657593515533,-430.47264362780055
SOL,2025-08-17 23:00:00+00:00,0.033571583279185635,-0.07741462392625187,-0.04253090299601914,0.033571583279185635,1.0,-774.1462392625186,-425.30902996019137
SOL,2025-08-24 23:00:00+00:00,0.032573289902280145,-0.04998059006211186,-0.0920031055900622,0.032573289902280145,1.0,-499.8059006211186,-920.0310559006219
SOL,2025-08-31 23:00:00+00:00,-0.001593070144869757,0.04473146162668917,-0.016605994115593714,0.001593070144869757,-1.0,-447.31461626689173,166.05994115593714
SOL,2025-09-07 23:00:00+00:00,0.0043802014892684316,0.05240703931739943,0.037426673777088304,0.0043802014892684316,1.0,524.0703931739943,374.266737770883
SOL,2025-09-14 23:00:00+00:00,0.000292153589315447,-0.011683217892013653,-0.0226153717766836,0.000292153589315447,1.0,-116.83217892013653,-226.15371776683602
SOL,2025-09-21 23:00:00+00:00,-0.0037977888429402418,-0.09676326046432815,-0.06698017285205904,0.0037977888429402418,-1.0,967.6326046432815,669.8017285205904
SOL,2025-09-28 23:00:00+00:00,0.05459094320740543,-0.009919787365323507,0.009350230196022657,0.05459094320740543,1.0,-99.19787365323506,93.50230196022657
SOL,2025-10-05 23:00:00+00:00,-0.018809585158464426,-0.03794642857142849,0.016675420168067223,0.018809585158464426,-1.0,379.4642857142849,-166.75420168067222
SOL,2025-10-12 23:00:00+00:00,0.0018831433224755223,0.027327678163254987,0.05902372123736477,0.0018831433224755223,1.0,273.27678163254984,590.2372123736477
SOL,2025-10-19 23:00:00+00:00,0.022944029647392172,-0.011561001598295095,0.009802876931273241,0.022944029647392172,1.0,-115.61001598295096,98.02876931273241
SOL,2025-10-26 23:00:00+00:00,0.03349010284769238,-0.029554433164974747,-0.006701005150772654,0.03349010284769238,1.0,-295.54433164974745,-67.01005150772654
SOL,2025-11-02 23:00:00+00:00,0.004442541347749129,-0.17433001225424904,-0.11577601363951195,0.004442541347749129,1.0,-1743.3001225424905,-1157.7601363951196
SOL,2025-11-09 23:00:00+00:00,0.0071651662686018636,-0.06085476320748995,0.01671834154051921,0.0071651662686018636,1.0,-608.5476320748995,167.1834154051921
SOL,2025-11-16 23:00:00+00:00,-0.017063378262116347,0.025601750547046054,-0.0449307075127644,0.017063378262116347,-1.0,-256.01750547046055,449.307075127644
SOL,2025-11-23 23:00:00+00:00,0.02731853251456484,0.06461750728192528,0.060554959374520934,0.02731853251456484,1.0,646.1750728192528,605.5495937452093
SOL,2025-11-30 23:00:00+00:00,-0.03206849016904889,0.03937007874015741,-0.05121859767529058,0.03206849016904889,-1.0,-393.7007874015741,512.1859767529057
SOL,2025-12-07 23:00:00+00:00,-0.001736504341260825,0.04251456237234286,0.007413571374536465,0.001736504341260825,-1.0,-425.14562372342857,-74.13571374536465
SOL,2025-12-14 23:00:00+00:00,-0.017110266159695797,-0.0010830045640908281,-0.012067765142724673,0.017110266159695797,-1.0,10.830045640908281,120.67765142724673
SOL,2025-12-21 23:00:00+00:00,-0.00873534272448262,-0.01611494800349289,-0.001190759704691624,0.00873534272448262,-1.0,161.1494800349289,11.90759704691624
SOL,2025-12-28 23:00:00+00:00,0.023624621924303035,-0.00215620507906078,-0.01613160836927008,0.023624621924303035,1.0,-21.5620507906078,-161.31608369270077
SOL,2026-01-04 23:00:00+00:00,0.022583352407110846,0.05237633365664407,0.028426471685443655,0.022583352407110846,1.0,523.7633365664407,284.26471685443653
SOL,2026-01-11 23:00:00+00:00,0.03040814820281934,0.04153537668289897,-0.003580635920939601,0.03040814820281934,1.0,415.3537668289897,-35.80635920939601
SOL,2026-01-18 23:00:00+00:00,-0.048743441038387236,-0.08753719968062723,-0.03193728678231844,0.048743441038387236,-1.0,875.3719968062724,319.37286782318444
SOL,2026-01-25 23:00:00+00:00,-0.06347078766853265,0.0701296514564742,0.04554638828085533,0.06347078766853265,-1.0,-701.2965145647421,-455.4638828085533
SOL,2026-02-01 23:00:00+00:00,-0.13961038961038963,-0.0289883847910255,0.03693040802144343,0.13961038961038963,-1.0,289.883847910255,-369.3040802144343
SOL,2026-02-08 23:00:00+00:00,0.0013823292247436836,-0.04533947065592647,-0.002416570771001214,0.0013823292247436836,1.0,-453.3947065592647,-24.165707710012143
SOL,2026-02-15 23:00:00+00:00,0.01604719764011797,-0.011511627906976685,0.0047674418604650715,0.01604719764011797,1.0,-115.11627906976685,47.67441860465071
SOL,2026-02-22 23:00:00+00:00,-0.02164143803216645,-0.04653130287648044,-0.059100797679477846,0.02164143803216645,-1.0,465.3130287648044,591.0079767947784
SOL,2026-03-01 23:00:00+00:00,0.026535626535626466,0.04032547564915645,0.036257030034701376,0.026535626535626466,1.0,403.2547564915645,362.57030034701376
SOL,2026-03-08 23:00:00+00:00,-0.040254237288135486,0.05223789086450048,0.041324340895156464,0.040254237288135486,-1.0,-522.3789086450048,-413.2434089515646
SOL,2026-03-15 23:00:00+00:00,0.038491840180078896,0.024377031419285045,0.04182015167930664,0.038491840180078896,1.0,243.77031419285044,418.2015167930664
SOL,2026-03-22 23:00:00+00:00,-0.031699640287769726,0.0536336196888787,0.06106338518690513,0.031699640287769726,-1.0,-536.336196888787,-610.6338518690512
SOL,2026-03-29 23:00:00+00:00,-0.016444981862152375,0.02212661339889377,0.014136447449293321,0.016444981862152375,-1.0,-221.2661339889377,-141.3644744929332
SOL,2026-04-05 23:00:00+00:00,0.020958083832335328,0.04533235581622663,-0.02284946236559149,0.020958083832335328,1.0,453.32355816226635,-228.4946236559149
SOL,2026-04-12 23:00:00+00:00,-0.04566744730679162,0.027119892011289837,0.06160265063197956,0.04566744730679162,-1.0,-271.19892011289835,-616.0265063197957
SOL,2026-04-19 23:00:00+00:00,-0.06185335132703551,0.0306917635775088,0.021939815369859783,0.06185335132703551,-1.0,-306.917635775088,-219.39815369859784
SUI,2025-06-29 23:00:00+00:00,0.06896297388995443,-0.07851524768869889,-0.042707327169863474,0.06896297388995443,1.0,-785.1524768869889,-427.07327169863476
SUI,2025-07-06 23:00:00+00:00,0.023331925675675658,-0.00460924600990642,-0.01768024215740238,0.023331925675675658,1.0,-46.092460099064205,-176.8024215740238
SUI,2025-07-13 23:00:00+00:00,0.015483119906868348,0.1755668300513087,0.11451256915183294,0.015483119906868348,1.0,1755.668300513087,1145.1256915183294
SUI,2025-07-20 23:00:00+00:00,0.03981295925183703,0.031221091581868476,0.01839860211738098,0.03981295925183703,1.0,312.2109158186848,183.9860211738098
SUI,2025-07-27 23:00:00+00:00,0.100917897734496,-0.12012192305916025,-0.0977231792361335,0.100917897734496,1.0,-1201.2192305916026,-977.2317923613349
SUI,2025-08-03 23:00:00+00:00,-0.022724048909189,-0.01013062409288823,0.041538461538461524,0.022724048909189,-1.0,101.30624092888229,-415.38461538461524
SUI,2025-08-10 23:00:00+00:00,0.0024317682059240564,0.00201305907554139,-0.057346375203241484,0.0024317682059240564,1.0,20.130590755413902,-573.4637520324148
SUI,2025-08-17 23:00:00+00:00,0.018155744358461012,-0.09091633889656636,-0.043265653236951196,0.018155744358461012,1.0,-909.1633889656637,-432.656532369512
SUI,2025-08-24 23:00:00+00:00,-0.015994864525102348,-0.062394741131091336,-0.09306242190471015,0.015994864525102348,-1.0,623.9474113109134,930.6242190471015
SUI,2025-08-31 23:00:00+00:00,0.00510662003651996,0.02128052723969076,-0.014166487019186436,0.00510662003651996,1.0,212.8052723969076,-141.66487019186437
SUI,2025-09-07 23:00:00+00:00,-0.007918419822346867,0.021502209131075034,0.03027982326951384,0.007918419822346867,-1.0,-215.02209131075034,-302.7982326951384
SUI,2025-09-14 23:00:00+00:00,-0.0017879879717173086,-0.02344894968246225,-0.0446724203441351,0.0017879879717173086,-1.0,234.4894968246225,446.724203441351
SUI,2025-09-21 23:00:00+00:00,-0.0099075115953563,-0.07993013391000581,-0.06800853918877703,0.0099075115953563,-1.0,799.301339100058,680.0853918877702
SUI,2025-09-28 23:00:00+00:00,0.021958827199001885,-0.005097835709270804,0.0007936750206050114,0.021958827199001885,1.0,-50.97835709270804,7.936750206050114
SUI,2025-10-05 23:00:00+00:00,-0.00580438119157245,-0.0321946838072249,0.016251719201729076,0.00580438119157245,-1.0,321.946838072249,-162.51719201729077
SUI,2025-10-12 23:00:00+00:00,-0.08640729285365456,0.005024767470866998,0.06525070382381237,0.08640729285365456,-1.0,-50.247674708669976,-652.5070382381238
SUI,2025-10-19 23:00:00+00:00,0.059564860426929434,-0.035811177428106356,-0.002674211301449514,0.059564860426929434,1.0,-358.11177428106356,-26.74211301449514
SUI,2025-10-26 23:00:00+00:00,0.06282035999523172,-0.06397218275630001,-0.024377477005907422,0.06282035999523172,1.0,-639.7218275630001,-243.77477005907423
SUI,2025-11-02 23:00:00+00:00,-0.0029241005212528037,-0.16112031960559314,-0.12087211526201713,0.0029241005212528037,-1.0,1611.2031960559314,1208.7211526201713
SUI,2025-11-09 23:00:00+00:00,-0.015702479338842834,-0.06368683805346886,0.008584892455559379,0.015702479338842834,-1.0,636.8683805346886,-85.84892455559378
SUI,2025-11-16 23:00:00+00:00,-0.043049378492416523,-0.0059005840982239155,-0.035939921325545354,0.043049378492416523,-1.0,59.00584098223916,359.39921325545356
SUI,2025-11-23 23:00:00+00:00,-0.004367765887748454,0.14252285191956138,0.11685557586837314,0.004367765887748454,-1.0,-1425.2285191956137,-1168.5557586837315
SUI,2025-11-30 23:00:00+00:00,-0.023629242819843355,0.08821562332798272,-0.1009229534510434,0.023629242819843355,-1.0,-882.1562332798271,1009.2295345104341
SUI,2025-12-07 23:00:00+00:00,0.024394978646305132,0.04808239085107724,0.016869905857079592,0.024394978646305132,1.0,480.8239085107724,168.69905857079593
SUI,2025-12-14 23:00:00+00:00,-0.0027633185527922155,-0.027303754266211566,-0.05351278253590053,0.0027633185527922155,-1.0,273.03754266211564,535.1278253590053
SUI,2025-12-21 23:00:00+00:00,-0.029686345624286292,-0.00698816854632256,0.011070366013976374,0.029686345624286292,-1.0,69.8816854632256,-110.70366013976374
SUI,2025-12-28 23:00:00+00:00,0.0344876931883229,-0.00836849021370778,-0.004979597482536735,0.0344876931883229,1.0,-83.6849021370778,-49.79597482536735
SUI,2026-01-04 23:00:00+00:00,0.051342615614122344,0.12493348311949393,0.12280494294329802,0.051342615614122344,1.0,1249.3348311949392,1228.0494294329803
SUI,2026-01-11 23:00:00+00:00,-0.001168614357262121,0.04780476933363054,-0.018609315801203397,0.001168614357262121,-1.0,-478.0476933363054,186.09315801203397
SUI,2026-01-18 23:00:00+00:00,-0.049464415904884707,-0.13264462809917354,-0.07461629279811088,0.049464415904884707,-1.0,1326.4462809917354,746.1629279811089
SUI,2026-01-25 23:00:00+00:00,-0.05504525192489529,0.028947180330212374,0.03152026302623123,0.05504525192489529,-1.0,-289.47180330212376,-315.2026302623123
SUI,2026-02-01 23:00:00+00:00,-0.13253961996373087,0.010267127021624578,0.04379429402144286,0.13253961996373087,-1.0,-102.67127021624577,-437.9429402144286
SUI,2026-02-08 23:00:00+00:00,-0.027805561112222543,-0.043840691571472634,-0.009776680045281427,0.027805561112222543,-1.0,438.4069157147263,97.76680045281427
SUI,2026-02-15 23:00:00+00:00,-0.0011288998357963376,-0.006059983566146232,0.019001643385373912,0.0011288998357963376,-1.0,60.59983566146232,-190.01643385373913
SUI,2026-02-22 23:00:00+00:00,-0.03284175295471181,-0.07082612456747406,-0.04898356401384085,0.03284175295471181,-1.0,708.2612456747406,489.8356401384085
SUI,2026-03-01 23:00:00+00:00,-0.011476323119777088,0.02389540126239864,0.04001352569882766,0.011476323119777088,-1.0,-238.95401262398642,-400.1352569882766
SUI,2026-03-08 23:00:00+00:00,-0.023645648312611067,0.08765347885402441,0.07105502501136884,0.023645648312611067,-1.0,-876.5347885402441,-710.5502501136884
SUI,2026-03-15 23:00:00+00:00,0.019328484606954133,0.0051793218020128595,0.04837291116974485,0.019328484606954133,1.0,51.79321802012859,483.7291116974485
SUI,2026-03-22 23:00:00+00:00,-0.05532936632216301,0.05204419889502754,0.05248618784530379,0.05532936632216301,-1.0,-520.4419889502753,-524.8618784530379
SUI,2026-03-29 23:00:00+00:00,-0.0343489672486591,0.03600519419194903,0.0194782198087593,0.0343489672486591,-1.0,-360.05194191949033,-194.782198087593
SUI,2026-04-05 23:00:00+00:00,-0.0032051282051281937,0.10172215843857635,-0.0011481056257175437,0.0032051282051281937,-1.0,-1017.2215843857634,11.481056257175437
SUI,2026-04-12 23:00:00+00:00,-0.05497272345782622,0.03486951693503615,0.06596335369239315,0.05497272345782622,-1.0,-348.6951693503615,-659.6335369239315
SUI,2026-04-19 23:00:00+00:00,-0.08857255832344801,0.029504284629569444,0.023646816357522527,0.08857255832344801,-1.0,-295.04284629569446,-236.46816357522528
TAO,2025-06-29 23:00:00+00:00,0.05863970588235312,-0.07947345580789811,-0.03237378851439321,0.05863970588235312,1.0,-794.7345580789811,-323.7378851439321
TAO,2025-07-06 23:00:00+00:00,0.012536461242474983,-0.017332720869698393,-0.020976879497779932,0.012536461242474983,1.0,-173.32720869698392,-209.76879497779933
TAO,2025-07-13 23:00:00+00:00,-0.017939247757594035,0.1157679006020238,0.04667605994620194,0.017939247757594035,-1.0,-1157.679006020238,-466.7605994620194
TAO,2025-07-20 23:00:00+00:00,0.016014760147601503,0.09411963909919918,0.08093660046926776,0.016014760147601503,1.0,941.1963909919918,809.3660046926776
TAO,2025-07-27 23:00:00+00:00,0.021045614703361526,-0.10552084304765452,-0.0621794273990488,0.021045614703361526,1.0,-1055.2084304765451,-621.794273990488
TAO,2025-08-03 23:00:00+00:00,0.009530135443440058,-0.022222857796590723,0.02345269419974838,0.009530135443440058,1.0,-222.22857796590722,234.52694199748382
TAO,2025-08-10 23:00:00+00:00,0.03310308182784283,0.008022627924916481,-0.07459501157109794,0.03310308182784283,1.0,80.2262792491648,-745.9501157109794
TAO,2025-08-17 23:00:00+00:00,0.016681203663323263,-0.08304294215407715,-0.049053771511285094,0.016681203663323263,1.0,-830.4294215407715,-490.53771511285095
TAO,2025-08-24 23:00:00+00:00,-0.029889259219438746,-0.07400537113430605,-0.11323680057587415,0.029889259219438746,-1.0,740.0537113430605,1132.3680057587414
TAO,2025-08-31 23:00:00+00:00,-0.0034122144639979757,0.018432741116751306,-0.016909898477157292,0.0034122144639979757,-1.0,-184.32741116751305,169.09898477157293
TAO,2025-09-07 23:00:00+00:00,0.0163439387335782,0.02766544117647074,0.054350490196078516,0.0163439387335782,1.0,276.6544117647074,543.5049019607851
TAO,2025-09-14 23:00:00+00:00,-0.015955504368100226,-0.01661670235546031,-0.02089935760171302,0.015955504368100226,-1.0,166.1670235546031,208.9935760171302
TAO,2025-09-21 23:00:00+00:00,-0.039625360230547524,-0.07486197791646665,-0.04539726356216989,0.039625360230547524,-1.0,748.6197791646665,453.9726356216989
TAO,2025-09-28 23:00:00+00:00,0.028624037495815324,-0.01451586655817727,0.009829129373474244,0.028624037495815324,1.0,-145.1586655817727,98.29129373474244
TAO,2025-10-05 23:00:00+00:00,-0.02716049382716057,0.05012531328320802,0.09434979854700054,0.02716049382716057,-1.0,-501.25313283208015,-943.4979854700055
TAO,2025-10-12 23:00:00+00:00,0.11521448111285726,0.2023918322584013,0.1658876674413139,0.11521448111285726,1.0,2023.918322584013,1658.876674413139
TAO,2025-10-19 23:00:00+00:00,0.17771747891032175,-0.13024262444469759,-0.0373391046816266,0.17771747891032175,1.0,-1302.426244446976,-373.391046816266
TAO,2025-10-26 23:00:00+00:00,0.03802505905309639,0.06902352737438466,0.028598995571608832,0.03802505905309639,1.0,690.2352737438466,285.98995571608833
TAO,2025-11-02 23:00:00+00:00,0.018156424581005526,-0.1789678476346508,-0.04511570755682992,0.018156424581005526,1.0,-1789.678476346508,-451.1570755682992
TAO,2025-11-09 23:00:00+00:00,-0.06275214011610741,-0.04658303590174262,0.015142767163552229,0.06275214011610741,-1.0,465.8303590174262,-151.4276716355223
TAO,2025-11-16 23:00:00+00:00,-0.03985496389080323,0.03661277233285487,-0.022629377614083235,0.03985496389080323,-1.0,-366.1277233285487,226.29377614083234
TAO,2025-11-23 23:00:00+00:00,0.06657589221728544,0.04107748631310226,-0.01981661236690968,0.06657589221728544,1.0,410.77486313102264,-198.1661236690968
TAO,2025-11-30 23:00:00+00:00,-0.045239591256324596,-0.04499671177875464,-0.08303623965940954,0.045239591256324596,-1.0,449.9671177875464,830.3623965940953
TAO,2025-12-07 23:00:00+00:00,0.014483719565855147,0.09204052098408111,0.0641461649782924,0.014483719565855147,1.0,920.405209840811,641.4616497829239
TAO,2025-12-14 23:00:00+00:00,-0.029946968909223215,-0.06433981137467848,-0.03843955415833089,0.029946968909223215,-1.0,643.3981137467848,384.3955415833089
TAO,2025-12-21 23:00:00+00:00,-0.051508777954243024,-0.030501878082997758,0.005656876499072316,0.051508777954243024,-1.0,305.0187808299776,-56.56876499072317
TAO,2025-12-28 23:00:00+00:00,0.03198156682027653,-0.011515286766346833,-0.024503459049319387,0.03198156682027653,1.0,-115.15286766346833,-245.03459049319386
TAO,2026-01-04 23:00:00+00:00,0.089271858537183,0.10144384024001507,0.0021001312582036302,0.089271858537183,1.0,1014.4384024001507,21.001312582036302
TAO,2026-01-11 23:00:00+00:00,0.024736371760500475,0.023411604619517634,-0.020515683332751777,0.024736371760500475,1.0,234.11604619517635,-205.15683332751777
TAO,2026-01-18 23:00:00+00:00,-0.06138841078600121,-0.10593851441665081,-0.03196486538094345,0.06138841078600121,-1.0,1059.385144166508,319.6486538094345
TAO,2026-01-25 23:00:00+00:00,-0.052288963097603225,0.06119536128456726,0.043621766280107055,0.052288963097603225,-1.0,-611.9536128456726,-436.21766280107056
TAO,2026-02-01 23:00:00+00:00,-0.11674246331286042,0.025189584769581552,0.05700800763642144,0.11674246331286042,-1.0,-251.89584769581552,-570.0800763642144
TAO,2026-02-08 23:00:00+00:00,-0.05650338326296922,-0.05334150827713058,-0.024156958920907412,0.05650338326296922,-1.0,533.4150827713058,241.5695892090741
TAO,2026-02-15 23:00:00+00:00,0.09860077403989287,0.0389786403556327,0.07687303480429342,0.09860077403989287,1.0,389.786403556327,768.7303480429341
TAO,2026-02-22 23:00:00+00:00,-0.023614946739559217,-0.035963747618772635,-0.019453905212722833,0.023614946739559217,-1.0,359.63747618772635,194.53905212722833
TAO,2026-03-01 23:00:00+00:00,0.0146839509005392,0.0319191006157844,0.05265239252019671,0.0146839509005392,1.0,319.191006157844,526.5239252019671
TAO,2026-03-08 23:00:00+00:00,0.02735923869944501,0.10082690187431087,0.07006615214994483,0.02735923869944501,1.0,1008.2690187431087,700.6615214994483
TAO,2026-03-15 23:00:00+00:00,0.20449610422787057,-0.024888637488510335,-0.009863536731952283,0.20449610422787057,1.0,-248.88637488510335,-98.63536731952283
TAO,2026-03-22 23:00:00+00:00,-0.01856226797165028,0.28496677106408996,0.11939500420135962,0.01856226797165028,-1.0,-2849.6677106408997,-1193.9500420135962
TAO,2026-03-29 23:00:00+00:00,-0.017479902785567436,-0.030393212182612594,-0.014405116190717493,0.017479902785567436,-1.0,303.9321218261259,144.05116190717493
TAO,2026-04-05 23:00:00+00:00,-0.00019324916258700586,0.07961383748994377,0.006950925181013812,0.00019324916258700586,-1.0,-796.1383748994377,-69.50925181013812
TAO,2026-04-12 23:00:00+00:00,-0.014643794454376136,-0.07709820567239045,0.005710978197954963,0.014643794454376136,-1.0,770.9820567239045,-57.10978197954964
TAO,2026-04-19 23:00:00+00:00,-0.07658769966818424,0.021430953969312716,0.01696964643095389,0.07658769966818424,-1.0,-214.30953969312716,-169.6964643095389
UNI,2025-06-29 23:00:00+00:00,0.06732987312572081,-0.11055548047033381,-0.036896877956480556,0.06732987312572081,1.0,-1105.554804703338,-368.9687795648056
UNI,2025-07-06 23:00:00+00:00,0.07305077390423831,0.030841750841750892,-0.005117845117845188,0.07305077390423831,1.0,308.41750841750894,-51.17845117845188
UNI,2025-07-13 23:00:00+00:00,-0.03318181818181831,0.09669091762497062,0.07193147148556678,0.03318181818181831,-1.0,-966.9091762497062,-719.3147148556678
UNI,2025-07-20 23:00:00+00:00,0.05457781293256869,0.009455158210073034,0.01422954502902063,0.05457781293256869,1.0,94.55158210073034,142.2954502902063
UNI,2025-07-27 23:00:00+00:00,0.07067757009345788,-0.05925317264676333,-0.048297270154295635,0.07067757009345788,1.0,-592.5317264676333,-482.9727015429564
UNI,2025-08-03 23:00:00+00:00,-0.001201397990388875,0.046895496283340554,0.08810668998688254,0.001201397990388875,-1.0,-468.95496283340555,-881.0668998688253
UNI,2025-08-10 23:00:00+00:00,0.006344827586207025,0.05987202925045709,0.00822669104204743,0.006344827586207025,1.0,598.7202925045709,82.26691042047429
UNI,2025-08-17 23:00:00+00:00,0.03223690375784849,-0.09775801034764453,-0.048924389579740324,0.03223690375784849,1.0,-977.5801034764453,-489.24389579740324
UNI,2025-08-24 23:00:00+00:00,-0.05172264167317542,-0.08918597198058786,-0.11189451515428983,0.05172264167317542,-1.0,891.8597198058786,1118.9451515428982
UNI,2025-08-31 23:00:00+00:00,0.013383918221097968,-0.002186816619806242,-0.026450067687181056,0.013383918221097968,1.0,-21.868166198062422,-264.5006768718106
UNI,2025-09-07 23:00:00+00:00,-0.00959409594095939,0.014796678731104906,0.016819246327443027,0.00959409594095939,-1.0,-147.96678731104907,-168.19246327443028
UNI,2025-09-14 23:00:00+00:00,-0.07017197074520665,-0.009143100148841232,-0.026047203912396455,0.07017197074520665,-1.0,91.43100148841232,260.4720391239646
UNI,2025-09-21 23:00:00+00:00,-0.010187315149523535,-0.10817094774136404,-0.08912754650132859,0.010187315149523535,-1.0,1081.7094774136403,891.275465013286
UNI,2025-09-28 23:00:00+00:00,0.025277924827951326,-0.014329976762199936,-0.0006454944487478409,0.025277924827951326,1.0,-143.29976762199937,-6.454944487478409
UNI,2025-10-05 23:00:00+00:00,-0.023994183228308374,-0.03650360069530678,0.03613111497392607,0.023994183228308374,-1.0,365.03600695306784,-361.3111497392607
UNI,2025-10-12 23:00:00+00:00,-0.04984915960350533,0.03226295062102391,0.0678582247803694,0.04984915960350533,-1.0,-322.62950621023913,-678.582247803694
UNI,2025-10-19 23:00:00+00:00,0.013292267790565804,-0.0014390789894466183,0.012791813239526606,0.013292267790565804,1.0,-14.390789894466183,127.91813239526606
UNI,2025-10-26 23:00:00+00:00,0.06032150246697432,-0.048377403846153855,-0.022235576923076872,0.06032150246697432,1.0,-483.77403846153857,-222.35576923076871
UNI,2025-11-02 23:00:00+00:00,0.020550330895158453,-0.1346646185355862,-0.11350059737156515,0.020550330895158453,1.0,-1346.646185355862,-1135.0059737156514
UNI,2025-11-09 23:00:00+00:00,0.101089689857502,0.25425531914893607,0.422340425531915,0.101089689857502,1.0,2542.553191489361,4223.404255319149
UNI,2025-11-16 23:00:00+00:00,0.024703698414965114,0.0458920351513461,0.03389594085646541,0.024703698414965114,1.0,458.920351513461,338.9594085646541
UNI,2025-11-23 23:00:00+00:00,-0.03204419889502763,0.016468286319908598,0.026251426707973202,0.03204419889502763,-1.0,-164.68286319908597,-262.514267079732
UNI,2025-11-30 23:00:00+00:00,-0.02802383636656458,-0.021681562396557497,-0.0738166170142337,0.02802383636656458,-1.0,216.81562396557496,738.166170142337
UNI,2025-12-07 23:00:00+00:00,-0.00655260283946113,0.05298863219655314,0.029152915291529302,0.00655260283946113,-1.0,-529.8863219655315,-291.529152915293
UNI,2025-12-14 23:00:00+00:00,-0.00915374556323545,-0.02017725815576088,-0.043183103903450926,0.00915374556323545,-1.0,201.7725815576088,431.8310390345093
UNI,2025-12-21 23:00:00+00:00,0.15429650613786605,-0.05053147996729357,-0.016516762060506895,0.15429650613786605,1.0,-505.3147996729357,-165.16762060506895
UNI,2025-12-28 23:00:00+00:00,0.06631254283755994,-0.04930142925967562,-0.03773887907499607,0.06631254283755994,1.0,-493.0142925967562,-377.38879074996066
UNI,2026-01-04 23:00:00+00:00,-0.026153589871730776,0.037981180496150735,0.053550042771599804,0.026153589871730776,-1.0,-379.81180496150733,-535.5004277159981
UNI,2026-01-11 23:00:00+00:00,-0.0010997067448680342,0.05237045203969126,-0.01433296582138921,0.0010997067448680342,-1.0,-523.7045203969126,143.3296582138921
UNI,2026-01-18 23:00:00+00:00,-0.04215280391418896,-0.057378659854588454,-0.012969149145215297,0.04215280391418896,-1.0,573.7865985458845,129.69149145215297
UNI,2026-01-25 23:00:00+00:00,-0.04158047165908141,0.036061325847549064,0.01684301446771741,0.04158047165908141,-1.0,-360.6132584754906,-168.4301446771741
UNI,2026-02-01 23:00:00+00:00,-0.09487845173471798,0.005473025801407294,0.02241334375814441,0.09487845173471798,-1.0,-54.730258014072945,-224.1334375814441
UNI,2026-02-08 23:00:00+00:00,-0.018424036281179168,-0.03118683222639329,0.007507941091539072,0.018424036281179168,-1.0,311.8683222639329,-75.07941091539072
UNI,2026-02-15 23:00:00+00:00,0.016998827667057625,0.015863859244303447,0.03778482838188624,0.016998827667057625,1.0,158.63859244303447,377.8482838188624
UNI,2026-02-22 23:00:00+00:00,0.011314186248912117,-0.04192992533027007,-0.03934520390580132,0.011314186248912117,1.0,-419.29925330270066,-393.45203905801316
UNI,2026-03-01 23:00:00+00:00,0.009439050701186558,0.04352469959946581,0.047797062750333685,0.009439050701186558,1.0,435.2469959946581,477.97062750333686
UNI,2026-03-08 23:00:00+00:00,-0.04843750000000002,0.04974036622027889,0.05411314566821557,0.04843750000000002,-1.0,-497.40366220278884,-541.1314566821557
UNI,2026-03-15 23:00:00+00:00,0.007682775712515522,-0.03182374541003674,0.016891064871481065,0.007682775712515522,1.0,-318.2374541003674,168.91064871481066
UNI,2026-03-22 23:00:00+00:00,-0.028011204481792618,0.03562194771617344,0.03016374604998573,0.028011204481792618,-1.0,-356.2194771617344,-301.6374604998573
UNI,2026-03-29 23:00:00+00:00,-0.009163464380727238,0.05543964232488818,0.036363636363636376,0.009163464380727238,-1.0,-554.3964232488818,-363.63636363636374
UNI,2026-04-05 23:00:00+00:00,-0.011968503937007768,0.04054482103262602,-0.019322141273360738,0.011968503937007768,-1.0,-405.4482103262602,193.22141273360737
UNI,2026-04-12 23:00:00+00:00,-0.05545112781954886,0.03747927031509124,0.07197346600331667,0.05545112781954886,-1.0,-374.7927031509124,-719.7346600331666
UNI,2026-04-19 23:00:00+00:00,-0.07692307692307687,0.012701363073110317,0.0003097893432466581,0.07692307692307687,-1.0,-127.01363073110316,-3.0978934324665808
XLM,2025-06-29 23:00:00+00:00,0.02186489705632111,-0.062359503788194104,-0.009408042627591318,0.02186489705632111,1.0,-623.595037881941,-94.08042627591317
XLM,2025-07-06 23:00:00+00:00,0.05128097438051227,0.03595541528504653,-0.009068754744117169,0.05128097438051227,1.0,359.5541528504653,-90.68754744117169
XLM,2025-07-13 23:00:00+00:00,0.27884719956498083,-0.04018369690011481,-0.014882850703746286,0.27884719956498083,1.0,-401.8369690011481,-148.82850703746286
XLM,2025-07-20 23:00:00+00:00,0.005958594293667296,0.0222347190379375,0.02286196305749022,0.005958594293667296,1.0,222.347190379375,228.6196305749022
XLM,2025-07-27 23:00:00+00:00,0.03426029439165279,-0.05237912941653344,-0.05661269619654563,0.03426029439165279,1.0,-523.7912941653344,-566.1269619654563
XLM,2025-08-03 23:00:00+00:00,0.021187308085977463,-0.008095238095238155,0.035914786967418344,0.021187308085977463,1.0,-80.95238095238156,359.1478696741834
XLM,2025-08-10 23:00:00+00:00,-0.02600249939707533,0.01136772915541151,-0.0319421934089682,0.02600249939707533,-1.0,-113.6772915541151,319.421934089682
XLM,2025-08-17 23:00:00+00:00,-0.0031946630335204507,-0.07945896269764596,-0.023705728491646427,0.0031946630335204507,-1.0,794.5896269764596,237.05728491646428
XLM,2025-08-24 23:00:00+00:00,-0.04082833274502873,-0.0325119529238691,-0.058894201299497295,0.04082833274502873,-1.0,325.11952923869103,588.942012994973
XLM,2025-08-31 23:00:00+00:00,-0.010942760942761032,0.04343508851566047,0.01344757149341791,0.010942760942761032,-1.0,-434.3508851566047,-134.47571493417908
XLM,2025-09-07 23:00:00+00:00,-0.0019605135993374656,0.02902279769809657,0.04404603806994234,0.0019605135993374656,-1.0,-290.2279769809657,-440.4603806994234
XLM,2025-09-14 23:00:00+00:00,-0.030027410914527763,-0.013795761078998048,-0.023352601156069297,0.030027410914527763,-1.0,137.9576107899805,233.52601156069298
XLM,2025-09-21 23:00:00+00:00,-0.020161082141566422,-0.04025607924756969,-0.030218405037279128,0.020161082141566422,-1.0,402.56079247569687,302.18405037279126
XLM,2025-09-28 23:00:00+00:00,0.022937312103329166,-0.009742557013008302,0.010803897022805042,0.022937312103329166,1.0,-97.42557013008302,108.03897022805043
XLM,2025-10-05 23:00:00+00:00,-0.02610214524699861,-0.031222370980372283,0.03177810897516853,0.02610214524699861,-1.0,312.22370980372284,-317.7810897516853
XLM,2025-10-12 23:00:00+00:00,0.009137416092497741,-0.012014652014652016,0.027926739926739774,0.009137416092497741,1.0,-120.14652014652016,279.26739926739776
XLM,2025-10-19 23:00:00+00:00,0.026969344198680467,-0.011400856638951962,0.02116402116402094,0.026969344198680467,1.0,-114.00856638951961,211.6402116402094
XLM,2025-10-26 23:00:00+00:00,0.03565604616156537,-0.036937236973568655,-0.023343122710345443,0.03565604616156537,1.0,-369.37236973568656,-233.43122710345443
XLM,2025-11-02 23:00:00+00:00,0.00548126135050353,-0.11494252873563215,-0.08706075533661739,0.00548126135050353,1.0,-1149.4252873563216,-870.6075533661739
XLM,2025-11-09 23:00:00+00:00,-0.02218646214948461,-0.014354234499177276,0.05122010993243009,0.02218646214948461,-1.0,143.54234499177275,-512.2010993243009
XLM,2025-11-16 23:00:00+00:00,-0.024675224844338706,0.0076813991964075345,-0.0272591191995587,0.024675224844338706,-1.0,-76.81399196407534,272.591191995587
XLM,2025-11-23 23:00:00+00:00,0.07875321953987857,0.020030754289414032,0.030025898348980284,0.07875321953987857,1.0,200.3075428941403,300.25898348980286
XLM,2025-11-30 23:00:00+00:00,-0.02636853067159184,0.027863026974640492,-0.056412534324018826,0.02636853067159184,-1.0,-278.6302697464049,564.1253432401883
XLM,2025-12-07 23:00:00+00:00,-0.009319236073383808,0.06728254450350124,0.015692229815236658,0.009319236073383808,-1.0,-672.8254450350124,-156.92229815236658
XLM,2025-12-14 23:00:00+00:00,-0.027774238756529623,-0.04093848304788528,-0.037181055574973754,0.027774238756529623,-1.0,409.3848304788528,371.81055574973755
XLM,2025-12-21 23:00:00+00:00,-0.01833030852994566,0.003188392403308482,0.01843722563652328,0.01833030852994566,-1.0,-31.88392403308482,-184.3722563652328
XLM,2025-12-28 23:00:00+00:00,0.02758974837776007,-0.04439199310063102,-0.019835686078707337,0.02758974837776007,1.0,-443.9199310063102,-198.35686078707337
XLM,2026-01-04 23:00:00+00:00,0.08247374779295602,0.04606929715340691,0.08449615731398374,0.08247374779295602,1.0,460.6929715340691,844.9615731398375
XLM,2026-01-11 23:00:00+00:00,-0.007878197751615468,0.06464997992236654,-0.022353098648105973,0.007878197751615468,-1.0,-646.4997992236654,223.53098648105973
XLM,2026-01-18 23:00:00+00:00,-0.03780417789162205,-0.04886906951084957,-0.008734828981243004,0.03780417789162205,-1.0,488.69069510849573,87.34828981243004
XLM,2026-01-25 23:00:00+00:00,-0.03951971258390852,0.02579120933208645,0.020032485110990983,0.03951971258390852,-1.0,-257.9120933208645,-200.32485110990984
XLM,2026-02-01 23:00:00+00:00,-0.09065848330385917,0.004003431512725308,0.021332570774949877,0.09065848330385917,-1.0,-40.03431512725308,-213.32570774949878
XLM,2026-02-08 23:00:00+00:00,-0.004687885516900914,-0.01816040659476892,-0.011590430147514597,0.004687885516900914,-1.0,181.60406594768918,115.90430147514597
XLM,2026-02-15 23:00:00+00:00,0.029342367959344307,-0.026622002820874457,-0.003349788434414802,0.029342367959344307,1.0,-266.22002820874457,-33.49788434414802
XLM,2026-02-22 23:00:00+00:00,-0.04098563645368991,-0.034925758553905784,-0.023886378308586198,0.04098563645368991,-1.0,349.25758553905786,238.86378308586197
XLM,2026-03-01 23:00:00+00:00,-0.022272986864648847,-0.016941451382578188,0.010190834739711718,0.022272986864648847,-1.0,169.41451382578188,-101.90834739711718
XLM,2026-03-08 23:00:00+00:00,-0.02161269001982813,0.07059379855434722,0.01722623792474498,0.02161269001982813,-1.0,-705.9379855434722,-172.26237924744981
XLM,2026-03-15 23:00:00+00:00,0.030138821237213786,0.024983757604394308,0.03904081271041293,0.030138821237213786,1.0,249.83757604394307,390.40812710412933
XLM,2026-03-22 23:00:00+00:00,-0.05063368267121604,0.11532537543319221,0.07072262867411117,0.05063368267121604,-1.0,-1153.2537543319222,-707.2262867411116
XLM,2026-03-29 23:00:00+00:00,-0.01980198019801971,0.01573798383666536,0.017014036580178526,0.01980198019801971,-1.0,-157.3798383666536,-170.14036580178526
XLM,2026-04-05 23:00:00+00:00,-0.006536746288716588,0.004918839153959631,-0.04402361042793901,0.006536746288716588,-1.0,-49.18839153959631,440.2361042793901
XLM,2026-04-12 23:00:00+00:00,-0.03847877584992632,0.029168886521044435,0.039890783164624466,0.03847877584992632,-1.0,-291.68886521044436,-398.90783164624463
XLM,2026-04-19 23:00:00+00:00,-0.047327457937507145,0.07464568820562101,0.04323804948354559,0.047327457937507145,-1.0,-746.4568820562101,-432.3804948354559
XRP,2025-06-29 23:00:00+00:00,0.045792841905664794,-0.016001813236627305,0.013825929283771465,0.045792841905664794,1.0,-160.01813236627305,138.25929283771467
XRP,2025-07-06 23:00:00+00:00,0.023299833250709723,0.017176833296630667,-0.00022021581149533898,0.023299833250709723,1.0,171.76833296630667,-2.2021581149533898
XRP,2025-07-13 23:00:00+00:00,0.027652942881994935,0.029978133596670675,0.043697538266205704,0.027652942881994935,1.0,299.78133596670676,436.97538266205703
XRP,2025-07-20 23:00:00+00:00,0.011449487554904714,0.02877489578508552,0.02732746641963857,0.011449487554904714,1.0,287.74895785085516,273.2746641963857
XRP,2025-07-27 23:00:00+00:00,0.03778361748493797,-0.03464673913043481,-0.03615983201581019,0.03778361748493797,1.0,-346.4673913043481,-361.5983201581019
XRP,2025-08-03 23:00:00+00:00,-0.020418343254298144,0.004887983706720833,0.042192803801765155,0.020418343254298144,-1.0,-48.87983706720833,-421.92803801765155
XRP,2025-08-10 23:00:00+00:00,-0.03734138972809675,0.025483304042179133,-0.018170976650765724,0.03734138972809675,-1.0,-254.83304042179134,181.70976650765724
XRP,2025-08-17 23:00:00+00:00,0.004034619639487147,-0.07351701782820097,-0.00807131280388984,0.004034619639487147,1.0,-735.1701782820097,-80.7131280388984
XRP,2025-08-24 23:00:00+00:00,-0.02119946920412985,-0.004497057072944899,-0.055485748297070314,0.02119946920412985,-1.0,44.97057072944899,554.8574829707031
XRP,2025-08-31 23:00:00+00:00,-0.003269852676967333,0.03147647376960516,-0.005624661979448331,0.003269852676967333,-1.0,-314.7647376960516,56.24661979448331
XRP,2025-09-07 23:00:00+00:00,0.009582309582309545,0.024233363465683944,0.032403866212363575,0.009582309582309545,1.0,242.33363465683942,324.03866212363573
XRP,2025-09-14 23:00:00+00:00,-0.03046319431097444,0.0032049164078504777,-0.010143395228969898,0.03046319431097444,-1.0,-32.049164078504774,101.43395228969898
XRP,2025-09-21 23:00:00+00:00,-0.005394899976543965,-0.04881746513038199,-0.03968735260427192,0.005394899976543965,-1.0,488.17465130381987,396.8735260427192
XRP,2025-09-28 23:00:00+00:00,0.031792323756030694,-0.0070486426128829605,0.004640937957987257,0.031792323756030694,1.0,-70.4864261288296,46.409379579872564
XRP,2025-10-05 23:00:00+00:00,-0.022815565944557692,-0.03945284862369869,0.006569859506081244,0.022815565944557692,-1.0,394.5284862369869,-65.69859506081244
XRP,2025-10-12 23:00:00+00:00,0.013762940373966748,-0.009933119632751675,0.030669990897938204,0.013762940373966748,1.0,-99.33119632751675,306.69990897938203
XRP,2025-10-19 23:00:00+00:00,0.0344648423969518,0.013310451634506837,0.04382403415512104,0.0344648423969518,1.0,133.10451634506836,438.2403415512104
XRP,2025-10-26 23:00:00+00:00,0.05236768802228409,-0.015955234602442414,-0.004461416310635458,0.05236768802228409,1.0,-159.55234602442414,-44.614163106354574
XRP,2025-11-02 23:00:00+00:00,0.0066544469238125625,-0.12759808385130067,-0.08579120313551603,0.0066544469238125625,1.0,-1275.9808385130068,-857.9120313551603
XRP,2025-11-09 23:00:00+00:00,0.0011427120365667953,0.010611313097150354,0.06738817958907584,0.0011427120365667953,1.0,106.11313097150355,673.8817958907583
XRP,2025-11-16 23:00:00+00:00,-0.02095954012823331,0.0008581364888669007,-0.023801996296463623,0.02095954012823331,-1.0,-8.581364888669007,238.01996296463622
XRP,2025-11-23 23:00:00+00:00,0.054488334964206464,0.0748754517925172,0.0875744847123181,0.054488334964206464,1.0,748.754517925172,875.744847123181
XRP,2025-11-30 23:00:00+00:00,-0.015951368892545337,-0.00032503714710263587,-0.058135215453194666,0.015951368892545337,-1.0,3.2503714710263587,581.3521545319467
XRP,2025-12-07 23:00:00+00:00,0.009939178163477447,0.03099143206854338,0.013904528763769797,0.009939178163477447,1.0,309.9143206854338,139.04528763769798
XRP,2025-12-14 23:00:00+00:00,-0.011009357954261167,-0.024629545339604486,-0.04066150811712943,0.011009357954261167,-1.0,246.29545339604485,406.6150811712943
XRP,2025-12-21 23:00:00+00:00,0.007078068473758803,-0.025196522463428628,-0.009422666458430928,0.007078068473758803,1.0,-251.96522463428627,-94.22666458430928
XRP,2025-12-28 23:00:00+00:00,0.005880766118155023,0.006758206393477684,-0.008099120360437695,0.005880766118155023,1.0,67.58206393477684,-80.99120360437695
XRP,2026-01-04 23:00:00+00:00,0.05562572626686202,0.1022020105313548,0.12426998563906166,0.05562572626686202,1.0,1022.020105313548,1242.6998563906166
XRP,2026-01-11 23:00:00+00:00,-0.0055192935304282376,0.04433616364338078,-0.009262832883056737,0.0055192935304282376,-1.0,-443.36163643380775,92.62832883056737
XRP,2026-01-18 23:00:00+00:00,-0.042111849071132856,-0.05079636235743357,-0.002964377229563442,0.042111849071132856,-1.0,507.96362357433566,29.64377229563442
XRP,2026-01-25 23:00:00+00:00,-0.041943066074693114,0.044279637910350056,0.03784491220416619,0.041943066074693114,-1.0,-442.79637910350056,-378.4491220416619
XRP,2026-02-01 23:00:00+00:00,-0.08571099861942022,-0.008420788034939841,0.017407151385659514,0.08571099861942022,-1.0,84.20788034939841,-174.07151385659515
XRP,2026-02-08 23:00:00+00:00,-0.012364440146439226,-0.02202797202797191,0.004125874125874063,0.012364440146439226,-1.0,220.2797202797191,-41.25874125874063
XRP,2026-02-15 23:00:00+00:00,0.04375840827019739,-0.0008819538670284954,0.008548168249660648,0.04375840827019739,1.0,-8.819538670284954,85.48168249660648
XRP,2026-02-22 23:00:00+00:00,-0.018961020652710325,-0.0320448340278775,-0.029170857881879564,0.018961020652710325,-1.0,320.448340278775,291.7085788187956
XRP,2026-03-01 23:00:00+00:00,0.0,0.00606688369340036,0.028114826871855625,0.0,0.0,0.0,0.0
XRP,2026-03-08 23:00:00+00:00,-0.012385726924211249,0.03448790683786207,0.01672140937593336,0.012385726924211249,-1.0,-344.8790683786207,-167.2140937593336
XRP,2026-03-15 23:00:00+00:00,0.033311933804123006,0.04805966026791886,0.06470100814804591,0.033311933804123006,1.0,480.59660267918855,647.0100814804591
XRP,2026-03-22 23:00:00+00:00,-0.03566701497735969,0.021962144198815148,0.03446033810143034,0.03566701497735969,-1.0,-219.62144198815147,-344.6033810143034
XRP,2026-03-29 23:00:00+00:00,0.0004524545660207213,0.009871147615100773,-0.00286338633109795,0.0004524545660207213,1.0,98.71147615100773,-28.6338633109795
XRP,2026-04-05 23:00:00+00:00,0.007447940416476451,0.03968014484007254,-0.003998189499094695,0.007447940416476451,1.0,396.8014484007254,-39.981894990946955
XRP,2026-04-12 23:00:00+00:00,-0.02939882697947216,0.027798761142166395,0.03882761746487384,0.02939882697947216,-1.0,-277.9876114216639,-388.27617464873845
XRP,2026-04-19 23:00:00+00:00,-0.05928026466815206,0.02820236813778254,0.021672048797990673,0.05928026466815206,-1.0,-282.0236813778254,-216.72048797990672
